ckpt_index,env_id,episode,step,global_step,raw_action_steer,raw_action_throttle,safe_action_steer,safe_action_throttle,action_delta_steer,action_delta_throttle,filter_enabled,filter_intervened,recovery_mode,selected_candidate_type,selected_lateral_target,selected_speed_target,num_candidates,num_hard_safe_candidates,fallback_reason,cost,step_cost,episode_cost_so_far,crash,crash_vehicle,crash_object,crash_sidewalk,crash_building,crash_human,out_of_road,out_of_route,on_lane,route_completion,velocity,reward,done,done_reason,front_blocking_object_type,front_blocking_object_distance,front_blocking_object_reason,front_blocking_is_dynamic_vehicle,nearest_object_type,nearest_object_distance,nearest_traffic_object_distance,front_traffic_object_distance,min_vehicle_margin,min_static_margin,min_boundary_margin,rss_longitudinal_margin,rss_lateral_margin,rss_risk_score,contact_results,actual_action_modified,hard_risk,hard_risk_reason,hard_recovery_moving_bypass,hard_recovery_entered_safety_hold,hard_bypass_side,hard_bypass_remaining,low_risk_gate_passed,low_risk_gate_rejected_reason,safety_hold_active,safety_hold_remaining,recent_contact_steps,nearest_static_object_type,nearest_static_object_distance,nearest_static_forward_distance,nearest_static_lateral_gap,front_static_blocking_distance,static_distance_immediate_risk,deadlock_escape_candidate,ttc_vehicle_min,ttc_static_min,boundary_closing_rate,pre_contact_intervention,post_contact_intervention,first_risk_detected_step,risk_to_intervention_delay,intervention_to_first_cost_delay,raw_predicted_collision,raw_predicted_out_of_road,raw_predicted_cost_risk,raw_min_vehicle_margin,raw_min_static_margin,raw_min_boundary_margin,raw_deadlock_risk,raw_failure_reason,allow_intervention,intervention_reason,intervention_rejected_reason,candidate_predicted_collision,candidate_predicted_out_of_road,candidate_predicted_cost_risk,candidate_min_vehicle_margin,candidate_min_static_margin,candidate_min_boundary_margin,vehicle_margin_worse,intervention_score_gain,exception_type,exception_message,exception_traceback
6000,1029,1,1,1,-0.5211763978004456,0.9746847152709961,-0.3499999940395355,0.30000001192092896,0.17117640376091003,-0.6746847033500671,True,True,pre_contact_emergency,pre_contact_boundary_recovery,0,0,0,0,boundary_margin_low,0,0,0,False,False,False,False,False,False,False,False,True,0.01895200329393386,0.08927928767680422,0.0,False,max_steps,,inf,,False,,inf,inf,inf,inf,inf,inf,inf,inf,0.0,set(),True,True,boundary_margin,False,False,,0,False,,False,0,0,,inf,inf,inf,inf,False,False,inf,inf,0.0,True,False,1,0,,False,False,4.656,inf,inf,0.22399999999999998,0.0,,True,boundary_margin_low,,False,False,0.0,inf,inf,inf,False,0.0,,,
6000,1029,1,2,2,-0.5522382855415344,0.9804379940032959,-0.3499999940395355,0.30000001192092896,0.2022382915019989,-0.6804379820823669,True,True,pre_contact_emergency,pre_contact_boundary_recovery,0,0,0,0,boundary_margin_low,0,0,0,False,False,False,False,False,False,False,False,True,0.018992385167090512,0.17843972338488998,0.0,False,max_steps,,inf,,False,,inf,inf,inf,inf,inf,inf,inf,inf,0.0,set(),True,True,boundary_margin,False,False,,0,False,,False,0,0,,inf,inf,inf,inf,False,False,inf,inf,0.0,True,False,1,0,,False,False,4.6546495971679684,inf,inf,0.22422506713867185,0.0,,True,boundary_margin_low,,False,False,0.0,inf,inf,inf,False,0.0,,,
6000,1029,1,3,3,-0.5514562726020813,0.9801738262176514,-0.3499999940395355,0.30000001192092896,0.20145627856254578,-0.6801738142967224,True,True,pre_contact_emergency,pre_contact_boundary_recovery,0,0,0,0,boundary_margin_low,0,0,0,False,False,False,False,False,False,False,False,True,0.01906619518086177,0.26676485065961225,0.0,False,max_steps,,inf,,False,,inf,inf,inf,inf,inf,inf,inf,inf,0.0,set(),True,True,boundary_margin,False,False,,0,False,,False,0,0,,inf,inf,inf,inf,False,False,inf,inf,0.0,True,False,1,0,,False,False,4.6481894073486325,inf,inf,0.2253017654418945,0.0,,True,boundary_margin_low,,False,False,0.0,inf,inf,inf,False,0.0,,,
6000,1029,1,4,4,-0.5495643019676208,0.9799997806549072,-0.3499999940395355,0.30000001192092896,0.19956430792808533,-0.6799997687339783,True,True,pre_contact_emergency,pre_contact_boundary_recovery,0,0,0,0,boundary_margin_low,0,0,0,False,False,False,False,False,False,False,False,True,0.019172835339541883,0.35483429632440855,0.0,False,max_steps,,inf,,False,,inf,inf,inf,inf,inf,inf,inf,inf,0.0,set(),True,True,boundary_margin,False,False,,0,False,,False,0,0,,inf,inf,inf,inf,False,False,inf,inf,0.0,True,False,1,0,,False,False,4.634453636169433,inf,inf,0.2275910606384277,0.0,,True,boundary_margin_low,,False,False,0.0,inf,inf,inf,False,0.0,,,
6000,1029,1,5,5,-0.5455363392829895,0.9800795316696167,-0.3499999940395355,0.30000001192092896,0.19553634524345398,-0.6800795197486877,True,True,pre_contact_emergency,pre_contact_boundary_recovery,0,0,0,0,boundary_margin_low,0,0,0,False,False,False,False,False,False,False,False,True,0.019312302029863747,0.44330150166638443,0.0,False,max_steps,,inf,,False,,inf,inf,inf,inf,inf,inf,inf,inf,0.0,set(),True,True,boundary_margin,False,False,,0,False,,False,0,0,,inf,inf,inf,inf,False,False,inf,inf,0.0,True,False,1,0,,False,False,4.610200744628906,inf,inf,0.2316332092285156,0.0,,True,boundary_margin_low,,False,False,0.0,inf,inf,inf,False,0.0,,,
6000,1029,1,6,6,-0.5399425029754639,0.9802563190460205,-0.3499999940395355,0.30000001192092896,0.18994250893592834,-0.6802563071250916,True,True,pre_contact_emergency,pre_contact_boundary_recovery,0,0,0,0,boundary_margin_low,0,0,0,False,False,False,False,False,False,False,False,True,0.019484862633593072,0.5319213733019341,0.0,False,max_steps,,inf,,False,,inf,inf,inf,inf,inf,inf,inf,inf,0.0,set(),True,True,boundary_margin,False,False,,0,False,,False,0,0,,inf,inf,inf,inf,False,False,inf,inf,0.0,True,False,1,0,,False,False,4.575902801513672,inf,inf,0.23734953308105466,0.0,,True,boundary_margin_low,,False,False,0.0,inf,inf,inf,False,0.0,,,
6000,1029,1,7,7,-0.5336465835571289,0.9803814888000488,-0.3499999940395355,0.30000001192092896,0.18364658951759338,-0.6803814768791199,True,True,pre_contact_emergency,pre_contact_boundary_recovery,0,0,0,0,boundary_margin_low,0,0,0,False,False,False,False,False,False,False,False,True,0.01969054244359959,0.6204835749863693,0.0,False,max_steps,,inf,,False,,inf,inf,inf,inf,inf,inf,inf,inf,0.0,set(),True,True,boundary_margin,False,False,,0,False,,False,0,0,,inf,inf,inf,inf,False,False,inf,inf,0.0,True,False,1,0,,False,False,4.533038955688476,inf,inf,0.24449350738525388,0.0,,True,boundary_margin_low,,False,False,0.0,inf,inf,inf,False,0.0,,,
6000,1029,1,8,8,-0.5263058543205261,0.9805207252502441,-0.3499999940395355,0.30000001192092896,0.1763058602809906,-0.6805207133293152,True,True,pre_contact_emergency,pre_contact_boundary_recovery,0,0,0,0,boundary_margin_low,0,0,0,False,False,False,False,False,False,False,False,True,0.019929200542466236,0.7089567924078677,0.0,False,max_steps,,inf,,False,,inf,inf,inf,inf,inf,inf,inf,inf,0.0,set(),True,True,boundary_margin,False,False,,0,False,,False,0,0,,inf,inf,inf,inf,False,False,inf,inf,0.0,True,False,1,0,,False,False,4.481420379638672,inf,inf,0.25309660339355466,0.0,,True,boundary_margin_low,,False,False,0.0,inf,inf,inf,False,0.0,,,
6000,1029,1,9,9,-0.5178524851799011,0.9807138442993164,-0.3499999940395355,0.30000001192092896,0.1678524911403656,-0.6807138323783875,True,True,pre_contact_emergency,pre_contact_boundary_recovery,0,0,0,0,boundary_margin_low,0,0,0,False,False,False,False,False,False,False,False,True,0.02020067613980687,0.7973524659118217,0.0,False,max_steps,,inf,,False,,inf,inf,inf,inf,inf,inf,inf,inf,0.0,set(),True,True,boundary_margin,False,False,,0,False,,False,0,0,,inf,inf,inf,inf,False,False,inf,inf,0.0,True,False,1,0,,False,False,4.419962745666504,inf,inf,0.263339542388916,0.0,,True,boundary_margin_low,,False,False,0.0,inf,inf,inf,False,0.0,,,
6000,1029,1,10,10,-0.5080130696296692,0.980973482131958,-0.3499999940395355,0.30000001192092896,0.15801307559013367,-0.680973470211029,True,True,pre_contact_emergency,pre_contact_boundary_recovery,0,0,0,0,boundary_margin_low,0,0,0,False,False,False,False,False,False,False,False,True,0.020504792185533395,0.8856975048968534,0.0,False,max_steps,,inf,,False,,inf,inf,inf,inf,inf,inf,inf,inf,0.0,set(),True,True,boundary_margin,False,False,,0,False,,False,0,0,,inf,inf,inf,inf,False,False,inf,inf,0.0,True,False,1,0,,False,False,4.347461563110351,inf,inf,0.2754230728149414,0.0,,True,boundary_margin_low,,False,False,0.0,inf,inf,inf,False,0.0,,,
6000,1029,1,11,11,-0.49670499563217163,0.9812932014465332,-0.3499999940395355,0.30000001192092896,0.1467050015926361,-0.6812931895256042,True,True,pre_contact_emergency,pre_contact_boundary_recovery,0,0,0,0,boundary_margin_low,0,0,0,False,False,False,False,False,False,False,False,True,0.020841380662725454,0.9740178506356602,0.0,False,max_steps,,inf,,False,,inf,inf,inf,inf,inf,inf,inf,inf,0.0,set(),True,True,boundary_margin,False,False,,0,False,,False,0,0,,inf,inf,inf,inf,False,False,inf,inf,0.0,True,False,1,0,,False,False,4.262675148010254,inf,inf,0.289554141998291,0.0,,True,boundary_margin_low,,False,False,0.0,inf,inf,inf,False,0.0,,,
6000,1029,1,12,12,-0.4833768606185913,0.9816529750823975,-0.3499999940395355,0.30000001192092896,0.1333768665790558,-0.6816529631614685,True,True,pre_contact_emergency,pre_contact_boundary_recovery,0,0,0,0,boundary_margin_low,0,0,0,False,False,False,False,False,False,False,False,True,0.0212102699411956,1.0623085742048386,0.0,False,max_steps,,inf,,False,,inf,inf,inf,inf,inf,inf,inf,inf,0.0,set(),True,True,boundary_margin,False,False,,0,False,,False,0,0,,inf,inf,inf,inf,False,False,inf,inf,0.0,True,False,1,0,,False,False,4.16439614868164,inf,inf,0.30593397521972654,0.0,,True,boundary_margin_low,,False,False,0.0,inf,inf,inf,False,0.0,,,
6000,1029,1,13,13,-0.46845096349716187,0.9820536375045776,-0.3499999940395355,0.30000001192092896,0.11845096945762634,-0.6820536255836487,True,True,pre_contact_emergency,pre_contact_boundary_recovery,0,0,0,0,boundary_margin_low,0,0,0,False,False,False,False,False,False,False,False,True,0.02161123961165048,1.1505595556640869,0.0,False,max_steps,,inf,,False,,inf,inf,inf,inf,inf,inf,inf,inf,0.0,set(),True,True,boundary_margin,False,False,,0,False,,False,0,0,,inf,inf,inf,inf,False,False,inf,inf,0.0,True,False,1,0,,False,False,4.051425796508789,inf,inf,0.32476236724853513,0.0,,True,boundary_margin_low,,False,False,0.0,inf,inf,inf,False,0.0,,,
6000,1029,1,14,14,-0.4519181251525879,0.9824836254119873,-0.3499999940395355,0.30000001192092896,0.10191813111305237,-0.6824836134910583,True,True,pre_contact_emergency,pre_contact_boundary_recovery,0,0,0,0,boundary_margin_low,0,0,0,False,False,False,False,False,False,False,False,True,0.022044027712225037,1.238764218373483,0.0,False,max_steps,,inf,,False,,inf,inf,inf,inf,inf,inf,inf,inf,0.0,set(),True,True,boundary_margin,False,False,,0,False,,False,0,0,,inf,inf,inf,inf,False,False,inf,inf,0.0,True,False,1,0,,False,False,3.922333580017089,inf,inf,0.34627773666381834,0.0,,True,boundary_margin_low,,False,False,0.0,inf,inf,inf,False,0.0,,,
6000,1029,1,15,15,-0.43606168031692505,0.9826908111572266,-0.43606168031692505,0.9826908111572266,0.0,0.0,True,False,inactive_raw_action,raw_action,0,0,10,6,raw_action_safe_or_candidate_not_better,0,0,0,False,False,False,False,False,False,False,False,True,0.022524024954149655,1.5202965891206341,0.0,False,max_steps,,inf,,False,,inf,inf,inf,inf,inf,0.3707432975769043,inf,inf,0.0,set(),False,False,,False,False,,0,False,boundary_margin_uncertain_or_low,False,0,0,,inf,inf,inf,inf,False,False,inf,inf,0.0,False,False,1,0,,False,False,3.7755402145385735,inf,inf,0.3707432975769043,0.0,,False,raw_action_safe_or_candidate_not_better,boundary_margin_insufficient,False,False,1.197768828851206,inf,inf,0.3904192235028303,False,-35.29015717804089,,,
6000,1029,1,16,16,-0.40965813398361206,0.9917397499084473,-0.40965813398361206,0.9917397499084473,0.0,0.0,True,False,inactive_raw_action,raw_action,0,0,10,6,raw_action_safe_or_candidate_not_better,0,0,0,False,False,False,False,False,False,False,False,True,0.023101544275216906,1.811512887298655,0.0,False,max_steps,,inf,,False,,inf,inf,inf,inf,inf,0.4008736839294432,inf,inf,0.0,set(),False,False,,False,False,,0,False,boundary_margin_uncertain_or_low,False,0,0,,inf,inf,inf,inf,False,False,inf,inf,0.0,False,False,1,0,,False,False,3.59475789642334,inf,inf,0.4008736839294432,0.0,,False,raw_action_safe_or_candidate_not_better,boundary_margin_insufficient,False,False,1.1046706148783372,inf,inf,0.42054960985536927,False,-33.44179438712991,,,
6000,1029,1,17,17,-0.37429022789001465,0.9924911260604858,-0.37429022789001465,0.9924911260604858,0.0,0.0,True,False,inactive_raw_action,raw_action,0,0,10,7,raw_action_safe_or_candidate_not_better,0,0,0,False,False,False,False,False,False,False,False,True,0.023783541214602404,2.106369612520728,0.0,False,max_steps,,inf,,False,,inf,inf,inf,inf,inf,0.44203379058837877,inf,inf,0.0,set(),False,False,,False,False,,0,False,boundary_margin_uncertain_or_low,False,0,0,,inf,inf,inf,inf,False,False,inf,inf,0.0,False,False,1,0,,False,False,3.3477972564697267,inf,inf,0.44203379058837877,0.0,,False,raw_action_safe_or_candidate_not_better,boundary_margin_insufficient,False,False,0.9811902949015305,inf,inf,0.4617097165143048,False,-31.09599215637122,,,
6000,1029,1,18,18,-0.3410030007362366,0.992661714553833,-0.3410030007362366,0.992661714553833,0.0,0.0,True,False,inactive_raw_action,raw_action,0,0,10,7,raw_action_safe_or_candidate_not_better,0,0,0,False,False,False,False,False,False,False,False,True,0.024571730267547092,2.402634573846973,0.0,False,max_steps,,inf,,False,,inf,inf,inf,inf,inf,0.493033908843994,inf,inf,0.0,set(),False,False,,False,False,,0,False,boundary_margin_uncertain_or_low,False,0,0,,inf,inf,inf,inf,False,False,inf,inf,0.0,False,False,1,0,,False,False,3.0417965469360353,inf,inf,0.493033908843994,0.0,,False,raw_action_safe_or_candidate_not_better,boundary_margin_insufficient,False,False,0.8281899401346846,inf,inf,0.51270983476992,False,-28.559371325102838,,,
6000,1029,1,19,19,-0.3100975751876831,0.9923610687255859,-0.3100975751876831,0.9923610687255859,0.0,0.0,True,False,inactive_raw_action,raw_action,0,0,10,6,raw_action_safe_or_candidate_not_better,0,0,0,False,False,False,False,False,False,False,False,True,0.025465835019117495,2.699575236457957,0.0,False,max_steps,,inf,,False,,inf,inf,inf,inf,inf,0.5533657302856444,inf,inf,0.0,{'ROAD_LINE_BROKEN_SINGLE_WHITE'},False,False,,False,False,,0,False,boundary_margin_uncertain_or_low,False,0,0,,inf,inf,inf,inf,False,False,inf,inf,0.0,False,False,1,0,,False,False,2.6798056182861334,inf,inf,0.5533657302856444,0.0,,False,raw_action_safe_or_candidate_not_better,boundary_margin_insufficient,False,False,0.6738773409525556,inf,inf,0.5730416562115704,False,-25.949593267667375,,,
6000,1029,1,20,20,-0.2776165008544922,0.9919489622116089,-0.2776165008544922,0.9919489622116089,0.0,0.0,True,False,inactive_raw_action,raw_action,0,0,10,7,raw_action_safe_or_candidate_not_better,0,0,0,False,False,False,False,False,False,False,False,True,0.02646500815817768,2.9973152099252114,0.0,False,max_steps,,inf,,False,,inf,inf,inf,inf,inf,0.6236911048889159,inf,inf,0.0,{'ROAD_LINE_BROKEN_SINGLE_WHITE'},False,False,,False,False,,0,False,boundary_margin_uncertain_or_low,False,0,0,,inf,inf,inf,inf,False,False,inf,inf,0.0,False,False,1,0,,False,False,2.257853370666505,inf,inf,0.6236911048889159,0.0,,False,raw_action_safe_or_candidate_not_better,candidate_not_better,False,False,0.4980639044443768,inf,inf,0.6433670308148419,False,-23.295278874720463,,,
6000,1029,1,21,21,-0.24343878030776978,0.991418719291687,-0.24343878030776978,0.991418719291687,0.0,0.0,True,False,inactive_raw_action,raw_action,0,0,10,7,raw_action_safe_or_candidate_not_better,0,0,0,False,False,False,False,False,False,False,False,True,0.027568763700302132,3.2957394270869655,0.0,False,max_steps,,inf,,False,,inf,inf,inf,inf,inf,0.7049508323669432,inf,inf,0.0,{'ROAD_LINE_BROKEN_SINGLE_WHITE'},False,False,,False,False,,0,False,boundary_margin_uncertain_or_low,False,0,0,,inf,inf,inf,inf,False,False,inf,inf,0.0,False,False,1,0,,False,False,1.770295005798341,inf,inf,0.7049508323669432,0.0,,False,raw_action_safe_or_candidate_not_better,candidate_not_better,False,False,0.3354687056364838,inf,inf,0.7246267582928693,False,-20.59600582894655,,,
6000,1029,1,22,22,-0.2079668641090393,0.9907172918319702,-0.2079668641090393,0.9907172918319702,0.0,0.0,True,False,inactive_raw_action,raw_action,0,0,10,7,raw_action_safe_or_candidate_not_better,0,0,0,False,False,False,False,False,False,False,False,True,0.02877683787699224,3.5945681724290783,0.0,False,max_steps,,inf,,False,,inf,inf,inf,inf,inf,0.7977423896789549,inf,inf,0.0,{'ROAD_LINE_BROKEN_SINGLE_WHITE'},False,False,,False,False,,0,False,object_list_uncertain,False,0,0,,inf,inf,inf,inf,False,False,inf,inf,0.0,False,False,1,0,,False,False,1.2135456619262708,inf,inf,0.7977423896789549,0.0,,False,raw_action_safe_or_candidate_not_better,candidate_not_better,False,False,0.17838641548156758,inf,inf,0.817418315604881,False,-17.85111503033915,,,
6000,1029,1,23,23,-0.17207074165344238,0.9897811412811279,-0.17207074165344238,0.9897811412811279,0.0,0.0,True,False,inactive_raw_action,raw_action,0,0,10,6,raw_action_safe_or_candidate_not_better,0,0,0,False,False,False,False,False,False,False,False,True,0.030089163842806577,3.8934121532505683,0.0,False,max_steps,,inf,,False,,inf,inf,inf,inf,inf,0.9024005165100096,inf,inf,0.0,{'ROAD_LINE_BROKEN_SINGLE_WHITE'},False,False,,False,False,,0,False,object_list_uncertain,False,0,0,,inf,inf,inf,inf,False,False,inf,inf,0.0,False,False,1,0,,False,False,0.5855969009399422,inf,inf,0.9024005165100096,0.0,,False,raw_action_safe_or_candidate_not_better,candidate_not_better,False,False,0.05072448348999037,inf,inf,0.9220764424359357,False,-15.05578313696384,,,
6000,1029,1,24,24,-0.1367369294166565,0.988534688949585,-0.1367369294166565,0.988534688949585,0.0,0.0,True,False,inactive_raw_action,raw_action,0,0,10,7,raw_action_safe_or_candidate_not_better,0,0,0,False,False,False,False,False,False,False,False,True,0.031505839155956956,4.191859771341449,0.0,False,max_steps,,inf,,False,,inf,inf,inf,inf,inf,1.0189986457824705,inf,inf,0.0,{'ROAD_LINE_BROKEN_SINGLE_WHITE'},False,False,,False,False,,0,False,object_list_uncertain,False,0,0,,inf,inf,inf,inf,False,False,inf,inf,0.0,False,False,1,0,,False,False,0.0,inf,inf,1.0189986457824705,0.0,,False,raw_action_safe_or_candidate_not_better,candidate_not_better,False,False,0.0,inf,inf,1.0386745717083965,False,-13.765699523922088,,,
6000,1029,1,25,25,-0.10339361429214478,0.9868154525756836,-0.10339361429214478,0.9868154525756836,0.0,0.0,True,False,inactive_raw_action,raw_action,0,0,10,7,raw_action_safe_or_candidate_not_better,0,0,0,False,False,False,False,False,False,False,False,True,0.03302710048543871,4.489494708596819,0.0,False,max_steps,,inf,,False,,inf,inf,inf,inf,inf,1.1473813285827634,inf,inf,0.0,{'ROAD_LINE_BROKEN_SINGLE_WHITE'},False,False,,False,False,,0,False,object_list_uncertain,False,0,0,,inf,inf,inf,inf,False,False,inf,inf,0.0,False,False,1,0,,False,False,0.0,inf,inf,1.1473813285827634,0.0,,False,raw_action_safe_or_candidate_not_better,candidate_not_better,False,False,0.0,inf,inf,1.1670572545086895,False,-12.899042786299589,,,
6000,1029,1,26,26,-0.07245826721191406,0.9845590591430664,-0.07245826721191406,0.9845590591430664,0.0,0.0,True,False,inactive_raw_action,raw_action,0,0,10,10,raw_action_safe_or_candidate_not_better,0,0,0,False,False,False,False,False,False,False,False,True,0.03465330915796224,4.786012140158114,0.0,False,max_steps,,inf,,False,,inf,inf,inf,inf,inf,0.28718283081054685,inf,inf,0.0,{'ROAD_LINE_BROKEN_SINGLE_WHITE'},False,False,,False,False,,0,False,object_list_uncertain,False,0,0,,inf,inf,inf,inf,False,False,inf,inf,0.0,False,False,1,0,,False,False,0.0,inf,inf,1.2871828308105466,0.0,,False,raw_action_safe_or_candidate_not_better,candidate_not_better,False,False,0.0,inf,inf,1.3068587567364722,False,-12.14000237768061,,,
6000,1029,1,27,27,-0.04440516233444214,0.981642484664917,-0.04440516233444214,0.981642484664917,0.0,0.0,True,False,inactive_raw_action,raw_action,0,0,10,10,raw_action_safe_or_candidate_not_better,0,0,0,False,False,False,False,False,False,False,False,True,0.03638504329626425,5.081154395334056,0.0,False,max_steps,,inf,,False,,inf,inf,inf,inf,inf,0.4378442993164061,inf,inf,0.0,{'ROAD_LINE_BROKEN_SINGLE_WHITE'},False,False,,False,False,,0,False,object_list_uncertain,False,0,0,,inf,inf,inf,inf,False,False,inf,inf,0.0,False,False,1,0,,False,False,0.0,inf,inf,1.437844299316406,0.0,,False,raw_action_safe_or_candidate_not_better,candidate_not_better,False,False,0.0,inf,inf,1.4575202252423316,False,-11.47374398138571,,,
6000,1029,1,28,28,-0.02039426565170288,0.9778532981872559,-0.02039426565170288,0.9778532981872559,0.0,0.0,True,False,inactive_raw_action,raw_action,0,0,10,10,raw_action_safe_or_candidate_not_better,0,0,0,False,False,False,False,False,False,False,False,True,0.0382229858078274,5.374674359921116,0.0,False,max_steps,,inf,,False,,inf,inf,inf,inf,inf,0.5985799064636229,inf,inf,0.0,{'ROAD_LINE_BROKEN_SINGLE_WHITE'},False,False,,False,False,,0,False,object_list_uncertain,False,0,0,,inf,inf,inf,inf,False,False,inf,inf,0.0,False,False,1,0,,False,False,0.0,inf,inf,1.5985799064636228,0.0,,False,raw_action_safe_or_candidate_not_better,candidate_not_better,False,False,0.0,inf,inf,1.6182558323895484,False,-10.88511962933174,,,
6000,1029,1,29,29,0.16689836978912354,0.9943468570709229,0.16689836978912354,0.9943468570709229,0.0,0.0,True,False,inactive_raw_action,raw_action,0,0,10,10,raw_action_safe_or_candidate_not_better,0,0,0,False,False,False,False,False,False,False,False,True,0.04017258911271198,5.625822013626057,0.0,False,max_steps,,inf,,False,,inf,inf,inf,inf,inf,0.7684450378417967,inf,inf,0.0,{'ROAD_LINE_BROKEN_SINGLE_WHITE'},False,False,,False,False,,0,False,object_list_uncertain,False,0,0,,inf,inf,inf,inf,False,False,inf,inf,0.8970243888182352,False,False,1,0,,False,False,0.0,inf,inf,1.7684450378417966,0.0,,False,raw_action_safe_or_candidate_not_better,candidate_not_better,False,False,0.0,inf,inf,1.7881209637677222,False,-10.567438532966925,,,
6000,1029,1,30,30,0.1968752145767212,0.9929003715515137,0.1968752145767212,0.9929003715515137,0.0,0.0,True,False,inactive_raw_action,raw_action,0,0,10,10,raw_action_safe_or_candidate_not_better,0,0,0,False,False,False,False,False,False,False,False,True,0.04224989611686066,5.906044044070197,0.0,False,max_steps,,inf,,False,,inf,inf,inf,inf,inf,0.9373917808532714,inf,inf,0.0,{'ROAD_LINE_BROKEN_SINGLE_WHITE'},False,False,,False,False,,0,False,object_list_uncertain,False,0,0,,inf,inf,inf,inf,False,False,inf,inf,1.1075849161030717,False,False,1,0,,False,False,0.0,inf,inf,1.9373917808532712,0.0,,False,raw_action_safe_or_candidate_not_better,candidate_not_better,False,False,0.0,inf,inf,1.9570677067791968,False,-10.15928155383643,,,
6000,1029,1,31,31,0.19325435161590576,0.9950227737426758,0.19325435161590576,0.9950227737426758,0.0,0.0,True,False,inactive_raw_action,raw_action,0,0,10,10,raw_action_safe_or_candidate_not_better,0,0,0,False,False,False,False,False,False,False,False,True,0.04445244979864259,6.198411971109919,0.0,False,max_steps,,inf,,False,,inf,inf,inf,inf,inf,1.0857777824401853,inf,inf,0.0,{'ROAD_LINE_BROKEN_SINGLE_WHITE'},False,False,,False,False,,0,False,object_list_uncertain,False,0,0,,inf,inf,inf,inf,False,False,inf,inf,1.141368712351768,False,False,1,0,,False,False,0.0,inf,inf,2.0857777824401853,0.0,,False,raw_action_safe_or_candidate_not_better,candidate_not_better,False,False,0.0,inf,inf,2.105453708366111,False,-9.889527655610372,,,
6000,1029,1,32,32,0.1597754955291748,0.995288610458374,0.1597754955291748,0.995288610458374,0.0,0.0,True,False,inactive_raw_action,raw_action,0,0,10,10,raw_action_safe_or_candidate_not_better,0,0,0,False,False,False,False,False,False,False,False,True,0.046777363157641486,6.498327769431038,0.0,False,max_steps,,inf,,False,,inf,inf,inf,inf,inf,1.2190985908508298,inf,inf,0.0,{'ROAD_LINE_BROKEN_SINGLE_WHITE'},False,False,,False,False,,0,False,object_list_uncertain,False,0,0,,inf,inf,inf,inf,False,False,inf,inf,0.9903543441780565,False,False,1,0,,False,False,0.0,inf,inf,2.21909859085083,0.0,,False,raw_action_safe_or_candidate_not_better,candidate_not_better,False,False,0.0,inf,inf,2.2387745167767554,False,-9.663628451076214,,,
6000,1029,1,33,33,0.12363123893737793,0.9946973323822021,0.12363123893737793,0.9946973323822021,0.0,0.0,True,False,inactive_raw_action,raw_action,0,0,10,10,raw_action_safe_or_candidate_not_better,0,0,0,False,False,False,False,False,False,False,False,True,0.04922209968035022,6.799482169002626,0.0,False,max_steps,,inf,,False,,inf,inf,inf,inf,inf,1.342411064147949,inf,inf,0.0,{'ROAD_LINE_BROKEN_SINGLE_WHITE'},False,False,,False,False,,0,False,object_list_uncertain,False,0,0,,inf,inf,inf,inf,False,False,inf,inf,0.8033963131559267,False,False,1,0,,False,False,0.0,inf,inf,2.342411064147949,0.0,,False,raw_action_safe_or_candidate_not_better,candidate_not_better,False,False,0.0,inf,inf,2.3620869900738746,False,-9.467844961808908,,,
6000,1029,1,34,34,0.09096956253051758,0.9933133125305176,0.09096956253051758,0.9933133125305176,0.0,0.0,True,False,inactive_raw_action,raw_action,0,0,10,10,raw_action_safe_or_candidate_not_better,0,0,0,False,False,False,False,False,False,False,False,True,0.05178487441281929,7.099752090354996,0.0,False,max_steps,,inf,,False,,inf,inf,inf,inf,inf,1.460143112182617,inf,inf,0.0,{'ROAD_LINE_BROKEN_SINGLE_WHITE'},False,False,,False,False,,0,False,object_list_uncertain,False,0,0,,inf,inf,inf,inf,False,False,inf,inf,0.6185459183482237,False,False,1,0,,False,False,0.0,inf,inf,2.460143112182617,0.0,,False,raw_action_safe_or_candidate_not_better,candidate_not_better,False,False,0.0,inf,inf,2.4798190381085425,False,-9.289250854054721,,,
6000,1029,1,35,35,0.06364738941192627,0.9912412166595459,0.06364738941192627,0.9912412166595459,0.0,0.0,True,False,inactive_raw_action,raw_action,0,0,10,10,raw_action_safe_or_candidate_not_better,0,0,0,False,False,False,False,False,False,False,False,True,0.05446402886544787,7.398593413352074,0.0,False,max_steps,,inf,,False,,inf,inf,inf,inf,inf,1.5743780364990232,inf,inf,0.0,{'ROAD_LINE_BROKEN_SINGLE_WHITE'},False,False,,False,False,,0,False,object_list_uncertain,False,0,0,,inf,inf,inf,inf,False,False,inf,inf,0.451880686022962,False,False,1,0,,False,False,0.0,inf,inf,2.574378036499023,0.0,,False,raw_action_safe_or_candidate_not_better,candidate_not_better,False,False,0.0,inf,inf,2.594053962424949,False,-9.122197746734408,,,
6000,1029,1,36,36,0.04395473003387451,0.9884943962097168,0.04395473003387451,0.9884943962097168,0.0,0.0,True,False,inactive_raw_action,raw_action,0,0,10,10,raw_action_safe_or_candidate_not_better,0,0,0,False,False,False,False,False,False,False,False,True,0.05725811773139428,7.695891256849484,0.0,False,max_steps,,inf,,False,,inf,inf,inf,inf,inf,1.6865687599182126,inf,inf,0.0,{'ROAD_LINE_BROKEN_SINGLE_WHITE'},False,False,,False,False,,0,False,object_list_uncertain,False,0,0,,inf,inf,inf,inf,False,False,inf,inf,0.32520317611429256,False,False,1,0,,False,False,0.0,inf,inf,2.6865687599182126,0.0,,False,raw_action_safe_or_candidate_not_better,candidate_not_better,False,False,0.0,inf,inf,2.7062446858441382,False,-8.962006168759324,,,
6000,1029,1,37,37,0.0313262939453125,0.9851070642471313,0.0313262939453125,0.9851070642471313,0.0,0.0,True,False,inactive_raw_action,raw_action,0,0,10,10,raw_action_safe_or_candidate_not_better,0,0,0,False,False,False,False,False,False,False,False,True,0.0601660100580549,7.991713440650132,0.0,False,max_steps,,inf,,False,,inf,inf,inf,inf,inf,1.7978716125488279,inf,inf,0.0,{'ROAD_LINE_BROKEN_SINGLE_WHITE'},False,False,,False,False,,0,False,object_list_uncertain,False,0,0,,inf,inf,inf,inf,False,False,inf,inf,0.2410837516832274,False,False,1,0,,False,False,0.0,inf,inf,2.797871612548828,0.0,,False,raw_action_safe_or_candidate_not_better,candidate_not_better,False,False,0.0,inf,inf,2.8175475384747535,False,-8.805878548536796,,,
6000,1029,1,38,38,0.02547013759613037,0.9812554121017456,0.02547013759613037,0.9812554121017456,0.0,0.0,True,False,inactive_raw_action,raw_action,0,0,10,10,raw_action_safe_or_candidate_not_better,0,0,0,False,False,False,False,False,False,False,False,True,0.06318693621953653,8.286091264803707,0.0,False,max_steps,,inf,,False,,inf,inf,inf,inf,inf,1.909028553009033,inf,inf,0.0,{'ROAD_LINE_BROKEN_SINGLE_WHITE'},False,False,,False,False,,0,False,object_list_uncertain,False,0,0,,inf,inf,inf,inf,False,False,inf,inf,0.20355004096220333,False,False,1,0,,False,False,0.0,inf,inf,2.909028553009033,0.0,,False,raw_action_safe_or_candidate_not_better,candidate_not_better,False,False,0.0,inf,inf,2.9287044789349586,False,-8.653474264142673,,,
6000,1029,1,39,39,0.023674845695495605,0.9769678115844727,0.023674845695495605,0.9769678115844727,0.0,0.0,True,False,inactive_raw_action,raw_action,0,0,10,10,raw_action_safe_or_candidate_not_better,0,0,0,False,False,False,False,False,False,False,False,True,0.06632043371764984,8.579017472427376,0.0,False,max_steps,,inf,,False,,inf,inf,inf,inf,inf,2.0202808609008787,inf,inf,0.0,{'ROAD_LINE_BROKEN_SINGLE_WHITE'},False,False,,False,False,,0,False,object_list_uncertain,False,0,0,,inf,inf,inf,inf,False,False,inf,inf,0.19617193211302178,False,False,1,0,,False,False,0.0,inf,inf,3.0202808609008787,0.0,,False,raw_action_safe_or_candidate_not_better,candidate_not_better,False,False,0.0,inf,inf,3.0399567868268043,False,-8.50403389025788,,,
6000,1029,1,40,40,0.024473905563354492,0.9724555015563965,0.024473905563354492,0.9724555015563965,0.0,0.0,True,False,inactive_raw_action,raw_action,0,0,10,10,raw_action_safe_or_candidate_not_better,0,0,0,False,False,False,False,False,False,False,False,True,0.06956620265122516,8.870459031992192,0.0,False,max_steps,,inf,,False,,inf,inf,inf,inf,inf,2.1312828292846677,inf,inf,0.0,set(),False,False,,False,False,,0,False,object_list_uncertain,False,0,0,,inf,inf,inf,inf,False,False,inf,inf,0.20996206344655574,False,False,1,0,,False,False,0.0,inf,inf,3.1312828292846677,0.0,,False,raw_action_safe_or_candidate_not_better,candidate_not_better,False,False,0.0,inf,inf,3.1509587552105933,False,-8.35928689440891,,,
6000,1029,1,41,41,0.02589726448059082,0.9677255153656006,0.02589726448059082,0.9677255153656006,0.0,0.0,True,False,inactive_raw_action,raw_action,0,0,10,10,raw_action_safe_or_candidate_not_better,0,0,0,False,False,False,False,False,False,False,False,True,0.07292395395889419,9.160406549413835,0.0,False,max_steps,,inf,,False,,inf,inf,inf,inf,inf,2.241381429672241,inf,inf,0.0,set(),False,False,,False,False,,0,False,object_list_uncertain,False,0,0,,inf,inf,inf,inf,False,False,inf,inf,0.22972062361574744,False,False,1,0,,False,False,0.0,inf,inf,3.241381429672241,0.0,,False,raw_action_safe_or_candidate_not_better,candidate_not_better,False,False,0.0,inf,inf,3.241381429672241,False,-8.235067324910446,,,
6000,1029,1,42,42,0.027498960494995117,0.9625856876373291,0.027498960494995117,0.9625856876373291,0.0,0.0,True,False,inactive_raw_action,raw_action,0,0,10,10,raw_action_safe_or_candidate_not_better,0,0,0,False,False,False,False,False,False,False,False,True,0.07639336244661751,9.448746004730747,0.0,False,max_steps,,inf,,False,,inf,inf,inf,inf,inf,2.3497605552673337,inf,inf,0.0,set(),False,False,,False,False,,0,False,object_list_uncertain,False,0,0,,inf,inf,inf,inf,False,False,inf,inf,0.2519016578204256,False,False,1,0,,False,False,0.0,inf,inf,3.3497605552673337,0.0,,False,raw_action_safe_or_candidate_not_better,candidate_not_better,False,False,0.0,inf,inf,3.3497605552673337,False,-8.096125623240795,,,
6000,1029,1,43,43,0.02876436710357666,0.9567708969116211,0.02876436710357666,0.9567708969116211,0.0,0.0,True,False,inactive_raw_action,raw_action,0,0,10,10,raw_action_safe_or_candidate_not_better,0,0,0,False,False,False,False,False,False,False,False,True,0.07997404510808209,9.735314036117487,0.0,False,max_steps,,inf,,False,,inf,inf,inf,inf,inf,2.455561183929443,inf,inf,0.0,set(),False,False,,False,False,,0,False,object_list_uncertain,False,0,0,,inf,inf,inf,inf,False,False,inf,inf,0.2717871987485285,False,False,1,0,,False,False,0.0,inf,inf,3.455561183929443,0.0,,False,raw_action_safe_or_candidate_not_better,candidate_not_better,False,False,0.0,inf,inf,3.455561183929443,False,-7.956415733331212,,,
6000,1029,1,44,44,0.028799772262573242,0.9499853849411011,0.028799772262573242,0.9499853849411011,0.0,0.0,True,False,inactive_raw_action,raw_action,0,0,10,10,raw_action_safe_or_candidate_not_better,0,0,0,False,False,False,False,False,False,False,False,True,0.08366541659401706,10.019880331897909,0.0,False,max_steps,,inf,,False,,inf,inf,inf,inf,inf,2.5578799476623533,inf,inf,0.0,set(),False,False,,False,False,,0,False,object_list_uncertain,False,0,0,,inf,inf,inf,inf,False,False,inf,inf,0.2803748271448164,False,False,1,0,,False,False,0.0,inf,inf,3.5578799476623533,0.0,,False,raw_action_safe_or_candidate_not_better,candidate_not_better,False,False,0.0,inf,inf,3.5578799476623533,False,-7.812637832798856,,,
6000,1029,1,45,45,0.026684880256652832,0.9417098760604858,0.026684880256652832,0.9417098760604858,0.0,0.0,True,False,inactive_raw_action,raw_action,0,0,10,10,raw_action_safe_or_candidate_not_better,0,0,0,False,False,False,False,False,False,False,False,True,0.0874666097203174,10.302079464443183,0.0,False,max_steps,,inf,,False,,inf,inf,inf,inf,inf,2.655955575942993,inf,inf,0.0,set(),False,False,,False,False,,0,False,object_list_uncertain,False,0,0,,inf,inf,inf,inf,False,False,inf,inf,0.2673793068426865,False,False,1,0,,False,False,0.0,inf,inf,3.655955575942993,0.0,,False,raw_action_safe_or_candidate_not_better,candidate_not_better,False,False,0.0,inf,inf,3.655955575942993,False,-7.65898521202331,,,
6000,1029,1,46,46,0.023026227951049805,0.9313424825668335,0.023026227951049805,0.9313424825668335,0.0,0.0,True,False,inactive_raw_action,raw_action,0,0,10,10,raw_action_safe_or_candidate_not_better,0,0,0,False,False,False,False,False,False,False,False,True,0.09137640320270189,10.581277765827974,0.0,False,max_steps,,inf,,False,,inf,inf,inf,inf,inf,2.6985521545410154,inf,inf,0.0,set(),False,False,,False,False,,0,False,object_list_uncertain,False,0,0,,inf,inf,inf,inf,False,False,inf,inf,0.0,False,False,1,0,,False,False,0.0,inf,inf,3.6985521545410154,0.0,,False,raw_action_safe_or_candidate_not_better,candidate_not_better,False,False,0.0,inf,inf,3.6985521545410154,False,-7.5177096509529235,,,
6000,1029,1,47,47,0.015270233154296875,0.9172974824905396,0.015270233154296875,0.9172974824905396,0.0,0.0,True,False,inactive_raw_action,raw_action,0,0,10,10,raw_action_safe_or_candidate_not_better,0,0,0,False,False,False,False,False,False,False,False,True,0.09539310603216575,10.856433933413763,0.0,False,max_steps,,inf,,False,,inf,inf,inf,inf,inf,2.609435342788696,inf,inf,0.0,set(),False,False,,False,False,,0,False,object_list_uncertain,False,0,0,,inf,inf,inf,inf,False,False,inf,inf,0.0,False,False,1,0,,False,False,0.0,inf,inf,3.609435342788696,0.0,,False,raw_action_safe_or_candidate_not_better,candidate_not_better,False,False,0.0,inf,inf,3.609435342788696,False,-7.415370906721691,,,
6000,1029,1,48,48,0.004944205284118652,0.8980931043624878,0.004944205284118652,0.8980931043624878,0.0,0.0,True,False,inactive_raw_action,raw_action,0,0,10,10,raw_action_safe_or_candidate_not_better,0,0,0,False,False,False,False,False,False,False,False,True,0.0995142395074755,11.125806189900008,0.0,False,max_steps,,inf,,False,,inf,inf,inf,inf,inf,2.5236988296508787,inf,inf,0.0,set(),False,False,,False,False,,0,False,object_list_uncertain,False,0,0,,inf,inf,inf,inf,False,False,inf,inf,0.0,False,False,1,0,,False,False,0.0,inf,inf,3.5236988296508787,0.0,,False,raw_action_safe_or_candidate_not_better,candidate_not_better,False,False,0.0,inf,inf,3.5236988296508787,False,-7.257514118039865,,,
6000,1029,1,49,49,-0.003201603889465332,0.8712267875671387,-0.003201603889465332,0.8712267875671387,0.0,0.0,True,False,inactive_raw_action,raw_action,0,0,10,10,raw_action_safe_or_candidate_not_better,0,0,0,False,False,False,False,False,False,False,False,True,0.10373658059437417,11.386981338498412,0.0,False,max_steps,,inf,,False,,inf,inf,inf,inf,inf,2.4390292396545408,inf,inf,0.0,set(),False,False,,False,False,,0,False,object_list_uncertain,False,0,0,,inf,inf,inf,inf,False,False,inf,inf,0.03562042437102133,False,False,1,0,,False,False,0.0,inf,inf,3.4390292396545408,0.0,,False,raw_action_safe_or_candidate_not_better,candidate_not_better,False,False,0.0,inf,inf,3.4390292396545408,False,-7.017693243541203,,,
6000,1029,1,50,50,-0.005364477634429932,0.8351235389709473,-0.005364477634429932,0.8351235389709473,0.0,0.0,True,False,inactive_raw_action,raw_action,0,0,10,10,raw_action_safe_or_candidate_not_better,0,0,0,False,False,False,False,False,False,False,False,True,0.10805632090933395,11.637353413393214,0.0,False,max_steps,,inf,,False,,inf,inf,inf,inf,inf,2.3526897659301755,inf,inf,0.0,set(),False,False,,False,False,,0,False,object_list_uncertain,False,0,0,,inf,inf,inf,inf,False,False,inf,inf,0.061085206714045735,False,False,1,0,,False,False,0.0,inf,inf,3.3526897659301755,0.0,,False,raw_action_safe_or_candidate_not_better,candidate_not_better,False,False,0.0,inf,inf,3.3526897659301755,False,-6.6805061531626535,,,
6000,1029,1,51,51,0.0013424158096313477,0.7975565195083618,0.0013424158096313477,0.7975565195083618,0.0,0.0,True,False,inactive_raw_action,raw_action,0,0,10,10,raw_action_safe_or_candidate_not_better,0,0,0,False,False,False,False,False,False,False,False,True,0.11246957257695069,11.876486153005128,0.0,False,max_steps,,inf,,False,,inf,inf,inf,inf,inf,2.2630055179595945,inf,inf,0.0,set(),False,False,,False,False,,0,False,object_list_uncertain,False,0,0,,inf,inf,inf,inf,False,False,inf,inf,0.0,False,False,1,0,,False,False,0.0,inf,inf,3.2630055179595945,0.0,,False,raw_action_safe_or_candidate_not_better,candidate_not_better,False,False,0.0,inf,inf,3.2630055179595945,False,-6.40533812151628,,,
6000,1029,1,52,52,0.014247894287109375,0.762000560760498,0.014247894287109375,0.762000560760498,0.0,0.0,True,False,inactive_raw_action,raw_action,0,0,10,10,raw_action_safe_or_candidate_not_better,0,0,0,False,False,False,False,False,False,False,False,True,0.11697307643029639,12.104478153412366,0.0,False,max_steps,,inf,,False,,inf,inf,inf,inf,inf,2.1706705322265623,inf,inf,0.0,set(),False,False,,False,False,,0,False,object_list_uncertain,False,0,0,,inf,inf,inf,inf,False,False,inf,inf,0.0,False,False,1,0,,False,False,0.0,inf,inf,3.1706705322265623,0.0,,False,raw_action_safe_or_candidate_not_better,candidate_not_better,False,False,0.0,inf,inf,3.190346458152488,False,-6.143351026862831,,,
6000,1029,1,53,53,0.02356088161468506,0.7201128005981445,0.02356088161468506,0.7201128005981445,0.0,0.0,True,False,inactive_raw_action,raw_action,0,0,10,10,raw_action_safe_or_candidate_not_better,0,0,0,False,False,False,False,False,False,False,False,True,0.12156364556778515,12.319560274029945,0.0,False,max_steps,,inf,,False,,inf,inf,inf,inf,inf,2.0791635742187498,inf,inf,0.0,{'ROAD_LINE_BROKEN_SINGLE_WHITE'},False,False,,False,False,,0,False,object_list_uncertain,False,0,0,,inf,inf,inf,inf,False,False,inf,inf,0.0,False,False,1,0,,False,False,0.0,inf,inf,3.0791635742187498,0.0,,False,raw_action_safe_or_candidate_not_better,candidate_not_better,False,False,0.0,inf,inf,3.0988395001446754,False,-5.841922911556864,,,
6000,1029,1,54,54,0.029047012329101562,0.6967865228652954,0.029047012329101562,0.6967865228652954,0.0,0.0,True,False,inactive_raw_action,raw_action,0,0,10,10,raw_action_safe_or_candidate_not_better,0,0,0,False,False,False,False,False,False,False,False,True,0.12623760891003907,12.52755759581861,0.0,False,max_steps,,inf,,False,,inf,inf,inf,inf,inf,1.992895864486694,inf,inf,0.0,{'ROAD_LINE_BROKEN_SINGLE_WHITE'},False,False,,False,False,,0,False,object_list_uncertain,False,0,0,,inf,inf,inf,inf,False,False,inf,inf,0.0,False,False,1,0,,False,False,0.0,inf,inf,2.992895864486694,0.0,,False,raw_action_safe_or_candidate_not_better,candidate_not_better,False,False,0.0,inf,inf,3.0125717904126197,False,-5.706464776785467,,,
6000,1029,1,55,55,0.024014949798583984,0.6728887557983398,0.024014949798583984,0.6728887557983398,0.0,0.0,True,False,inactive_raw_action,raw_action,0,0,10,10,raw_action_safe_or_candidate_not_better,0,0,0,False,False,False,False,False,False,False,False,True,0.1309922348271274,12.729117279190689,0.0,False,max_steps,,inf,,False,,inf,inf,inf,inf,inf,1.9151799907684324,inf,inf,0.0,{'ROAD_LINE_BROKEN_SINGLE_WHITE'},False,False,,False,False,,0,False,object_list_uncertain,False,0,0,,inf,inf,inf,inf,False,False,inf,inf,0.0,False,False,1,0,,False,False,0.0,inf,inf,2.9151799907684324,0.0,,False,raw_action_safe_or_candidate_not_better,candidate_not_better,False,False,0.0,inf,inf,2.934855916694358,False,-5.562612762193069,,,
6000,1029,1,56,56,0.010350704193115234,0.6341264247894287,0.010350704193115234,0.6341264247894287,0.0,0.0,True,False,inactive_raw_action,raw_action,0,0,10,10,raw_action_safe_or_candidate_not_better,0,0,0,False,False,False,False,False,False,False,False,True,0.1358237366151249,12.919439873687237,0.0,False,max_steps,,inf,,False,,inf,inf,inf,inf,inf,1.847197793960571,inf,inf,0.0,{'ROAD_LINE_BROKEN_SINGLE_WHITE'},False,False,,False,False,,0,False,object_list_uncertain,False,0,0,,inf,inf,inf,inf,False,False,inf,inf,0.0,False,False,1,0,,False,False,0.0,inf,inf,2.847197793960571,0.0,,False,raw_action_safe_or_candidate_not_better,candidate_not_better,False,False,0.0,inf,inf,2.8668737198864966,False,-5.346402553792913,,,
6000,1029,1,57,57,-0.003309309482574463,0.5609288215637207,-0.003309309482574463,0.5609288215637207,0.0,0.0,True,False,inactive_raw_action,raw_action,0,0,10,10,raw_action_safe_or_candidate_not_better,0,0,0,False,False,False,False,False,False,False,False,True,0.14072589945461236,13.087512984641945,0.0,False,max_steps,,inf,,False,,inf,inf,inf,inf,inf,1.7860691776275632,inf,inf,0.0,{'ROAD_LINE_BROKEN_SINGLE_WHITE'},False,False,,False,False,,0,False,object_list_uncertain,False,0,0,,inf,inf,inf,inf,False,False,inf,inf,0.04275442488354379,False,False,1,0,,False,False,0.0,inf,inf,2.7860691776275632,0.0,,False,raw_action_safe_or_candidate_not_better,candidate_not_better,False,False,0.0,inf,inf,2.805745103553489,False,-4.901146218903463,,,
6000,1029,1,58,58,-0.010098814964294434,0.4450721740722656,-0.010098814964294434,0.4450721740722656,0.0,0.0,True,False,inactive_raw_action,raw_action,0,0,10,10,raw_action_safe_or_candidate_not_better,0,0,0,False,False,False,False,False,False,False,False,True,0.14568849057315061,13.220714786356211,0.0,False,max_steps,,inf,,False,,inf,inf,inf,inf,inf,1.726753973007202,inf,inf,0.0,{'ROAD_LINE_BROKEN_SINGLE_WHITE'},False,False,,False,False,,0,False,object_list_uncertain,False,0,0,,inf,inf,inf,inf,False,False,inf,inf,0.13216837197469977,False,False,1,0,,False,False,0.0,inf,inf,2.726753973007202,0.0,,False,raw_action_safe_or_candidate_not_better,candidate_not_better,False,False,0.0,inf,inf,2.7464298989331275,False,-4.273310403098378,,,
6000,1029,1,59,59,-0.0022246837615966797,0.310083270072937,-0.0022246837615966797,0.310083270072937,0.0,0.0,True,False,inactive_raw_action,raw_action,0,0,10,10,raw_action_safe_or_candidate_not_better,0,0,0,False,False,False,False,False,False,False,False,True,0.150697895180291,13.313704274747963,0.0,False,max_steps,,inf,,False,,inf,inf,inf,inf,inf,1.664852642059326,inf,inf,0.0,{'ROAD_LINE_BROKEN_SINGLE_WHITE'},False,False,,False,False,,0,False,object_list_uncertain,False,0,0,,inf,inf,inf,inf,False,False,inf,inf,0.02941190950190778,False,False,1,0,,False,False,0.0,inf,inf,2.664852642059326,0.0,,False,raw_action_safe_or_candidate_not_better,candidate_not_better,False,False,0.0,inf,inf,2.6845285679852515,False,-3.7281395132162913,,,
6000,1029,1,60,60,0.022731900215148926,0.2186342477798462,0.022731900215148926,0.2186342477798462,0.0,0.0,True,False,inactive_raw_action,raw_action,0,0,10,10,raw_action_safe_or_candidate_not_better,0,0,0,False,False,False,False,False,False,False,False,True,0.15574097543684265,13.377618715265177,0.0,False,max_steps,,inf,,False,,inf,inf,inf,inf,inf,1.5996873607635496,inf,inf,0.0,{'ROAD_LINE_BROKEN_SINGLE_WHITE'},False,False,,False,False,,0,False,object_list_uncertain,False,0,0,,inf,inf,inf,inf,False,False,inf,inf,0.0,False,False,1,0,,False,False,0.0,inf,inf,2.5996873607635496,0.0,,False,raw_action_safe_or_candidate_not_better,candidate_not_better,False,False,0.0,inf,inf,2.619363286689475,False,-3.540633518977458,,,
6000,1029,1,61,61,0.034401774406433105,0.11347508430480957,0.034401774406433105,0.11347508430480957,0.0,0.0,True,False,inactive_raw_action,raw_action,0,0,10,10,raw_action_safe_or_candidate_not_better,0,0,0,False,False,False,False,False,False,False,False,True,0.1608077298194611,13.409650374302535,0.0,False,max_steps,,inf,,False,,inf,inf,inf,inf,inf,1.5374407997131345,inf,inf,0.0,{'ROAD_LINE_BROKEN_SINGLE_WHITE'},False,False,,False,False,,0,False,object_list_uncertain,False,0,0,,inf,inf,inf,inf,False,False,inf,inf,0.0,False,False,1,0,,False,False,0.0,inf,inf,2.5374407997131345,0.0,,False,raw_action_safe_or_candidate_not_better,candidate_not_better,False,False,0.0,inf,inf,2.55711672563906,False,-3.359431580805449,,,
6000,1029,1,62,62,0.04139149188995361,0.09051954746246338,0.04139149188995361,0.09051954746246338,0.0,0.0,True,False,inactive_raw_action,raw_action,0,0,10,10,raw_action_safe_or_candidate_not_better,0,0,0,False,False,False,False,False,False,False,False,True,0.1658884458661702,13.434674023227966,0.0,False,max_steps,,inf,,False,,inf,inf,inf,inf,inf,1.4870438804626462,inf,inf,0.0,{'ROAD_LINE_BROKEN_SINGLE_WHITE'},False,False,,False,False,,0,False,object_list_uncertain,False,0,0,,inf,inf,inf,inf,False,False,inf,inf,0.0,False,False,1,0,,False,False,0.0,inf,inf,2.4870438804626462,0.0,,False,raw_action_safe_or_candidate_not_better,candidate_not_better,False,False,0.0,inf,inf,2.506719806388572,False,-3.3757228654926763,,,
6000,1029,1,63,63,0.024216532707214355,0.07070517539978027,0.024216532707214355,0.07070517539978027,0.0,0.0,True,False,inactive_raw_action,raw_action,0,0,10,10,raw_action_safe_or_candidate_not_better,0,0,0,False,False,False,False,False,False,False,False,True,0.17097969819975517,13.456112560648961,0.0,False,max_steps,,inf,,False,,inf,inf,inf,inf,inf,1.4531259765624998,inf,inf,0.0,{'ROAD_LINE_BROKEN_SINGLE_WHITE'},False,False,,False,False,,0,False,object_list_uncertain,False,0,0,,inf,inf,inf,inf,False,False,inf,inf,0.0,False,False,1,0,,False,False,0.0,inf,inf,2.4531259765624998,0.0,,False,raw_action_safe_or_candidate_not_better,candidate_not_better,False,False,0.0,inf,inf,2.4728019024884254,False,-3.379226000112041,,,
6000,1029,1,64,64,-0.009151220321655273,0.01613485813140869,-0.009151220321655273,0.01613485813140869,0.0,0.0,True,False,inactive_raw_action,raw_action,0,0,10,10,raw_action_safe_or_candidate_not_better,0,0,0,False,False,False,False,False,False,False,False,True,0.17607772902242763,13.46012605189394,0.0,False,max_steps,,inf,,False,,inf,inf,inf,inf,inf,1.4355948200225828,inf,inf,0.0,{'ROAD_LINE_BROKEN_SINGLE_WHITE'},False,False,,False,False,,0,False,object_list_uncertain,False,0,0,,inf,inf,inf,inf,False,False,inf,inf,0.12313985071549155,False,False,1,0,,False,False,0.0,inf,inf,2.4355948200225828,0.0,,False,raw_action_safe_or_candidate_not_better,candidate_not_better,False,False,0.0,inf,inf,2.4552707459485084,False,-3.2935888056169915,,,
6000,1029,1,65,65,-0.03922492265701294,-0.09930020570755005,-0.03922492265701294,-0.09930020570755005,0.0,0.0,True,False,inactive_raw_action,raw_action,0,0,10,10,raw_action_safe_or_candidate_not_better,0,0,0,False,False,False,False,False,False,False,False,True,0.18115098728583365,13.176994592818115,0.0,False,max_steps,,inf,,False,,inf,inf,inf,inf,inf,1.4243257274627683,inf,inf,0.0,{'ROAD_LINE_BROKEN_SINGLE_WHITE'},False,False,,False,False,,0,False,object_list_uncertain,False,0,0,,inf,inf,inf,inf,False,False,inf,inf,0.5279724033391847,False,False,1,0,,False,False,0.0,inf,inf,2.4243257274627683,0.0,,False,raw_action_safe_or_candidate_not_better,candidate_not_better,False,False,0.0,inf,inf,2.444001653388694,False,1.530885280206249,,,
6000,1029,1,66,66,-0.037381529808044434,-0.15493416786193848,-0.037381529808044434,-0.15493416786193848,0.0,0.0,True,False,inactive_raw_action,raw_action,0,0,10,10,raw_action_safe_or_candidate_not_better,0,0,0,False,False,False,False,False,False,False,False,True,0.18610625069868458,12.740211528139156,0.0,False,max_steps,,inf,,False,,inf,inf,inf,inf,inf,1.4054267635345457,inf,inf,0.0,{'ROAD_LINE_BROKEN_SINGLE_WHITE'},False,False,,False,False,,0,False,object_list_uncertain,False,0,0,,inf,inf,inf,inf,False,False,inf,inf,0.4925762161518707,False,False,1,0,,False,False,0.0,inf,inf,2.4054267635345457,0.0,,False,raw_action_safe_or_candidate_not_better,candidate_not_better,False,False,0.0,inf,inf,2.4251026894604713,False,4.199792321123148,,,
6000,1029,1,67,67,-0.00040662288665771484,-0.06506985425949097,-0.00040662288665771484,-0.06506985425949097,0.0,0.0,True,False,inactive_raw_action,raw_action,0,0,10,10,raw_action_safe_or_candidate_not_better,0,0,0,False,False,False,False,False,False,False,False,True,0.19092040880458186,12.557100557589449,0.0,False,max_steps,,inf,,False,,inf,inf,inf,inf,inf,1.370982669830322,inf,inf,0.0,set(),False,False,,False,False,,0,False,object_list_uncertain,False,0,0,,inf,inf,inf,inf,False,False,inf,inf,0.0051804615882018405,False,False,1,0,,False,False,0.0,inf,inf,2.370982669830322,0.0,,False,raw_action_safe_or_candidate_not_better,candidate_not_better,False,False,0.0,inf,inf,2.3906585957562476,False,-0.19945317479313474,,,
6000,1029,1,68,68,0.200361967086792,0.6517149209976196,0.200361967086792,0.6517149209976196,0.0,0.0,True,False,inactive_raw_action,raw_action,0,0,10,10,raw_action_safe_or_candidate_not_better,0,0,0,False,False,False,False,False,False,False,False,True,0.19568468937137265,12.627073518290608,0.0,False,max_steps,,inf,,False,,inf,inf,inf,inf,inf,1.327854179382324,inf,inf,0.0,set(),False,False,,False,False,,0,False,object_list_uncertain,False,0,0,,inf,inf,inf,inf,False,False,inf,inf,0.0,False,False,1,0,,False,False,0.0,inf,inf,2.327854179382324,0.0,,False,raw_action_safe_or_candidate_not_better,candidate_not_better,False,False,0.0,inf,inf,2.3475301053082496,False,-6.088017500163971,,,
6000,1029,1,69,69,0.17444908618927002,0.7805109024047852,0.17444908618927002,0.7805109024047852,0.0,0.0,True,False,inactive_raw_action,raw_action,0,0,10,10,raw_action_safe_or_candidate_not_better,0,0,0,False,False,False,False,False,False,False,False,True,0.2004795237247966,12.774714774502215,0.0,False,max_steps,,inf,,False,,inf,inf,inf,inf,inf,1.2976525058746335,inf,inf,0.0,set(),False,False,,False,False,,0,False,object_list_uncertain,False,0,0,,inf,inf,inf,inf,False,False,inf,inf,0.0,False,False,1,0,,False,False,0.0,inf,inf,2.2976525058746335,0.0,,False,raw_action_safe_or_candidate_not_better,candidate_not_better,False,False,0.0,inf,inf,2.317328431800559,False,-7.253227913861451,,,
6000,1029,1,70,70,0.10239934921264648,0.8858507871627808,0.10239934921264648,0.8858507871627808,0.0,0.0,True,False,inactive_raw_action,raw_action,0,0,10,10,raw_action_safe_or_candidate_not_better,0,0,0,False,False,False,False,False,False,False,False,True,0.20533413596919264,13.038114154531137,0.0,False,max_steps,,inf,,False,,inf,inf,inf,inf,inf,1.315555833816528,inf,inf,0.0,set(),False,False,,False,False,,0,False,object_list_uncertain,False,0,0,,inf,inf,inf,inf,False,False,inf,inf,0.0,False,False,1,0,,False,False,0.0,inf,inf,2.315555833816528,0.0,,False,raw_action_safe_or_candidate_not_better,candidate_not_better,False,False,0.0,inf,inf,2.3352317597424537,False,-8.273681952857586,,,
6000,1029,1,71,71,-0.008720338344573975,0.9045209884643555,-0.008720338344573975,0.9045209884643555,0.0,0.0,True,False,inactive_raw_action,raw_action,0,0,10,10,raw_action_safe_or_candidate_not_better,0,0,0,False,False,False,False,False,False,False,False,True,0.21027783692731009,13.29571236559922,0.0,False,max_steps,,inf,,False,,inf,inf,inf,inf,inf,1.3848021259307859,inf,inf,0.0,set(),False,False,,False,False,,0,False,object_list_uncertain,False,0,0,,inf,inf,inf,inf,False,False,inf,inf,0.11369676680269056,False,False,1,0,,False,False,0.0,inf,inf,2.384802125930786,0.0,,False,raw_action_safe_or_candidate_not_better,candidate_not_better,False,False,0.0,inf,inf,2.4044780518567115,False,-8.376546740663784,,,
6000,1029,1,72,72,-0.13262468576431274,0.8427460193634033,-0.13262468576431274,0.8427460193634033,0.0,0.0,True,False,inactive_raw_action,raw_action,0,0,10,10,raw_action_safe_or_candidate_not_better,0,0,0,False,False,False,False,False,False,False,False,True,0.2153125633103168,13.451053406986016,0.0,False,max_steps,,inf,,False,,inf,inf,inf,inf,inf,1.4834335079193113,inf,inf,0.0,set(),False,False,,False,False,,0,False,object_list_uncertain,False,0,0,,inf,inf,inf,inf,False,False,inf,inf,1.7633396745002838,False,False,1,0,,False,False,0.0,inf,inf,2.4834335079193113,0.0,,False,raw_action_safe_or_candidate_not_better,candidate_not_better,False,False,0.0,inf,inf,2.503109433845237,False,-7.568712966684231,,,
6000,1029,1,73,73,-0.2271425724029541,0.6221952438354492,-0.2271425724029541,0.6221952438354492,0.0,0.0,True,False,inactive_raw_action,raw_action,0,0,10,10,raw_action_safe_or_candidate_not_better,0,0,0,False,False,False,False,False,False,False,False,True,0.22040805039294792,13.516468346558492,0.0,False,max_steps,,inf,,False,,inf,inf,inf,inf,inf,1.573469184875488,inf,inf,0.0,set(),False,False,,False,False,,0,False,object_list_uncertain,False,0,0,,inf,inf,inf,inf,False,False,inf,inf,3.0553068723923236,False,False,1,0,,False,False,0.0,inf,inf,2.573469184875488,0.0,,False,raw_action_safe_or_candidate_not_better,candidate_not_better,False,False,0.0,inf,inf,2.5931451108014136,False,-5.5618766620400635,,,
6000,1029,1,74,74,-0.15472441911697388,0.7496535778045654,-0.15472441911697388,0.7496535778045654,0.0,0.0,True,False,inactive_raw_action,raw_action,0,0,10,10,raw_action_safe_or_candidate_not_better,0,0,0,False,False,False,False,False,False,False,False,True,0.22554370255270945,13.70143088170575,0.0,False,max_steps,,inf,,False,,inf,inf,inf,inf,inf,1.6231510868072507,inf,inf,0.0,set(),False,False,,False,False,,0,False,object_list_uncertain,False,0,0,,inf,inf,inf,inf,False,False,inf,inf,2.091327713434227,False,False,1,0,,False,False,0.0,inf,inf,2.6231510868072507,0.0,,False,raw_action_safe_or_candidate_not_better,candidate_not_better,False,False,0.0,inf,inf,2.6428270127331763,False,-6.550551149153264,,,
6000,1029,1,75,75,-0.04222661256790161,0.8506958484649658,-0.04222661256790161,0.8506958484649658,0.0,0.0,True,False,inactive_raw_action,raw_action,0,0,10,10,raw_action_safe_or_candidate_not_better,0,0,0,False,False,False,False,False,False,False,False,True,0.23074929311054004,13.958870775429007,0.0,False,max_steps,,inf,,False,,inf,inf,inf,inf,inf,1.6118221511840818,inf,inf,0.0,set(),False,False,,False,False,,0,False,object_list_uncertain,False,0,0,,inf,inf,inf,inf,False,False,inf,inf,0.5785650134676713,False,False,1,0,,False,False,0.0,inf,inf,2.611822151184082,0.0,,False,raw_action_safe_or_candidate_not_better,candidate_not_better,False,False,0.0,inf,inf,2.6314980771100074,False,-7.4976490891840655,,,
6000,1029,1,76,76,0.07769036293029785,0.8542754650115967,0.07769036293029785,0.8542754650115967,0.0,0.0,True,False,inactive_raw_action,raw_action,0,0,10,10,raw_action_safe_or_candidate_not_better,0,0,0,False,False,False,False,False,False,False,False,True,0.2360416887972822,14.152829215382404,0.0,False,max_steps,,inf,,False,,inf,inf,inf,inf,inf,1.5467949142456052,inf,inf,0.0,set(),False,False,,False,False,,0,False,object_list_uncertain,False,0,0,,inf,inf,inf,inf,False,False,inf,inf,0.0,False,False,1,0,,False,False,0.0,inf,inf,2.5467949142456052,0.0,,False,raw_action_safe_or_candidate_not_better,candidate_not_better,False,False,0.0,inf,inf,2.566470840171531,False,-7.61391436301011,,,
6000,1029,1,77,77,0.12938833236694336,0.6808810234069824,0.12938833236694336,0.6808810234069824,0.0,0.0,True,False,inactive_raw_action,raw_action,0,0,10,10,raw_action_safe_or_candidate_not_better,0,0,0,False,False,False,False,False,False,False,False,True,0.24140883575387626,14.292655502136391,0.0,False,max_steps,,inf,,False,,inf,inf,inf,inf,inf,1.4699704875946042,inf,inf,0.0,set(),False,False,,False,False,,0,False,object_list_uncertain,False,0,0,,inf,inf,inf,inf,False,False,inf,inf,0.0,False,False,1,0,,False,False,0.0,inf,inf,2.4699704875946042,0.0,,False,raw_action_safe_or_candidate_not_better,candidate_not_better,False,False,0.0,inf,inf,2.48964641352053,False,-6.119850728833995,,,
6000,1029,1,78,78,0.11606252193450928,0.5687499046325684,0.11606252193450928,0.5687499046325684,0.0,0.0,True,False,inactive_raw_action,raw_action,0,0,10,10,raw_action_safe_or_candidate_not_better,0,0,0,False,False,False,False,False,False,False,False,True,0.24683508130722678,14.446368595053684,0.0,False,max_steps,,inf,,False,,inf,inf,inf,inf,inf,1.4216850032806394,inf,inf,0.0,set(),False,False,,False,False,,0,False,object_list_uncertain,False,0,0,,inf,inf,inf,inf,False,False,inf,inf,0.0,False,False,1,0,,False,False,0.0,inf,inf,2.4216850032806394,0.0,,False,raw_action_safe_or_candidate_not_better,candidate_not_better,False,False,0.0,inf,inf,2.441360929206565,False,-5.379519125200574,,,
6000,1029,1,79,79,0.03373980522155762,0.6464852094650269,0.03373980522155762,0.6464852094650269,0.0,0.0,True,False,inactive_raw_action,raw_action,0,0,10,10,raw_action_safe_or_candidate_not_better,0,0,0,False,False,False,False,False,False,False,False,True,0.2523212059230283,14.643632134957116,0.0,False,max_steps,,inf,,False,,inf,inf,inf,inf,inf,1.4246731033325193,inf,inf,0.0,set(),False,False,,False,False,,0,False,object_list_uncertain,False,0,0,,inf,inf,inf,inf,False,False,inf,inf,0.0,False,False,1,0,,False,False,0.0,inf,inf,2.4246731033325193,0.0,,False,raw_action_safe_or_candidate_not_better,candidate_not_better,False,False,0.0,inf,inf,2.444349029258445,False,-5.910630742806617,,,
6000,1029,1,80,80,-0.07833504676818848,0.6039865016937256,-0.07833504676818848,0.6039865016937256,0.0,0.0,True,False,inactive_raw_action,raw_action,0,0,10,10,raw_action_safe_or_candidate_not_better,0,0,0,False,False,False,False,False,False,False,False,True,0.2578728029387581,14.777672588480625,0.0,False,max_steps,,inf,,False,,inf,inf,inf,inf,inf,1.4725742568969724,inf,inf,0.0,set(),False,False,,False,False,,0,False,object_list_uncertain,False,0,0,,inf,inf,inf,inf,False,False,inf,inf,1.1471096081480134,False,False,1,0,,False,False,0.0,inf,inf,2.4725742568969724,0.0,,False,raw_action_safe_or_candidate_not_better,candidate_not_better,False,False,0.0,inf,inf,2.492250182822898,False,-5.555717874030847,,,
6000,1029,1,81,81,-0.16994702816009521,0.2876160144805908,-0.16994702816009521,0.2876160144805908,0.0,0.0,True,False,inactive_raw_action,raw_action,0,0,10,10,raw_action_safe_or_candidate_not_better,0,0,0,False,False,False,False,False,False,False,False,True,0.2634695224340853,14.793606756204284,0.0,False,max_steps,,inf,,False,,inf,inf,inf,inf,inf,1.5296278228759763,inf,inf,0.0,set(),False,False,,False,False,,0,False,object_list_uncertain,False,0,0,,inf,inf,inf,inf,False,False,inf,inf,2.511421539535184,False,False,1,0,,False,False,0.0,inf,inf,2.5296278228759763,0.0,,False,raw_action_safe_or_candidate_not_better,candidate_not_better,False,False,0.0,inf,inf,2.549303748801902,False,-3.823007480287856,,,
6000,1029,1,82,82,-0.11987245082855225,0.24725377559661865,-0.11987245082855225,0.24725377559661865,0.0,0.0,True,False,inactive_raw_action,raw_action,0,0,10,10,raw_action_safe_or_candidate_not_better,0,0,0,False,False,False,False,False,False,False,False,True,0.2690771684491356,14.84795351363796,0.0,False,max_steps,,inf,,False,,inf,inf,inf,inf,inf,1.553811334609985,inf,inf,0.0,set(),False,False,,False,False,,0,False,object_list_uncertain,False,0,0,,inf,inf,inf,inf,False,False,inf,inf,1.7733458984600363,False,False,1,0,,False,False,0.0,inf,inf,2.553811334609985,0.0,,False,raw_action_safe_or_candidate_not_better,candidate_not_better,False,False,0.0,inf,inf,2.5734872605359107,False,-3.6767877002788367,,,
6000,1029,1,83,83,-0.02607738971710205,0.41203951835632324,-0.02607738971710205,0.41203951835632324,0.0,0.0,True,False,inactive_raw_action,raw_action,0,0,10,10,raw_action_safe_or_candidate_not_better,0,0,0,False,False,False,False,False,False,False,False,True,0.2747050198538326,14.973922388778355,0.0,False,max_steps,,inf,,False,,inf,inf,inf,inf,inf,1.5217848052978513,inf,inf,0.0,set(),False,False,,False,False,,0,False,object_list_uncertain,False,0,0,,inf,inf,inf,inf,False,False,inf,inf,0.3871958702765518,False,False,1,0,,False,False,0.0,inf,inf,2.5217848052978513,0.0,,False,raw_action_safe_or_candidate_not_better,candidate_not_better,False,False,0.0,inf,inf,2.541460731223777,False,-4.345061043923977,,,
6000,1029,1,84,84,0.07930433750152588,0.44630134105682373,0.07930433750152588,0.44630134105682373,0.0,0.0,True,False,inactive_raw_action,raw_action,0,0,10,10,raw_action_safe_or_candidate_not_better,0,0,0,False,False,False,False,False,False,False,False,True,0.2803738601605598,15.06826863615703,0.0,False,max_steps,,inf,,False,,inf,inf,inf,inf,inf,1.4410374393463132,inf,inf,0.0,set(),False,False,,False,False,,0,False,object_list_uncertain,False,0,0,,inf,inf,inf,inf,False,False,inf,inf,0.0,False,False,1,0,,False,False,0.0,inf,inf,2.4410374393463132,0.0,,False,raw_action_safe_or_candidate_not_better,candidate_not_better,False,False,0.0,inf,inf,2.460713365272239,False,-4.616596461392689,,,
6000,1029,1,85,85,0.13203692436218262,0.11292052268981934,0.13203692436218262,0.11292052268981934,0.0,0.0,True,False,inactive_raw_action,raw_action,0,0,10,10,raw_action_safe_or_candidate_not_better,0,0,0,False,False,False,False,False,False,False,False,True,0.2860765206473825,15.062958386951149,0.0,False,max_steps,,inf,,False,,inf,inf,inf,inf,inf,1.3526430358886716,inf,inf,0.0,set(),False,False,,False,False,,0,False,object_list_uncertain,False,0,0,,inf,inf,inf,inf,False,False,inf,inf,0.0,False,False,1,0,,False,False,0.0,inf,inf,2.3526430358886716,0.0,,False,raw_action_safe_or_candidate_not_better,candidate_not_better,False,False,0.0,inf,inf,2.3723189618145972,False,-3.6024765728728028,,,
6000,1029,1,86,86,0.12574410438537598,0.03031134605407715,0.12574410438537598,0.03031134605407715,0.0,0.0,True,False,inactive_raw_action,raw_action,0,0,10,10,raw_action_safe_or_candidate_not_better,0,0,0,False,False,False,False,False,False,False,False,True,0.2917816092496991,15.04870763983294,0.0,False,max_steps,,inf,,False,,inf,inf,inf,inf,inf,1.2984647979736326,inf,inf,0.0,set(),False,False,,False,False,,0,False,object_list_uncertain,False,0,0,,inf,inf,inf,inf,False,False,inf,inf,0.0,False,False,1,0,,False,False,0.0,inf,inf,2.2984647979736326,0.0,,False,raw_action_safe_or_candidate_not_better,candidate_not_better,False,False,0.0,inf,inf,2.318140723899558,False,-3.5161059075149694,,,
6000,1029,1,87,87,0.025056838989257812,0.08903384208679199,0.025056838989257812,0.08903384208679199,0.0,0.0,True,False,inactive_raw_action,raw_action,0,0,10,10,raw_action_safe_or_candidate_not_better,0,0,0,False,False,False,False,False,False,False,False,True,0.29748213068239604,15.078087698814647,0.0,False,max_steps,,inf,,False,,inf,inf,inf,inf,inf,1.30280425453186,inf,inf,0.0,set(),False,False,,False,False,,0,False,object_list_uncertain,False,0,0,,inf,inf,inf,inf,False,False,inf,inf,0.0,False,False,1,0,,False,False,0.0,inf,inf,2.30280425453186,0.0,,False,raw_action_safe_or_candidate_not_better,candidate_not_better,False,False,0.0,inf,inf,2.3224801804577857,False,-3.6244100940124895,,,
6000,1029,1,88,88,-0.09076213836669922,0.019136905670166016,-0.09076213836669922,0.019136905670166016,0.0,0.0,True,False,inactive_raw_action,raw_action,0,0,10,10,raw_action_safe_or_candidate_not_better,0,0,0,False,False,False,False,False,False,False,False,True,0.3031869591294812,15.054896825806948,0.0,False,max_steps,,inf,,False,,inf,inf,inf,inf,inf,1.3587439289093015,inf,inf,0.0,set(),False,False,,False,False,,0,False,object_list_uncertain,False,0,0,,inf,inf,inf,inf,False,False,inf,inf,1.3685194820250404,False,False,1,0,,False,False,0.0,inf,inf,2.3587439289093015,0.0,,False,raw_action_safe_or_candidate_not_better,candidate_not_better,False,False,0.0,inf,inf,2.378419854835227,False,-3.4062559124236174,,,
6000,1029,1,89,89,-0.16471076011657715,-0.2878260612487793,-0.16471076011657715,-0.2878260612487793,0.0,0.0,True,False,inactive_raw_action,raw_action,0,0,10,10,raw_action_safe_or_candidate_not_better,0,0,0,False,False,False,False,False,False,False,False,True,0.3088316628119523,14.412773865275332,0.0,False,max_steps,,inf,,False,,inf,inf,inf,inf,inf,1.4220388164520261,inf,inf,0.0,set(),False,False,,False,False,,0,False,object_list_uncertain,False,0,0,,inf,inf,inf,inf,False,False,inf,inf,2.4797034996553067,False,False,1,0,,False,False,0.0,inf,inf,2.422038816452026,0.0,,False,raw_action_safe_or_candidate_not_better,candidate_not_better,False,False,0.0,inf,inf,2.4417147423779517,False,10.654090353644634,,,
6000,1029,1,90,90,-0.1093895435333252,-0.19716370105743408,-0.1093895435333252,-0.19716370105743408,0.0,0.0,True,False,inactive_raw_action,raw_action,0,0,10,10,raw_action_safe_or_candidate_not_better,0,0,0,False,False,False,False,False,False,False,False,True,0.314254482988088,13.904383410669434,0.0,False,max_steps,,inf,,False,,inf,inf,inf,inf,inf,1.4480283489227292,inf,inf,0.0,set(),False,False,,False,False,,0,False,object_list_uncertain,False,0,0,,inf,inf,inf,inf,False,False,inf,inf,1.5766067541715076,False,False,1,0,,False,False,0.0,inf,inf,2.4480283489227292,0.0,,False,raw_action_safe_or_candidate_not_better,candidate_not_better,False,False,0.0,inf,inf,2.467704274848655,False,6.299967288084844,,,
6000,1029,1,91,91,-0.027294635772705078,0.03500568866729736,-0.027294635772705078,0.03500568866729736,0.0,0.0,True,False,inactive_raw_action,raw_action,0,0,10,10,raw_action_safe_or_candidate_not_better,0,0,0,False,False,False,False,False,False,False,False,True,0.31952508344765757,13.917263374352057,0.0,False,max_steps,,inf,,False,,inf,inf,inf,inf,inf,1.4177739849090574,inf,inf,0.0,set(),False,False,,False,False,,0,False,object_list_uncertain,False,0,0,,inf,inf,inf,inf,False,False,inf,inf,0.37951508083826496,False,False,1,0,,False,False,0.0,inf,inf,2.4177739849090574,0.0,,False,raw_action_safe_or_candidate_not_better,candidate_not_better,False,False,0.0,inf,inf,2.437449910834983,False,-3.355285123899506,,,
6000,1029,1,92,92,0.05761265754699707,0.05404400825500488,0.05761265754699707,0.05404400825500488,0.0,0.0,True,False,inactive_raw_action,raw_action,0,0,10,10,raw_action_safe_or_candidate_not_better,0,0,0,False,False,False,False,False,False,False,False,True,0.3247897581491762,13.91920248172476,0.0,False,max_steps,,inf,,False,,inf,inf,inf,inf,inf,1.3492272129058835,inf,inf,0.0,{'ROAD_LINE_BROKEN_SINGLE_WHITE'},False,False,,False,False,,0,False,object_list_uncertain,False,0,0,,inf,inf,inf,inf,False,False,inf,inf,0.0,False,False,1,0,,False,False,0.0,inf,inf,2.3492272129058835,0.0,,False,raw_action_safe_or_candidate_not_better,candidate_not_better,False,False,0.0,inf,inf,2.368903138831809,False,-3.488418686074752,,,
6000,1029,1,93,93,0.10718345642089844,-0.1861029863357544,0.10718345642089844,-0.1861029863357544,0.0,0.0,True,False,inactive_raw_action,raw_action,0,0,10,10,raw_action_safe_or_candidate_not_better,0,0,0,False,False,False,False,False,False,False,False,True,0.3300151205046011,13.400554468347037,0.0,False,max_steps,,inf,,False,,inf,inf,inf,inf,inf,1.2739665737152097,inf,inf,0.0,{'ROAD_LINE_BROKEN_SINGLE_WHITE'},False,False,,False,False,,0,False,object_list_uncertain,False,0,0,,inf,inf,inf,inf,False,False,inf,inf,0.0,False,False,1,0,,False,False,0.0,inf,inf,2.2739665737152097,0.0,,False,raw_action_safe_or_candidate_not_better,candidate_not_better,False,False,0.0,inf,inf,2.2936424996411353,False,5.520189288740909,,,
6000,1029,1,94,94,0.10410237312316895,-0.1696608066558838,0.10410237312316895,-0.1696608066558838,0.0,0.0,True,False,inactive_raw_action,raw_action,0,0,10,10,raw_action_safe_or_candidate_not_better,0,0,0,False,False,False,False,False,False,False,False,True,0.3350561484254375,12.922708391139825,0.0,False,max_steps,,inf,,False,,inf,inf,inf,inf,inf,1.2260670890808103,inf,inf,0.0,{'ROAD_LINE_BROKEN_SINGLE_WHITE'},False,False,,False,False,,0,False,object_list_uncertain,False,0,0,,inf,inf,inf,inf,False,False,inf,inf,0.0,False,False,1,0,,False,False,0.0,inf,inf,2.2260670890808103,0.0,,False,raw_action_safe_or_candidate_not_better,candidate_not_better,False,False,0.0,inf,inf,2.245743015006736,False,4.649748472515384,,,
6000,1029,1,95,95,0.5653674602508545,0.6327536106109619,0.5653674602508545,0.6327536106109619,0.0,0.0,True,False,inactive_raw_action,raw_action,0,0,10,10,raw_action_safe_or_candidate_not_better,0,0,0,False,False,False,False,False,False,False,False,True,0.3399450433481183,12.82287078133937,0.0,False,max_steps,,inf,,False,,inf,inf,inf,inf,inf,1.2170456476493219,inf,inf,0.0,{'ROAD_LINE_BROKEN_SINGLE_WHITE'},False,False,,False,False,,0,False,object_list_uncertain,False,0,0,,inf,inf,inf,inf,False,False,inf,inf,0.0,False,False,1,0,,False,False,0.0,inf,inf,2.217045647649321,0.0,,False,raw_action_safe_or_candidate_not_better,candidate_not_better,False,False,0.0,inf,inf,2.2435552861249,False,-6.166346342613863,,,
6000,1029,1,96,96,0.5373690128326416,0.8525784015655518,0.5373690128326416,0.8525784015655518,0.0,0.0,True,False,inactive_raw_action,raw_action,0,0,10,10,raw_action_safe_or_candidate_not_better,0,0,0,False,False,False,False,False,False,False,False,True,0.3447802306685621,12.812058825653022,0.0,False,max_steps,,inf,,False,,inf,inf,inf,inf,inf,1.266533715276267,inf,inf,0.0,{'ROAD_LINE_BROKEN_SINGLE_WHITE'},False,False,,False,False,,0,False,object_list_uncertain,False,0,0,,inf,inf,inf,inf,False,False,inf,inf,0.0,False,False,1,0,,False,False,0.0,inf,inf,2.266533715276267,0.0,,False,raw_action_safe_or_candidate_not_better,candidate_not_better,False,False,0.0,inf,inf,2.293043353751853,False,-8.054125721777368,,,
6000,1029,1,97,97,0.3965775966644287,0.9078853130340576,0.3965775966644287,0.9078853130340576,0.0,0.0,True,False,inactive_raw_action,raw_action,0,0,10,10,raw_action_safe_or_candidate_not_better,0,0,0,False,False,False,False,False,False,False,False,True,0.34958376576917305,12.878446615356925,0.0,False,max_steps,,inf,,False,,inf,inf,inf,inf,inf,1.3884738512320838,inf,inf,0.0,{'ROAD_LINE_BROKEN_SINGLE_WHITE'},False,False,,False,False,,0,False,object_list_uncertain,False,0,0,,inf,inf,inf,inf,False,False,inf,inf,0.0,False,False,1,0,,False,False,0.0,inf,inf,2.3884738512320838,0.0,,False,raw_action_safe_or_candidate_not_better,candidate_not_better,False,False,0.0,inf,inf,2.4149834897076636,False,-8.481798275860996,,,
6000,1029,1,98,98,0.2255265712738037,0.911449670791626,0.2255265712738037,0.911449670791626,0.0,0.0,True,False,inactive_raw_action,raw_action,0,0,10,10,raw_action_safe_or_candidate_not_better,0,0,0,False,False,False,False,False,False,False,False,True,0.35436903219130506,13.037411830484759,0.0,False,max_steps,,inf,,False,,inf,inf,inf,inf,inf,1.5826643533988336,inf,inf,0.0,{'ROAD_LINE_BROKEN_SINGLE_WHITE'},False,False,,False,False,,0,False,object_list_uncertain,False,0,0,,inf,inf,inf,inf,False,False,inf,inf,0.0,False,False,1,0,,False,False,0.0,inf,inf,2.5826643533988327,0.0,,False,raw_action_safe_or_candidate_not_better,candidate_not_better,False,False,0.0,inf,inf,2.6091739918744117,False,-8.26167623128812,,,
6000,1029,1,99,99,0.0241854190826416,0.8974120616912842,0.0241854190826416,0.8974120616912842,0.0,0.0,True,False,inactive_raw_action,raw_action,0,0,10,10,raw_action_safe_or_candidate_not_better,0,0,0,False,False,False,False,False,False,False,False,True,0.35917025480096926,13.292660681778441,0.0,False,max_steps,,inf,,False,,inf,inf,inf,inf,inf,1.8515056200309172,inf,inf,0.0,{'ROAD_LINE_BROKEN_SINGLE_WHITE'},False,False,,False,False,,0,False,object_list_uncertain,False,0,0,,inf,inf,inf,inf,False,False,inf,inf,0.0,False,False,1,0,,False,False,0.0,inf,inf,2.8515056200309057,0.0,,False,raw_action_safe_or_candidate_not_better,candidate_not_better,False,False,0.0,inf,inf,2.8780152585064918,False,-7.801489171008555,,,
6000,1029,1,100,100,-0.18942153453826904,0.8336725234985352,-0.18942153453826904,0.8336725234985352,0.0,0.0,True,False,inactive_raw_action,raw_action,0,0,10,10,raw_action_safe_or_candidate_not_better,0,0,0,False,False,False,False,False,False,False,False,True,0.3640464888357169,13.397597664221085,0.0,False,max_steps,,inf,,False,,inf,inf,inf,inf,inf,2.178507668523349,inf,inf,0.0,set(),False,False,,False,False,,0,False,object_list_uncertain,False,0,0,,inf,inf,inf,inf,False,False,inf,inf,2.517916184438986,False,False,1,0,,False,False,0.0,inf,inf,3.1785076685233453,0.0,,False,raw_action_safe_or_candidate_not_better,candidate_not_better,False,False,0.0,inf,inf,3.2050173069989234,False,-6.7939589706557655,,,
6000,1029,1,101,101,-0.3555563688278198,0.5609011650085449,-0.3555563688278198,0.5609011650085449,0.0,0.0,True,False,inactive_raw_action,raw_action,0,0,10,10,raw_action_safe_or_candidate_not_better,0,0,0,False,False,False,False,False,False,False,False,True,0.36898310779031007,13.387914660845835,0.0,False,max_steps,,inf,,False,,inf,inf,inf,inf,inf,2.516057116536649,inf,inf,0.0,set(),False,False,,False,False,,0,False,object_list_uncertain,False,0,0,,inf,inf,inf,inf,False,False,inf,inf,4.763601176506529,False,False,1,0,,False,False,0.0,inf,inf,3.516057116536649,0.0,,False,raw_action_safe_or_candidate_not_better,candidate_not_better,False,False,0.0,inf,inf,3.516057116536649,False,-4.339103347771157,,,
6000,1029,1,102,102,-0.3797847032546997,0.4854164123535156,-0.3797847032546997,0.4854164123535156,0.0,0.0,True,False,inactive_raw_action,raw_action_safe,0,0,0,0,low_risk_verified_passthrough,0,0,0,False,False,False,False,False,False,False,False,True,0.37396071564693345,13.363280269743594,0.0,False,max_steps,,inf,,False,,inf,inf,inf,inf,inf,inf,inf,inf,0.0,{'ROAD_LINE_BROKEN_SINGLE_WHITE'},False,False,,False,False,,0,True,,False,0,0,,inf,inf,inf,inf,False,False,2.878360771108806,inf,0.0,False,False,1,-1,,False,False,0.0,33.9098432236836,inf,3.6098302431388167,0.0,,False,low_risk_verified,,False,False,0.0,inf,inf,inf,False,0.0,,,
6000,1029,1,103,103,-0.3086920976638794,0.6398251056671143,-0.3086920976638794,0.6398251056671143,0.0,0.0,True,False,inactive_raw_action,raw_action_safe,0,0,0,0,low_risk_verified_passthrough,0,0,0,False,False,False,False,False,False,False,False,True,0.37897870537671347,13.405227359400188,0.0,False,max_steps,,inf,,False,,inf,inf,inf,inf,inf,inf,inf,inf,0.0,set(),False,False,,False,False,,0,True,,False,0,0,,inf,inf,inf,inf,False,False,2.9743835412755337,inf,0.0,False,False,1,-1,,False,False,0.0,34.01856980685783,inf,3.3561888761801986,0.0,,False,low_risk_verified,,False,False,0.0,inf,inf,inf,False,0.0,,,
6000,1029,1,104,104,-0.2106519341468811,0.7605454921722412,-0.2106519341468811,0.7605454921722412,0.0,0.0,True,False,inactive_raw_action,raw_action_safe,0,0,0,0,low_risk_verified_passthrough,0,0,0,False,False,False,False,False,False,False,False,True,0.38405074958237245,13.529745006084237,0.0,False,max_steps,,inf,,False,,inf,inf,inf,inf,inf,inf,inf,inf,0.0,{'ROAD_LINE_BROKEN_SINGLE_WHITE'},False,False,,False,False,,0,True,,False,0,0,,inf,inf,inf,inf,False,False,3.096189695057812,inf,0.0,False,False,1,-1,,False,False,0.0,33.73949934991181,inf,3.171448571233294,0.0,,False,low_risk_verified,,False,False,0.0,inf,inf,inf,False,0.0,,,
6000,1029,1,105,105,-0.08391982316970825,0.8175513744354248,-0.08391982316970825,0.8175513744354248,0.0,0.0,True,False,inactive_raw_action,raw_action,0,0,10,10,raw_action_safe_or_candidate_not_better,0,0,0,False,False,False,False,False,False,False,False,True,0.3891939028846423,13.769356655493311,0.0,False,max_steps,,inf,,False,,inf,inf,inf,32.143250467615196,inf,2.0614780016227034,inf,inf,0.0,set(),False,False,,False,False,,0,False,route_deviation_rising,False,0,0,,inf,inf,inf,inf,False,False,3.212155740100743,inf,0.0,False,False,1,0,,False,False,0.0,33.64323077040749,inf,3.0614780016227043,0.0,,False,raw_action_safe_or_candidate_not_better,vehicle_margin_worse,False,False,0.0,32.91365797825522,inf,3.0879876400982886,True,-6.88736169475834,,,
6000,1029,1,106,106,0.05233275890350342,0.794052243232727,0.05233275890350342,0.794052243232727,0.0,0.0,True,False,inactive_raw_action,raw_action_safe,0,0,0,0,low_risk_verified_passthrough,0,0,0,False,False,False,False,False,False,False,False,True,0.3944223003844347,13.964043135946557,0.0,False,max_steps,,inf,,False,,inf,inf,inf,inf,inf,inf,inf,inf,0.0,set(),False,False,,False,False,,0,True,,False,0,0,,inf,inf,inf,inf,False,False,3.270201695964924,inf,0.7205884221082817,False,False,1,-1,,False,False,0.0,33.360669318462904,inf,3.0164216585440893,0.0,,False,low_risk_verified,,False,False,0.0,inf,inf,inf,False,0.0,,,
6000,1029,1,107,107,0.13326287269592285,0.5766588449478149,0.13326287269592285,0.5766588449478149,0.0,0.0,True,False,inactive_raw_action,raw_action_safe,0,0,0,0,low_risk_verified_passthrough,0,0,0,False,False,False,False,False,False,False,False,True,0.3997166327823447,14.066952714041877,0.0,False,max_steps,,inf,,False,,inf,inf,inf,inf,inf,inf,inf,inf,0.0,{'ROAD_LINE_BROKEN_SINGLE_WHITE'},False,False,,False,False,,0,True,,False,0,0,,inf,inf,inf,inf,False,False,3.2452859621855987,inf,1.8608885027460214,False,False,1,-1,,False,False,0.0,32.95150587542673,inf,3.003229004888078,0.0,,False,low_risk_verified,,False,False,0.0,inf,inf,inf,False,0.0,,,
6000,1029,1,108,108,0.09772884845733643,0.1784672737121582,0.09772884845733643,0.1784672737121582,0.0,0.0,True,False,inactive_raw_action,raw_action_safe,0,0,0,0,low_risk_verified_passthrough,0,0,0,False,False,False,False,False,False,False,False,True,0.40504079631346707,14.1104973401289,0.0,False,max_steps,,inf,,False,,inf,inf,inf,inf,inf,inf,inf,inf,0.0,{'ROAD_LINE_BROKEN_SINGLE_WHITE'},False,False,,False,False,,0,True,,False,0,0,,inf,inf,inf,inf,False,False,3.120707362431067,inf,1.374747090047116,False,False,1,-1,,False,False,0.0,32.45437633512918,inf,2.972178322820216,0.0,,False,low_risk_verified,,False,False,0.0,inf,inf,inf,False,0.0,,,
6000,1029,1,109,109,0.040061354637145996,0.15419328212738037,0.040061354637145996,0.15419328212738037,0.0,0.0,True,False,inactive_raw_action,raw_action_safe,0,0,0,0,low_risk_verified_passthrough,0,0,0,False,False,False,False,False,False,False,False,True,0.41037426762064994,14.159322625119083,0.0,False,max_steps,,inf,,False,,inf,inf,inf,inf,inf,inf,inf,inf,0.0,{'ROAD_LINE_BROKEN_SINGLE_WHITE'},False,False,,False,False,,0,True,,False,0,0,,inf,inf,inf,inf,False,False,2.9326517545784583,inf,0.5652856380494091,False,False,1,-1,,False,False,0.0,32.17793600195162,inf,2.8980411119742606,0.0,,False,low_risk_verified,,False,False,0.0,inf,inf,inf,False,0.0,,,
6000,1029,1,110,110,-0.0719527006149292,0.06492996215820312,-0.0719527006149292,0.06492996215820312,0.0,0.0,True,False,inactive_raw_action,raw_action_safe,0,0,0,0,low_risk_verified_passthrough,0,0,0,False,False,False,False,False,False,False,False,True,0.4157181451370929,14.156229926221082,0.0,False,max_steps,,inf,,False,,inf,inf,inf,inf,inf,inf,inf,inf,0.0,{'ROAD_LINE_BROKEN_SINGLE_WHITE'},False,False,,False,False,,0,True,,False,0,0,,inf,inf,inf,inf,False,False,2.7380274091989816,inf,0.0,False,False,1,-1,,False,False,0.0,31.893834455243717,inf,2.78690133765175,0.0,,False,low_risk_verified,,False,False,0.0,inf,inf,inf,False,0.0,,,
6000,1029,1,111,111,-0.1758672595024109,-0.20013660192489624,-0.1758672595024109,-0.20013660192489624,0.0,0.0,True,False,inactive_raw_action,raw_action_safe,0,0,0,0,low_risk_verified_passthrough,0,0,0,False,False,False,False,False,False,False,False,True,0.42102976340482945,13.678335485280783,0.0,False,max_steps,,inf,,False,,inf,inf,inf,inf,inf,inf,inf,inf,0.0,{'ROAD_LINE_BROKEN_SINGLE_WHITE'},False,False,,False,False,,0,True,,False,0,0,,inf,inf,inf,inf,False,False,2.6165690707530493,inf,0.0,False,False,1,-1,,False,False,0.0,31.00960484486924,inf,2.6672123499198173,0.0,,False,low_risk_verified,,False,False,0.0,inf,inf,inf,False,0.0,,,
6000,1029,1,112,112,-0.15233594179153442,-0.1831423044204712,-0.15233594179153442,-0.1831423044204712,0.0,0.0,True,False,inactive_raw_action,raw_action_safe,0,0,0,0,low_risk_verified_passthrough,0,0,0,False,False,False,False,False,False,False,False,True,0.42617280108255196,13.185861963552917,0.0,False,max_steps,,inf,,False,,inf,inf,inf,inf,inf,inf,inf,inf,0.0,{'ROAD_LINE_BROKEN_SINGLE_WHITE'},False,False,,False,False,,0,True,,False,0,0,,inf,inf,inf,inf,False,False,2.714580025929124,inf,0.0,False,False,1,-1,,False,False,0.0,30.70347304187018,inf,2.5820158548636676,0.0,,False,low_risk_verified,,False,False,0.0,inf,inf,inf,False,0.0,,,
6000,1029,1,113,113,-0.032190918922424316,0.07698667049407959,-0.032190918922424316,0.07698667049407959,0.0,0.0,True,False,inactive_raw_action,raw_action_safe,0,0,0,0,low_risk_verified_passthrough,0,0,0,False,False,False,False,False,False,False,False,True,0.43117732055256747,13.211324673429353,0.0,False,max_steps,,inf,,False,,inf,inf,inf,inf,inf,inf,inf,inf,0.0,{'ROAD_LINE_BROKEN_SINGLE_WHITE'},False,False,,False,False,,0,True,,False,0,0,,inf,inf,inf,inf,False,False,2.916252742817073,inf,0.0,False,False,1,-1,,False,False,0.0,31.075482269257154,inf,2.558547837285541,0.0,,False,low_risk_verified,,False,False,0.0,inf,inf,inf,False,0.0,,,
6000,1029,1,114,114,0.08228147029876709,0.15655875205993652,0.08228147029876709,0.15655875205993652,0.0,0.0,True,False,inactive_raw_action,raw_action_safe,0,0,0,0,low_risk_verified_passthrough,0,0,0,False,False,False,False,False,False,False,False,True,0.43618207127167763,13.229557333999768,0.0,False,max_steps,,inf,,False,,inf,inf,inf,inf,inf,inf,inf,inf,0.0,{'ROAD_LINE_BROKEN_SINGLE_WHITE'},False,False,,False,False,,0,True,,False,0,0,,inf,inf,inf,inf,False,False,2.982003311903134,inf,1.087047218724146,False,False,1,-1,,False,False,0.0,30.775863681563354,inf,2.582713944463275,0.0,,False,low_risk_verified,,False,False,0.0,inf,inf,inf,False,0.0,,,
6000,1029,1,115,115,0.10587036609649658,-0.1326371431350708,0.10587036609649658,-0.1326371431350708,0.0,0.0,True,False,inactive_raw_action,raw_action_safe,0,0,0,0,low_risk_verified_passthrough,0,0,0,False,False,False,False,False,False,False,False,True,0.44115921663011165,12.844990906254267,0.0,False,max_steps,,inf,,False,,inf,inf,inf,inf,inf,inf,inf,inf,0.0,{'ROAD_LINE_BROKEN_SINGLE_WHITE'},False,False,,False,False,,0,True,,False,0,0,,inf,inf,inf,inf,False,False,2.9399998832027436,inf,1.4006180782451467,False,False,1,-1,,False,False,0.0,29.893181650169847,inf,2.6119412012381775,0.0,,False,low_risk_verified,,False,False,0.0,inf,inf,inf,False,0.0,,,
6000,1029,1,116,116,0.0761117935180664,-0.18721288442611694,0.0761117935180664,-0.18721288442611694,0.0,0.0,True,False,inactive_raw_action,raw_action_safe,0,0,0,0,low_risk_verified_passthrough,0,0,0,False,False,False,False,False,False,False,False,True,0.4459817430626223,12.317852025912092,0.0,False,max_steps,,inf,,False,,inf,inf,inf,inf,inf,inf,inf,inf,0.0,{'ROAD_LINE_BROKEN_SINGLE_WHITE'},False,False,,False,False,,0,True,,False,0,0,,inf,inf,inf,inf,False,False,2.902808496494214,inf,0.9776552955982655,False,False,1,-1,,False,False,0.0,29.234074896488075,inf,2.609947068242574,0.0,,False,low_risk_verified,,False,False,0.0,inf,inf,inf,False,0.0,,,
6000,1029,1,117,117,-0.009692668914794922,0.01690959930419922,-0.009692668914794922,0.01690959930419922,0.0,0.0,True,False,inactive_raw_action,raw_action_safe,0,0,0,0,low_risk_verified_passthrough,0,0,0,False,False,False,False,False,False,False,False,True,0.4506523677460719,12.320161916073824,0.0,False,max_steps,,inf,,False,,inf,inf,inf,inf,inf,inf,inf,inf,0.0,{'ROAD_LINE_BROKEN_SINGLE_WHITE'},False,False,,False,False,,0,True,,False,0,0,,inf,inf,inf,inf,False,False,2.8662806169556614,inf,0.0,False,False,1,-1,,False,False,0.0,29.56193255798706,inf,2.5722940988822205,0.0,,False,low_risk_verified,,False,False,0.0,inf,inf,inf,False,0.0,,,
6000,1029,1,118,118,-0.08920085430145264,-0.009780704975128174,-0.08920085430145264,-0.009780704975128174,0.0,0.0,True,False,inactive_raw_action,raw_action_safe,0,0,0,0,low_risk_verified_passthrough,0,0,0,False,False,False,False,False,False,False,False,True,0.4553127885632193,12.27260907930036,0.0,False,max_steps,,inf,,False,,inf,inf,inf,inf,inf,inf,inf,inf,0.0,{'ROAD_LINE_BROKEN_SINGLE_WHITE'},False,False,,False,False,,0,True,,False,0,0,,inf,inf,inf,inf,False,False,2.6931861617010813,inf,0.0,False,False,1,-1,,False,False,0.0,29.329061140458293,inf,2.51928315833046,0.0,,False,low_risk_verified,,False,False,0.0,inf,inf,inf,False,0.0,,,
6000,1029,1,119,119,-0.10947561264038086,-0.13629454374313354,-0.10947561264038086,-0.13629454374313354,0.0,0.0,True,False,inactive_raw_action,raw_action_safe,0,0,0,0,low_risk_verified_passthrough,0,0,0,False,False,False,False,False,False,False,False,True,0.4599265259693803,11.875422798160374,0.0,False,max_steps,,inf,,False,,inf,inf,inf,inf,inf,inf,inf,inf,0.0,{'ROAD_LINE_BROKEN_SINGLE_WHITE'},False,False,,False,False,,0,True,,False,0,0,,inf,inf,inf,inf,False,False,2.630365364492649,inf,0.0,False,False,1,-1,,False,False,0.0,28.59348333403492,inf,2.4805019922538034,0.0,,False,low_risk_verified,,False,False,0.0,inf,inf,inf,False,0.0,,,
6000,1029,1,120,120,-0.04728299379348755,0.03853714466094971,-0.04728299379348755,0.03853714466094971,0.0,0.0,True,False,inactive_raw_action,raw_action_safe,0,0,0,0,low_risk_verified_passthrough,0,0,0,False,False,False,False,False,False,False,False,True,0.46443189426855175,11.889813155814117,0.0,False,max_steps,,inf,,False,,inf,inf,inf,inf,inf,inf,inf,inf,0.0,{'ROAD_LINE_BROKEN_SINGLE_WHITE'},False,False,,False,False,,0,True,,False,0,0,,inf,inf,inf,inf,False,False,2.7809939414279565,inf,0.0,False,False,1,-1,,False,False,0.0,28.831836150692936,inf,2.478805405644916,0.0,,False,low_risk_verified,,False,False,0.0,inf,inf,inf,False,0.0,,,
6000,1029,1,121,121,0.6002039909362793,0.18975675106048584,0.6002039909362793,0.18975675106048584,0.0,0.0,True,False,inactive_raw_action,raw_action_safe,0,0,0,0,low_risk_verified_passthrough,0,0,0,False,False,False,False,False,False,False,False,True,0.4684571858506625,11.716609899559256,0.0,False,max_steps,,inf,,False,,inf,inf,inf,inf,inf,inf,inf,inf,0.0,set(),False,False,,False,False,,0,True,,False,0,0,,inf,inf,inf,inf,False,False,2.807835313093401,inf,7.1363133076063106,False,False,1,-1,,False,False,0.0,28.893854137779606,inf,2.5148475619365445,0.0,,False,low_risk_verified,,False,False,0.0,inf,inf,inf,False,0.0,,,
6000,1029,1,122,122,0.7356581687927246,0.155784010887146,0.7356581687927246,0.155784010887146,0.0,0.0,True,False,inactive_raw_action,raw_action_safe,0,0,0,0,low_risk_verified_passthrough,0,0,0,False,False,False,False,False,False,False,False,True,0.4724033887885493,11.498431589216693,0.0,False,max_steps,,inf,,False,,inf,inf,inf,inf,inf,inf,inf,inf,0.0,set(),False,False,,False,False,,0,True,,False,0,0,,inf,inf,inf,inf,False,False,2.8305616861004332,inf,8.619419783168471,False,False,1,-1,,False,False,0.0,28.466983734417475,inf,2.620479887349974,0.0,,False,low_risk_verified,,False,False,0.0,inf,inf,inf,False,0.0,,,
6000,1029,1,123,123,0.7870681285858154,0.2549581527709961,0.7870681285858154,0.2549581527709961,0.0,0.0,True,False,inactive_raw_action,raw_action_safe,0,0,0,0,low_risk_verified_passthrough,0,0,0,False,False,False,False,False,False,False,False,True,0.4762585532728988,11.284796855043808,0.0,False,max_steps,,inf,,False,,inf,inf,inf,inf,inf,inf,inf,inf,0.0,set(),False,False,,False,False,,0,True,,False,0,0,,inf,inf,inf,inf,False,False,2.7353900675579617,inf,9.050049032596807,False,False,1,-1,,False,False,0.0,28.1881821526176,inf,2.6898520035196385,0.0,,False,low_risk_verified,,False,False,0.0,inf,inf,inf,False,0.0,,,
6000,1029,1,124,124,0.7825560569763184,0.45189034938812256,0.7825560569763184,0.45189034938812256,0.0,0.0,True,False,inactive_raw_action,raw_action_safe,0,0,0,0,low_risk_verified_passthrough,0,0,0,False,False,False,False,False,False,False,False,True,0.48003138487732255,11.118550321264202,0.0,False,max_steps,,inf,,False,,inf,inf,inf,inf,inf,inf,inf,inf,0.0,set(),False,False,,False,False,,0,True,,False,0,0,,inf,inf,inf,inf,False,False,2.527850613885518,inf,8.83098613066184,False,False,1,-1,,False,False,0.0,28.064248203201323,inf,2.7968128877302205,0.0,,False,low_risk_verified,,False,False,0.0,inf,inf,inf,False,0.0,,,
6000,1029,1,125,125,0.7900185585021973,0.6797676086425781,0.7900185585021973,0.6797676086425781,0.0,0.0,True,False,inactive_raw_action,raw_action_safe,0,0,0,0,low_risk_verified_passthrough,0,0,0,False,False,False,False,False,False,False,False,True,0.4837411621418533,10.998398110831243,0.0,False,max_steps,,inf,,False,,inf,inf,inf,inf,inf,inf,inf,inf,0.0,set(),False,False,,False,False,,0,True,,False,0,0,,inf,inf,inf,inf,False,False,2.212045839401303,inf,8.783861097439287,False,False,1,-1,,False,False,0.0,27.680244157317937,inf,2.8951116884829227,0.0,,False,low_risk_verified,,False,False,0.0,inf,inf,inf,False,0.0,,,
6000,1029,1,126,126,0.7418148517608643,0.7694070339202881,0.24626746773719788,0.30000001192092896,-0.4955473840236664,-0.46940702199935913,True,True,predictive_recovery,right_pass,-0.21621097075167361,14.46072976347254,10,10,,0,0,0,False,False,False,False,False,False,False,False,True,0.48741566800374264,11.037799928386718,0.0,False,max_steps,,inf,,False,,inf,inf,inf,17.476951391100116,inf,1.9329529222309159,inf,inf,0.0,set(),True,True,vehicle_ttc,True,False,right,12,False,vehicle_ttc_low,False,0,0,,inf,inf,inf,inf,False,False,1.8057876111739082,inf,8.158775064193248,True,False,1,0,,False,False,0.0,27.374572939956074,inf,2.9329529222309163,0.0,,True,vehicle_ttc,,False,False,0.0,27.235796304269122,inf,2.952628848156842,False,-6.654500271066823,,,
6000,1029,1,127,127,0.5776453018188477,0.7681746482849121,0.22216898202896118,0.30000001192092896,-0.3554763197898865,-0.46817463636398315,True,True,predictive_recovery,right_pass,-0.3152401717639012,14.494585845668823,10,10,,0,0,0,False,False,False,False,False,False,False,False,True,0.491099245205357,11.10172262715131,0.0,False,max_steps,,inf,,False,,inf,inf,inf,17.073688695349496,inf,2.0319821232431434,inf,inf,0.0,set(),True,True,vehicle_ttc,True,False,right,12,False,vehicle_ttc_low,False,0,0,,inf,inf,inf,inf,False,False,1.2916041496610187,inf,6.375933271049001,True,False,1,0,,False,False,0.0,27.17211868328343,inf,3.0319821232431434,0.0,,True,vehicle_ttc,,False,False,0.0,27.035423829083378,inf,3.05165804916907,False,-6.534210385914463,,,
6000,1029,1,128,128,0.6376621723175049,0.7984428405761719,0.19726376235485077,0.30000001192092896,-0.4403983950614929,-0.4984428286552429,True,True,predictive_recovery,right_pass,-0.34023849399416706,14.694715409744083,10,10,,0,0,0,False,False,False,False,False,False,False,False,True,0.4948019440693093,11.176386199475038,0.0,False,max_steps,,inf,,False,,inf,inf,inf,16.737293023181156,inf,2.0569804454734095,inf,inf,0.0,set(),True,True,vehicle_ttc,True,False,right,12,False,vehicle_ttc_low,False,0,0,,inf,inf,inf,inf,False,False,0.7228890951659311,inf,7.079148566895701,True,False,1,0,,False,False,0.0,27.02204393735383,inf,3.056980445473409,0.0,,True,vehicle_ttc,,False,False,0.0,26.92214950594895,inf,3.0766563713993356,False,-6.799155222756212,,,
6000,1029,1,129,129,0.59040367603302,0.7800984382629395,0.16566267609596252,0.30000001192092896,-0.4247409999370575,-0.4800984263420105,True,True,predictive_recovery,right_pass,-0.35246774694483585,14.686829171658266,10,10,,0,0,0,False,False,False,False,False,False,False,False,True,0.4985283123509561,11.260214291630387,0.0,False,max_steps,,inf,,False,,inf,inf,inf,16.64928910321569,inf,2.069209698424078,inf,inf,0.0,set(),True,True,vehicle_ttc,True,False,right,12,False,vehicle_ttc_low,False,0,0,,inf,inf,inf,inf,False,False,0.14379894975912696,inf,6.598579496934776,True,False,1,0,,False,False,0.0,26.812690741891217,inf,3.069209698424078,0.0,,True,vehicle_ttc,,False,False,0.0,26.747072982510698,inf,3.0888856243500045,False,-6.620892540954671,,,
6000,1029,1,130,130,0.58315110206604,0.7697460651397705,0.58315110206604,0.7697460651397705,0.0,0.0,True,False,inactive_raw_action,raw_action_safe,0,0,0,0,low_risk_verified_passthrough,0,0,0,False,False,False,False,False,False,False,False,True,0.5022717652747379,11.22936982457685,0.0,False,max_steps,,inf,,False,,inf,inf,inf,inf,inf,inf,inf,inf,0.0,set(),False,False,,False,False,,0,True,,False,0,0,,inf,inf,inf,inf,False,False,inf,inf,6.566406373664035,False,False,1,-1,,False,False,0.0,26.684425315742068,inf,3.1011135051823957,0.0,,False,low_risk_verified,,False,False,0.0,inf,inf,inf,False,0.0,,,
6000,1029,1,131,131,0.5332334041595459,0.7943215370178223,0.5332334041595459,0.7943215370178223,0.0,0.0,True,False,inactive_raw_action,raw_action_safe,0,0,0,0,low_risk_verified_passthrough,0,0,0,False,False,False,False,False,False,False,False,True,0.5060089930568901,11.221774800280103,0.0,False,max_steps,,inf,,False,,inf,inf,inf,inf,inf,inf,inf,inf,0.0,set(),False,False,,False,False,,0,True,,False,0,0,,inf,inf,inf,inf,False,False,inf,inf,5.987875098125596,False,False,1,-1,,False,False,0.0,26.593456377106556,inf,3.070809148729095,0.0,,False,low_risk_verified,,False,False,0.0,inf,inf,inf,False,0.0,,,
6000,1029,1,132,132,0.537834882736206,0.8590278625488281,0.537834882736206,0.8590278625488281,0.0,0.0,True,False,inactive_raw_action,raw_action_safe,0,0,0,0,low_risk_verified_passthrough,0,0,0,False,False,False,False,False,False,False,False,True,0.5097466537178929,11.222174436803638,0.0,False,max_steps,,inf,,False,,inf,inf,inf,inf,inf,inf,inf,inf,0.0,set(),False,False,,False,False,,0,True,,False,0,0,,inf,inf,inf,inf,False,False,inf,inf,6.035461933800762,False,False,1,-1,,False,False,0.0,26.518643358321714,inf,3.0813216498231895,0.0,,False,low_risk_verified,,False,False,0.0,inf,inf,inf,False,0.0,,,
6000,1029,1,133,133,0.41173434257507324,0.8537431955337524,0.41173434257507324,0.8537431955337524,0.0,0.0,True,False,inactive_raw_action,raw_action_safe,0,0,0,0,low_risk_verified_passthrough,0,0,0,False,False,False,False,False,False,False,False,True,0.5134929869892377,11.27430029408127,0.0,False,max_steps,,inf,,False,,inf,inf,inf,inf,inf,inf,inf,inf,0.0,set(),False,False,,False,False,,0,True,,False,0,0,,inf,inf,inf,inf,False,False,inf,inf,4.620554614000138,False,False,1,-1,,False,False,0.0,26.431587715214786,inf,3.0446995246214095,0.0,,False,low_risk_verified,,False,False,0.0,inf,inf,inf,False,0.0,,,
6000,1029,1,134,134,0.3319278955459595,0.8842835426330566,0.3319278955459595,0.8842835426330566,0.0,0.0,True,False,inactive_raw_action,raw_action_safe,0,0,0,0,low_risk_verified_passthrough,0,0,0,False,False,False,False,False,False,False,False,True,0.5172660811699221,11.37138326861147,0.0,False,max_steps,,inf,,False,,inf,inf,inf,inf,inf,inf,inf,inf,0.0,set(),False,False,,False,False,,0,True,,False,0,0,,inf,inf,inf,inf,False,False,inf,inf,3.742254770367588,False,False,1,-1,,False,False,0.0,26.41280106071651,inf,2.961869771690506,0.0,,False,low_risk_verified,,False,False,0.0,inf,inf,inf,False,0.0,,,
6000,1029,1,135,135,0.22258460521697998,0.8945997953414917,0.22258460521697998,0.8945997953414917,0.0,0.0,True,False,inactive_raw_action,raw_action_safe,0,0,0,0,low_risk_verified_passthrough,0,0,0,False,False,False,False,False,False,False,False,True,0.5210892566232924,11.582952838371636,0.0,False,max_steps,,inf,,False,,inf,inf,inf,inf,inf,inf,inf,inf,0.0,set(),False,False,,False,False,,0,True,,False,0,0,,inf,inf,inf,inf,False,False,inf,inf,2.531094855614856,False,False,1,-1,,False,False,0.0,26.481272893209752,inf,2.9114191423553826,0.0,,False,low_risk_verified,,False,False,0.0,inf,inf,inf,False,0.0,,,
6000,1029,1,136,136,0.16436386108398438,0.8613376617431641,0.16436386108398438,0.8613376617431641,0.0,0.0,True,False,inactive_raw_action,raw_action_safe,0,0,0,0,low_risk_verified_passthrough,0,0,0,False,False,False,False,False,False,False,False,True,0.524998302763793,11.820200200420924,0.0,False,max_steps,,inf,,False,,inf,inf,inf,inf,inf,inf,inf,inf,0.0,set(),False,False,,False,False,,0,True,,False,0,0,,inf,inf,inf,inf,False,False,inf,inf,1.9038188512684582,False,False,1,-1,,False,False,0.0,26.63799386176175,inf,2.7802371140732958,0.0,,False,low_risk_verified,,False,False,0.0,inf,inf,inf,False,0.0,,,
6000,1029,1,137,137,0.07372868061065674,0.8809092044830322,0.07372868061065674,0.8809092044830322,0.0,0.0,True,False,inactive_raw_action,raw_action_safe,0,0,0,0,low_risk_verified_passthrough,0,0,0,False,False,False,False,False,False,False,False,True,0.5290131465195731,12.088510861935587,0.0,False,max_steps,,inf,,False,,inf,inf,inf,inf,inf,inf,inf,inf,0.0,set(),False,False,,False,False,,0,True,,False,0,0,,inf,inf,inf,inf,False,False,inf,inf,0.871487765330855,False,False,1,-1,,False,False,0.0,26.870802430864185,inf,2.6678501440905236,0.0,,False,low_risk_verified,,False,False,0.0,inf,inf,inf,False,0.0,,,
6000,1029,1,138,138,-0.013561367988586426,0.8346956968307495,-0.013561367988586426,0.8346956968307495,0.0,0.0,True,False,inactive_raw_action,raw_action_safe,0,0,0,0,low_risk_verified_passthrough,0,0,0,False,False,False,False,False,False,False,False,True,0.533146517499079,12.33233276172889,0.0,False,max_steps,,inf,,False,,inf,inf,inf,inf,inf,inf,inf,inf,0.0,set(),False,False,,False,False,,0,True,,False,0,0,,inf,inf,inf,inf,False,False,inf,inf,0.0,False,False,1,-1,,False,False,0.0,27.163166096524982,inf,2.549018430729699,0.0,,False,low_risk_verified,,False,False,0.0,inf,inf,inf,False,0.0,,,
6000,1029,1,139,139,-0.0039081573486328125,0.629679799079895,-0.0039081573486328125,0.629679799079895,0.0,0.0,True,False,inactive_raw_action,raw_action_safe,0,0,0,0,low_risk_verified_passthrough,0,0,0,False,False,False,False,False,False,False,False,True,0.5373790128849485,12.52100231904892,0.0,False,max_steps,,inf,,False,,inf,inf,inf,inf,inf,inf,inf,inf,0.0,set(),False,False,,False,False,,0,True,,False,0,0,,inf,inf,inf,inf,False,False,inf,inf,0.0,False,False,1,-1,,False,False,0.0,27.49922250792097,inf,2.4419292329425835,0.0,,False,low_risk_verified,,False,False,0.0,inf,inf,inf,False,0.0,,,
6000,1029,1,140,140,0.07368302345275879,0.20583081245422363,0.07368302345275879,0.20583081245422363,0.0,0.0,True,False,inactive_raw_action,raw_action_safe,0,0,0,0,low_risk_verified_passthrough,0,0,0,False,False,False,False,False,False,False,False,True,0.5416623085536073,12.566411070939115,0.0,False,max_steps,,inf,,False,,inf,inf,inf,inf,inf,inf,inf,inf,0.0,set(),False,False,,False,False,,0,True,,False,0,0,,inf,inf,inf,inf,False,False,inf,inf,0.9225853075265288,False,False,1,-1,,False,False,0.0,27.834928831371677,inf,2.4085278834185995,0.0,,False,low_risk_verified,,False,False,0.0,inf,inf,inf,False,0.0,,,
6000,1029,1,141,141,0.18262994289398193,0.06468749046325684,0.18262994289398193,0.06468749046325684,0.0,0.0,True,False,inactive_raw_action,raw_action_safe,0,0,0,0,low_risk_verified_passthrough,0,0,0,False,False,False,False,False,False,False,False,True,0.545943471457495,12.532695509129123,0.0,False,max_steps,,inf,,False,,inf,inf,inf,inf,inf,inf,inf,inf,0.0,set(),False,False,,False,False,,0,True,,False,0,0,,inf,inf,inf,inf,False,False,inf,inf,2.2950029362679127,False,False,1,-1,,False,False,0.0,28.123368990069288,inf,2.419890652066515,0.0,,False,low_risk_verified,,False,False,0.0,inf,inf,inf,False,0.0,,,
6000,1029,1,142,142,0.304953932762146,0.23697733879089355,0.304953932762146,0.23697733879089355,0.0,0.0,True,False,inactive_raw_action,raw_action_safe,0,0,0,0,low_risk_verified_passthrough,0,0,0,False,False,False,False,False,False,False,False,True,0.5501992797442358,12.495349024515999,0.0,False,max_steps,,inf,,False,,inf,inf,inf,inf,inf,inf,inf,inf,0.0,set(),False,False,,False,False,,0,True,,False,0,0,,inf,inf,inf,inf,False,False,inf,inf,3.821894783619412,False,False,1,-1,,False,False,0.0,28.50867961891477,inf,2.510833477612185,0.0,,False,low_risk_verified,,False,False,0.0,inf,inf,inf,False,0.0,,,
6000,1029,1,143,143,0.28891682624816895,0.5369291305541992,0.28891682624816895,0.5369291305541992,0.0,0.0,True,False,inactive_raw_action,raw_action_safe,0,0,0,0,low_risk_verified_passthrough,0,0,0,False,False,False,False,False,False,False,False,True,0.5544362349052867,12.536239432320594,0.0,False,max_steps,,inf,,False,,inf,inf,inf,inf,inf,inf,inf,inf,0.0,set(),False,False,,False,False,,0,True,,False,0,0,,inf,inf,inf,inf,False,False,inf,inf,3.610116583026316,False,False,1,-1,,False,False,0.0,28.730916916484247,inf,2.541701865065829,0.0,,False,low_risk_verified,,False,False,0.0,inf,inf,inf,False,0.0,,,
6000,1029,1,144,144,0.18891680240631104,0.6940948963165283,0.18891680240631104,0.6940948963165283,0.0,0.0,True,False,inactive_raw_action,raw_action_safe,0,0,0,0,low_risk_verified_passthrough,0,0,0,False,False,False,False,False,False,False,False,True,0.5586856277974823,12.700860379141158,0.0,False,max_steps,,inf,,False,,inf,inf,inf,inf,inf,inf,inf,inf,0.0,set(),False,False,,False,False,,0,True,,False,0,0,,inf,inf,inf,inf,False,False,inf,inf,2.3683062677539146,False,False,1,-1,,False,False,0.0,29.2663194745872,inf,2.65241188047549,0.0,,False,low_risk_verified,,False,False,0.0,inf,inf,inf,False,0.0,,,
6000,1029,1,145,145,0.07930421829223633,0.7639057636260986,0.07930421829223633,0.7639057636260986,0.0,0.0,True,False,inactive_raw_action,raw_action_safe,0,0,0,0,low_risk_verified_passthrough,0,0,0,False,False,False,False,False,False,False,False,True,0.5629808521525652,12.930772049804343,0.0,False,max_steps,,inf,,False,,inf,inf,inf,inf,inf,inf,inf,inf,0.0,set(),False,False,,False,False,,0,True,,False,0,0,,inf,inf,inf,inf,False,False,inf,inf,1.007231804006626,False,False,1,-1,,False,False,0.0,29.718976593402683,inf,2.691849324820972,0.0,,False,low_risk_verified,,False,False,0.0,inf,inf,inf,False,0.0,,,
6000,1029,1,146,146,0.058156728744506836,0.7727773189544678,0.058156728744506836,0.7727773189544678,0.0,0.0,True,False,inactive_raw_action,raw_action_safe,0,0,0,0,low_risk_verified_passthrough,0,0,0,False,False,False,False,False,False,False,False,True,0.5673278254492611,13.163936451255871,0.0,False,max_steps,,inf,,False,,inf,inf,inf,inf,inf,inf,inf,inf,0.0,set(),False,False,,False,False,,0,True,,False,0,0,,inf,inf,inf,inf,False,False,inf,inf,0.7520114025575219,False,False,1,-1,,False,False,0.0,30.22270981585876,inf,2.778843355002826,0.0,,False,low_risk_verified,,False,False,0.0,inf,inf,inf,False,0.0,,,
6000,1029,1,147,147,0.060790061950683594,0.528516411781311,0.060790061950683594,0.528516411781311,0.0,0.0,True,False,inactive_raw_action,raw_action_safe,0,0,0,0,low_risk_verified_passthrough,0,0,0,False,False,False,False,False,False,False,False,True,0.5717084823655292,13.31966173036042,0.0,False,max_steps,,inf,,False,,inf,inf,inf,inf,inf,inf,inf,inf,0.0,set(),False,False,,False,False,,0,True,,False,0,0,,inf,inf,inf,inf,False,False,inf,inf,0.8002365123867063,False,False,1,-1,,False,False,0.0,30.74887135419961,inf,2.882280984734964,0.0,,False,low_risk_verified,,False,False,0.0,inf,inf,inf,False,0.0,,,
6000,1029,1,148,148,0.169935941696167,0.29161739349365234,0.169935941696167,0.29161739349365234,0.0,0.0,True,False,inactive_raw_action,raw_action_safe,0,0,0,0,low_risk_verified_passthrough,0,0,0,False,False,False,False,False,False,False,False,True,0.5760835673574488,13.343085910724898,0.0,False,max_steps,,inf,,False,,inf,inf,inf,inf,inf,inf,inf,inf,0.0,set(),False,False,,False,False,,0,True,,False,0,0,,inf,inf,inf,inf,False,False,inf,inf,2.2634892592231948,False,False,1,-1,,False,False,0.0,31.293852324932796,inf,3.0280556938385437,0.0,,False,low_risk_verified,,False,False,0.0,inf,inf,inf,False,0.0,,,
6000,1029,1,149,149,0.2896472215652466,0.22547495365142822,0.2896472215652466,0.22547495365142822,0.0,0.0,True,False,inactive_raw_action,raw_action_safe,0,0,0,0,low_risk_verified_passthrough,0,0,0,False,False,False,False,False,False,False,False,True,0.5804208374753147,13.307076976353972,0.0,False,max_steps,,inf,,False,,inf,inf,inf,inf,inf,inf,inf,inf,0.0,set(),False,False,,False,False,,0,True,,False,0,0,,inf,inf,inf,inf,False,False,inf,inf,3.8647877611478547,False,False,1,-1,,False,False,0.0,31.783774895684406,inf,3.2275275077876295,0.0,,False,low_risk_verified,,False,False,0.0,inf,inf,inf,False,0.0,,,
6000,1029,1,150,150,0.2777048349380493,0.21095478534698486,0.2777048349380493,0.21095478534698486,0.0,0.0,True,False,inactive_raw_action,raw_action_safe,0,0,0,0,low_risk_verified_passthrough,0,0,0,False,False,False,False,False,False,False,False,True,0.5847097943151116,13.276344373580459,0.0,False,max_steps,,inf,,False,,inf,inf,inf,inf,inf,inf,inf,inf,0.0,set(),False,False,,False,False,,0,True,,False,0,0,,inf,inf,inf,inf,False,False,inf,inf,3.695439615226296,False,False,1,-1,,False,False,0.0,32.321200345477145,inf,3.3974165377945265,0.0,,False,low_risk_verified,,False,False,0.0,inf,inf,inf,False,0.0,,,
6000,1029,1,151,151,0.3387683629989624,0.2512561082839966,0.3387683629989624,0.2512561082839966,0.0,0.0,True,False,inactive_raw_action,raw_action_safe,0,0,0,0,low_risk_verified_passthrough,0,0,0,False,False,False,False,False,False,False,False,True,0.5889543168278778,13.2285437173716,0.0,False,max_steps,,inf,,False,,inf,inf,inf,inf,inf,inf,inf,inf,0.0,set(),False,False,,False,False,,0,True,,False,0,0,,inf,inf,inf,inf,False,False,inf,inf,4.497605450048337,False,False,1,-1,,False,False,0.0,32.81801298610208,inf,3.604256920890639,0.0,,False,low_risk_verified,,False,False,0.0,inf,inf,inf,False,0.0,,,
6000,1029,1,152,152,0.2496495246887207,0.11117744445800781,0.2496495246887207,0.11117744445800781,0.0,0.0,True,False,inactive_raw_action,raw_action_safe,0,0,0,0,low_risk_verified_passthrough,0,0,0,False,False,False,False,False,False,False,False,True,0.5931551567180591,13.1920469845787,0.0,False,max_steps,,inf,,False,,inf,inf,inf,inf,inf,inf,inf,inf,0.0,set(),False,False,,False,False,,0,True,,False,0,0,,inf,inf,inf,inf,False,False,inf,inf,0.0,False,False,1,-1,,False,False,0.0,33.308837804377326,inf,3.6355142822265623,0.0,,False,low_risk_verified,,False,False,0.0,inf,inf,inf,False,0.0,,,
6000,1029,1,153,153,0.1227942705154419,0.8431968688964844,0.1227942705154419,0.8431968688964844,0.0,0.0,True,False,inactive_raw_action,raw_action_safe,0,0,0,0,low_risk_verified_passthrough,0,0,0,False,False,False,False,False,False,False,False,True,0.5981727562149918,13.413864727895653,0.0,False,max_steps,,inf,,False,,inf,inf,inf,inf,inf,inf,inf,inf,0.0,set(),False,False,,False,False,,0,True,,False,0,0,,inf,inf,inf,inf,False,False,inf,inf,0.0,False,False,1,-1,,False,False,0.0,33.86538362476308,inf,3.5307169189453123,0.0,,False,low_risk_verified,,False,False,0.0,inf,inf,inf,False,0.0,,,
6000,1029,1,154,154,-0.09135884046554565,0.8999426364898682,-0.09135884046554565,0.8999426364898682,0.0,0.0,True,False,inactive_raw_action,raw_action_safe,0,0,0,0,low_risk_verified_passthrough,0,0,0,False,False,False,False,False,False,False,False,True,0.6032636544484006,13.573484707794044,0.0,False,max_steps,,inf,,False,,inf,inf,inf,inf,inf,inf,inf,inf,0.0,set(),False,False,,False,False,,0,True,,False,0,0,,inf,inf,inf,inf,False,False,inf,inf,1.2254751277022289,False,False,1,-1,,False,False,0.0,34.464416929761036,inf,3.5014963378906248,0.0,,False,low_risk_verified,,False,False,0.0,inf,inf,inf,False,0.0,,,
6000,1029,1,155,155,-0.23778390884399414,0.831045389175415,-0.23778390884399414,0.831045389175415,0.0,0.0,True,False,inactive_raw_action,raw_action_safe,0,0,0,0,low_risk_verified_passthrough,0,0,0,False,False,False,False,False,False,False,False,True,0.6084109413282376,13.662196512191707,0.0,False,max_steps,,inf,,False,,inf,inf,inf,inf,inf,inf,inf,inf,0.0,set(),False,False,,False,False,,0,True,,False,0,0,,inf,inf,inf,inf,False,False,inf,inf,3.2275562504534476,False,False,1,-1,,False,False,0.0,35.06795349121169,inf,3.5204019775390623,0.0,,False,low_risk_verified,,False,False,0.0,inf,inf,inf,False,0.0,,,
6000,1029,1,156,156,-0.3283257484436035,0.524409294128418,-0.3283257484436035,0.524409294128418,0.0,0.0,True,False,inactive_raw_action,raw_action_safe,0,0,0,0,low_risk_verified_passthrough,0,0,0,False,False,False,False,False,False,False,False,True,0.6135838390453093,13.661903798194123,0.0,False,max_steps,,inf,,False,,inf,inf,inf,inf,inf,inf,inf,inf,0.0,set(),False,False,,False,False,,0,True,,False,0,0,,inf,inf,inf,inf,False,False,inf,inf,4.485650895248932,False,False,1,-1,,False,False,0.0,35.67811987287924,inf,3.5300455322265623,0.0,,False,low_risk_verified,,False,False,0.0,inf,inf,inf,False,0.0,,,
6000,1029,1,157,157,-0.23831939697265625,0.6657161712646484,-0.23831939697265625,0.6657161712646484,0.0,0.0,True,False,inactive_raw_action,raw_action_safe,0,0,0,0,low_risk_verified_passthrough,0,0,0,False,False,False,False,False,False,False,False,True,0.6187538316956293,13.743556298377786,0.0,False,max_steps,,inf,,False,,inf,inf,inf,inf,inf,inf,inf,inf,0.0,set(),False,False,,False,False,,0,True,,False,0,0,,inf,inf,inf,inf,False,False,inf,inf,3.2558966746840654,False,False,1,-1,,False,False,0.0,36.290468495058896,inf,3.4979105224609373,0.0,,False,low_risk_verified,,False,False,0.0,inf,inf,inf,False,0.0,,,
6000,1029,1,158,158,-0.06615239381790161,0.7899550199508667,-0.06615239381790161,0.7899550199508667,0.0,0.0,True,False,inactive_raw_action,raw_action_safe,0,0,0,0,low_risk_verified_passthrough,0,0,0,False,False,False,False,False,False,False,False,True,0.6239482066723684,13.98465440021244,0.0,False,max_steps,,inf,,False,,inf,inf,inf,inf,inf,inf,inf,inf,0.0,set(),False,False,,False,False,,0,True,,False,0,0,,inf,inf,inf,inf,False,False,inf,inf,0.9091691487087894,False,False,1,-1,,False,False,0.0,36.950180727314496,inf,3.4016885986328123,0.0,,False,low_risk_verified,,False,False,0.0,inf,inf,inf,False,0.0,,,
6000,1029,1,159,159,0.08956992626190186,0.8229496479034424,0.08956992626190186,0.8229496479034424,0.0,0.0,True,False,inactive_raw_action,raw_action_safe,0,0,0,0,low_risk_verified_passthrough,0,0,0,False,False,False,False,False,False,False,False,True,0.6292128524677503,14.147062140195036,0.0,False,max_steps,,inf,,False,,inf,inf,inf,inf,inf,inf,inf,inf,0.0,{'ROAD_LINE_BROKEN_SINGLE_WHITE'},False,False,,False,False,,0,True,,False,0,0,,inf,inf,inf,inf,False,False,inf,inf,0.0,False,False,1,-1,,False,False,0.0,37.685308738788436,inf,3.2456369628906248,0.0,,False,low_risk_verified,,False,False,0.0,inf,inf,inf,False,0.0,,,
6000,1029,1,160,160,0.18424725532531738,0.6663495302200317,0.18424725532531738,0.6663495302200317,0.0,0.0,True,False,inactive_raw_action,raw_action_safe,0,0,0,0,low_risk_verified_passthrough,0,0,0,False,False,False,False,False,False,False,False,True,0.6345448351088862,14.234542235943357,0.0,False,max_steps,,inf,,False,,inf,inf,inf,inf,inf,inf,inf,inf,0.0,{'ROAD_LINE_BROKEN_SINGLE_WHITE'},False,False,,False,False,,0,True,,False,0,0,,inf,inf,inf,inf,False,False,inf,inf,0.0,False,False,1,-1,,False,False,0.0,38.44425391825796,inf,3.0665292968749998,0.0,,False,low_risk_verified,,False,False,0.0,inf,inf,inf,False,0.0,,,
6000,1029,1,161,161,0.1894928216934204,0.4295625686645508,0.1894928216934204,0.4295625686645508,0.0,0.0,True,False,inactive_raw_action,raw_action_safe,0,0,0,0,low_risk_verified_passthrough,0,0,0,False,False,False,False,False,False,False,False,True,0.6399253800599026,14.28340285953452,0.0,False,max_steps,,inf,,False,,inf,inf,inf,inf,inf,inf,inf,inf,0.0,{'ROAD_LINE_BROKEN_SINGLE_WHITE'},False,False,,False,False,,0,True,,False,0,0,,inf,inf,inf,inf,False,False,inf,inf,0.0,False,False,1,-1,,False,False,0.0,39.22227693873479,inf,2.9108743896484373,0.0,,False,low_risk_verified,,False,False,0.0,inf,inf,inf,False,0.0,,,
6000,1029,1,162,162,0.14413225650787354,0.5369467735290527,0.14413225650787354,0.5369467735290527,0.0,0.0,True,False,inactive_raw_action,raw_action_safe,0,0,0,0,low_risk_verified_passthrough,0,0,0,False,False,False,False,False,False,False,False,True,0.6453455697775865,14.413258743233898,0.0,False,max_steps,,inf,,False,,inf,inf,inf,inf,inf,inf,inf,inf,0.0,{'ROAD_LINE_BROKEN_SINGLE_WHITE'},False,False,,False,False,,0,True,,False,0,0,,inf,inf,inf,inf,False,False,inf,inf,0.0,False,False,1,-1,,False,False,0.0,40.02205973473232,inf,2.8051309814453123,0.0,,False,low_risk_verified,,False,False,0.0,inf,inf,inf,False,0.0,,,
6000,1029,1,163,163,-0.024753153324127197,0.6193444728851318,-0.024753153324127197,0.6193444728851318,0.0,0.0,True,False,inactive_raw_action,raw_action_safe,0,0,0,0,low_risk_verified_passthrough,0,0,0,False,False,False,False,False,False,False,False,True,0.6508160272672241,14.56751575790871,0.0,False,max_steps,,inf,,False,,inf,inf,inf,inf,inf,inf,inf,inf,0.0,{'ROAD_LINE_BROKEN_SINGLE_WHITE'},False,False,,False,False,,0,True,,False,0,0,,inf,inf,inf,inf,False,False,inf,inf,0.35677360357158555,False,False,1,-1,,False,False,0.0,40.8683252588358,inf,2.7670450439453123,0.0,,False,low_risk_verified,,False,False,0.0,inf,inf,inf,False,0.0,,,
6000,1029,1,164,164,-0.11790794134140015,0.5522671937942505,-0.11790794134140015,0.5522671937942505,0.0,0.0,True,False,inactive_raw_action,raw_action_safe,0,0,0,0,low_risk_verified_passthrough,0,0,0,False,False,False,False,False,False,False,False,True,0.6563405247796723,14.665804882600414,0.0,False,max_steps,,inf,,False,,inf,inf,inf,inf,inf,inf,inf,inf,0.0,{'ROAD_LINE_BROKEN_SINGLE_WHITE'},False,False,,False,False,,0,True,,False,0,0,,inf,inf,inf,inf,False,False,inf,inf,1.7176257934734225,False,False,1,-1,,False,False,0.0,41.751192599622485,inf,2.7808237304687498,0.0,,False,low_risk_verified,,False,False,0.0,inf,inf,inf,False,0.0,,,
6000,1029,1,165,165,-0.1793980598449707,0.06339514255523682,-0.1793980598449707,0.06339514255523682,0.0,0.0,True,False,inactive_raw_action,raw_action_safe,0,0,0,0,low_risk_verified_passthrough,0,0,0,False,False,False,False,False,False,False,False,True,0.6618900550066185,14.63228041435903,0.0,False,max_steps,,inf,,False,,inf,inf,inf,inf,inf,inf,inf,inf,0.0,{'ROAD_LINE_BROKEN_SINGLE_WHITE'},False,False,,False,False,,0,True,,False,0,0,,inf,inf,inf,inf,False,False,inf,inf,2.6310169420034124,False,False,1,-1,,False,False,0.0,42.60574721721604,inf,2.7849741210937498,0.0,,False,low_risk_verified,,False,False,0.0,inf,inf,inf,False,0.0,,,
6000,1029,1,166,166,-0.08021491765975952,0.1788647174835205,-0.08021491765975952,0.1788647174835205,0.0,0.0,True,False,inactive_raw_action,raw_action_safe,0,0,0,0,low_risk_verified_passthrough,0,0,0,False,False,False,False,False,False,False,False,True,0.6674284852770206,14.68507474988385,0.0,False,max_steps,,inf,,False,,inf,inf,inf,inf,inf,inf,inf,inf,0.0,{'ROAD_LINE_BROKEN_SINGLE_WHITE'},False,False,,False,False,,0,True,,False,0,0,,inf,inf,inf,inf,False,False,inf,inf,1.1737271686123216,False,False,1,-1,,False,False,0.0,43.585196072209904,inf,2.7480020751953123,0.0,,False,low_risk_verified,,False,False,0.0,inf,inf,inf,False,0.0,,,
6000,1029,1,167,167,0.011018157005310059,0.35056376457214355,0.011018157005310059,0.35056376457214355,0.0,0.0,True,False,inactive_raw_action,raw_action_safe,0,0,0,0,low_risk_verified_passthrough,0,0,0,False,False,False,False,False,False,False,False,True,0.6729817877548235,14.785838025608408,0.0,False,max_steps,,inf,,False,,inf,inf,inf,inf,inf,inf,inf,inf,0.0,{'ROAD_LINE_BROKEN_SINGLE_WHITE'},False,False,,False,False,,0,True,,False,0,0,,inf,inf,inf,inf,False,False,inf,inf,0.0,False,False,1,-1,,False,False,0.0,44.56779127840091,inf,2.6566934814453123,0.0,,False,low_risk_verified,,False,False,0.0,inf,inf,inf,False,0.0,,,
6000,1029,1,168,168,0.10522592067718506,0.27030277252197266,0.10522592067718506,0.27030277252197266,0.0,0.0,True,False,inactive_raw_action,raw_action_safe,0,0,0,0,low_risk_verified_passthrough,0,0,0,False,False,False,False,False,False,False,False,True,0.6785689971311324,14.824741385407325,0.0,False,max_steps,,inf,,False,,inf,inf,inf,inf,inf,inf,inf,inf,0.0,{'ROAD_LINE_BROKEN_SINGLE_WHITE'},False,False,,False,False,,0,True,,False,0,0,,inf,inf,inf,inf,False,False,inf,inf,0.0,False,False,1,-1,,False,False,0.0,45.604655153748865,inf,2.5367136230468748,0.0,,False,low_risk_verified,,False,False,0.0,inf,inf,inf,False,0.0,,,
6000,1029,1,169,169,0.13172292709350586,-0.030142009258270264,0.13172292709350586,-0.030142009258270264,0.0,0.0,True,False,inactive_raw_action,raw_action_safe,0,0,0,0,low_risk_verified_passthrough,0,0,0,False,False,False,False,False,False,False,False,True,0.684169300987427,14.717204729805951,0.0,False,max_steps,,inf,,False,,inf,inf,inf,inf,inf,inf,inf,inf,0.0,{'ROAD_LINE_BROKEN_SINGLE_WHITE'},False,False,,False,False,,0,True,,False,0,0,,inf,inf,inf,inf,False,False,inf,inf,0.0,False,False,1,-1,,False,False,0.0,46.54265529898487,inf,2.4249735107421873,0.0,,False,low_risk_verified,,False,False,0.0,inf,inf,inf,False,0.0,,,
6000,1029,1,170,170,0.11356544494628906,0.10204923152923584,0.11356544494628906,0.10204923152923584,0.0,0.0,True,False,inactive_raw_action,raw_action_safe,0,0,0,0,low_risk_verified_passthrough,0,0,0,False,False,False,False,False,False,False,False,True,0.6897482143024646,14.73483070913797,0.0,False,max_steps,,inf,,False,,inf,inf,inf,inf,inf,inf,inf,inf,0.0,{'ROAD_LINE_BROKEN_SINGLE_WHITE'},False,False,,False,False,,0,True,,False,0,0,,inf,inf,inf,inf,False,False,inf,inf,0.0,False,False,1,-1,,False,False,0.0,47.686012826940896,inf,2.3578043212890623,0.0,,False,low_risk_verified,,False,False,0.0,inf,inf,inf,False,0.0,,,
6000,1029,1,171,171,-0.007269322872161865,0.23423290252685547,-0.007269322872161865,0.23423290252685547,0.0,0.0,True,False,inactive_raw_action,raw_action_safe,0,0,0,0,low_risk_verified_passthrough,0,0,0,False,False,False,False,False,False,False,False,True,0.6953342096210265,14.799934593730468,0.0,False,max_steps,,inf,,False,,inf,inf,inf,inf,inf,inf,inf,inf,0.0,{'ROAD_LINE_BROKEN_SINGLE_WHITE'},False,False,,False,False,,0,True,,False,0,0,,inf,inf,inf,inf,False,False,inf,inf,0.10711224189136968,False,False,1,-1,,False,False,0.0,48.82034717223222,inf,2.3526468505859373,0.0,,False,low_risk_verified,,False,False,0.0,inf,inf,inf,False,0.0,,,
6000,1029,1,172,172,-0.11840564012527466,0.15535879135131836,-0.11840564012527466,0.15535879135131836,0.0,0.0,True,False,inactive_raw_action,raw_action_safe,0,0,0,0,low_risk_verified_passthrough,0,0,0,False,False,False,False,False,False,False,False,True,0.7009388927570513,14.801439723484048,0.0,False,max_steps,,inf,,False,,inf,inf,inf,inf,inf,inf,inf,inf,0.0,{'ROAD_LINE_BROKEN_SINGLE_WHITE'},False,False,,False,False,,0,True,,False,0,0,,inf,inf,inf,inf,False,False,inf,inf,1.7523957293828527,False,False,1,-1,,False,False,0.0,49.950077998072565,inf,2.3905802001953123,0.0,,False,low_risk_verified,,False,False,0.0,inf,inf,inf,False,0.0,,,
6000,1029,1,173,173,-0.1885662078857422,-0.21671664714813232,-0.1885662078857422,-0.21671664714813232,0.0,0.0,True,False,inactive_raw_action,raw_action_safe,0,0,0,0,low_risk_verified_passthrough,0,0,0,False,False,False,False,False,False,False,False,True,0.7065020233213778,14.311557136845785,0.0,False,max_steps,,inf,,False,,inf,inf,inf,inf,inf,inf,inf,inf,0.0,{'ROAD_LINE_BROKEN_SINGLE_WHITE'},False,False,,False,False,,0,True,,False,0,0,,inf,inf,inf,inf,False,False,5.830291702031896,inf,2.7910513599067754,False,False,1,-1,,False,False,0.0,29.453708731808657,inf,2.4221506347656248,0.0,,False,low_risk_verified,,False,False,0.0,inf,inf,inf,False,0.0,,,
6000,1029,1,174,174,-0.09158271551132202,-0.006036043167114258,-0.09158271551132202,-0.006036043167114258,0.0,0.0,True,False,inactive_raw_action,raw_action_safe,0,0,0,0,low_risk_verified_passthrough,0,0,0,False,False,False,False,False,False,False,False,True,0.7119239329542033,14.291493048991496,0.0,False,max_steps,,inf,,False,,inf,inf,inf,inf,inf,inf,inf,inf,0.0,{'ROAD_LINE_BROKEN_SINGLE_WHITE'},False,False,,False,False,,0,True,,False,0,0,,inf,inf,inf,inf,False,False,6.161168162313838,inf,1.3106912657877778,False,False,1,-1,,False,False,0.0,25.336471087798145,inf,2.4110117187499998,0.0,,False,low_risk_verified,,False,False,0.0,inf,inf,inf,False,0.0,,,
6000,1029,1,175,175,-0.0012127161026000977,0.19468605518341064,-0.0012127161026000977,0.19468605518341064,0.0,0.0,True,False,inactive_raw_action,raw_action_safe,0,0,0,0,low_risk_verified_passthrough,0,0,0,False,False,False,False,False,False,False,False,True,0.7173308981142857,14.348946126837355,0.0,False,max_steps,,inf,,False,,inf,inf,inf,inf,inf,inf,inf,inf,0.0,{'ROAD_LINE_BROKEN_SINGLE_WHITE'},False,False,,False,False,,0,True,,False,0,0,,inf,inf,inf,inf,False,False,6.202273677851135,inf,0.017331523750709354,False,False,1,-1,,False,False,0.0,22.56749442209521,inf,2.3439340820312498,0.0,,False,low_risk_verified,,False,False,0.0,inf,inf,inf,False,0.0,,,
6000,1029,1,176,176,0.08961403369903564,0.15835785865783691,0.08961403369903564,0.15835785865783691,0.0,0.0,True,False,inactive_raw_action,raw_action_safe,0,0,0,0,low_risk_verified_passthrough,0,0,0,False,False,False,False,False,False,False,False,True,0.7227553948463578,14.367137947801526,0.0,False,max_steps,,inf,,False,,inf,inf,inf,inf,inf,inf,inf,inf,0.0,{'ROAD_LINE_BROKEN_SINGLE_WHITE'},False,False,,False,False,,0,True,,False,0,0,,inf,inf,inf,inf,False,False,6.1955162824863494,inf,0.0,False,False,1,-1,,False,False,0.0,22.6385435420192,inf,2.2442484130859373,0.0,,False,low_risk_verified,,False,False,0.0,inf,inf,inf,False,0.0,,,
6000,1029,1,177,177,0.3756006956100464,0.5841084718704224,0.3756006956100464,0.5841084718704224,0.0,0.0,True,False,inactive_raw_action,raw_action_safe,0,0,0,0,low_risk_verified_passthrough,0,0,0,False,False,False,False,False,False,False,False,True,0.7281927548093209,14.356271758527615,0.0,False,max_steps,static_obstacle,58.609161376953125,low_speed_overlap,False,,inf,inf,inf,inf,inf,inf,inf,inf,0.0,{'ROAD_LINE_BROKEN_SINGLE_WHITE'},False,False,,False,False,,0,True,,False,0,0,static_obstacle,58.61037165561409,61.113819680129254,4.786184295324672,inf,False,False,6.241981694982946,4.253722620480647,0.0,False,False,1,-1,,False,False,0.0,17.844921546423247,8.884948206535892,2.1486520996093748,0.0,,False,low_risk_verified,,False,False,0.0,inf,inf,inf,False,0.0,,,
6000,1029,1,178,178,0.3451042175292969,0.8253227472305298,0.3451042175292969,0.8253227472305298,0.0,0.0,True,False,inactive_raw_action,raw_action_safe,0,0,0,0,low_risk_verified_passthrough,0,0,0,False,False,False,False,False,False,False,False,True,0.7336361272487454,14.406650333409731,0.0,False,max_steps,static_obstacle,57.174041748046875,low_speed_overlap,False,,inf,inf,inf,inf,inf,inf,inf,inf,0.0,{'ROAD_LINE_BROKEN_SINGLE_WHITE'},False,False,,False,False,,0,True,,False,0,0,static_obstacle,57.17724494431196,59.80693573413896,3.2547527985419684,inf,False,False,6.340035893308817,4.16590997579951,0.0,False,False,1,-1,,False,False,0.0,15.645444972099899,5.4114636929234505,2.0922098388671873,0.0,,False,low_risk_verified,,False,False,0.0,inf,inf,inf,False,0.0,,,
6000,1029,1,179,179,0.2251213788986206,0.9063925743103027,0.2251213788986206,0.9063925743103027,0.0,0.0,True,False,inactive_raw_action,raw_action_safe,0,0,0,0,low_risk_verified_passthrough,0,0,0,False,False,False,False,False,False,False,False,True,0.7390982019587012,14.538755156749378,0.0,False,max_steps,static_obstacle,55.737335205078125,low_speed_overlap,False,,inf,inf,inf,inf,inf,inf,inf,inf,0.0,{'ROAD_LINE_BROKEN_SINGLE_WHITE'},False,False,,False,False,,0,True,,False,0,0,static_obstacle,55.741017939982996,58.50194677961657,0.7791562387271669,inf,False,False,6.405043907231835,4.0607598175647865,0.0,False,False,1,-1,,False,False,0.0,14.755468245540296,3.280524097076244,2.0945596923828123,0.0,,False,low_risk_verified,,False,False,0.0,inf,inf,inf,False,0.0,,,
6000,1029,1,180,180,0.08764874935150146,0.9241542816162109,-0.076704241335392,0.30000001192092896,-0.16435298323631287,-0.624154269695282,True,True,predictive_recovery,right_pass,-3.2226359049479165,18.697449424022327,10,7,,0,0,0,False,False,False,False,False,False,False,False,True,0.7445859164120286,14.577532320776205,0.0,False,max_steps,static_obstacle,54.295692443847656,low_speed_overlap,False,,inf,inf,inf,14.191809256394905,1.56384229919308,0.5013640950520833,1.1208469747795533,0.8492593617380402,0.0,{'ROAD_LINE_BROKEN_SINGLE_WHITE'},True,True,raw_collision_risk:static_collision,True,False,right,12,False,raw_predicted_collision,False,0,0,static_obstacle,54.29789834733843,57.08275004254521,0.0,54.57525004254521,False,False,6.400375743808077,3.926247428140055,0.0,True,False,1,0,,True,False,0.0,14.07571759397474,5.904708865914841,2.1680307617187498,0.0,static_collision,True,raw_collision_risk:static_collision,,False,False,0.8222070463204092,14.585620730778022,2.2529951228949323,0.5013640950520833,False,-7.370222812384412,,,
6000,1029,1,181,181,-0.07781875133514404,0.8052055835723877,-0.13838736712932587,0.30000001192092896,-0.060568615794181824,-0.5052055716514587,True,True,predictive_recovery,right_pass,-3.0943094889322915,18.20095744685195,10,7,,0,0,0,False,False,False,False,False,False,False,False,True,0.7500930268831714,14.605373797060757,0.0,False,max_steps,static_obstacle,52.84728240966797,low_speed_overlap,False,,inf,inf,inf,14.795751704906241,0.9846692645507786,0.6296905110677083,-7.547245975056889,0.7209329457224152,0.06702951941518916,{'ROAD_LINE_BROKEN_SINGLE_WHITE'},True,True,raw_collision_risk:static_margin_violation,True,False,right,12,False,raw_predicted_collision,False,0,0,static_obstacle,52.8465998009288,55.53266663967375,2.2814179587495405,inf,False,False,6.450293822951819,3.809469628856691,1.1344053627505088,True,False,1,0,,True,False,0.0,14.65053101328283,5.107059092970693,2.2963571777343748,0.0,static_margin_violation,True,raw_collision_risk:static_margin_violation,,False,False,0.53228564453125,15.135169793668759,1.6724392509354826,0.6296905110677083,False,4.317986211283667,,,
6000,1029,1,182,182,-0.13034558296203613,0.5010602474212646,-0.13034558296203613,0.5010602474212646,0.0,0.0,True,False,inactive_raw_action,raw_action_safe,0,0,0,0,low_risk_verified_passthrough,0,0,0,False,False,False,False,False,False,False,False,True,0.7556291302095584,14.71875709722073,0.0,False,max_steps,static_obstacle,51.39375305175781,low_speed_overlap,False,,inf,inf,inf,inf,inf,inf,inf,inf,0.0,{'ROAD_LINE_BROKEN_SINGLE_WHITE'},False,False,,False,False,,0,True,,False,0,0,static_obstacle,51.39065897310884,54.07646112122504,2.2400312075232476,inf,False,False,6.500508739568069,3.7025044256044715,1.9037459619563315,False,False,1,-1,,False,False,0.0,17.066130748831878,1.8324430212121594,2.4111490478515623,0.0,,False,low_risk_verified,,False,False,0.0,inf,inf,inf,False,0.0,,,
6000,1029,1,183,183,-0.05089080333709717,0.7879316806793213,-0.05089080333709717,0.7879316806793213,0.0,0.0,True,False,inactive_raw_action,raw_action_safe,0,0,0,0,low_risk_verified_passthrough,0,0,0,False,False,False,False,False,False,False,False,True,0.761225416112833,14.95864139158059,0.0,False,max_steps,static_obstacle,49.93257141113281,low_speed_overlap,False,,inf,inf,inf,inf,inf,inf,inf,inf,0.0,{'ROAD_LINE_BROKEN_SINGLE_WHITE'},False,False,,False,False,,0,True,,False,0,0,static_obstacle,49.928223205150125,52.6943999312702,0.5239650566606512,50.1868999312702,False,False,6.472509211395499,3.580084893256389,0.7490493728011633,False,False,1,-1,,False,False,0.0,14.024150780156404,-1.5503618298921165,2.4810800781249998,0.0,,False,low_risk_verified,,False,False,0.0,inf,inf,inf,False,0.0,,,
6000,1029,1,184,184,0.051033616065979004,0.8723986148834229,-0.03732932358980179,0.30000001192092896,-0.08836293965578079,-0.5723986029624939,True,True,predictive_recovery,right_pass,-2.8896280924479165,18.884435158555995,10,7,,0,0,0,False,False,False,False,False,False,False,False,True,0.7668974650007487,15.048668272931998,0.0,False,max_steps,static_obstacle,48.45550537109375,low_speed_overlap,False,,inf,inf,inf,12.714669378833813,-0.07452798801685195,0.8343719075520833,-21.22873137487668,0.3098472282503859,0.33594471820187666,{'ROAD_LINE_BROKEN_SINGLE_WHITE'},True,True,raw_collision_risk:static_margin_violation,True,False,right,12,False,raw_predicted_collision,False,0,0,static_obstacle,48.4510993210108,51.24365332604301,0.0,48.73615332604301,False,False,6.323168517156343,3.4256890037410277,0.0,True,False,1,0,,True,False,0.0,15.340647650025005,3.923157293976886,2.5010385742187498,0.0,static_margin_violation,True,raw_collision_risk:static_margin_violation,,False,False,0.17031713867187498,13.019423038609583,0.62818774296056,0.8343719075520833,True,18.860031218588233,,,
6000,1029,1,185,185,0.12188994884490967,0.6881117820739746,-0.0027633379213511944,0.18000000715255737,-0.12465328723192215,-0.5081117749214172,True,True,predictive_recovery,right_pass,-2.8973795572916665,18.145171292264884,10,7,,0,0,0,False,False,False,False,False,False,False,False,True,0.7726016864189603,15.102779281306102,0.0,False,max_steps,static_obstacle,46.95844268798828,low_speed_overlap,False,,inf,inf,inf,2.144991450174309,-0.3589881660807828,0.8266204427083333,-40.90553193293413,0.3175986930941359,1.4820742895099464,{'ROAD_LINE_BROKEN_SINGLE_WHITE'},True,True,raw_collision_risk:static_collision,True,False,right,12,False,raw_predicted_collision,False,0,0,static_obstacle,46.954667008426306,49.72386494019025,0.3816919070126171,47.21636494019025,False,False,3.9719297943154572,3.304203670276156,0.0,True,False,1,0,,True,False,0.0,10.987347747868903,3.310436450773635,2.4932871093749998,0.0,static_collision,True,raw_collision_risk:static_collision,,False,False,0.18194433593749998,2.449276318244658,0.4136365008336293,0.8266204427083333,True,11.51744738164841,,,
6000,1029,1,186,186,0.1731489896774292,0.5550090074539185,0.024124281480908394,0.18000000715255737,-0.14902471005916595,-0.3750090003013611,True,True,predictive_recovery,right_pass,-1.9760000000000002,17.600319814848735,10,7,,0,0,0,False,False,False,False,False,False,False,False,True,0.7783264311943239,15.154520656838733,0.0,False,max_steps,static_obstacle,45.45288848876953,low_speed_overlap,False,,inf,inf,inf,1.7372801446400863,-0.6405235523848976,0.7983001302083333,-41.88959039879459,-0.25973449933087356,2.37828950718983,{'ROAD_LINE_BROKEN_SINGLE_WHITE'},True,True,raw_collision_risk:static_collision,True,False,right,12,False,raw_predicted_collision,False,0,0,static_obstacle,45.45031873892517,48.19156396550099,1.0707674653871981,inf,False,False,3.8556012272876967,3.1909069892288953,0.0,True,False,1,0,,True,False,0.0,10.295406259540016,2.64127939654407,2.4649667968749998,0.0,static_collision,True,raw_collision_risk:static_collision,,False,False,0.0,1.7372801446400863,-0.6405235523848976,1.7479999999999998,True,12.567511107856248,,,
6000,1029,1,187,187,0.18238580226898193,0.42279529571533203,0.18238580226898193,0.42279529571533203,0.0,0.0,True,False,inactive_raw_action,raw_action,0,0,10,10,raw_action_safe_or_candidate_not_better,0,0,0,False,False,False,False,False,False,False,False,True,0.7840693579297559,15.18488639795695,0.0,False,max_steps,static_obstacle,43.941917419433594,low_speed_overlap,False,,inf,inf,inf,1.1354632618209832,-2.356758280267499,0.7679503987630208,inf,inf,0.0,{'ROAD_LINE_BROKEN_SINGLE_WHITE'},False,False,,False,False,,0,False,vehicle_margin_uncertain_or_low,False,0,0,static_obstacle,43.94070641985441,46.67657246692198,1.1460924722615937,inf,False,False,3.7429066217219975,3.0800428152017063,0.0,False,False,1,0,,False,False,0.0,1.267769189543733,-1.4324561657651622,2.4346170654296873,0.0,,False,raw_action_safe_or_candidate_not_better,candidate_not_better,False,False,0.0,1.267769189543733,-1.4324561657651622,2.4346170654296873,False,14.663250862961846,,,
6000,1029,1,188,188,0.1745138168334961,0.5945316553115845,0.0019218833185732365,0.18000000715255737,-0.1725919395685196,-0.4145316481590271,True,True,predictive_recovery,right_pass,-2.9669901529947915,17.86027884685908,10,6,,0,0,0,False,False,False,False,False,False,False,False,True,0.7898258705494996,15.237289367838411,0.0,False,max_steps,static_obstacle,42.4261474609375,low_speed_overlap,False,,inf,inf,inf,-0.9497542501436902,0.553716720677542,0.7570098470052083,-44.106697437078395,0.16923089373553224,1.7200625858993162,{'ROAD_LINE_BROKEN_SINGLE_WHITE'},True,True,raw_collision_risk:static_collision,True,False,right,12,False,raw_predicted_collision,False,0,0,static_obstacle,42.42584608504132,45.1858727904716,0.5659433490909679,42.6783727904716,False,False,3.6369002302091054,2.975713588252536,0.0,True,False,1,0,,True,False,0.0,11.239330514045069,3.5717194716528913,2.4236765136718748,0.0,static_collision,True,raw_collision_risk:static_collision,,False,False,0.8112865045352946,-0.9497542501436902,0.553716720677542,0.7570098470052083,True,-3.3407305606333324,,,
6000,1029,1,189,189,0.11978232860565186,0.5710963010787964,-0.03034401871263981,0.18000000715255737,-0.1501263529062271,-0.391096293926239,True,True,predictive_recovery,right_pass,-2.9438578287760415,17.807222722692995,10,6,,0,0,0,False,False,False,False,False,False,False,False,True,0.7956020393422903,15.287486048329411,0.0,False,max_steps,static_obstacle,40.90679168701172,low_speed_overlap,False,,inf,inf,inf,-1.8091033089266237,0.041376681710508734,0.7801421712239583,-40.94700331645827,-0.07187982554494687,1.6436232350993438,{'ROAD_LINE_BROKEN_SINGLE_WHITE'},True,True,raw_collision_risk:collision,True,False,right,12,False,raw_predicted_collision,False,0,0,static_obstacle,40.906458268382664,43.6941378696021,0.0,41.1866378696021,False,False,3.5269027414149066,2.8675794503074816,0.0,True,False,1,0,,True,False,0.0,0.9351281186697484,-1.4845469983400252,2.4468088378906248,0.0,collision,True,raw_collision_risk:collision,,False,False,1.0343927358420497,-1.8091033089266237,0.041376681710508734,0.7801421712239583,True,0.23118987086704124,,,
6000,1029,1,190,190,0.07292640209197998,0.4098864793777466,-0.035246919840574265,0.18000000715255737,-0.10817332565784454,-0.2298864722251892,True,True,predictive_recovery,right_pass,-2.9233805338541665,17.131975205529272,10,6,,0,0,0,False,False,False,False,False,False,False,False,True,0.8013978932142647,15.33928977685864,0.0,False,max_steps,static_obstacle,39.38224792480469,low_speed_overlap,False,,inf,inf,inf,-1.8439585406230345,0.0075568771488787045,0.8006194661458333,-39.14819089825476,-0.09235712046682187,1.7032820072762016,{'ROAD_LINE_BROKEN_SINGLE_WHITE'},True,True,raw_collision_risk:static_collision,True,False,right,12,False,raw_predicted_collision,False,0,0,static_obstacle,39.381974163661035,42.17168209823987,0.0,39.66418209823987,False,False,3.415248533269632,2.7585753448879395,0.0,True,False,1,0,,True,False,0.0,13.481771005191083,5.78218266357471,2.4672861328124998,0.0,static_collision,True,raw_collision_risk:static_collision,,False,False,1.0141333629681604,-1.8439585406230345,0.0075568771488787045,0.8006194661458333,True,2.5284359445709725,,,
6000,1029,1,191,191,0.1298210620880127,0.41715455055236816,-0.022104322910308838,0.18000000715255737,-0.15192538499832153,-0.2371545433998108,True,True,predictive_recovery,right_pass,-2.916346232096354,17.2164852543443,10,6,,0,0,0,False,False,False,False,False,False,False,False,True,0.8072136923206544,15.393207786918442,0.0,False,max_steps,static_obstacle,40.627098083496094,low_speed_overlap,False,,inf,inf,inf,-2.141922423708568,0.5309193238053365,0.8076537679036458,-32.6234150018817,-0.4364346321011765,1.5044624333161651,{'ROAD_LINE_BROKEN_SINGLE_WHITE'},True,True,raw_collision_risk:static_collision,True,False,right,12,False,raw_predicted_collision,False,0,0,static_obstacle,37.85272272108918,40.63493188778101,0.0,38.12743188778101,False,False,3.304002693994829,2.6490751839817386,0.0,True,False,1,0,,True,False,0.0,11.811085758775565,4.1250810546595735,2.4743204345703123,0.0,static_collision,True,raw_collision_risk:static_collision,,False,False,1.3934015812710028,-2.141922423708568,0.5309193238053365,0.8076537679036458,True,2.923839406595306,,,
6000,1029,1,192,192,0.16397929191589355,0.43511009216308594,-0.004822256974875927,0.18000000715255737,-0.16880154609680176,-0.25511008501052856,True,True,predictive_recovery,right_pass,-2.9252726236979165,17.35120320165233,10,6,,0,0,0,False,False,False,False,False,False,False,False,True,0.8130495233798698,15.447313920887472,0.0,False,max_steps,static_obstacle,39.09209442138672,low_speed_overlap,False,,inf,inf,inf,-1.5205594554518993,-0.034964651852670336,0.7987273763020833,-34.91113854271046,-0.6454866355613427,1.6413565111677655,{'ROAD_LINE_BROKEN_SINGLE_WHITE'},True,True,raw_collision_risk:static_margin_violation,True,False,right,12,False,raw_predicted_collision,False,0,0,static_obstacle,36.31875942551896,39.08538243724522,0.27617593285799813,36.57788243724522,False,False,3.1913516766938472,2.539131737730522,0.0,True,False,1,0,,True,False,0.0,10.059480351793841,2.4117944429543123,2.4653940429687498,0.0,static_margin_violation,True,raw_collision_risk:static_margin_violation,,False,False,1.5751879775570665,-1.5205594554518993,-0.034964651852670336,0.7987273763020833,True,3.3169549820487987,,,
6000,1029,1,193,193,0.15085840225219727,0.3551027774810791,0.00701180100440979,0.18000000715255737,-0.14384660124778748,-0.17510277032852173,True,True,predictive_recovery,right_pass,-2.9444986979166665,17.04527641955233,10,6,,0,0,0,False,False,False,False,False,False,False,False,True,0.8189056465471424,15.501030671432064,0.0,False,max_steps,static_obstacle,37.55180358886719,low_speed_overlap,False,,inf,inf,inf,-1.9477430467946588,-0.08496060292639457,0.7795013020833333,-34.862064216425146,-0.6262605613425927,1.69550098328151,{'ROAD_LINE_BROKEN_SINGLE_WHITE'},True,True,raw_collision_risk:static_collision,True,False,right,12,False,raw_predicted_collision,False,0,0,static_obstacle,34.77994792394571,37.53169122283237,0.5968399338108835,35.02419122283237,False,False,3.0799169638036714,2.4296580891052493,0.0,True,False,1,0,,True,False,0.0,13.162670729481718,5.464666565196116,2.4461679687499998,0.0,static_collision,True,raw_collision_risk:static_collision,,False,False,1.5581077327933561,-1.9477430467946588,-0.08496060292639457,0.7795013020833333,True,2.775942354263009,,,
6000,1029,1,194,194,0.13143658638000488,0.23828446865081787,0.010453115217387676,0.18000000715255737,-0.12098347395658493,-0.0582844614982605,True,True,predictive_recovery,right_pass,-2.9668680826822915,16.573310780360742,10,6,,0,0,0,False,False,False,False,False,False,False,False,True,0.8247822352592933,15.554767805160639,0.0,False,max_steps,static_obstacle,36.00615692138672,low_speed_overlap,False,,inf,inf,inf,-2.068624497281384,0.11639908054517328,0.7571319173177083,-33.871858469690224,-0.6038911765769677,1.6987332068807615,{'ROAD_LINE_BROKEN_SINGLE_WHITE'},True,True,raw_collision_risk:static_collision,True,False,right,12,False,raw_predicted_collision,False,0,0,static_obstacle,33.23603401815381,35.98156830537871,0.6842694039038101,inf,False,False,2.968829225454917,2.3212371530682576,0.0,True,False,1,0,,True,False,0.0,12.222149600747002,4.540055658435906,2.4237985839843748,0.0,static_collision,True,raw_collision_risk:static_collision,,False,False,1.627816851746919,-2.068624497281384,0.11639908054517328,0.7571319173177083,True,1.721484485997209,,,
6000,1029,1,195,195,0.12514126300811768,0.16571474075317383,0.007640894036740065,0.16571474075317383,-0.11750037223100662,0.0,True,True,predictive_recovery,right_pass,-2.986780802408854,16.30048413854992,10,4,,0,0,0,False,False,False,False,False,False,False,False,True,0.8306790004549541,15.604412780215238,0.0,False,max_steps,static_obstacle,34.455108642578125,low_speed_overlap,False,,inf,inf,inf,-2.117996188284723,0.41866570464792047,0.7372191975911458,-33.96036338210566,-0.5839784568504052,1.7516835686050816,{'ROAD_LINE_BROKEN_SINGLE_WHITE'},True,True,raw_collision_risk:static_collision,True,False,right,12,False,raw_predicted_collision,False,0,0,static_obstacle,31.686798079391355,34.43402342801241,0.6115243948939445,inf,False,False,2.859444149834005,2.213727897409575,0.0,True,False,1,0,,True,False,0.0,11.035851927337578,3.371870949323067,2.4038858642578123,0.0,static_collision,True,raw_collision_risk:static_collision,,False,False,1.7116584762434175,-2.117996188284723,0.41866570464792047,0.7372191975911458,True,0.9278701759605354,,,
6000,1029,1,196,196,0.11511385440826416,0.10571765899658203,0.0025103860534727573,0.10571765899658203,-0.11260347068309784,0.0,True,True,predictive_recovery,right_pass,-3.001978556315104,16.080142245699857,10,2,,0,0,0,False,False,False,False,False,False,False,False,True,0.8365931671449888,15.63613034444526,0.0,False,max_steps,static_obstacle,32.89873504638672,low_speed_overlap,False,,inf,inf,inf,-1.8700262809671684,-0.10268879477030152,0.7220214436848958,-34.288131285373204,-0.7867590980058843,1.808567249736934,{'ROAD_LINE_BROKEN_SINGLE_WHITE'},True,True,raw_collision_risk:static_margin_violation,True,False,right,12,False,raw_predicted_collision,False,0,0,static_obstacle,30.132232343373907,32.88368343193117,0.48928959749518486,30.376183431931167,False,False,2.750659479732862,2.1073323229198495,0.0,True,False,1,0,,True,False,0.0,9.83376202237507,2.205981465463329,2.3886881103515623,0.0,static_margin_violation,True,raw_collision_risk:static_margin_violation,,False,False,1.7090003426066338,-1.8700262809671684,-0.10268879477030152,0.7220214436848958,True,0.46740233675654963,,,
6000,1029,1,197,197,0.10875833034515381,0.01085507869720459,-0.0016333936946466565,0.01085507869720459,-0.11039172112941742,0.0,True,True,predictive_recovery,right_pass,-3.013483683268229,15.68497819858268,10,2,,0,0,0,False,False,False,False,False,False,False,False,True,0.8425170462969995,15.639369321328143,0.0,False,max_steps,static_obstacle,31.3377685546875,low_speed_overlap,False,,inf,inf,inf,-1.6271780805686382,-0.21207405887116898,0.7105163167317708,-29.726524717618894,-0.7752539710527593,1.6402071780640946,{'ROAD_LINE_BROKEN_SINGLE_WHITE'},True,True,raw_collision_risk:static_collision,True,False,right,12,False,raw_predicted_collision,False,0,0,static_obstacle,28.57310583894298,31.327203471589595,0.39752366140234974,28.819703471589595,False,False,2.6458671560304707,2.0035138350403043,0.0,True,False,1,0,,True,False,0.0,12.82549541998917,5.138000414943492,2.3771829833984373,0.0,static_collision,True,raw_collision_risk:static_collision,,False,False,1.7780358477745142,-1.6271780805686382,-0.21207405887116898,0.7105163167317708,True,0.7904633512398362,,,
6000,1029,1,198,198,0.10736536979675293,-0.09544140100479126,-0.0035294380504637957,-0.5726484060287476,-0.11089480668306351,-0.4772070050239563,True,True,predictive_recovery,right_pass,-3.023615519205729,14.780396712285022,10,2,,0,0,0,False,False,False,False,False,False,False,False,True,0.8483151259415102,14.411048543575584,0.0,False,max_steps,static_obstacle,29.77423858642578,low_speed_overlap,False,,inf,inf,inf,-1.946192290269586,-0.1999040379835864,0.7003844807942708,-26.57795123695049,-0.7651221351152593,1.3339222245275846,{'ROAD_LINE_BROKEN_SINGLE_WHITE'},True,True,raw_collision_risk:static_collision,True,False,right,12,False,raw_predicted_collision,False,0,0,static_obstacle,27.011553007201734,29.765314999885828,0.3643300124923413,27.257814999885827,False,False,2.5451209976281643,1.9032298802032552,0.0,True,False,1,0,,True,False,0.0,12.504239272324348,4.824506349585879,2.3670511474609373,0.0,static_collision,True,raw_collision_risk:static_collision,,False,False,1.8834388150469472,-1.946192290269586,-0.1999040379835864,0.7003844807942708,True,0.3908063494697842,,,
6000,1029,1,199,199,0.15091228485107422,-0.12704592943191528,-0.004251870326697826,-0.7622755765914917,-0.15516415238380432,-0.6352296471595764,True,True,predictive_recovery,right_slow_follow,-3.0340983072916665,13.267635178688346,10,2,,0,0,0,False,False,False,False,False,False,False,False,True,0.8536739190245594,13.148220530213983,0.0,False,max_steps,static_obstacle,28.243911743164062,low_speed_overlap,False,,inf,inf,inf,-1.6515409440384579,0.24316150634679062,0.6899016927083333,-20.368334649988533,-0.7546393470293218,0.9693746896960573,{'ROAD_LINE_BROKEN_SINGLE_WHITE'},True,True,raw_collision_risk:static_collision,True,False,right,12,False,raw_predicted_collision,False,0,0,static_obstacle,25.483403796878125,28.23441194664002,0.37525815867464674,25.72691194664002,False,False,2.6561964805246334,1.9592198209079563,0.0,True,False,1,0,,True,False,0.0,9.904667948351626,2.2769005246601908,2.3565683593749998,0.0,static_collision,True,raw_collision_risk:static_collision,,False,False,1.9097090953154088,-1.6515409440384579,0.24316150634679062,0.6899016927083333,True,-1.64342073312244,,,
6000,1029,1,200,200,0.17656338214874268,-0.022018849849700928,-0.003700469620525837,-0.13211309909820557,-0.18026384711265564,-0.11009424924850464,True,True,predictive_recovery,right_pass,-3.0452372233072915,12.950050881566675,10,4,,0,0,0,False,False,False,False,False,False,False,False,True,0.8586408894228279,12.779237010996669,0.0,False,max_steps,static_obstacle,26.82952880859375,low_speed_overlap,False,,inf,inf,inf,-1.8266938786428741,-0.6576924961484265,0.6787627766927083,-20.085247302717733,-0.7435004310136968,0.9790996952007331,{'ROAD_LINE_BROKEN_SINGLE_WHITE'},True,True,raw_collision_risk:static_collision,True,False,right,12,False,raw_predicted_collision,False,0,0,static_obstacle,24.07133198560005,26.81848484458771,0.4029057956121739,24.31098484458771,False,False,2.8032591530166115,2.039704519935615,0.0,True,False,1,0,,True,False,0.0,12.389843457111134,4.713749176853862,2.3454294433593748,0.0,static_collision,True,raw_collision_risk:static_collision,,False,False,2.0552921293285102,-1.8266938786428741,-0.02828880233588099,0.6787627766927083,True,-2.3837179148892744,,,
6000,1029,1,201,201,0.15375614166259766,0.2731431722640991,-0.0017013148171827197,0.2731431722640991,-0.15545745193958282,0.0,True,True,predictive_recovery,right_pass,-3.0570780436197915,14.008381286185115,10,4,,0,0,0,False,False,False,False,False,False,False,False,True,0.8634954727610871,12.861144234513016,0.0,False,max_steps,static_obstacle,25.51856231689453,low_speed_overlap,False,,inf,inf,inf,-2.0364925671424294,-0.7959561732790137,0.6669219563802083,-26.434981734249543,-0.9380639316888506,1.3936336962561582,{'ROAD_LINE_BROKEN_SINGLE_WHITE'},True,True,raw_collision_risk:static_collision,True,False,right,12,False,raw_predicted_collision,False,0,0,static_obstacle,22.762822676033274,25.505364883247996,0.43850571097483104,22.997864883247995,False,False,2.7818572662859764,1.9958441072264612,0.0,True,False,1,0,,True,False,0.0,9.80317625372564,2.183968350556152,2.3335886230468748,0.0,static_collision,True,raw_collision_risk:static_collision,,False,False,2.0811344097002995,-2.0364925671424294,-0.048197987376275286,0.6669219563802083,True,-1.8699421572717796,,,
6000,1029,1,202,202,0.15342438220977783,0.327181339263916,2.5587418349459767e-05,0.30000001192092896,-0.153398796916008,-0.02718132734298706,True,True,predictive_recovery,right_pass,-3.070002237955729,14.333460261200639,10,4,,0,0,0,False,False,False,False,False,False,False,False,True,0.8683749442831601,12.95109887118603,0.0,False,max_steps,static_obstacle,24.237258911132812,low_speed_overlap,False,,inf,inf,inf,-1.902456273293525,-0.6851902109491792,0.6539977620442708,-29.306876594528678,-0.9251397373529131,1.5546181294186763,{'ROAD_LINE_BROKEN_SINGLE_WHITE'},True,True,raw_collision_risk:static_collision,True,False,right,12,False,raw_predicted_collision,False,0,0,static_obstacle,21.484260697371916,24.222132788058527,0.4678836481308871,21.714632788058527,False,False,2.663927743384242,1.8833575260790698,0.0,True,False,1,0,,True,False,0.0,11.699144406367367,4.037168535504041,2.3206644287109373,0.0,static_collision,True,raw_collision_risk:static_collision,,False,False,2.0186644275895977,-1.902456273293525,-0.30348621752353094,0.6539977620442708,True,-1.777276309387105,,,
6000,1029,1,203,203,0.15160512924194336,0.2767801284790039,0.0009689931175671518,0.2767801284790039,-0.15063613653182983,0.0,True,True,predictive_recovery,right_pass,-3.083521525065104,14.196609449341548,10,5,,0,0,0,False,False,False,False,False,False,False,False,True,0.8732877445810023,13.034091027675618,0.0,False,max_steps,static_obstacle,22.949386596679688,low_speed_overlap,False,,inf,inf,inf,-1.9606523896421337,-0.7066882875697489,0.6404784749348958,-29.967320826298476,-0.9116204502435381,1.620033506125138,{'ROAD_LINE_BROKEN_SINGLE_WHITE'},True,True,raw_collision_risk:static_collision,True,False,right,12,False,raw_predicted_collision,False,0,0,static_obstacle,20.199491328507264,22.933212538991405,0.4821874125309359,20.425712538991405,False,False,2.546262472646012,1.7707541859643943,0.0,True,False,1,0,,True,False,0.0,10.505540361434772,2.8697001788916467,2.3071451416015623,0.0,static_collision,True,raw_collision_risk:static_collision,,False,False,2.0923316936925795,-1.9606523896421337,0.14638176389224639,0.6404784749348958,True,-2.1537490274572235,,,
6000,1029,1,204,204,0.1692408323287964,0.22597849369049072,0.0011417572386562824,0.22597849369049072,-0.1680990755558014,0.0,True,True,predictive_recovery,right_pass,-3.097101847330729,14.050994249282827,10,5,,0,0,0,False,False,False,False,False,False,False,False,True,0.8782307228856989,13.101849430715477,0.0,False,max_steps,static_obstacle,21.65271759033203,low_speed_overlap,False,,inf,inf,inf,-2.2316388911202396,-0.8466065145664077,0.6268981526692708,-30.603003323804245,-1.081296300817419,1.6955917897474309,{'ROAD_LINE_BROKEN_SINGLE_WHITE'},True,True,raw_collision_risk:static_margin_violation,True,False,right,12,False,raw_predicted_collision,False,0,0,static_obstacle,18.90632455936218,21.636373399963222,0.4834185578447773,19.128873399963222,False,False,2.4301646798491827,1.6599832971875184,0.0,True,False,1,0,,True,False,0.0,9.30954400511402,1.7217870071655843,2.2935648193359373,0.0,static_margin_violation,True,raw_collision_risk:static_margin_violation,,False,False,2.2682111502554028,-2.2316388911202396,-0.40243037542872334,0.6268981526692708,True,-2.583806563043609,,,
6000,1029,1,205,205,0.12464654445648193,0.05362868309020996,0.0005733256111852825,0.05362868309020996,-0.12407322227954865,0.0,True,True,predictive_recovery,right_pass,-3.1103922526041665,13.343178504621422,10,3,,0,0,0,False,False,False,False,False,False,False,False,True,0.8831948893886946,13.117929015670454,0.0,False,max_steps,static_obstacle,20.34808349609375,low_speed_overlap,False,,inf,inf,inf,-2.203391057851412,-0.4877034032652155,0.6136077473958333,-28.469656088768975,-1.0680058955439815,1.6453887848922508,{'ROAD_LINE_BROKEN_SINGLE_WHITE'},True,True,raw_collision_risk:static_collision,True,False,right,12,False,raw_predicted_collision,False,0,0,static_obstacle,17.605645659175224,20.332100387799457,0.4776442640237303,17.824600387799457,False,False,2.31837810598195,1.5518496449923822,0.0,True,False,1,0,,True,False,0.0,12.052968353379494,4.388092165827891,2.2802744140624998,0.0,static_collision,True,raw_collision_risk:static_collision,,False,False,2.359220606921372,-2.203391057851412,-0.4877034032652155,0.6136077473958333,True,-3.697502905540702,,,
6000,1029,1,206,206,0.13485240936279297,-0.050068557262420654,-0.0002520867274142802,-0.3004113435745239,-0.1351044923067093,-0.25034278631210327,True,True,predictive_recovery,right_pass,-3.1234232584635415,12.667312000308668,10,3,,0,0,0,False,False,False,False,False,False,False,False,True,0.8880877155459848,12.279688862627669,0.0,False,max_steps,static_obstacle,19.037857055664062,low_speed_overlap,False,,inf,inf,inf,-2.1715305637969924,-0.5034183186959871,0.6005767415364583,-26.512762968458933,-1.0549748896846065,1.5731104017604214,{'ROAD_LINE_BROKEN_SINGLE_WHITE'},True,True,raw_collision_risk:static_collision,True,False,right,12,False,raw_predicted_collision,False,0,0,static_obstacle,16.299919706451536,19.022341279043722,0.4710195212051357,16.514841279043722,False,False,2.2153429040047516,1.450102470925095,0.0,True,False,1,0,,True,False,0.0,11.334067134576173,3.6864931992198313,2.2672434082031248,0.0,static_collision,True,raw_collision_risk:static_collision,,False,False,2.4413734285378283,-2.1715305637969924,-0.5034183186959871,0.6005767415364583,True,-4.942229708332931,,,
6000,1029,1,207,207,0.16970527172088623,-0.03479349613189697,-0.0014143625739961863,-0.20876097679138184,-0.17111963033676147,-0.17396748065948486,True,True,predictive_recovery,right_pass,-3.1361185709635415,11.966547397440596,10,1,,0,0,0,False,False,False,False,False,False,False,False,True,0.8926989381182412,11.692827029741501,0.0,False,max_steps,static_obstacle,17.7464599609375,low_speed_overlap,False,,inf,inf,inf,-2.089240943159289,-0.4780717985464123,0.5878814290364583,-24.382355754065006,-1.0422795771846065,1.4786171854829187,{'ROAD_LINE_BROKEN_SINGLE_WHITE'},True,True,raw_collision_risk:static_collision,True,False,right,12,False,raw_predicted_collision,False,0,0,static_obstacle,15.013602474109115,17.731154421397648,0.46786524044707367,15.223654421397647,False,False,2.2617893116092658,1.4439416682096167,0.0,True,False,1,0,,True,False,0.0,10.766161948627992,3.132261752108606,2.2545480957031248,0.0,static_collision,True,raw_collision_risk:static_collision,,False,False,2.4952665238697347,-2.089240943159289,-0.4780717985464123,0.5878814290364583,True,-6.432544724071093,,,
6000,1029,1,208,208,0.14333653450012207,0.013225436210632324,-0.0017876558704301715,0.013225436210632324,-0.14512419700622559,0.0,True,True,predictive_recovery,right_pass,-3.1483256022135415,11.752341492689347,10,1,,0,0,0,False,False,False,False,False,False,False,False,True,0.8971380824579267,11.696790892732775,0.0,False,max_steps,static_obstacle,16.529388427734375,low_speed_overlap,False,,inf,inf,inf,-2.1902254870894584,-0.2341055813568687,0.5756743977864583,-24.533456589677154,-1.1786064965518905,1.536675207327146,{'ROAD_LINE_BROKEN_SINGLE_WHITE'},True,True,raw_collision_risk:static_collision,True,False,right,12,False,raw_predicted_collision,False,0,0,static_obstacle,13.802071196434676,16.513842318197106,0.4699060987575875,14.006342318197106,False,False,2.2708356388569313,1.4123053626118838,0.0,True,False,1,0,,True,False,0.0,9.81359822362361,2.2150639540055335,2.2423410644531248,0.0,static_collision,True,raw_collision_risk:static_collision,,False,False,2.5987533422855607,-2.1902254870894584,-0.2341055813568687,0.5756743977864583,True,-7.29576957771814,,,
6000,1029,1,209,209,-0.0017649531364440918,0.11488592624664307,-0.00044691396760754287,-0.8500000238418579,0.0013180391397327185,-0.964885950088501,True,True,minimum_risk_stop,pre_contact_minimum_risk,0,0,10,0,no_safe_candidate_before_cost,0,0,0,False,False,False,False,False,False,False,False,True,0.90140954229784,10.094733922919346,0.0,False,max_steps,static_obstacle,15.357734680175781,low_speed_overlap,False,,inf,inf,inf,inf,inf,inf,inf,inf,0.0,{'ROAD_LINE_BROKEN_SINGLE_WHITE'},True,True,predicted_collision_within_1s;raw_collision_risk:static_collision,False,False,,0,False,raw_predicted_collision,True,8,0,static_obstacle,12.636639811292511,15.341466923761118,0.4766970045484603,12.833966923761118,False,False,2.1701776311852585,1.3115962373314534,0.0206442877724594,True,False,1,0,,True,False,0.0,11.286613481044547,3.644184918845872,2.2300119628906248,0.0,static_collision,True,no_safe_candidate_before_cost,no_hard_safe_candidate,False,False,0.0,inf,inf,inf,False,0.0,,,
6000,1029,1,210,210,0.08166348934173584,0.042644381523132324,-0.003014660906046629,0.042644381523132324,-0.08467815071344376,0.0,True,True,predictive_recovery,right_pass,-3.172938028971354,10.286633639773441,10,1,,0,0,0,False,False,False,False,False,False,False,False,True,0.9052558795833404,10.107498202666749,0.0,False,max_steps,static_obstacle,14.230339050292969,low_speed_overlap,False,,inf,inf,inf,-1.950359339312151,-0.2441876562122725,0.5510619710286458,-20.019931657502706,-1.153994069794078,1.2896943345426264,{'ROAD_LINE_BROKEN_SINGLE_WHITE'},True,True,predicted_collision_within_1s;raw_collision_risk:static_collision,True,False,right,12,False,raw_predicted_collision,False,0,0,static_obstacle,11.516245143054597,14.213297332078218,0.4833920130970807,11.705797332078218,False,False,2.402469496047711,1.4079912794737441,0.0,True,False,1,0,,True,False,0.0,11.562506311866318,3.916995575056153,2.2177286376953123,0.0,static_collision,True,predicted_collision_within_1s;raw_collision_risk:static_collision,,False,False,2.8964376411380877,-1.950359339312151,-0.2441876562122725,0.5510619710286458,True,-10.456945026868837,,,
6000,1029,1,211,211,-0.041015565395355225,0.3164551258087158,-0.0007536652265116572,-0.8500000238418579,0.040261901915073395,-1.1664551496505737,True,True,minimum_risk_stop,pre_contact_minimum_risk,0,0,10,0,no_safe_candidate_before_cost,0,0,0,False,False,False,False,False,False,False,False,True,0.9089255714666501,8.49664291410537,0.0,False,max_steps,static_obstacle,13.21514892578125,low_speed_overlap,False,,inf,inf,inf,inf,inf,inf,inf,inf,0.0,{'ROAD_LINE_BROKEN_SINGLE_WHITE'},True,True,predicted_collision_within_1s;raw_collision_risk:static_collision,False,False,,0,False,raw_predicted_collision,True,8,0,static_obstacle,10.508424950118012,13.197283413603078,0.4899327211004415,10.689783413603077,False,False,2.2993333178511217,1.3056923829203475,0.41456475351491345,True,False,1,0,,True,False,0.0,9.94626140007087,2.3485003193755687,2.2062845458984373,0.0,static_collision,True,no_safe_candidate_before_cost,no_hard_safe_candidate,False,False,0.0,inf,inf,inf,False,0.0,,,
6000,1029,1,212,212,0.01683485507965088,0.23033583164215088,-0.00428486242890358,0.23033583164215088,-0.02111971750855446,0.0,True,True,predictive_recovery,right_pass,-3.1960550944010415,9.53315415649505,10,2,,0,0,0,False,False,False,False,False,False,False,False,True,0.9121718462576199,8.56568931104415,0.0,False,max_steps,static_obstacle,12.24658203125,low_speed_overlap,False,,inf,inf,inf,-1.9675962893395744,-0.5727761138486203,0.5279449055989583,-16.792822748836524,-1.2331146586853783,1.0721505667757507,{'ROAD_LINE_BROKEN_SINGLE_WHITE'},True,True,predicted_collision_within_1s;raw_collision_risk:static_collision,True,False,right,12,False,raw_predicted_collision,False,0,0,static_obstacle,9.548119048132243,12.227694525279821,0.497704575922845,9.72019452527982,False,False,2.620704262886434,1.4391206796487224,0.0,True,False,1,0,,True,False,0.0,10.328996158336265,2.7206507809809284,2.1946115722656248,0.0,static_collision,True,predicted_collision_within_1s;raw_collision_risk:static_collision,,False,False,3.0868717576161715,-1.9675962893395744,-0.5727761138486203,0.5279449055989583,True,-12.515809536732313,,,
6000,1029,1,213,213,-0.006031930446624756,0.6369447708129883,-0.001071215607225895,-0.8500000238418579,0.004960714839398861,-1.4869447946548462,True,True,minimum_risk_stop,pre_contact_minimum_risk,0,0,10,0,no_safe_candidate_before_cost,0,0,0,False,False,False,False,False,False,False,False,True,0.9152551771552584,6.930508904676127,0.0,False,max_steps,static_obstacle,11.3897705078125,low_speed_overlap,False,,inf,inf,inf,inf,inf,inf,inf,inf,0.0,{'ROAD_LINE_BROKEN_SINGLE_WHITE'},True,True,predicted_collision_within_1s;raw_collision_risk:static_collision,False,False,,0,False,raw_predicted_collision,True,8,0,static_obstacle,8.69983875739662,11.369856536674014,0.504858075316894,8.862356536674014,False,False,2.4999629185765846,1.3273720448877733,0.051667642151615435,True,False,1,0,,True,False,0.0,11.758068002082407,4.112267283497574,2.1838541259765623,0.0,static_collision,True,no_safe_candidate_before_cost,no_hard_safe_candidate,False,False,0.0,inf,inf,inf,False,0.0,,,
6000,1029,1,214,214,0.05504775047302246,0.512729287147522,-0.007004857063293457,0.30000001192092896,-0.06205260753631592,-0.21272927522659302,True,True,predictive_recovery,right_pass,-3.217859903971354,9.237790696839976,10,2,,0,0,0,False,False,False,False,False,False,False,False,True,0.9179100901988849,7.0204105187982915,0.0,False,max_steps,static_obstacle,10.575965881347656,low_speed_overlap,False,,inf,inf,inf,-2.03634248846919,-0.6140936760381994,0.5061400960286458,-15.851935090310647,-1.2113098491150658,0.8678823526143548,{'ROAD_LINE_BROKEN_SINGLE_WHITE'},True,True,predicted_collision_within_1s;raw_collision_risk:static_collision,True,False,right,12,False,raw_predicted_collision,False,0,0,static_obstacle,7.895527785639545,10.554800729040336,0.5132117549730398,8.047300729040336,False,False,2.971648377485733,1.5229474305875057,0.0,True,False,1,0,,True,False,0.0,9.571831984053613,1.998735120677227,2.1728067626953123,0.0,static_collision,True,predicted_collision_within_1s;raw_collision_risk:static_collision,,False,False,3.16669275869749,-2.03634248846919,-0.6140936760381994,0.5061400960286458,True,-14.865968318914511,,,
6000,1029,1,215,215,-0.03477984666824341,0.8028559684753418,0.0,-0.800000011920929,0.03477984666824341,-1.602855920791626,True,True,ultra_short_horizon_emergency,ultra_short_horizon_emergency_stop,0,0,0,0,high_speed_near_blocker,0,0,0,False,False,False,False,False,False,False,False,True,0.9204109335331878,5.437885210906548,0.0,False,max_steps,,inf,,False,,inf,inf,inf,inf,inf,inf,inf,inf,0.0,{'ROAD_LINE_BROKEN_SINGLE_WHITE'},True,True,high_speed_near_blocker,False,False,,0,False,,True,8,0,,9.997882324227266,0,0,0,0,0,inf,inf,0.0,True,False,1,0,,False,False,0.0,inf,inf,inf,0.0,0,True,high_speed_near_blocker,,False,False,0.0,inf,inf,inf,False,0.0,,,
6000,1029,1,216,216,-0.10346215963363647,0.43328821659088135,0.0,-0.800000011920929,0.10346215963363647,-1.233288288116455,True,True,ultra_short_horizon_emergency,ultra_short_horizon_emergency_stop,0,0,0,0,high_speed_near_blocker,0,0,0,False,False,False,False,False,False,False,False,True,0.9223736602241949,4.147028234776407,0.0,False,max_steps,,inf,,False,,inf,inf,inf,inf,inf,inf,inf,inf,0.0,{'ROAD_LINE_BROKEN_SINGLE_WHITE'},True,True,high_speed_near_blocker,False,False,,0,False,,True,8,0,,9.348206474685398,0,0,0,0,0,inf,inf,0.0,True,False,1,0,,False,False,0.0,inf,inf,inf,0.0,0,True,high_speed_near_blocker,,False,False,0.0,inf,inf,inf,False,0.0,,,
6000,1029,1,217,217,-0.10343235731124878,0.5688807964324951,-0.019899331033229828,0.30000001192092896,0.08353302627801895,-0.26888078451156616,True,True,predictive_recovery,right_pass,-3.2457987467447915,6.706991818722635,10,2,,0,0,0,False,False,False,False,False,False,False,False,True,0.9239723430279185,4.236646253946389,0.0,False,max_steps,static_obstacle,8.697135925292969,low_speed_overlap,False,,inf,inf,inf,-1.8248679096015894,-0.8020974836565786,0.47820125325520835,-8.29217202498767,-1.1833710063416283,0.4246931882332761,{'ROAD_LINE_BROKEN_SINGLE_WHITE'},True,True,predicted_collision_within_1s;raw_collision_risk:static_collision,True,False,right,12,False,raw_predicted_collision,False,0,0,static_obstacle,6.0457435951819205,8.672288401350436,0.5343348541020173,6.164788401350435,False,False,4.51513138654799,2.0912055357197286,0.42893690615923064,True,False,1,0,,True,False,0.0,9.784101622591155,2.205488743696565,2.1448679199218748,0.0,static_collision,True,predicted_collision_within_1s;raw_collision_risk:static_collision,,False,False,2.902726580206211,-1.8248679096015894,-0.36837243369063605,0.47820125325520835,True,-21.54121716672904,,,
6000,1029,1,218,218,-0.15807926654815674,0.7847259044647217,-0.01780792325735092,0.30000001192092896,0.14027133584022522,-0.4847258925437927,True,True,predictive_recovery,right_pass,-3.252985636393229,7.767912824037636,10,4,,0,0,0,False,False,False,False,False,False,False,False,True,0.9255838601563964,4.326573062178396,0.0,False,max_steps,static_obstacle,8.275184631347656,low_speed_overlap,False,,inf,inf,inf,-1.797769460730379,-0.821009472512686,0.47101436360677085,-11.117393655942907,-1.1761841166931908,0.5367748877084687,{'ROAD_LINE_BROKEN_SINGLE_WHITE'},True,True,predicted_collision_within_1s;static_object_distance;static_ttc;raw_collision_risk:static_collision,True,False,right,12,False,raw_predicted_collision,False,0,0,static_obstacle,5.632267590970405,8.248738746112577,0.5425452147057143,5.741238746112577,True,False,4.31749850603109,1.9469972831526752,0.669725932447841,True,False,1,0,,True,False,0.0,9.29719018282923,1.7465081580411927,2.1376810302734373,0.0,static_collision,True,predicted_collision_within_1s;static_object_distance;static_ttc;raw_collision_risk:static_collision,,False,False,3.4750061399328454,-1.797769460730379,-0.4831808482230027,0.47101436360677085,True,-22.08230256393394,,,
6000,1029,1,219,219,-0.14949142932891846,0.7777950763702393,0.0,-0.800000011920929,0.14949142932891846,-1.5777950286865234,True,True,ultra_short_horizon_emergency,ultra_short_horizon_emergency_stop,0,0,0,0,high_speed_approach_False,0,0,0,False,False,False,False,False,False,False,False,True,0.9270521184707264,2.6990658251401745,0.0,False,max_steps,,inf,,False,,inf,inf,inf,inf,inf,inf,inf,inf,0.0,{'ROAD_LINE_BROKEN_SINGLE_WHITE'},True,True,high_speed_approach_False,False,False,,0,False,,True,8,0,,inf,0,0,0,0,0,inf,inf,0.0,True,False,1,0,,False,False,0.0,inf,inf,inf,0.0,0,True,high_speed_approach_False,,False,False,0.0,inf,inf,inf,False,0.0,,,
6000,1029,1,220,220,-0.19049286842346191,0.5652596950531006,-0.03288540244102478,0.30000001192092896,0.15760746598243713,-0.26525968313217163,True,True,predictive_recovery,right_pass,-3.2721354166666665,5.242734452879127,10,2,,0,0,0,False,False,False,False,False,False,False,False,True,0.9281020471727994,2.7886015588120823,0.0,False,max_steps,static_obstacle,7.462318420410156,low_speed_overlap,False,,inf,inf,inf,-0.7245130645208055,-0.38630538109168305,0.45186458333333335,-5.913587987021316,-1.1570343364197533,0.2583349679506229,{'ROAD_LINE_BROKEN_SINGLE_WHITE'},True,True,predicted_collision_within_1s;static_object_distance;raw_collision_risk:static_collision,True,False,right,12,False,raw_predicted_collision,False,0,0,static_obstacle,4.839477199330486,7.429268259159989,0.5760557206485163,4.92176825915999,True,False,6.47495422776006,2.752533187579504,0.5141527910946899,True,False,1,0,,True,False,0.0,9.637707828237831,2.0731163662692897,2.1185312499999998,0.0,static_collision,True,predicted_collision_within_1s;static_object_distance;raw_collision_risk:static_collision,,False,False,1.579629136283906,-0.7245130645208055,-0.2566133500507746,0.45186458333333335,True,-26.350489662162676,,,
6000,1029,1,221,221,-0.17505478858947754,0.846340537071228,-0.029126236215233803,0.30000001192092896,0.1459285467863083,-0.5463405251502991,True,True,predictive_recovery,right_pass,-3.2790323893229165,6.597133975632609,10,1,,0,0,0,False,False,False,False,False,False,False,False,True,0.9291648101996266,2.878527397167454,0.0,False,max_steps,static_obstacle,7.185203552246094,low_speed_overlap,False,,inf,inf,inf,-1.7994118213155157,-0.33119521269283486,0.44496761067708335,-7.490194669957162,-1.1501373637635033,0.3623956713375159,{'ROAD_LINE_BROKEN_SINGLE_WHITE'},True,True,predicted_collision_within_1s;static_object_distance;raw_collision_risk:static_collision,True,False,right,12,False,raw_predicted_collision,False,0,0,static_obstacle,4.5702990853981325,7.149576145757015,0.5876423239503378,4.642076145757015,True,False,6.170671878497429,2.563857186109681,0.4881580563381366,True,False,1,0,,True,False,0.0,9.297866879788506,1.7519833173666732,2.1116342773437498,0.0,static_collision,True,predicted_collision_within_1s;static_object_distance;raw_collision_risk:static_collision,,False,False,2.917687607770694,-1.7994118213155157,-0.33119521269283486,0.44496761067708335,True,-27.105760174690467,,,
6000,1029,1,222,222,-0.14744305610656738,0.87427818775177,-0.02431715466082096,0.30000001192092896,0.12312590330839157,-0.5742781758308411,True,True,predictive_recovery,right_pass,-3.288111368815104,6.81277924205042,10,1,,0,0,0,False,False,False,False,False,False,False,False,True,0.9302615668433702,2.9685169748656985,0.0,False,max_steps,static_obstacle,6.904701232910156,low_speed_overlap,False,,inf,inf,inf,-1.727134447606872,-0.3477467577024685,0.43588863118489585,-8.392017462425732,-1.1854256682219328,0.4156194044299853,{'ROAD_LINE_BROKEN_SINGLE_WHITE'},True,True,predicted_collision_within_1s;raw_collision_risk:static_collision,True,False,right,12,False,raw_predicted_collision,False,0,0,static_obstacle,4.298939280087102,6.865017478030197,0.6059980539316515,inf,False,False,5.874589956361731,2.384906075511233,0.42441887652485233,True,False,1,0,,True,False,0.0,10.13232929095791,2.5488466484146453,2.1025552978515623,0.0,static_collision,True,predicted_collision_within_1s;raw_collision_risk:static_collision,,False,False,3.2464724774306553,-1.727134447606872,-0.3477467577024685,0.43588863118489585,True,-27.881824742225746,,,
6000,1029,1,223,223,-0.14670920372009277,0.8673653602600098,-0.0195172019302845,0.30000001192092896,0.12719200551509857,-0.5673653483390808,True,True,predictive_recovery,right_pass,-3.298243204752604,6.8716610960357425,10,1,,0,0,0,False,False,False,False,False,False,False,False,True,0.9313923749163039,3.058511018832793,0.0,False,max_steps,static_obstacle,6.615226745605469,low_speed_overlap,False,,inf,inf,inf,-1.8002015777231462,-0.4664942192025155,0.42575679524739585,-8.938101079448321,-1.1752938322844328,0.4434752951723722,{'ROAD_LINE_BROKEN_SINGLE_WHITE'},True,True,predicted_collision_within_1s;raw_collision_risk:static_collision,True,False,right,12,False,raw_predicted_collision,False,0,0,static_obstacle,4.0198714446371016,6.571320039834814,0.624283263675968,inf,False,False,5.600809410013065,2.213671033540953,0.43550876161212526,True,False,1,0,,True,False,0.0,9.801994800560225,2.2344581963547667,2.0924234619140623,0.0,static_collision,True,predicted_collision_within_1s;raw_collision_risk:static_collision,,False,False,3.4297472856375775,-1.8002015777231462,-0.4664942192025155,0.42575679524739585,True,-28.54708794045422,,,
6000,1029,1,224,224,-0.168565034866333,0.9287114143371582,-0.015155154280364513,0.30000001192092896,0.15340988337993622,-0.6287114024162292,True,True,predictive_recovery,right_pass,-3.308832804361979,7.237712383350004,10,1,,0,0,0,False,False,False,False,False,False,False,False,True,0.9325572922307013,3.1484975998457747,0.0,False,max_steps,static_obstacle,6.316764831542969,low_speed_overlap,False,,inf,inf,inf,-1.748551497124084,-0.5195512398859348,0.41516719563802085,-10.22411849198454,-1.1647042326750578,0.4840158710046807,{'ROAD_LINE_BROKEN_SINGLE_WHITE'},True,True,predicted_collision_within_1s;raw_collision_risk:static_collision,True,False,right,12,False,raw_predicted_collision,False,0,0,static_obstacle,3.733141030568306,6.269032234298594,0.6398916284118908,inf,False,False,5.3333430720218615,2.049700718976327,0.5155580165286134,True,False,1,0,,True,False,0.0,9.460918954874554,1.914588119546887,2.0818338623046873,0.0,static_collision,True,predicted_collision_within_1s;raw_collision_risk:static_collision,,False,False,3.6418449250041904,-1.748551497124084,-0.5195512398859348,0.41516719563802085,True,-29.633826314410967,,,
6000,1029,1,225,225,-0.1546846628189087,0.9458069801330566,-0.011344135738909245,0.30000001192092896,0.14334052801132202,-0.6458069682121277,True,True,predictive_recovery,right_pass,-3.319666544596354,7.40462901044453,10,1,,0,0,0,False,False,False,False,False,False,False,False,True,0.9337562609742888,3.2384751986722478,0.0,False,max_steps,static_obstacle,6.009300231933594,low_speed_overlap,False,,inf,inf,inf,-1.8322321069450322,-0.49772172804842035,0.40433345540364585,-11.05165271096963,-1.1538704924406828,0.539147930010335,{'ROAD_LINE_BROKEN_SINGLE_WHITE'},True,True,predicted_collision_within_1s;raw_collision_risk:static_collision,True,False,right,12,False,raw_predicted_collision,False,0,0,static_obstacle,3.438912602646322,5.958311195301515,0.6522848721950721,inf,False,False,5.085011006774183,1.8924299626569114,0.487024289618287,True,False,1,0,,True,False,0.0,10.173719782035537,2.5946520298564875,2.0710001220703123,0.0,static_collision,True,predicted_collision_within_1s;raw_collision_risk:static_collision,,False,False,3.7665389199161567,-1.8322321069450322,-0.49772172804842035,0.40433345540364585,True,-30.603998105707994,,,
6000,1029,1,226,226,-0.24272948503494263,0.8925319910049438,-0.008075855672359467,0.30000001192092896,0.23465362191200256,-0.5925319790840149,True,True,predictive_recovery,right_pass,-3.3307902018229165,7.254869158194495,10,1,,0,0,0,False,False,False,False,False,False,False,False,True,0.9349893100532032,3.3284451222506473,0.0,False,max_steps,static_obstacle,5.692848205566406,low_speed_overlap,False,,inf,inf,inf,-1.8592366563923548,-0.49033743535741864,0.39320979817708346,-11.136212984327322,-1.1427468352141203,0.5651943561405518,{'ROAD_LINE_BROKEN_SINGLE_WHITE'},True,True,predicted_collision_within_1s;raw_collision_risk:static_collision,True,False,right,12,False,raw_predicted_collision,False,0,0,static_obstacle,3.1374991996306805,5.639182390498357,0.6617839368584167,inf,False,False,4.841925720079787,1.741307882428861,0.7860734172721482,True,False,1,0,,True,False,0.0,9.837594672851925,2.2767564033494145,2.0598764648437498,0.0,static_collision,True,predicted_collision_within_1s;raw_collision_risk:static_collision,,False,False,3.8642109090407737,-1.8592366563923548,-0.49033743535741864,0.39320979817708346,True,-31.230854854935096,,,
6000,1029,1,227,227,-0.23087012767791748,0.8395527601242065,-0.005309964995831251,0.30000001192092896,0.22556015849113464,-0.5395527482032776,True,True,predictive_recovery,right_pass,-3.3421732584635415,7.106432542809577,10,1,,0,0,0,False,False,False,False,False,False,False,False,True,0.9362564394674445,3.418409455431055,0.0,False,max_steps,static_obstacle,5.367401123046875,low_speed_overlap,False,,inf,inf,inf,-1.8623515450115313,-0.6181657407584689,0.38182674153645846,-11.229850617733547,-1.1313637785734953,0.5917549517885,{'ROAD_LINE_BROKEN_SINGLE_WHITE'},True,True,predicted_collision_within_1s;raw_collision_risk:static_collision,True,False,right,12,False,raw_predicted_collision,False,0,0,static_obstacle,2.829248150886159,5.311604870623795,0.6687685093813841,inf,False,False,4.615056699605938,1.5958216751466714,0.7684385503429486,True,False,1,0,,True,False,0.0,9.49379010711093,1.9534713560368393,2.0484934082031248,0.0,static_collision,True,predicted_collision_within_1s;raw_collision_risk:static_collision,,False,False,3.942440829495891,-1.8623515450115313,-0.6181657407584689,0.38182674153645846,True,-31.901007440753602,,,
6000,1029,1,228,228,-0.141021728515625,0.8826813697814941,-0.0013274912489578128,-0.8500000238418579,0.1396942436695099,-1.732681393623352,True,True,minimum_risk_stop,pre_contact_minimum_risk,0,0,10,0,no_safe_candidate_before_cost,0,0,0,False,False,False,False,False,False,False,False,True,0.9374006021755954,1.9218727329989018,0.0,False,max_steps,static_obstacle,5.032958984375,low_speed_overlap,False,,inf,inf,inf,inf,inf,inf,inf,inf,0.0,{'ROAD_LINE_BROKEN_SINGLE_WHITE'},True,True,predicted_collision_within_1s;raw_collision_risk:static_collision,False,False,,0,False,raw_predicted_collision,True,8,0,static_obstacle,2.514619560703253,4.97553169086629,0.6736434666666614,inf,False,False,4.39251770731946,1.4555107443203827,0.4820700101790438,True,False,1,0,,True,False,0.0,inf,inf,2.0368662109374998,0.0,static_collision,True,no_safe_candidate_before_cost,no_hard_safe_candidate,False,False,0.0,inf,inf,inf,False,0.0,,,
6000,1029,1,229,229,-0.2197960615158081,0.6704394817352295,-0.0003318728122394532,-0.8500000238418579,0.21946418285369873,-1.5204395055770874,True,True,minimum_risk_stop,pre_contact_minimum_risk,0,0,10,0,no_safe_candidate_before_cost,0,0,0,False,False,False,False,False,False,False,False,True,0.9380293973701385,0.6076525190487077,0.0,False,max_steps,static_obstacle,4.7309722900390625,low_speed_overlap,False,,inf,inf,inf,inf,inf,inf,inf,inf,0.0,{'ROAD_LINE_BROKEN_SINGLE_WHITE'},True,True,predicted_collision_within_1s;raw_collision_risk:static_collision,False,False,,0,False,raw_predicted_collision,True,8,0,static_obstacle,2.232703943710661,4.672423369814326,0.6765922559275231,inf,False,False,7.666377177326896,2.431182507347117,0.4224200574477809,True,False,1,0,,True,False,0.0,inf,inf,2.0264902343749998,0.0,static_collision,True,no_safe_candidate_before_cost,no_hard_safe_candidate,False,False,0.0,inf,inf,inf,False,0.0,,,
6000,1029,1,230,230,-0.1997624635696411,0.7911431789398193,-8.29682030598633e-05,-0.4000000059604645,0.19967949390411377,-1.1911431550979614,True,True,minimum_risk_stop,pre_contact_minimum_risk,0,0,10,0,no_safe_candidate_before_cost,0,0,0,False,False,False,False,False,False,False,False,True,0.938210407598991,0.12642379795642586,0.0,False,max_steps,static_obstacle,4.565010070800781,low_speed_overlap,False,,inf,inf,inf,inf,inf,inf,inf,inf,0.0,{'ROAD_LINE_BROKEN_SINGLE_WHITE'},True,True,predicted_collision_within_1s;raw_collision_risk:static_collision,False,False,,0,False,raw_predicted_collision,True,8,0,static_obstacle,2.0787327260666717,4.505775671026808,0.6780554272781795,inf,False,False,24.00596477588789,7.415053060391639,0.12138616419946811,True,False,1,0,,True,False,0.0,9.37532292559087,1.8493584312681797,2.0209970703124998,3.0,static_collision,True,no_safe_candidate_before_cost,no_hard_safe_candidate,False,False,0.0,inf,inf,inf,False,0.0,,,
6000,1029,1,231,231,-0.1991143822669983,0.8778111934661865,-2.0742050764965825e-05,-0.4000000059604645,0.19909363985061646,-1.2778111696243286,True,True,minimum_risk_stop,pre_contact_minimum_risk,0,0,10,0,no_safe_candidate_before_cost,0,0,0,False,False,False,False,False,False,False,False,True,0.9381774256968638,0.014655704940663582,0.0,False,max_steps,static_obstacle,4.517234802246094,low_speed_overlap,False,,inf,inf,inf,inf,inf,inf,inf,inf,0.0,{'ROAD_LINE_BROKEN_SINGLE_WHITE'},True,True,predicted_collision_within_1s;raw_collision_risk:static_collision,False,False,,0,False,raw_predicted_collision,True,8,0,static_obstacle,2.03450045998458,4.457573826551901,0.6788585346489099,inf,False,False,118.36843640148038,35.25897733343117,0.025172796433941536,True,False,1,0,,True,False,0.0,9.448126266434297,1.9174234006333728,2.0195780029296873,3.0,static_collision,True,no_safe_candidate_before_cost,no_hard_safe_candidate,False,False,0.0,inf,inf,inf,False,0.0,,,
6000,1029,1,232,232,-0.19936412572860718,0.8818681240081787,0.04805357754230499,0.0,0.24741770327091217,-0.8818681240081787,True,True,predictive_recovery,keep_stop,-1.70404052734375,0.014655704940663582,10,1,,0,0,0,False,False,False,False,False,False,False,False,True,0.9381515257982608,0.047817490602552026,0.0,False,max_steps,static_obstacle,4.52593994140625,low_speed_overlap,False,,inf,inf,inf,9.542913764545432,2.0013894027632415,2.0199594726562498,-0.03726963650888537,-1.04495947265625,0.26512087288469666,{'ROAD_LINE_BROKEN_SINGLE_WHITE'},True,True,predicted_collision_within_1s;raw_collision_risk:static_collision,False,True,right,11,False,raw_predicted_collision,True,8,0,static_obstacle,2.0425116684223688,4.466237358957061,0.6788882245306941,inf,False,False,1157.1789870625973,304.74394626798744,0.002921821802431824,True,False,1,0,,True,False,0.0,9.484020377236451,1.951469514408125,2.0199594726562498,3.0,static_collision,True,predicted_collision_within_1s;raw_collision_risk:static_collision,,False,False,0.0,9.542913764545432,2.0013894027632415,2.0199594726562498,False,-215.02028868921565,,,
6000,1029,1,233,233,-0.18865156173706055,0.9183369874954224,0.048021551221609116,0.0,0.23667311668395996,-0.9183369874954224,True,True,predictive_recovery,keep_stop,-1.703765869140625,0.047817490602552026,10,1,,0,0,0,False,False,False,False,False,False,False,False,True,0.9381370438237071,0.011433526602793901,0.0,False,max_steps,static_obstacle,4.53277587890625,low_speed_overlap,False,,inf,inf,inf,9.456657605318249,1.9148036934338364,2.0202341308593748,-0.15662112808408146,-1.045234130859375,0.27258086019430705,{'ROAD_LINE_BROKEN_SINGLE_WHITE'},True,True,predicted_collision_within_1s;raw_collision_risk:static_collision,False,True,right,10,False,raw_predicted_collision,True,8,0,static_obstacle,2.0488131400979523,4.473120132086092,0.6787429981452789,inf,False,False,331.19878320727014,93.5456895734165,0.009020844280518655,True,False,1,0,,True,False,0.0,9.483151285551054,1.9500134056286844,2.0202341308593748,3.0,static_collision,True,predicted_collision_within_1s;raw_collision_risk:static_collision,,False,False,0.0,9.456657605318249,1.9148036934338364,2.0202341308593748,False,-215.63755636881663,,,
6000,1029,1,234,234,-0.18864846229553223,0.9192726612091064,0.04801933467388153,0.0,0.23666779696941376,-0.9192726612091064,True,True,predictive_recovery,keep_stop,-1.7036285400390625,0.011433526602793901,10,1,,0,0,0,False,False,False,False,False,False,False,False,True,0.9381354539861813,0.016870403724080548,0.0,False,max_steps,static_obstacle,4.536598205566406,low_speed_overlap,False,,inf,inf,inf,9.563203921329722,2.0202470372722554,2.0203714599609373,-0.014360089318445457,-1.0453714599609376,0.26390929074395986,{'ROAD_LINE_BROKEN_SINGLE_WHITE'},True,True,predicted_collision_within_1s;raw_collision_risk:static_collision,False,True,right,9,False,raw_predicted_collision,True,8,0,static_obstacle,2.0523429691991573,4.476947785093998,0.6787269369710235,inf,False,False,1559.0402869944453,391.5631581248089,0.00215691721223213,True,False,1,0,,True,False,0.0,9.495508907269215,1.96202277153231,2.0203714599609373,3.0,static_collision,True,predicted_collision_within_1s;raw_collision_risk:static_collision,,False,False,0.0,9.563203921329722,2.0202470372722554,2.0203714599609373,False,-305.9975407619311,,,
6000,1029,1,235,235,-0.1886235475540161,0.9191533327102661,0.04803810641169548,0.0,0.2366616576910019,-0.9191533327102661,True,True,predictive_recovery,keep_stop,-1.7036285400390625,0.016870403724080548,10,1,,0,0,0,False,False,False,False,False,False,False,False,True,0.9381417266178742,0.01703050043227554,0.0,False,max_steps,static_obstacle,4.537017822265625,low_speed_overlap,False,,inf,inf,inf,9.553211786066587,2.005387746610371,2.0203714599609373,-0.03461342942937673,-1.0453714599609376,0.264879310912272,{'ROAD_LINE_BROKEN_SINGLE_WHITE'},True,True,predicted_collision_within_1s;raw_collision_risk:static_collision,False,True,right,8,False,raw_predicted_collision,True,8,0,static_obstacle,2.052735802316658,4.477342858023447,0.6787996802075343,inf,False,False,1129.5106874353144,265.3963077144715,0.003182155399104558,True,False,1,0,,True,False,0.0,9.495183313535371,1.961145541027428,2.0203714599609373,3.0,static_collision,True,predicted_collision_within_1s;raw_collision_risk:static_collision,,False,False,0.0,9.553211786066587,2.005387746610371,2.0203714599609373,False,-305.94532959032114,,,
6000,1029,1,236,236,-0.1886286735534668,0.919121265411377,0.048038795590400696,0.0,0.2366674691438675,-0.919121265411377,True,True,predictive_recovery,keep_stop,-1.703704833984375,0.01703050043227554,10,1,,0,0,0,False,False,False,False,False,False,False,False,True,0.938145571134073,0.0016590840527172137,0.0,False,max_steps,static_obstacle,4.535362243652344,low_speed_overlap,False,,inf,inf,inf,9.545460021919158,2.0034181493523513,2.0202951660156248,-0.03687782781903426,-1.045295166015625,0.26500661596025743,{'ROAD_LINE_BROKEN_SINGLE_WHITE'},True,True,predicted_collision_within_1s;raw_collision_risk:static_collision,False,True,right,7,False,raw_predicted_collision,True,8,0,static_obstacle,2.051212751912757,4.475684760714391,0.6788225697348819,inf,False,False,973.4300865535602,262.80406606445035,0.0032124407064918776,True,False,1,0,,True,False,0.0,9.49305222490371,1.9595899008130002,2.0202951660156248,3.0,static_collision,True,predicted_collision_within_1s;raw_collision_risk:static_collision,,False,False,0.0,9.545460021919158,2.0034181493523513,2.0202951660156248,False,-305.9380740981335,,,
6000,1029,1,237,237,-0.18866413831710815,0.919511079788208,0.04804076999425888,0.0,0.23670491576194763,-0.919511079788208,True,True,predictive_recovery,keep_stop,-1.7037353515625,0.0016590840527172137,10,1,,0,0,0,False,False,False,False,False,False,False,False,True,0.9381460625383993,0.0005914064167125447,0.0,False,max_steps,static_obstacle,4.5343475341796875,low_speed_overlap,False,,inf,inf,inf,9.589583730782273,2.045614704341751,2.0202646484374998,0.02054278539936716,-1.0452646484375,0.26350585937500004,{'ROAD_LINE_BROKEN_SINGLE_WHITE'},True,True,predicted_collision_within_1s;raw_collision_risk:static_collision,False,True,right,6,False,raw_predicted_collision,True,8,0,static_obstacle,2.050273599722981,4.474667039945666,0.6788252183181834,inf,False,False,inf,2697.0707316589223,0.0003130096632015488,True,False,1,0,,True,False,0.0,9.496472119414713,1.9622411694186022,2.0202646484374998,3.0,static_collision,True,predicted_collision_within_1s;raw_collision_risk:static_collision,,False,False,0.0,9.589583730782273,2.045614704341751,2.0202646484374998,False,-306.09315165395446,,,
6000,1029,1,238,238,-0.18866181373596191,0.9195399284362793,0.048041053116321564,0.0,0.23670285940170288,-0.9195399284362793,True,True,predictive_recovery,keep_stop,-1.7037353515625,0.0005914064167125447,10,1,,0,0,0,False,False,False,False,False,False,False,False,True,0.9381447906683785,0.006680839545923425,0.0,False,max_steps,static_obstacle,4.534217834472656,low_speed_overlap,False,,inf,inf,inf,9.589263954752097,2.0484913850860393,2.0202646484374998,0.0244704609423394,-1.0452646484375,0.26350585937500004,{'ROAD_LINE_BROKEN_SINGLE_WHITE'},True,True,predicted_collision_within_1s;raw_collision_risk:static_collision,False,True,right,5,False,raw_predicted_collision,True,8,0,static_obstacle,2.0501521878779463,4.474537046560699,0.6788217535843032,inf,False,False,inf,inf,0.00011157580723207479,True,False,1,0,,True,False,0.0,9.496152371398464,1.9623692819708747,2.0202646484374998,3.0,static_collision,True,predicted_collision_within_1s;raw_collision_risk:static_collision,,False,False,0.0,9.589263954752097,2.0484913850860393,2.0202646484374998,False,-306.10425517460595,,,
6000,1029,1,239,239,-0.18864810466766357,0.919385552406311,0.048042137175798416,0.0,0.2366902381181717,-0.919385552406311,True,True,predictive_recovery,keep_stop,-1.7037353515625,0.006680839545923425,10,1,,0,0,0,False,False,False,False,False,False,False,False,True,0.9381439234842736,0.0005923402384696258,0.0,False,max_steps,static_obstacle,4.534553527832031,low_speed_overlap,False,,inf,inf,inf,9.581440985557746,2.0317096478441843,2.0202646484374998,0.0016626180894405707,-1.0452646484375,0.26350585937500004,{'ROAD_LINE_BROKEN_SINGLE_WHITE'},True,True,predicted_collision_within_1s;raw_collision_risk:static_collision,False,True,right,4,False,raw_predicted_collision,True,8,0,static_obstacle,2.050466431183445,4.474871150258446,0.6788363899606807,inf,False,False,5463.535103822453,669.8067090967577,0.0012603277179272282,True,False,1,0,,True,False,0.0,9.495581408733818,1.9612613917503532,2.0202646484374998,3.0,static_collision,True,predicted_collision_within_1s;raw_collision_risk:static_collision,,False,False,0.0,9.581440985557746,2.0317096478441843,2.0202646484374998,False,-306.0399406191798,,,
6000,1029,1,240,240,-0.18872761726379395,0.9194676876068115,0.04804143309593201,0.0,0.23676905035972595,-0.9194676876068115,True,True,predictive_recovery,keep_stop,-1.7037353515625,0.0005923402384696258,10,1,,0,0,0,False,False,False,False,False,False,False,False,True,0.938142969581758,0.004640568122669908,0.0,False,max_steps,static_obstacle,4.534782409667969,low_speed_overlap,False,,inf,inf,inf,9.58997603358003,2.049017238887306,2.0202646484374998,0.025031487522871654,-1.0452646484375,0.26350585937500004,{'ROAD_LINE_BROKEN_SINGLE_WHITE'},True,True,predicted_collision_within_1s;raw_collision_risk:static_collision,False,True,right,3,False,raw_predicted_collision,True,8,0,static_obstacle,2.050680689632667,4.475100814135852,0.6788418677931719,inf,False,False,inf,inf,0.00011179096181583997,True,False,1,0,,True,False,0.0,9.496864387847367,1.9628961741920097,2.0202646484374998,3.0,static_collision,True,predicted_collision_within_1s;raw_collision_risk:static_collision,,False,False,0.0,9.58997603358003,2.049017238887306,2.0202646484374998,False,-306.1043916870004,,,
6000,1029,1,241,241,-0.1886395812034607,0.9194446802139282,0.048042405396699905,0.0,0.2366819828748703,-0.9194446802139282,True,True,predictive_recovery,keep_stop,-1.7037353515625,0.004640568122669908,10,1,,0,0,0,False,False,False,False,False,False,False,False,True,0.9381428828633476,0.002815563696152098,0.0,False,max_steps,static_obstacle,4.5350341796875,low_speed_overlap,False,,inf,inf,inf,9.588149310932337,2.0378864870315394,2.0202646484374998,0.009898226248654218,-1.0452646484375,0.26350585937500004,{'ROAD_LINE_BROKEN_SINGLE_WHITE'},True,True,predicted_collision_within_1s;raw_collision_risk:static_collision,False,True,right,2,False,raw_predicted_collision,True,8,0,static_obstacle,2.0509163754717856,4.475351184465515,0.678853345901176,inf,False,False,inf,964.3972604566922,0.0008753948272065814,True,False,1,0,,True,False,0.0,9.496716880761001,1.9621863416240826,2.0202646484374998,3.0,static_collision,True,predicted_collision_within_1s;raw_collision_risk:static_collision,,False,False,0.0,9.588149310932337,2.0378864870315394,2.0202646484374998,False,-306.0636347248174,,,
6000,1029,1,242,242,-0.18863970041275024,0.9194917678833008,0.04804237186908722,0.0,0.23668207228183746,-0.9194917678833008,True,True,predictive_recovery,keep_stop,-1.7037353515625,0.002815563696152098,10,1,,0,0,0,False,False,False,False,False,False,False,False,True,0.9381422469283371,0.0044560909199914496,0.0,False,max_steps,static_obstacle,4.535057067871094,low_speed_overlap,False,,inf,inf,inf,9.587970494188765,2.043031602509877,2.0202646484374998,0.01685726520913633,-1.0452646484375,0.26350585937500004,{'ROAD_LINE_BROKEN_SINGLE_WHITE'},True,True,predicted_collision_within_1s;raw_collision_risk:static_collision,False,True,right,1,False,raw_predicted_collision,True,8,0,static_obstacle,2.0509378015374105,4.475374102227744,0.6788540109994009,inf,False,False,inf,1589.5126465595622,0.0005311270921351475,True,False,1,0,,True,False,0.0,9.496736709072634,1.9626336823163129,2.0202646484374998,3.0,static_collision,True,predicted_collision_within_1s;raw_collision_risk:static_collision,,False,False,0.0,9.587970494188765,2.043031602509877,2.0202646484374998,False,-306.08334883874073,,,
6000,1029,1,243,243,-0.18863451480865479,0.9194521903991699,0.048044148832559586,0.0,0.23667865991592407,-0.9194521903991699,True,True,predictive_recovery,keep_stop,-1.7037353515625,0.0044560909199914496,10,1,,0,0,0,False,False,False,False,False,False,False,False,True,0.9381421602099267,0.0028157727303596263,0.0,False,max_steps,static_obstacle,4.535224914550781,low_speed_overlap,False,,inf,inf,inf,9.589039996932259,2.038582856814078,2.0202646484374998,0.010790114325947897,-1.0452646484375,0.26350585937500004,{'ROAD_LINE_BROKEN_SINGLE_WHITE'},True,True,predicted_collision_within_1s;raw_collision_risk:static_collision,False,True,,0,False,raw_predicted_collision,True,8,0,static_obstacle,2.0510949264273104,4.475539554415643,0.6788651893296621,inf,False,False,inf,1004.3645057458186,0.0008405725486358392,True,False,1,0,,True,False,0.0,9.497103654082707,1.9624074759306873,2.0202646484374998,3.0,static_collision,True,predicted_collision_within_1s;raw_collision_risk:static_collision,,False,False,0.0,9.589039996932259,2.038582856814078,2.0202646484374998,False,-306.0663290679889,,,
6000,1029,1,244,244,-0.18863528966903687,0.91949462890625,0.04804522544145584,0.0,0.2366805076599121,-0.91949462890625,True,True,predictive_recovery,keep_stop,-1.7037353515625,0.0028157727303596263,10,1,,0,0,0,False,False,False,False,False,False,False,False,True,0.9381415242749164,0.004456160455187225,0.0,False,max_steps,static_obstacle,4.535247802734375,low_speed_overlap,False,,inf,inf,inf,9.588310870664921,2.043209525437083,2.0202646484374998,0.017047205644341368,-1.0452646484375,0.26350585937500004,{'ROAD_LINE_BROKEN_SINGLE_WHITE'},True,True,predicted_collision_within_1s;raw_collision_risk:static_collision,False,True,,0,False,raw_predicted_collision,True,8,0,static_obstacle,2.051116352604383,4.475561032685353,0.6788693277638677,inf,False,False,inf,1589.4610329981217,0.0005311541046335629,True,False,1,0,,True,False,0.0,9.497077627234352,1.9628117117864325,2.0202646484374998,3.0,static_collision,True,predicted_collision_within_1s;raw_collision_risk:static_collision,,False,False,0.0,9.588310870664921,2.043209525437083,2.0202646484374998,False,-306.0840612383535,,,
6000,1029,1,245,245,-0.1887032389640808,0.9193782806396484,0.04804778844118118,0.0,0.2367510199546814,-0.9193782806396484,True,True,predictive_recovery,keep_stop,-1.7037353515625,0.004456160455187225,10,1,,0,0,0,False,False,False,False,False,False,False,False,True,0.9381414375565058,0.0028157143960387725,0.0,False,max_steps,static_obstacle,4.5354156494140625,low_speed_overlap,False,,inf,inf,inf,9.58938078941306,2.038761148148906,2.0202646484374998,0.010980584903859114,-1.0452646484375,0.26350585937500004,{'ROAD_LINE_BROKEN_SINGLE_WHITE'},True,True,predicted_collision_within_1s;raw_collision_risk:static_collision,False,True,,0,False,raw_predicted_collision,True,8,0,static_obstacle,2.051273478311519,4.475725469858471,0.6788829557613457,inf,False,False,inf,1004.3905543500955,0.0008408919112374821,True,False,1,0,,True,False,0.0,9.497444606999027,1.962585536714817,2.0202646484374998,3.0,static_collision,True,predicted_collision_within_1s;raw_collision_risk:static_collision,,False,False,0.0,9.58938078941306,2.038761148148906,2.0202646484374998,False,-306.06516640301174,,,
6000,1029,1,246,246,-0.1886279582977295,0.9194954633712769,0.04804852977395058,0.0,0.23667648434638977,-0.9194954633712769,True,True,predictive_recovery,keep_stop,-1.7037353515625,0.0028157143960387725,10,1,,0,0,0,False,False,False,False,False,False,False,False,True,0.9381408016214955,0.004456152649922454,0.0,False,max_steps,static_obstacle,4.535438537597656,low_speed_overlap,False,,inf,inf,inf,9.58865204392681,2.04338819999241,2.0202646484374998,0.017238162205419627,-1.0452646484375,0.26350585937500004,{'ROAD_LINE_BROKEN_SINGLE_WHITE'},True,True,predicted_collision_within_1s;raw_collision_risk:static_collision,False,True,,0,False,raw_predicted_collision,True,8,0,static_obstacle,2.051294904600026,4.475747384210019,0.6788860421133528,inf,False,False,inf,1589.5601452003186,0.0005311224576743181,True,False,1,0,,True,False,0.0,9.497418611890572,1.9629898046445653,2.0202646484374998,3.0,static_collision,True,predicted_collision_within_1s;raw_collision_risk:static_collision,,False,False,0.0,9.58865204392681,2.04338819999241,2.0202646484374998,False,-306.08472668707583,,,
6000,1029,1,247,247,-0.1886952519416809,0.9193801879882812,0.04805087670683861,0.0,0.23674613237380981,-0.9193801879882812,True,True,predictive_recovery,keep_stop,-1.7037353515625,0.004456152649922454,10,1,,0,0,0,False,False,False,False,False,False,False,False,True,0.938140714903085,0.0028157431888032464,0.0,False,max_steps,static_obstacle,4.535606384277344,low_speed_overlap,False,,inf,inf,inf,9.589721812453586,2.0389396575409653,2.0202646484374998,0.011171349432935518,-1.0452646484375,0.26350585937500004,{'ROAD_LINE_BROKEN_SINGLE_WHITE'},True,True,predicted_collision_within_1s;raw_collision_risk:static_collision,False,True,,0,False,raw_predicted_collision,True,8,0,static_obstacle,2.0514520311243074,4.475912095350128,0.678899009638967,inf,False,False,inf,1004.4341940189184,0.0008408548469677065,True,False,1,0,,True,False,0.0,9.497785579228381,1.962763616532374,2.0202646484374998,3.0,static_collision,True,predicted_collision_within_1s;raw_collision_risk:static_collision,,False,False,0.0,9.589721812453586,2.0389396575409653,2.0202646484374998,False,-306.06585664681506,,,
6000,1029,1,248,248,-0.18861961364746094,0.9194986820220947,0.048051606863737106,0.0,0.23667122423648834,-0.9194986820220947,True,True,predictive_recovery,keep_stop,-1.7037353515625,0.0028157431888032464,10,1,,0,0,0,False,False,False,False,False,False,False,False,True,0.9381400789680746,0.004456137933650358,0.0,False,max_steps,static_obstacle,4.5356292724609375,low_speed_overlap,False,,inf,inf,inf,9.58899295768459,2.043566630851171,2.0202646484374998,0.017428787642672194,-1.0452646484375,0.26350585937500004,{'ROAD_LINE_BROKEN_SINGLE_WHITE'},True,True,predicted_collision_within_1s;raw_collision_risk:static_collision,False,True,,0,False,raw_predicted_collision,True,8,0,static_obstacle,2.051473457524238,4.4759340251288995,0.6789020588865974,inf,False,False,inf,1589.610175717506,0.000531104392402538,True,False,1,0,,True,False,0.0,9.497759575024695,1.9631678781474189,2.0202646484374998,3.0,static_collision,True,predicted_collision_within_1s;raw_collision_risk:static_collision,,False,False,0.0,9.58899295768459,2.043566630851171,2.0202646484374998,False,-306.08544957850677,,,
6000,1029,1,249,249,-0.1886102557182312,0.9194626808166504,0.0480540469288826,0.0,0.2366642951965332,-0.9194626808166504,True,True,predictive_recovery,keep_stop,-1.7037353515625,0.004456137933650358,10,1,,0,0,0,False,False,False,False,False,False,False,False,True,0.9381399922496642,0.002815743268052071,0.0,False,max_steps,static_obstacle,4.535797119140625,low_speed_overlap,False,,inf,inf,inf,9.590062856195246,2.0391181872708555,2.0202646484374998,0.011362140228976969,-1.0452646484375,0.26350585937500004,{'ROAD_LINE_BROKEN_SINGLE_WHITE'},True,True,predicted_collision_within_1s;raw_collision_risk:static_collision,False,True,,0,False,raw_predicted_collision,True,8,0,static_obstacle,2.0516305848655736,4.476098616591527,0.6789153157801052,inf,False,False,inf,1004.4793682867032,0.0008404733151815045,True,False,1,0,,True,False,0.0,9.498126553284083,1.9629416989444735,2.0202646484374998,3.0,static_collision,True,predicted_collision_within_1s;raw_collision_risk:static_collision,,False,False,0.0,9.590062856195246,2.0391181872708555,2.0202646484374998,False,-306.06851582140064,,,
6000,1029,1,250,250,-0.18861019611358643,0.9195033311843872,0.048054832965135574,0.0,0.2366650253534317,-0.9195033311843872,True,True,predictive_recovery,keep_stop,-1.7037353515625,0.002815743268052071,10,1,,0,0,0,False,False,False,False,False,False,False,False,True,0.9381393563146538,0.004456139819939284,0.0,False,max_steps,static_obstacle,4.535820007324219,low_speed_overlap,False,,inf,inf,inf,9.589333957108401,2.043745143263038,2.0202646484374998,0.017619522204776583,-1.0452646484375,0.26350585937500004,{'ROAD_LINE_BROKEN_SINGLE_WHITE'},True,True,predicted_collision_within_1s;raw_collision_risk:static_collision,False,True,,0,False,raw_predicted_collision,True,8,0,static_obstacle,2.0516520113769148,4.476120476892288,0.6789185328073098,inf,False,False,inf,1589.676348578777,0.0005310778899928119,True,False,1,0,,True,False,0.0,9.498100545398433,1.9633459593335176,2.0202646484374998,3.0,static_collision,True,predicted_collision_within_1s;raw_collision_risk:static_collision,,False,False,0.0,9.589333957108401,2.043745143263038,2.0202646484374998,False,-306.08620777044945,,,
6000,1029,1,251,251,-0.1886047124862671,0.9194648265838623,0.04805726557970047,0.0,0.23666197061538696,-0.9194648265838623,True,True,predictive_recovery,keep_stop,-1.7037353515625,0.004456139819939284,10,1,,0,0,0,False,False,False,False,False,False,False,False,True,0.9381392695962433,0.0028157425283426856,0.0,False,max_steps,static_obstacle,4.535987854003906,low_speed_overlap,False,,inf,inf,inf,9.590403850574564,2.03929667132672,2.0202646484374998,0.0115528679229695,-1.0452646484375,0.26350585937500004,{'ROAD_LINE_BROKEN_SINGLE_WHITE'},True,True,predicted_collision_within_1s;raw_collision_risk:static_collision,False,True,,0,False,raw_predicted_collision,True,8,0,static_obstacle,2.0518091395352163,4.4762850798922535,0.6789317624561727,inf,False,False,inf,1004.5207872209999,0.0008404489695382546,True,False,1,0,,True,False,0.0,9.498467523327982,1.9631197784626184,2.0202646484374998,3.0,static_collision,True,predicted_collision_within_1s;raw_collision_risk:static_collision,,False,False,0.0,9.590403850574564,2.03929667132672,2.0202646484374998,False,-306.06921199392343,,,
6000,1029,1,252,252,-0.18860530853271484,0.9195054769515991,0.048058055341243744,0.0,0.23666337132453918,-0.9195054769515991,True,True,predictive_recovery,keep_stop,-1.7037353515625,0.0028157425283426856,10,1,,0,0,0,False,False,False,False,False,False,False,False,True,0.938138633661233,0.004456137535835892,0.0,False,max_steps,static_obstacle,4.5360107421875,low_speed_overlap,False,,inf,inf,inf,9.589674959080806,2.0439236589072665,2.0202646484374998,0.01781025987930418,-1.0452646484375,0.26350585937500004,{'ROAD_LINE_BROKEN_SINGLE_WHITE'},True,True,predicted_collision_within_1s;raw_collision_risk:static_collision,False,True,,0,False,raw_predicted_collision,True,8,0,static_obstacle,2.0518305661579546,4.476306932463555,0.6789349982635257,inf,False,False,inf,1589.7429851650036,0.0005310639883067588,True,False,1,0,,True,False,0.0,9.498441516085911,1.9635240416918014,2.0202646484374998,3.0,static_collision,True,predicted_collision_within_1s;raw_collision_risk:static_collision,,False,False,0.0,9.589674959080806,2.0439236589072665,2.0202646484374998,False,-306.08690494105514,,,
6000,1029,1,253,253,-0.18859577178955078,0.9194679260253906,0.04806048423051834,0.0,0.23665624856948853,-0.9194679260253906,True,True,predictive_recovery,keep_stop,-1.7037353515625,0.004456137535835892,10,1,,0,0,0,False,False,False,False,False,False,False,False,True,0.9381385469428225,0.0028157461847901,0.0,False,max_steps,static_obstacle,4.5361785888671875,low_speed_overlap,False,,inf,inf,inf,9.590744857488742,2.039475168026049,2.0202646484374998,0.01174361146754066,-1.0452646484375,0.26350585937500004,{'ROAD_LINE_BROKEN_SINGLE_WHITE'},True,True,predicted_collision_within_1s;raw_collision_risk:static_collision,False,True,,0,False,raw_predicted_collision,True,8,0,static_obstacle,2.0519876951331306,4.476471539282296,0.6789482192925201,inf,False,False,inf,1004.5631453883278,0.000840408697771357,True,False,1,0,,True,False,0.0,9.49880849451773,1.9632978599353563,2.0202646484374998,3.0,static_collision,True,predicted_collision_within_1s;raw_collision_risk:static_collision,,False,False,0.0,9.590744857488742,2.039475168026049,2.0202646484374998,False,-306.06993143342186,,,
6000,1029,1,254,254,-0.18859589099884033,0.9195094108581543,0.04806048423051834,0.0,0.23665636777877808,-0.9195094108581543,True,True,safety_hold,safety_hold_recovery,0,0,0,0,recent_emergency_safety_hold,0,0,0,False,False,False,False,False,False,False,False,True,0.9381379110078121,0.004456134650002935,0.0,False,max_steps,static_obstacle,4.536201477050781,low_speed_overlap,False,,inf,inf,inf,inf,inf,inf,inf,inf,0.0,{'ROAD_LINE_BROKEN_SINGLE_WHITE'},True,True,recent_emergency_safety_hold,False,False,,0,False,,True,7,0,static_obstacle,2.0520091218672554,4.476493411139811,0.6789514086852378,inf,False,True,inf,1589.80714786035,0.0005310381605470742,True,False,1,0,,True,False,0.0,9.498782485792281,1.9637021240048653,2.0202646484374998,3.0,static_collision,True,safety_hold,,False,False,0.0,inf,inf,inf,False,0.0,,,
6000,1029,1,255,255,-0.1885908842086792,0.9194698333740234,0.04806048423051834,0.0,0.23665136098861694,-0.9194698333740234,True,True,safety_hold,safety_hold_recovery,0,0,0,0,recent_emergency_safety_hold,0,0,0,False,False,False,False,False,False,False,False,True,0.9381378242894016,0.002815748494652976,0.0,False,max_steps,static_obstacle,4.536369323730469,low_speed_overlap,False,,inf,inf,inf,inf,inf,inf,inf,inf,0.0,{'ROAD_LINE_BROKEN_SINGLE_WHITE'},True,True,recent_emergency_safety_hold,False,False,,0,False,,True,6,0,static_obstacle,2.0521662516592154,4.476658041074707,0.6789645745209777,inf,False,True,inf,1004.6056487704559,0.0008403863737969867,True,False,1,0,,True,False,0.0,9.499149465967275,1.9634759425296158,2.0202646484374998,3.0,static_collision,True,safety_hold,,False,False,0.0,inf,inf,inf,False,0.0,,,
6000,1029,1,256,256,-0.18860948085784912,0.9195091724395752,0.04806048423051834,0.0,0.23666995763778687,-0.9195091724395752,True,True,safety_hold,safety_hold_recovery,0,0,0,0,recent_emergency_safety_hold,0,0,0,False,False,False,False,False,False,False,False,True,0.9381371883543913,0.004456132320468222,0.0,False,max_steps,static_obstacle,4.5363922119140625,low_speed_overlap,False,,inf,inf,inf,inf,inf,inf,inf,inf,0.0,{'ROAD_LINE_BROKEN_SINGLE_WHITE'},True,True,recent_emergency_safety_hold,False,False,,0,False,,True,5,0,static_obstacle,2.0521876785047133,4.4766799167811,0.6789677547513119,inf,False,True,inf,1589.8720802948785,0.0005310768618027679,True,False,1,0,,True,False,0.0,9.49912345594339,1.9638802076130568,2.0202646484374998,3.0,static_collision,True,safety_hold,,False,False,0.0,inf,inf,inf,False,0.0,,,
6000,1029,1,257,257,-0.1885819435119629,0.91947340965271,0.04806048423051834,0.0,0.23664242029190063,-0.91947340965271,True,True,safety_hold,safety_hold_recovery,0,0,0,0,recent_emergency_safety_hold,0,0,0,False,False,False,False,False,False,False,False,True,0.9381371016359807,0.0028157511991459103,0.0,False,max_steps,static_obstacle,4.53656005859375,low_speed_overlap,False,,inf,inf,inf,inf,inf,inf,inf,inf,0.0,{'ROAD_LINE_BROKEN_SINGLE_WHITE'},True,True,recent_emergency_safety_hold,False,False,,0,False,,True,4,0,static_obstacle,2.0523448091133676,4.476844550535434,0.6789809119592344,inf,False,True,inf,1004.6480285094037,0.0008403460935403704,True,False,1,0,,True,False,0.0,9.49949043738909,1.96365402597499,2.0202646484374998,3.0,static_collision,True,safety_hold,,False,False,0.0,inf,inf,inf,False,0.0,,,
6000,1029,1,258,258,-0.18858301639556885,0.9195156097412109,0.04806048423051834,0.0,0.2366434931755066,-0.9195156097412109,True,True,safety_hold,safety_hold_recovery,0,0,0,0,recent_emergency_safety_hold,0,0,0,False,False,False,False,False,False,False,False,True,0.9381364657009704,0.004456129927331612,0.0,False,max_steps,static_obstacle,4.536582946777344,low_speed_overlap,False,,inf,inf,inf,inf,inf,inf,inf,inf,0.0,{'ROAD_LINE_BROKEN_SINGLE_WHITE'},True,True,recent_emergency_safety_hold,False,False,,0,False,,True,3,0,static_obstacle,2.052366236070227,4.4768664030744985,0.678984148228119,inf,False,True,inf,1589.936782920468,0.0005310028545543759,True,False,1,0,,True,False,0.0,9.499464426106893,1.9640582921098193,2.0202646484374998,3.0,static_collision,True,safety_hold,,False,False,0.0,inf,inf,inf,False,0.0,,,
6000,1029,1,259,259,-0.18859630823135376,0.9194724559783936,-0.18859630823135376,0.6499999761581421,0.0,-0.26947247982025146,True,True,deadlock_progress_release,deadlock_progress_release,0,0,0,0,low_progress_release,0,0,0,False,False,False,False,False,False,False,False,True,0.9381529132928288,0.18988233581244213,0.0,False,max_steps,static_obstacle,4.536750793457031,low_speed_overlap,False,,inf,inf,inf,inf,inf,inf,inf,inf,0.0,{'ROAD_LINE_BROKEN_SINGLE_WHITE'},True,False,,False,False,,0,False,,False,0,0,static_obstacle,2.052523367495484,4.47703099047473,0.6789974179026922,inf,False,True,inf,1004.6904070312047,0.0008404096532939928,True,False,1,0,,True,False,0.0,9.499831408937062,1.963832110416044,2.0202646484374998,3.0,static_collision,True,low_progress_release,,False,False,0.0,inf,inf,inf,False,0.0,,,
6000,1029,1,260,260,-0.2096274495124817,0.9530634880065918,-0.2096274495124817,0.6499999761581421,0.0,-0.3030635118484497,True,True,deadlock_progress_release,deadlock_progress_release,0,0,0,0,low_progress_release_persist,0,0,0,False,False,False,False,False,False,False,False,True,0.9382390246744563,0.3837514710569854,0.0,False,max_steps,static_obstacle,4.53240966796875,low_speed_overlap,False,,inf,inf,inf,inf,inf,inf,inf,inf,0.0,{'ROAD_LINE_BROKEN_SINGLE_WHITE'},True,False,,False,False,,0,False,,False,0,0,static_obstacle,2.0486206974583445,4.472349984047312,0.6800973014637025,inf,False,True,77.25477747985377,23.55327031822967,0.0398045497638348,True,False,1,0,,True,False,0.0,9.449079891367413,1.916697550268634,2.0198068847656248,3.0,static_collision,True,low_progress_release,,False,False,0.0,inf,inf,inf,False,0.0,,,
6000,1029,1,261,261,-0.21931099891662598,0.9525423049926758,-0.21931099891662598,0.6499999761581421,0.0,-0.3025423288345337,True,True,deadlock_progress_release,deadlock_progress_release,0,0,0,0,low_progress_release_persist,0,0,0,False,False,False,False,False,False,False,False,True,0.9383979506147679,0.5775102065075821,0.0,False,max_steps,static_obstacle,4.509681701660156,low_speed_overlap,False,,inf,inf,inf,inf,inf,inf,inf,inf,0.0,{'ROAD_LINE_BROKEN_SINGLE_WHITE'},True,False,,False,False,,0,False,,False,0,0,static_obstacle,2.02823326362859,4.447557192444327,0.6865846851351148,inf,False,True,38.13250322707926,11.589681155343074,0.08416091845323216,True,False,1,0,,True,False,0.0,9.379279260038194,1.8513101626439619,2.0173197021484373,3.0,static_collision,True,low_progress_release,,False,False,0.0,inf,inf,inf,False,0.0,,,
6000,1029,1,262,262,-0.218248188495636,0.950697660446167,-0.218248188495636,0.6499999761581421,0.0,-0.3006976842880249,True,True,deadlock_progress_release,deadlock_progress_release,0,0,0,0,low_progress_release_persist,0,0,0,False,False,False,False,False,False,False,False,True,0.938629604395353,0.7713207855756479,0.0,False,max_steps,static_obstacle,4.467735290527344,low_speed_overlap,False,,inf,inf,inf,inf,inf,inf,inf,inf,0.0,{'ROAD_LINE_BROKEN_SINGLE_WHITE'},True,False,,False,False,,0,False,,False,0,0,static_obstacle,1.9908245106011575,4.401289750526984,0.6999738243745065,inf,False,True,25.083911452780047,7.621146260155663,0.12604055640802045,True,False,1,0,,True,False,0.0,9.289671826163344,1.7692540181996275,2.0122843017578123,3.0,static_collision,True,low_progress_release,,False,False,0.0,inf,inf,inf,False,0.0,,,
6000,1029,1,263,263,-0.24480974674224854,0.9441671371459961,-0.24480974674224854,0.6499999761581421,0.0,-0.294167160987854,True,True,deadlock_progress_release,deadlock_progress_release,0,0,0,0,low_progress_release_persist,0,0,0,False,False,False,False,False,False,False,False,True,0.9389337258609802,0.9641773456269662,0.0,False,max_steps,static_obstacle,4.406593322753906,low_speed_overlap,False,,inf,inf,inf,inf,inf,inf,inf,inf,0.0,{'ROAD_LINE_BROKEN_SINGLE_WHITE'},True,False,,False,False,,0,False,,False,0,0,static_obstacle,1.9365757104783599,4.333442837820043,0.7202457089183641,inf,False,True,18.720042465539795,5.61821089079809,0.18882684617380655,True,False,1,0,,True,False,0.0,inf,inf,2.0045786132812498,3.0,static_collision,True,low_progress_release,,False,False,0.0,inf,inf,inf,False,0.0,,,
6000,1029,1,264,264,-0.2791961431503296,0.9571988582611084,-0.2791961431503296,0.6499999761581421,0.0,-0.3071988821029663,True,True,deadlock_progress_release,deadlock_progress_release,0,0,0,0,low_progress_release_persist,0,0,0,False,False,False,False,False,False,False,False,True,0.9393093322029972,1.1557729990768908,0.0,False,max_steps,static_obstacle,4.326324462890625,low_speed_overlap,False,,inf,inf,inf,inf,inf,inf,inf,inf,0.0,{'ROAD_LINE_BROKEN_SINGLE_WHITE'},True,False,,False,False,,0,False,,False,0,0,static_obstacle,1.8658503191997242,4.243700591596053,0.747901307639223,inf,False,True,14.835022023432524,4.4013693236450635,0.2691945962119713,True,False,1,0,,True,False,0.0,inf,inf,1.9938822021484373,3.0,static_collision,True,low_progress_release,,False,False,0.0,inf,inf,inf,False,0.0,,,
6000,1029,1,265,265,-0.25096839666366577,0.9495630264282227,-0.25096839666366577,0.6499999761581421,0.0,-0.29956305027008057,True,True,deadlock_progress_release,deadlock_progress_release,0,0,0,0,low_progress_release_persist,0,0,0,False,False,False,False,False,False,False,False,True,0.9397561632661722,1.3497426051707953,0.0,False,max_steps,static_obstacle,4.2271881103515625,low_speed_overlap,False,,inf,inf,inf,inf,inf,inf,inf,inf,0.0,{'ROAD_LINE_BROKEN_SINGLE_WHITE'},True,True,predicted_collision_within_1s;raw_collision_risk:static_collision,False,False,,0,False,,False,0,0,static_obstacle,1.779559301375486,4.131091941847316,0.7855760597062336,inf,False,False,12.291172995928099,3.574310825003522,0.29006249648548377,True,False,1,0,,True,False,0.0,inf,inf,1.9791269531249998,3.0,static_collision,True,low_progress_release,,False,False,0.0,inf,inf,inf,False,0.0,,,
6000,1029,1,266,266,-0.12125146389007568,0.9389913082122803,-0.12125146389007568,0.6499999761581421,0.0,-0.2889913320541382,True,True,deadlock_progress_release,deadlock_progress_release,0,0,0,0,low_progress_release_persist,0,0,0,False,False,False,False,False,False,False,False,True,0.940276560447589,1.5452746408454152,0.0,False,max_steps,static_obstacle,4.1092529296875,low_speed_overlap,False,,inf,inf,inf,inf,inf,inf,inf,inf,0.0,{'ROAD_LINE_BROKEN_SINGLE_WHITE'},True,True,predicted_collision_within_1s;raw_collision_risk:static_collision,False,False,,0,False,,False,0,0,static_obstacle,1.6782680316958138,3.9954873691603265,0.8323828137668081,inf,False,False,10.400583846786871,2.960184670657811,0.16365826675176337,True,False,1,0,,True,False,0.0,inf,inf,1.9600382080078123,3.0,static_collision,True,low_progress_release,,False,False,0.0,inf,inf,inf,False,0.0,,,
6000,1029,1,267,267,-0.018318653106689453,0.8843269348144531,-0.018318653106689453,0.6499999761581421,0.0,-0.23432695865631104,True,True,deadlock_progress_release,deadlock_progress_release,0,0,0,0,low_progress_release_persist,0,0,0,False,False,False,False,False,False,False,False,True,0.9408727206136469,1.738982832331413,0.0,False,max_steps,vehicle,12.862648010253906,low_speed_overlap,False,,inf,inf,inf,inf,inf,inf,inf,inf,0.0,{'ROAD_LINE_BROKEN_SINGLE_WHITE'},True,True,raw_collision_risk:collision,False,False,,0,False,,False,0,0,static_obstacle,1.5607489823977276,3.84039668946624,0.8762250500719793,inf,False,False,8.989923030334001,2.4852518691209284,0.028307350100211293,True,False,1,0,,True,False,0.0,0.8234969629335351,-0.9835204124552586,1.9395456542968748,0.0,collision,True,low_progress_release,,False,False,0.0,inf,inf,inf,False,0.0,,,
6000,1029,1,268,268,0.08668696880340576,0.892261266708374,0.08668696880340576,0.6499999761581421,0.0,-0.24226129055023193,True,True,deadlock_progress_release,deadlock_progress_release,0,0,0,0,low_progress_release_persist,0,0,0,False,False,False,False,False,False,False,False,True,0.9415438343925144,1.9294479260056367,0.0,False,max_steps,vehicle,12.705299377441406,low_speed_overlap,False,,inf,inf,inf,inf,inf,inf,inf,inf,0.0,{'ROAD_LINE_BROKEN_SINGLE_WHITE'},True,True,raw_collision_risk:collision,False,False,,0,False,,False,0,0,static_obstacle,1.4252574817033288,3.6716727710872314,0.901859319419299,inf,False,False,7.878246909337344,2.111391040108606,0.0,True,False,1,0,,True,False,0.0,1.6599154377061196,-0.9017262579267693,1.9218149414062498,0.0,collision,True,low_progress_release,,False,False,0.0,inf,inf,inf,False,0.0,,,
6000,1029,1,269,269,0.04073619842529297,0.8186970949172974,0.04073619842529297,0.6499999761581421,0.0,-0.16869711875915527,True,True,deadlock_progress_release,deadlock_progress_release,0,0,0,0,low_progress_release_persist,0,0,0,False,False,False,False,False,False,False,False,True,0.9422888033509922,2.124354554050211,0.0,False,max_steps,vehicle,12.528167724609375,low_speed_overlap,False,,inf,inf,inf,inf,inf,inf,inf,inf,0.0,{'ROAD_LINE_BROKEN_SINGLE_WHITE'},True,True,raw_collision_risk:collision,False,False,,0,False,,False,0,0,static_obstacle,1.271580452480875,3.4924608678346063,0.9044648238629733,inf,False,False,7.013382784654078,1.8100829883834881,0.0,True,False,1,0,,True,False,0.0,1.311290854609501,-0.9665602398579736,1.9088449707031248,0.0,collision,True,low_progress_release,,False,False,0.0,inf,inf,inf,False,0.0,,,
6000,1029,1,270,270,0.057967424392700195,0.818396806716919,0.1027834415435791,-0.08290303498506546,0.044816017150878906,-0.9012998342514038,True,True,predictive_recovery,keep_pass,1.6752471923828125,2.0,10,1,,0,0,0,False,False,False,False,False,False,False,False,True,0.9430685174859439,1.8894569746686767,0.0,False,max_steps,vehicle,12.33154296875,low_speed_overlap,False,,inf,inf,inf,2.60909732176864,-0.9673075889877485,1.8992471923828123,-5.515581754152111,-0.9242471923828125,0.45760286565973807,{'ROAD_LINE_BROKEN_SINGLE_WHITE'},True,True,raw_collision_risk:cut_in_danger,False,False,,0,False,raw_predicted_collision,False,0,0,static_obstacle,1.101123530642664,3.301116090818364,0.8907442460428472,inf,False,False,6.273751370824949,1.5539383877915227,0.0,True,False,1,0,,True,False,0.0005021573786870403,0.7983261420710432,-0.959628744385421,1.8992471923828123,0.0,cut_in_danger,True,raw_collision_risk:cut_in_danger,,False,False,0.0,2.60909732176864,-0.9673075889877485,1.8992471923828123,False,-155.95206914000673,,,
6000,1029,1,271,271,0.049756526947021484,0.42310667037963867,0.09806002676486969,0.0,0.048303499817848206,-0.42310667037963867,True,True,predictive_recovery,keep_pass,1.6661376953125,1.8894569746686767,10,1,,0,0,0,False,False,False,False,False,False,False,False,True,0.9437843201523564,1.8528648793167561,0.0,False,max_steps,vehicle,12.125747680664062,low_speed_overlap,False,,inf,inf,inf,2.7543067772752017,-0.9583332000332312,1.8901376953124998,-5.443390159312899,-0.9151376953125,0.44429088983326404,{'ROAD_LINE_BROKEN_SINGLE_WHITE'},True,True,raw_collision_risk:collision,False,False,,0,False,raw_predicted_collision,False,0,0,static_obstacle,0.9250487863153138,3.101976985680296,0.874858035515504,inf,False,False,6.9573678237212455,1.6417293578353322,0.0,True,False,1,0,,True,False,0.0,1.5022152026607727,-0.9584288878907334,1.8901376953124998,0.0,collision,True,raw_collision_risk:collision,,False,False,0.0,2.7543067772752017,-0.9583332000332312,1.8901376953124998,False,-187.15135555371108,,,
6000,1029,1,272,272,0.10272789001464844,0.5716555118560791,0.09130935370922089,0.0,-0.011418536305427551,-0.5716555118560791,True,True,predictive_recovery,keep_pass,1.6604766845703125,1.8528648793167561,10,1,,0,0,0,False,False,False,False,False,False,False,False,True,0.944483415071679,1.816586521455573,0.0,False,max_steps,vehicle,11.936820983886719,low_speed_overlap,False,,inf,inf,inf,2.6732008657625346,-0.9436084247116197,1.8844766845703123,-5.545891444108921,-0.9094766845703125,0.44962249750978744,{'ROAD_LINE_BROKEN_SINGLE_WHITE'},True,True,raw_collision_risk:collision,False,False,,0,False,raw_predicted_collision,False,0,0,static_obstacle,0.7648376123810443,2.9227043126534906,0.8538304894161666,inf,False,False,6.992623641530087,1.5773974374921704,0.0,True,False,1,0,,True,False,0.0,1.6457797383458792,-0.9367033336569632,1.8844766845703123,0.0,collision,True,raw_collision_risk:collision,,False,False,0.0,2.6732008657625346,-0.9436084247116197,1.8844766845703123,False,-191.31747154526334,,,
6000,1029,1,273,273,0.17125773429870605,0.43178272247314453,0.08429785817861557,0.0,-0.08695987612009048,-0.43178272247314453,True,True,predictive_recovery,keep_pass,1.6558837890625,1.816586521455573,10,1,,0,0,0,False,False,False,False,False,False,False,False,True,0.9451687795760056,1.7803873435304443,0.0,False,max_steps,vehicle,11.752304077148438,low_speed_overlap,False,,inf,inf,inf,2.6064617591388894,-0.9444165254692185,1.8798837890624998,-5.644944244642497,-0.9048837890625,0.45470829944782115,{'ROAD_LINE_BROKEN_SINGLE_WHITE'},True,True,raw_collision_risk:collision,False,False,,0,False,raw_predicted_collision,False,0,0,static_obstacle,0.6107114096093145,2.7481375575287754,0.8332319596587419,inf,False,False,7.04532905360888,1.5128030099699188,0.0,True,False,1,0,,True,False,0.0,1.2355853029207662,-0.9331174762651016,1.8798837890624998,0.0,collision,True,raw_collision_risk:collision,,False,False,0.0,2.6064617591388894,-0.9444165254692185,1.8798837890624998,False,-188.41704447265118,,,
6000,1029,1,274,274,0.22864246368408203,0.6313431262969971,0.07764142006635666,0.0,-0.15100103616714478,-0.6313431262969971,True,True,predictive_recovery,keep_pass,1.65185546875,1.7803873435304443,10,1,,0,0,0,False,False,False,False,False,False,False,False,True,0.9458404136653362,1.7441906834299419,0.0,False,max_steps,vehicle,11.5714111328125,low_speed_overlap,False,,inf,inf,inf,2.5317649362425967,-0.9454187001920846,1.8758554687499998,-5.29568141360508,-0.90085546875,0.4123098365575069,{'ROAD_LINE_BROKEN_SINGLE_WHITE'},True,True,raw_collision_risk:collision,False,False,,0,False,raw_predicted_collision,False,0,0,static_obstacle,0.4624187879937038,2.5765993775592015,0.8146616166314713,inf,False,False,7.086255496792249,1.4472128140665712,0.0,True,False,1,0,,True,False,0.0,1.1942531291925418,-0.8785804496565448,1.8758554687499998,0.0,collision,True,raw_collision_risk:collision,,False,False,0.0,2.5317649362425967,-0.9454187001920846,1.8758554687499998,False,-193.6335913344705,,,
6000,1029,1,275,275,0.2113027572631836,0.8367856740951538,0.07153844088315964,0.0,-0.13976430892944336,-0.8367856740951538,True,True,predictive_recovery,keep_pass,1.6482391357421875,1.7441906834299419,10,1,,0,0,0,False,False,False,False,False,False,False,False,True,0.9464984040580814,1.7079727088863614,0.0,False,max_steps,vehicle,11.394142150878906,low_speed_overlap,False,,inf,inf,inf,2.4716977494684715,-0.9383919160704115,1.8722391357421873,-5.397164911287806,-0.8972391357421875,0.4164669914554173,{'ROAD_LINE_BROKEN_SINGLE_WHITE'},True,True,raw_collision_risk:collision,False,False,,0,False,raw_predicted_collision,False,0,0,static_obstacle,0.32025017579147014,2.4078290627685037,0.7984276214357093,inf,False,False,7.14575551861971,1.3804849926348193,0.0,True,False,1,0,,True,False,0.0,1.8212638146122564,-0.9087639535428811,1.8722391357421873,0.0,collision,True,raw_collision_risk:collision,,False,False,0.0,2.4716977494684715,-0.9383919160704115,1.8722391357421873,False,-199.17650738943212,,,
6000,1029,1,276,276,0.0713047981262207,0.8293092250823975,0.06601779907941818,0.0,-0.005286999046802521,-0.8293092250823975,True,True,predictive_recovery,keep_pass,1.6449432373046875,1.7079727088863614,10,1,,0,0,0,False,False,False,False,False,False,False,False,True,0.9471427218481042,1.671728832875144,0.0,False,max_steps,vehicle,11.220474243164062,low_speed_overlap,False,,inf,inf,inf,2.4039995860405,-0.9283380589273562,1.8689432373046873,-5.495221267668937,-0.8939432373046875,0.42144577682592194,{'ROAD_LINE_BROKEN_SINGLE_WHITE'},True,True,raw_collision_risk:collision,False,False,,0,False,raw_predicted_collision,False,0,0,static_obstacle,0.18447311305663722,2.2417855329177656,0.7844239126130752,inf,False,False,7.193282107260678,1.3125417761384857,0.0,True,False,1,0,,True,False,0.0,1.7129499226980207,-0.9272414590951041,1.8689432373046873,0.0,collision,True,raw_collision_risk:collision,,False,False,0.0,2.4039995860405,-0.9283380589273562,1.8689432373046873,False,-199.50896142356618,,,
6000,1029,1,277,277,0.033290743827819824,0.8566164970397949,0.061038970947265625,0.0,0.0277482271194458,-0.8566164970397949,True,True,predictive_recovery,keep_pass,1.6419525146484375,1.671728832875144,10,1,,0,0,0,False,False,False,False,False,False,False,False,True,0.947773309223131,1.635463549853523,0.0,False,max_steps,vehicle,11.0504150390625,low_speed_overlap,False,,inf,inf,inf,2.350993687901766,-0.9342248695177153,1.8659525146484373,-5.171901496428649,-0.8909525146484375,0.37928776330682223,{'ROAD_LINE_BROKEN_SINGLE_WHITE'},True,True,raw_collision_risk:collision,False,False,,0,False,raw_predicted_collision,False,0,0,static_obstacle,0.055357524242599154,2.0785539437594753,0.7723633377653014,inf,False,False,7.260929722763702,1.2433559216566528,0.0,True,False,1,0,,True,False,0.0,1.5863223357324236,-0.9345050690895365,1.8659525146484373,0.0,collision,True,raw_collision_risk:collision,,False,False,0.0,2.350993687901766,-0.9342248695177153,1.8659525146484373,False,-200.50610277297787,,,
6000,1029,1,278,278,0.022392749786376953,0.7568663358688354,0.05654338002204895,0.0,0.034150630235672,-0.7568663358688354,True,True,predictive_recovery,keep_pass,1.63922119140625,1.635463549853523,10,1,,0,0,0,False,False,False,False,False,False,False,False,True,0.9483901661831617,1.5991811620170018,0.0,False,max_steps,vehicle,10.883979797363281,low_speed_overlap,False,,inf,inf,inf,2.290392922930708,-0.9321105061809216,1.8632211914062498,-5.272130860463806,-0.88822119140625,0.383217968726411,{'ROAD_LINE_BROKEN_SINGLE_WHITE'},True,True,raw_collision_risk:collision,False,False,,0,False,raw_predicted_collision,False,0,0,static_obstacle,0.0,1.9182452886443755,0.7619910968039885,inf,False,False,7.31636222869344,1.1729061701290617,0.0,True,False,1,0,,True,False,0.0,1.613271400068331,-0.9312147037609264,1.8632211914062498,0.0,collision,True,raw_collision_risk:collision,,False,False,0.0,2.290392922930708,-0.9321105061809216,1.8632211914062498,False,-198.57683352510054,,,
6000,1029,1,279,279,0.08409440517425537,0.8467285633087158,0.05247713252902031,0.0,-0.03161727264523506,-0.8467285633087158,True,True,predictive_recovery,keep_pass,1.6367340087890625,1.5991811620170018,10,1,,0,0,0,False,False,False,False,False,False,False,False,True,0.9489932927281965,1.562884463140035,0.0,False,max_steps,vehicle,10.721168518066406,low_speed_overlap,False,,inf,inf,inf,2.244460365273493,-0.9227163571815129,1.8607340087890623,-5.368924385784952,-0.8857340087890625,0.38653600235043417,{'ROAD_LINE_BROKEN_SINGLE_WHITE'},True,True,raw_collision_risk:collision,False,False,,0,False,raw_predicted_collision,False,0,0,static_obstacle,0.0,1.7609459448077347,0.7530599290498929,inf,False,False,7.393634830068845,1.1011547575927567,0.0,True,False,1,0,,True,False,0.0,1.3818968510546052,-0.9182220848391571,1.8607340087890623,0.0,collision,True,raw_collision_risk:collision,,False,False,0.0,2.244460365273493,-0.9227163571815129,1.8607340087890623,False,-201.28633597242097,,,
6000,1029,1,280,280,0.05817127227783203,0.9420387744903564,0.048793334513902664,0.0,-0.009377937763929367,-0.9420387744903564,True,True,predictive_recovery,keep_pass,1.63446044921875,1.562884463140035,10,1,,0,0,0,False,False,False,False,False,False,False,False,True,0.9495826888582354,1.5265768684364707,0.0,False,max_steps,vehicle,10.561981201171875,low_speed_overlap,False,,inf,inf,inf,2.190922921706212,-0.9249073856940218,1.8584604492187498,-5.071566324983047,-0.88346044921875,0.3446129218643176,{'ROAD_LINE_BROKEN_SINGLE_WHITE'},True,True,raw_collision_risk:collision,False,False,,0,False,raw_predicted_collision,False,0,0,static_obstacle,0.0,1.606728828380977,0.7453754988882032,inf,False,False,7.458375289188194,1.0280534910129269,0.0,True,False,1,0,,True,False,0.0,1.2283978044414514,-0.89647672375278,1.8584604492187498,0.0,collision,True,raw_collision_risk:collision,,False,False,0.0,2.190922921706212,-0.9249073856940218,1.8584604492187498,False,-203.9478138686265,,,
6000,1029,1,281,281,0.16477715969085693,0.9435725212097168,0.04545164853334427,0.0,-0.11932551115751266,-0.9435725212097168,True,True,predictive_recovery,keep_pass,1.6324005126953125,1.5265768684364707,10,1,,0,0,0,False,False,False,False,False,False,False,False,True,0.9501582678548677,1.4902596941264292,0.0,False,max_steps,vehicle,10.406417846679688,low_speed_overlap,False,,inf,inf,inf,2.152017737351478,-0.9259594058084566,1.8564005126953123,-5.170582230537333,-0.8814005126953125,0.34683638280361967,{'ROAD_LINE_BROKEN_SINGLE_WHITE'},True,True,raw_collision_risk:collision,False,False,,0,False,raw_predicted_collision,False,0,0,static_obstacle,0.0,1.4556564984904357,0.7387453892663666,inf,False,False,7.546901048881935,0.9535428766068805,0.0,True,False,1,0,,True,False,0.0,1.1345298819494065,-0.8882442386961764,1.8564005126953123,0.0,collision,True,raw_collision_risk:collision,,False,False,0.0,2.152017737351478,-0.9259594058084566,1.8564005126953123,False,-204.4912601154647,,,
6000,1029,1,282,282,-0.1001819372177124,0.7281098365783691,0.04241672903299332,0.0,0.14259865880012512,-0.7281098365783691,True,True,predictive_recovery,keep_pass,1.630523681640625,1.4902596941264292,10,1,,0,0,0,False,False,False,False,False,False,False,False,True,0.9507200586242303,1.4539351567601477,0.0,False,max_steps,vehicle,10.254501342773438,low_speed_overlap,False,,inf,inf,inf,2.105523161456142,-0.9198390650740504,1.8545236816406248,-5.266156159564904,-0.879523681640625,0.3497492344083412,{'ROAD_LINE_BROKEN_SINGLE_WHITE'},True,True,raw_collision_risk:collision,False,False,,0,False,raw_predicted_collision,False,0,0,static_obstacle,0.0,1.3078046693013492,0.7330349309312215,inf,False,False,7.622550209966623,0.8775683019917997,0.14929710311506122,True,False,1,0,,True,False,0.0,1.268085643100969,-0.9083070535736331,1.8545236816406248,3.0,collision,True,raw_collision_risk:collision,,False,False,0.0,2.105523161456142,-0.9198390650740504,1.8545236816406248,False,-234.72483318466962,,,
6000,1029,1,283,283,-0.1060488224029541,0.7329224348068237,0.039657048881053925,0.0,0.14570587873458862,-0.7329224348068237,True,True,predictive_recovery,keep_pass,1.6288299560546875,1.4539351567601477,10,1,,0,0,0,False,False,False,False,False,False,False,False,True,0.9512681189785969,1.4176041764716278,0.0,False,max_steps,vehicle,10.106224060058594,low_speed_overlap,False,,inf,inf,inf,2.073650429584457,-0.91824843731495,1.8528299560546873,-4.994815544857324,-0.8778299560546875,0.3074483716202826,{'ROAD_LINE_BROKEN_SINGLE_WHITE'},True,True,raw_collision_risk:collision,False,False,,0,False,raw_predicted_collision,False,0,0,static_obstacle,0.0,1.1632128802198374,0.7281001657610343,inf,False,False,7.724246734150116,0.8000445376201395,0.15418811122466813,True,False,1,0,,True,False,0.0,1.1741175316673624,-0.9189809852768249,1.8528299560546873,3.0,collision,True,raw_collision_risk:collision,,False,False,0.0,2.073650429584457,-0.91824843731495,1.8528299560546873,False,-235.16846085476922,,,
6000,1029,1,284,284,-0.14752322435379028,0.7911107540130615,0.037144556641578674,0.0,0.18466778099536896,-0.7911107540130615,True,True,predictive_recovery,keep_pass,1.62725830078125,1.4176041764716278,10,1,,0,0,0,False,False,False,False,False,False,False,False,True,0.9518024489179675,1.3812678855894527,0.0,False,max_steps,vehicle,9.961570739746094,low_speed_overlap,False,,inf,inf,inf,2.03417252479244,-0.9208335327673305,1.8512583007812498,-5.092627515957432,-0.87625830078125,0.30935105567009913,{'ROAD_LINE_BROKEN_SINGLE_WHITE'},True,True,raw_collision_risk:collision,False,False,,0,False,raw_predicted_collision,False,0,0,static_obstacle,0.0,1.0219055411948206,0.7238773296945459,inf,False,False,7.8126628432782885,0.7208680378879183,0.20912953897049408,True,False,1,0,,True,False,0.0,0.9924441174659338,-0.920804066614233,1.8512583007812498,3.0,collision,True,raw_collision_risk:collision,,False,False,0.0,2.03417252479244,-0.9208335327673305,1.8512583007812498,False,-237.0964620400278,,,
6000,1029,1,285,285,-0.07170575857162476,0.9018352031707764,0.034854285418987274,0.0,0.10656004399061203,-0.9018352031707764,True,True,predictive_recovery,keep_pass,1.625823974609375,1.3812678855894527,10,1,,0,0,0,False,False,False,False,False,False,False,False,True,0.9523230484423422,1.34492743190273,0.0,False,max_steps,vehicle,9.820541381835938,low_speed_overlap,False,,inf,inf,inf,2.009288303529663,-0.9164106710847004,1.8498239746093748,-5.187028715992217,-0.874823974609375,0.3105823421479028,{'ROAD_LINE_BROKEN_SINGLE_WHITE'},True,True,raw_collision_risk:collision,False,False,,0,False,raw_predicted_collision,False,0,0,static_obstacle,0.0,0.8839194634285006,0.7202435545210472,inf,False,False,7.929754930817075,0.6399334065826703,0.0990448615268159,True,False,1,0,,True,False,0.0,0.80929746477105,-0.9144983547566474,1.8498239746093748,3.0,collision,True,raw_collision_risk:collision,,False,False,0.0,2.009288303529663,-0.9164106710847004,1.8498239746093748,False,-240.30362475193215,,,
6000,1029,1,286,286,0.020429372787475586,0.9722306728363037,0.03276408836245537,0.0,0.012334715574979782,-0.9722306728363037,True,True,predictive_recovery,keep_pass,1.62451171875,1.34492743190273,10,1,,0,0,0,False,False,False,False,False,False,False,False,True,0.9528298308333103,1.3085835767026162,0.0,False,max_steps,vehicle,9.683135986328125,low_speed_overlap,False,,inf,inf,inf,1.9767920972907542,-0.9142721508766201,1.8485117187499998,-2.264439333702036,-0.87351171875,0.2681495093219129,{'ROAD_LINE_BROKEN_SINGLE_WHITE'},True,True,raw_collision_risk:collision,False,False,,0,False,raw_predicted_collision,False,0,0,static_obstacle,0.0,0.7492861142157969,0.7171209169976144,inf,False,False,8.033158337290244,0.5571201065887605,0.0,True,False,1,0,,True,False,0.03268484943270813,0.691050501890973,-0.9008362764027398,1.8485117187499998,3.0,collision,True,raw_collision_risk:collision,,False,False,0.0,1.9767920972907542,-0.9142721508766201,1.8485117187499998,False,-242.08871468620802,,,
6000,1029,1,287,287,-0.08907407522201538,0.9254794120788574,0.03085435926914215,0.0,0.11992843449115753,-0.9254794120788574,True,True,predictive_recovery,keep_pass,1.6233062744140625,1.3085835767026162,10,1,,0,0,0,False,False,False,False,False,False,False,False,True,0.9533228249970087,1.2722361639933932,0.0,False,max_steps,vehicle,9.54937744140625,low_speed_overlap,False,,inf,inf,inf,1.9588980259008415,-0.916891996023151,1.8473062744140623,-2.246360005359673,-0.8723062744140625,0.26828577353197597,{'ROAD_LINE_BROKEN_SINGLE_WHITE'},True,True,raw_collision_risk:collision,False,False,,0,False,raw_predicted_collision,False,0,0,static_obstacle,0.0,0.6180559590028963,0.7144444284140506,inf,False,False,8.168380485573806,0.47230912110350703,0.11656087194550277,True,False,1,0,,True,False,0.04673459936592123,0.6442180021135959,-0.9018991599687909,1.8473062744140623,3.0,collision,True,raw_collision_risk:collision,,False,False,0.0,1.9588980259008415,-0.916891996023151,1.8473062744140623,False,-241.32766587228105,,,
6000,1029,1,288,288,-0.21126341819763184,0.834201455116272,0.029107654467225075,0.0,0.24037107825279236,-0.834201455116272,True,True,predictive_recovery,keep_pass,1.6221923828125,1.2722361639933932,10,1,,0,0,0,False,False,False,False,False,False,False,False,True,0.9538020887457112,1.2358866375354005,0.0,False,max_steps,vehicle,9.419258117675781,low_speed_overlap,False,,inf,inf,inf,1.9334128658538954,-0.9127024568239979,1.8461923828124998,-2.2362366392895643,-0.8711923828125,0.2688697561802969,{'ROAD_LINE_BROKEN_SINGLE_WHITE'},True,True,raw_collision_risk:collision,False,False,,0,False,raw_predicted_collision,False,0,0,static_obstacle,0.0,0.4902456714434363,0.712159038848,inf,False,False,8.289519242270558,0.38534171981451565,0.26877696075988716,True,False,1,0,,True,False,0.0,1.816846597114162,-0.9121602155905979,1.8461923828124998,3.0,collision,True,raw_collision_risk:collision,,False,False,0.0,1.9334128658538954,-0.9127024568239979,1.8461923828124998,False,-239.96781148125913,,,
6000,1029,1,289,289,-0.01430600881576538,0.9305944442749023,0.02750839665532112,0.0,0.0418144054710865,-0.9305944442749023,True,True,predictive_recovery,keep_pass,1.621185302734375,1.2358866375354005,10,1,,0,0,0,False,False,False,False,False,False,False,False,True,0.9542676220794176,1.1995352461932507,0.0,False,max_steps,vehicle,9.292762756347656,low_speed_overlap,False,,inf,inf,inf,1.922491355645398,-0.9124735532524186,1.8451853027343748,-2.2113117218847425,-0.870185302734375,0.2690363530535361,{'ROAD_LINE_BROKEN_SINGLE_WHITE'},True,True,raw_collision_risk:collision,False,False,,0,False,raw_predicted_collision,False,0,0,static_obstacle,0.0,0.365862106692805,0.7101882719829274,inf,False,False,8.446214415471438,0.2960320919258465,0.017680605131868074,True,False,1,0,,True,False,0.0,1.7415748661814248,-0.9147759067169421,1.8451853027343748,3.0,collision,True,raw_collision_risk:collision,,False,False,0.0,1.922491355645398,-0.9124735532524186,1.8451853027343748,False,-242.81568083345232,,,
6000,1029,1,290,290,0.03439021110534668,0.9800333976745605,0.026042744517326355,0.0,-0.008347466588020325,-0.9800333976745605,True,True,predictive_recovery,keep_pass,1.6202545166015625,1.1995352461932507,10,1,,0,0,0,False,False,False,False,False,False,False,False,True,0.9547192804674439,1.1631816134777608,0.0,False,max_steps,vehicle,9.169891357421875,low_speed_overlap,False,,inf,inf,inf,1.9039631418515763,-0.9137308455018491,1.8442545166015623,-2.1943649077268734,-0.8692545166015625,0.2695440477967507,{'ROAD_LINE_BROKEN_SINGLE_WHITE'},True,True,raw_collision_risk:collision,False,False,,0,False,raw_predicted_collision,False,0,0,static_obstacle,0.0,0.24492388272161966,0.7085097259115415,inf,False,False,8.588415049466342,0.20418231435790699,0.0,True,False,1,0,,True,False,0.0,1.6651657357281748,-0.9103618780988021,1.8442545166015623,3.0,collision,True,raw_collision_risk:collision,,False,False,0.0,1.9039631418515763,-0.9137308455018491,1.8442545166015623,False,-244.5210788646953,,,
6000,1029,1,291,291,0.03744196891784668,0.9869494438171387,0.024698317050933838,0.0,-0.012743651866912842,-0.9869494438171387,True,True,predictive_recovery,keep_pass,1.6194000244140625,1.1631816134777608,10,1,,0,0,0,False,False,False,False,False,False,False,False,True,0.9551572084404742,1.126826633946257,0.0,False,max_steps,vehicle,9.050682067871094,low_speed_overlap,False,,inf,inf,inf,1.9000347884252036,-0.90844333814242,1.8434000244140623,-2.162577959366786,-0.8684000244140625,0.26931445062757636,{'ROAD_LINE_BROKEN_SINGLE_WHITE'},True,True,raw_collision_risk:collision,False,False,,0,False,raw_predicted_collision,False,0,0,static_obstacle,0.0,0.12748624978731496,0.707077993003227,inf,False,False,8.770776362670373,0.10960132821060312,0.0,True,False,1,0,,True,False,0.0,1.5970000005973222,-0.8996250287529488,1.8434000244140623,3.0,collision,True,raw_collision_risk:collision,,False,False,0.0,1.9000347884252036,-0.90844333814242,1.8434000244140623,False,-245.18256361573327,,,
6000,1029,1,292,292,0.0861663818359375,0.9898761510848999,0.023464035242795944,0.0,-0.06270234286785126,-0.9898761510848999,True,True,predictive_recovery,keep_pass,1.618621826171875,1.126826633946257,10,1,,0,0,0,False,False,False,False,False,False,False,False,True,0.9555814059985085,1.0904706878466477,0.0,False,max_steps,vehicle,8.935096740722656,low_speed_overlap,False,,inf,inf,inf,1.8884981828231342,-0.8972990468344968,1.8426218261718748,-2.138771252563419,-0.867621826171875,0.26942606366172,{'ROAD_LINE_BROKEN_SINGLE_WHITE'},True,True,raw_collision_risk:collision,False,False,,0,False,raw_predicted_collision,False,0,0,static_obstacle,0.0,0.013526268394066478,0.7058522169090938,inf,False,False,8.938303504758911,0.012003859321904883,0.0,True,False,1,0,,True,False,0.0,1.5276884528133716,-0.8832986986022742,1.8426218261718748,3.0,collision,True,raw_collision_risk:collision,,False,False,0.0,1.8884981828231342,-0.8972990468344968,1.8426218261718748,False,-245.45583617015538,,,
6000,1029,1,293,293,-0.02493959665298462,0.9874573945999146,0.022329971194267273,0.0,0.04726956784725189,-0.9874573945999146,True,True,predictive_recovery,keep_pass,1.617889404296875,1.0904706878466477,10,1,,0,0,0,False,False,False,False,False,False,False,False,True,0.9559917864231363,1.0541138761771807,0.0,False,max_steps,vehicle,8.823135375976562,low_speed_overlap,False,,inf,inf,inf,1.8915238619219337,-0.880975690105603,1.8418894042968748,-2.1001677051230865,-0.866889404296875,0.2687909896262696,{'ROAD_LINE_BROKEN_SINGLE_WHITE'},True,True,raw_collision_risk:collision,False,False,,0,False,raw_predicted_collision,False,0,0,static_obstacle,0.0,-0.09694300329943958,0.7048279266802248,inf,False,False,9.151584539423524,inf,0.02719589911679809,True,False,1,0,,True,False,0.0,1.4665656828762361,-0.862094325845673,1.8418894042968748,3.0,collision,True,raw_collision_risk:collision,,False,False,0.0,1.8915238619219337,-0.880975690105603,1.8418894042968748,False,-245.38289875741467,,,
6000,1029,1,294,294,-0.07108032703399658,0.9921674728393555,0.02128724567592144,0.0,0.09236757457256317,-0.9921674728393555,True,True,predictive_recovery,keep_pass,1.6172027587890625,1.0541138761771807,10,1,,0,0,0,False,False,False,False,False,False,False,False,True,0.9563883786204944,1.017756223226108,0.0,False,max_steps,vehicle,8.714820861816406,low_speed_overlap,False,,inf,inf,inf,1.8869701708487905,-0.8601880715944934,1.8412027587890623,-2.0695234686954014,-0.8662027587890625,0.26848349532058974,{'ROAD_LINE_BROKEN_SINGLE_WHITE'},True,True,raw_collision_risk:collision,False,False,,0,False,raw_predicted_collision,False,0,0,static_obstacle,0.0,-0.203886568587561,0.703974933209727,inf,False,False,9.349817398702601,inf,0.07492675904974778,True,False,1,0,,True,False,0.0,1.4043193434610575,-0.836748208549178,1.8412027587890623,3.0,collision,True,raw_collision_risk:collision,,False,False,0.0,1.8869701708487905,-0.8601880715944934,1.8412027587890623,False,-245.50280786106197,,,
6000,1029,1,295,295,-0.1432865858078003,0.9895445108413696,0.020327959209680557,0.0,0.16361454129219055,-0.9895445108413696,True,True,predictive_recovery,keep_pass,1.6165924072265625,1.017756223226108,10,1,,0,0,0,False,False,False,False,False,False,False,False,True,0.9567712404028565,0.9813974461241706,0.0,False,max_steps,vehicle,8.610145568847656,low_speed_overlap,False,,inf,inf,inf,1.8969831729227482,-0.8356600538720056,1.8405924072265623,-2.024067664099172,-0.8655924072265625,0.2674405318327484,{'ROAD_LINE_BROKEN_SINGLE_WHITE'},True,True,raw_collision_risk:collision,False,False,,0,False,raw_predicted_collision,False,0,0,static_obstacle,0.0,-0.3073009024911785,0.7032358868617495,inf,False,False,9.600871834505794,inf,0.14583081441071047,True,False,1,0,,True,False,0.0,1.3502430867832045,-0.8079921554776612,1.8405924072265623,3.0,collision,True,raw_collision_risk:collision,,False,False,0.0,1.8969831729227482,-0.8356600538720056,1.8405924072265623,False,-245.45752025876686,,,
6000,1029,1,296,296,-0.20011329650878906,0.9848198890686035,0.019444923847913742,0.0,0.2195582240819931,-0.9848198890686035,True,True,predictive_recovery,keep_pass,1.6160125732421875,0.9813974461241706,10,1,,0,0,0,False,False,False,False,False,False,False,False,True,0.9571403428640859,0.9450384099443461,0.0,False,max_steps,vehicle,8.50909423828125,low_speed_overlap,False,,inf,inf,inf,1.899399631309492,-0.8080076044098075,1.8400125732421873,-1.9865930649715895,-0.8650125732421875,0.26695430499906914,{'ROAD_LINE_BROKEN_SINGLE_WHITE'},True,True,raw_collision_risk:collision,False,False,,0,False,raw_predicted_collision,False,0,0,static_obstacle,0.0,-0.4071922310319787,0.7026330124231813,inf,False,False,9.836829321269754,inf,0.19639067812921449,True,False,1,0,,True,False,0.0,1.2950181482019971,-0.7764411762971581,1.8400125732421873,3.0,collision,True,raw_collision_risk:collision,,False,False,0.0,1.899399631309492,-0.8080076044098075,1.8400125732421873,False,-245.37954029427644,,,
6000,1029,1,297,297,-0.18622475862503052,0.9752001762390137,0.01863168552517891,0.0,0.20485644042491913,-0.9752001762390137,True,True,predictive_recovery,keep_pass,1.615478515625,0.9450384099443461,10,1,,0,0,0,False,False,False,False,False,False,False,False,True,0.9574955992857719,0.9086783795234521,0.0,False,max_steps,vehicle,9.562088012695312,low_speed_overlap,False,,inf,inf,inf,1.9163839752708394,-0.7778721691571409,1.8394785156249998,-0.7839033519770409,-0.864478515625,0.2055588602204855,{'ROAD_LINE_BROKEN_SINGLE_WHITE'},True,True,raw_collision_risk:collision,False,False,,0,False,raw_predicted_collision,False,0,0,static_obstacle,0.0,-0.5035440204246717,0.7021307655909322,inf,False,False,10.134579411798242,inf,0.17598954978326847,True,False,1,0,,True,False,0.0,1.2479409355418838,-0.7427286768495527,1.8394785156249998,3.0,collision,True,raw_collision_risk:collision,,False,False,0.0,1.9163839752708394,-0.7778721691571409,1.8394785156249998,False,-247.5993238240279,,,
6000,1029,1,298,298,-0.4218714237213135,0.8932008743286133,0.01788250543177128,0.0,0.439753919839859,-0.8932008743286133,True,True,predictive_recovery,keep_pass,1.6150054931640625,0.9086783795234521,10,1,,0,0,0,False,False,False,False,False,False,False,False,True,0.9578371252924618,0.8723180468664635,0.0,False,max_steps,vehicle,9.468338012695312,low_speed_overlap,False,,inf,inf,inf,1.925792537912002,-0.7458563373352114,1.8390054931640623,-0.7395631249876562,-0.8640054931640625,0.20432242240261003,{'ROAD_LINE_BROKEN_SINGLE_WHITE'},True,True,raw_collision_risk:collision,False,False,,0,False,raw_predicted_collision,False,0,0,static_obstacle,0.0,-0.596325497195537,0.7016962936549024,inf,False,False,10.417588102406619,inf,0.38334544167433476,True,False,1,0,,True,False,0.0,1.1997272137674884,-0.707444379193807,1.8390054931640623,3.0,collision,True,raw_collision_risk:collision,,False,False,0.0,1.925792537912002,-0.7458563373352114,1.8390054931640623,False,-246.09378111153495,,,
6000,1029,1,299,299,-0.37908220291137695,0.8012194633483887,0.01719219610095024,0.0,0.3962743878364563,-0.8012194633483887,True,True,predictive_recovery,keep_pass,1.6145477294921875,0.8723180468664635,10,1,,0,0,0,False,False,False,False,False,False,False,False,True,0.9581649208841558,0.8359573972973753,0.0,False,max_steps,vehicle,9.378334045410156,low_speed_overlap,False,,inf,inf,inf,1.9497755259157912,-0.712438510707343,1.8385477294921873,-0.6803067044511364,-0.8635477294921875,0.20264232872163726,{'ROAD_LINE_BROKEN_SINGLE_WHITE'},True,True,raw_collision_risk:collision,False,False,,0,False,raw_predicted_collision,False,0,0,static_obstacle,0.0,-0.6855608150440045,0.7013593035750808,inf,False,False,10.774055640990289,inf,0.33068024684548875,True,False,1,0,,True,False,0.0,1.176863694022944,-0.6710493013380494,1.8385477294921873,3.0,collision,True,raw_collision_risk:collision,,False,False,0.0,1.9497755259157912,-0.712438510707343,1.8385477294921873,False,-244.3257136996545,,,
6000,1029,1,300,300,-0.47043418884277344,0.6439886093139648,0.016556063666939735,0.0,0.4869902431964874,-0.6439886093139648,True,True,predictive_recovery,keep_pass,1.6141204833984375,0.8359573972973753,10,1,,0,0,0,False,False,False,False,False,False,False,False,True,0.9584788415301696,0.7995964085401877,0.0,False,max_steps,vehicle,9.291831970214844,low_speed_overlap,False,,inf,inf,inf,1.9661594765945298,-0.6781152350499482,1.8381204833984373,-0.6291567993992802,-0.8631204833984375,0.20119721992124012,{'ROAD_LINE_BROKEN_SINGLE_WHITE'},True,True,raw_collision_risk:collision,False,False,,0,False,raw_predicted_collision,False,0,0,static_obstacle,0.0,-0.7712434958735117,0.7010908248414952,inf,False,False,11.116680311229903,inf,0.3932629401047068,True,False,1,0,,True,False,0.0,1.2442812114323383,-0.6340209300418136,1.8381204833984373,3.0,collision,True,raw_collision_risk:collision,,False,False,0.0,1.9661594765945298,-0.6781152350499482,1.8381204833984373,False,-240.9756928358598,,,
6000,1029,1,301,301,-0.45471668243408203,0.45616674423217773,0.015969853848218918,0.0,0.47068652510643005,-0.45616674423217773,True,True,predictive_recovery,keep_pass,1.613739013671875,0.7995964085401877,10,2,,0,0,0,False,False,False,False,False,False,False,False,True,0.9587790317611874,0.7632352878123184,0.0,False,max_steps,vehicle,9.209114074707031,low_speed_overlap,False,,inf,inf,inf,1.9971554182468956,-0.6895075389969045,1.8377390136718748,-0.5630524196528794,-0.862739013671875,0.19959959958780676,{'ROAD_LINE_BROKEN_SINGLE_WHITE'},True,True,raw_collision_risk:collision,False,False,,0,False,raw_predicted_collision,False,0,0,static_obstacle,0.0,-0.8533295563753756,0.7008640077445124,inf,False,False,11.548330089812714,inf,0.36358982617760105,True,False,1,0,,True,False,0.0,0.8820832961364475,-0.596807115001958,1.8377390136718748,3.0,collision,True,raw_collision_risk:collision,,False,False,0.0,1.9971554182468956,-0.6433530299461709,1.8377390136718748,False,-236.86979759697883,,,
6000,1029,1,302,302,-0.5538154244422913,0.30701756477355957,0.015429770573973656,0.0,0.5692452192306519,-0.30701756477355957,True,True,predictive_recovery,keep_pass,1.6133575439453125,0.7632352878123184,10,1,,0,0,0,False,False,False,False,False,False,False,False,True,0.9590654915772092,0.7268738943096256,0.0,False,max_steps,vehicle,9.129898071289062,low_speed_overlap,False,,inf,inf,inf,2.020559688601526,-0.6084849339739871,1.8373575439453123,-0.505055293487326,-0.8623575439453125,0.19821247972386768,{'ROAD_LINE_BROKEN_SINGLE_WHITE'},True,True,raw_collision_risk:collision,False,False,,0,False,raw_predicted_collision,False,0,0,static_obstacle,0.0,-0.9318526015433577,0.700713604906248,inf,False,False,11.968150436203429,inf,0.42269147486911346,True,False,1,0,,True,False,0.0,0.933157982850874,-0.5597208013072177,1.8373575439453123,3.0,collision,True,raw_collision_risk:collision,,False,False,0.0,2.020559688601526,-0.6084849339739871,1.8373575439453123,False,-233.7302741995518,,,
6000,1029,1,303,303,-0.6815764904022217,-0.08222424983978271,-0.6815764904022217,-0.08222424983978271,0.0,0.0,True,False,inactive_raw_action,raw_action_safe,0,0,0,0,low_risk_verified_passthrough,0,0,0,False,False,False,False,False,False,False,False,True,0.9593101242132326,0.43414882296143953,0.0,False,max_steps,vehicle,9.054428100585938,low_speed_overlap,False,,inf,inf,inf,inf,inf,inf,inf,inf,0.0,{'ROAD_LINE_BROKEN_SINGLE_WHITE'},False,False,,False,False,,0,True,,False,0,0,static_obstacle,0.0,-1.0068072368427006,0.7005540589279892,inf,False,False,12.49815197470155,inf,0.49542015784855,False,False,1,-1,,False,False,0.0,4.079811619048909,-0.6203990621716218,1.8370523681640623,4.0,,False,low_risk_verified,,False,False,0.0,inf,inf,inf,False,0.0,,,
6000,1029,1,304,304,-0.6279960870742798,0.14438128471374512,-0.6279960870742798,0.14438128471374512,0.0,0.0,True,False,inactive_raw_action,raw_action,0,0,10,2,raw_action_safe_or_candidate_not_better,0,0,0,False,False,False,False,False,False,False,False,True,0.959476218875479,0.46841869116499507,0.0,False,max_steps,vehicle,8.989875793457031,low_speed_overlap,False,,inf,inf,inf,1.0440432902962256,-0.5745736293560715,1.8325052490234373,inf,inf,0.0,{'ROAD_LINE_BROKEN_SINGLE_WHITE'},False,False,,False,False,,0,False,vehicle_margin_uncertain_or_low,False,0,0,static_obstacle,0.0,-1.0751470487702768,0.702298621797726,inf,False,False,20.75296884966266,inf,0.27264376202768825,False,False,1,0,,False,False,0.0,1.0440432902962256,-0.5310483151500318,1.8325052490234373,4.0,,False,raw_action_safe_or_candidate_not_better,candidate_not_better,False,False,0.0,1.0440432902962256,-0.5310483151500318,1.8325052490234373,False,-217.69181246454932,,,
6000,1029,1,305,305,-0.4683682322502136,0.6257405281066895,0.02660219930112362,0.0,0.494970440864563,-0.6257405281066895,True,True,predictive_recovery,keep_stop,1.5975189208984375,0.46841869116499507,10,2,,0,0,0,False,False,False,False,False,False,False,False,True,0.9596428049420515,0.41458065299251634,0.0,False,max_steps,vehicle,8.946174621582031,low_speed_overlap,False,,inf,inf,inf,2.7077113968427624,-0.5683956075704313,1.8215189208984373,0.46747831544100427,-0.8465189208984375,0.18400756835937496,{'ROAD_LINE_BROKEN_SINGLE_WHITE'},True,True,raw_collision_risk:collision,False,False,,0,False,raw_predicted_collision,False,0,0,static_obstacle,0.0,-1.1307379171325085,0.7058069245280495,inf,False,False,19.184835203261322,inf,0.2193924343339075,True,False,1,0,,True,False,0.0,1.3895409009623196,-0.4857240949215596,1.8215189208984373,3.0,collision,True,raw_collision_risk:collision,,False,False,0.0,2.7077113968427624,-0.537470629347536,1.8215189208984373,False,-335.22792653062953,,,
6000,1029,1,306,306,-0.5158101916313171,0.14088428020477295,-0.5158101916313171,0.14088428020477295,0.0,0.0,True,False,inactive_raw_action,raw_action,0,0,10,2,raw_action_safe_or_candidate_not_better,0,0,0,False,False,False,False,False,False,False,False,True,0.9598008058859844,0.4407310762182029,0.0,False,max_steps,vehicle,8.9022216796875,low_speed_overlap,False,,inf,inf,inf,1.065875561551195,-0.5129879527534109,1.8120432128906248,inf,inf,0.0,{'ROAD_LINE_BROKEN_SINGLE_WHITE'},False,False,,False,False,,0,False,vehicle_margin_uncertain_or_low,False,0,0,static_obstacle,0.0,-1.1856858934966075,0.7077024711110372,inf,False,False,21.464613172995378,inf,0.21384492606670644,False,False,1,0,,False,False,0.0,1.065875561551195,-0.4688388149072143,1.8120432128906248,4.0,,False,raw_action_safe_or_candidate_not_better,candidate_not_better,False,False,0.0,1.065875561551195,-0.4688388149072143,1.8120432128906248,False,-217.7673658778254,,,
6000,1029,1,307,307,-0.5478292107582092,0.3651481866836548,0.0391102060675621,0.0,0.5869393944740295,-0.3651481866836548,True,True,predictive_recovery,keep_stop,1.582794189453125,0.4407310762182029,10,1,,0,0,0,False,False,False,False,False,False,False,False,True,0.9599605411981273,0.3958125899988997,0.0,False,max_steps,vehicle,8.86065673828125,low_speed_overlap,False,,inf,inf,inf,2.7089415161322203,-0.48198521884460305,1.8067941894531248,0.4892710513287022,-0.831794189453125,0.17811767578124996,{'ROAD_LINE_BROKEN_SINGLE_WHITE'},True,True,raw_collision_risk:collision,False,False,,0,False,raw_predicted_collision,False,0,0,static_obstacle,0.0,-1.2331675159914457,0.708241814114629,inf,False,False,20.162368779937,inf,0.24144535764123426,True,False,1,0,,True,False,0.0,0.9187135525653387,-0.42833051338181544,1.8067941894531248,3.0,collision,True,raw_collision_risk:collision,,False,False,0.0,2.7089415161322203,-0.48198521884460305,1.8067941894531248,False,-328.88376373805346,,,
6000,1029,1,308,308,-0.5439029335975647,0.4940185546875,-0.07583849877119064,0.30000001192092896,0.46806442737579346,-0.19401854276657104,True,True,predictive_recovery,right_pass,0.7510000000000001,2.61889608609265,10,2,,0,0,0,False,False,False,False,False,False,False,False,True,0.9601189757341128,0.48578849212053515,0.0,False,max_steps,vehicle,8.818511962890625,low_speed_overlap,False,,inf,inf,inf,-1.7979860731455353,-0.45937339229578616,0.9750000000000002,-6.255648619602794,-0.8541552369859482,0.3723122729642204,{'ROAD_LINE_BROKEN_SINGLE_WHITE'},True,True,raw_collision_risk:collision,True,False,right,12,False,raw_predicted_collision,False,0,0,static_obstacle,0.0,-1.282727235736841,0.7084802612170732,inf,False,False,22.236947391289554,inf,0.21528362885525162,True,False,1,0,,True,False,0.0,0.9538256652828601,-0.40501251585053294,1.8004923095703123,3.0,collision,True,raw_collision_risk:collision,,False,False,2.697955176298391,-1.7979860731455353,-0.39191336319342557,0.9750000000000002,True,-121.87188347818017,,,
6000,1029,1,309,309,-0.47462254762649536,0.7902193069458008,0.04623681679368019,0.0,0.5208593606948853,-0.7902193069458008,True,True,predictive_recovery,keep_stop,1.5740814208984375,0.48578849212053515,10,1,,0,0,0,False,False,False,False,False,False,False,False,True,0.9602980203456606,0.4486852450099142,0.0,False,max_steps,vehicle,8.776832580566406,low_speed_overlap,False,,inf,inf,inf,2.499081459001848,-0.42039176870915834,1.7980814208984373,0.23074983172398555,-0.8230814208984375,0.17463256835937502,{'ROAD_LINE_BROKEN_SINGLE_WHITE'},True,True,raw_collision_risk:collision,False,False,right,11,False,raw_predicted_collision,False,0,0,static_obstacle,0.0,-1.3267410974443063,0.7080811088113085,inf,False,False,18.079655597883654,inf,0.23056617173788208,True,False,1,0,,True,False,0.0,1.0825397135640467,-0.3644207340702355,1.7980814208984373,3.0,collision,True,raw_collision_risk:collision,,False,False,0.0,2.499081459001848,-0.42039176870915834,1.7980814208984373,False,-338.2846350414717,,,
6000,1029,1,310,310,-0.33574795722961426,0.8938077688217163,0.047178417444229126,0.0,0.3829263746738434,-0.8938077688217163,True,True,predictive_recovery,keep_stop,1.5720367431640625,0.4486852450099142,10,1,,0,0,0,False,False,False,False,False,False,False,False,True,0.9604652423472434,0.4122320265195515,0.0,False,max_steps,vehicle,8.729591369628906,low_speed_overlap,False,,inf,inf,inf,2.5560715713473594,-0.3963567754012874,1.7960367431640623,0.3216956387910308,-0.8210367431640626,0.17381469726562512,{'ROAD_LINE_BROKEN_SINGLE_WHITE'},True,True,raw_collision_risk:collision,False,False,right,10,False,raw_predicted_collision,False,0,0,static_obstacle,0.0,-1.3752775059155702,0.7076959286020884,inf,False,False,19.39587496094873,inf,0.15064515445114765,True,False,1,0,,True,False,0.0,1.0570778585943827,-0.3394828339025338,1.7960367431640623,3.0,collision,True,raw_collision_risk:collision,,False,False,0.0,2.5560715713473594,-0.3963567754012874,1.7960367431640623,False,-341.09745036356225,,,
6000,1029,1,311,311,-0.3366941213607788,0.8935617208480835,0.04685434699058533,0.0,0.38354846835136414,-0.8935617208480835,True,True,predictive_recovery,keep_stop,1.5712127685546875,0.4122320265195515,10,1,,0,0,0,False,False,False,False,False,False,False,False,True,0.9606186472154198,0.37585506183692524,0.0,False,max_steps,vehicle,8.685592651367188,low_speed_overlap,False,,inf,inf,inf,2.6250514837619447,-0.3747218035327589,1.7952127685546873,0.42452907309085397,-0.8202127685546876,0.17348510742187506,{'ROAD_LINE_BROKEN_SINGLE_WHITE'},True,True,raw_collision_risk:collision,False,False,right,9,False,raw_predicted_collision,False,0,0,static_obstacle,0.0,-1.4189906810964692,0.7073871073556065,inf,False,False,21.111549081184915,inf,0.13879609996577366,True,False,1,0,,True,False,0.0,1.0610772587635378,-0.3170187887294385,1.7952127685546873,3.0,collision,True,raw_collision_risk:collision,,False,False,0.0,2.6250514837619447,-0.3747218035327589,1.7952127685546873,False,-341.3866458677303,,,
6000,1029,1,312,312,-0.2866641879081726,0.9229066371917725,0.046206988394260406,0.0,0.3328711688518524,-0.9229066371917725,True,True,predictive_recovery,keep_stop,1.5706939697265625,0.37585506183692524,10,1,,0,0,0,False,False,False,False,False,False,False,False,True,0.9607582638563265,0.33949495992636713,0.0,False,max_steps,vehicle,8.645118713378906,low_speed_overlap,False,,inf,inf,inf,2.6861560221761134,-0.3552371541787472,1.7946939697265623,0.5189819637301545,-0.8196939697265626,0.173277587890625,{'ROAD_LINE_BROKEN_SINGLE_WHITE'},True,True,raw_collision_risk:collision,False,False,right,8,False,raw_predicted_collision,False,0,0,static_obstacle,0.0,-1.458624217923315,0.7072408494805035,inf,False,False,22.953640041431026,inf,0.10774418607265818,True,False,1,0,,True,False,0.0,1.063732497451654,-0.2968055146186786,1.7946939697265623,3.0,collision,True,raw_collision_risk:collision,,False,False,0.0,2.6861560221761134,-0.3552371541787472,1.7946939697265623,False,-342.4108978462296,,,
6000,1029,1,313,313,-0.2876318693161011,0.924030065536499,0.045526228845119476,0.0,0.33315810561180115,-0.924030065536499,True,True,predictive_recovery,keep_stop,1.5702362060546875,0.33949495992636713,10,1,,0,0,0,False,False,False,False,False,False,False,False,True,0.9608841500822372,0.30313998337813425,0.0,False,max_steps,vehicle,8.608406066894531,low_speed_overlap,False,,inf,inf,inf,2.7619071159012036,-0.33780359950206124,1.7942362060546873,0.6282998763283829,-0.8192362060546876,0.173094482421875,{'ROAD_LINE_BROKEN_SINGLE_WHITE'},True,True,raw_collision_risk:collision,False,False,right,7,False,raw_predicted_collision,False,0,0,static_obstacle,0.0,-1.4945749398547883,0.7072203748818421,inf,False,False,25.46503588093234,inf,0.0976495699470158,True,False,1,0,,True,False,0.0,1.0744248520328084,-0.27874209201346495,1.7942362060546873,3.0,collision,True,raw_collision_risk:collision,,False,False,0.0,2.7619071159012036,-0.33780359950206124,1.7942362060546873,False,-342.7646287494871,,,
6000,1029,1,314,314,-0.4669422507286072,0.9136205911636353,0.044890474528074265,0.0,0.5118327140808105,-0.9136205911636353,True,True,predictive_recovery,keep_stop,1.569793701171875,0.30313998337813425,10,1,,0,0,0,False,False,False,False,False,False,False,False,True,0.9609962480808781,0.26678612201847807,0.0,False,max_steps,vehicle,8.5751953125,low_speed_overlap,False,,inf,inf,inf,2.8300380085703387,-0.3224568150836558,1.7937937011718748,0.7294902924934852,-0.8187937011718751,0.1729174804687501,{'ROAD_LINE_BROKEN_SINGLE_WHITE'},True,True,raw_collision_risk:collision,False,False,right,6,False,raw_predicted_collision,False,0,0,static_obstacle,0.0,-1.526962506154055,0.7072847152484881,inf,False,False,28.27297549406984,inf,0.14154886612441858,True,False,1,0,,True,False,0.0,1.0839278683709388,-0.26285925371644653,1.7937937011718748,3.0,collision,True,raw_collision_risk:collision,,False,False,0.0,2.8300380085703387,-0.3224568150836558,1.7937937011718748,False,-342.86526796276576,,,
6000,1029,1,315,315,-0.459464430809021,0.8950042724609375,0.04432301968336105,0.0,0.5037874579429626,-0.8950042724609375,True,True,predictive_recovery,keep_stop,1.5694122314453125,0.26678612201847807,10,1,,0,0,0,False,False,False,False,False,False,False,False,True,0.9610945289461127,0.2304321279975671,0.0,False,max_steps,vehicle,8.545745849609375,low_speed_overlap,False,,inf,inf,inf,2.9128845731759294,-0.30930953532770183,1.7934122314453123,0.8456067425026843,-0.8184122314453126,0.1727648925781251,{'ROAD_LINE_BROKEN_SINGLE_WHITE'},True,True,raw_collision_risk:collision,False,False,right,5,False,raw_predicted_collision,False,0,0,static_obstacle,0.0,-1.5558007353716945,0.7073554086791268,inf,False,False,32.2800843697226,inf,0.12257873370096604,True,False,1,0,,True,False,0.0,1.1014913801623676,-0.2492645972005197,1.7934122314453123,3.0,collision,True,raw_collision_risk:collision,,False,False,0.0,2.9128845731759294,-0.30930953532770183,1.7934122314453123,False,-342.7679905142692,,,
6000,1029,1,316,316,-0.4147607088088989,0.8996150493621826,0.04382861405611038,0.0,0.4585893154144287,-0.8996150493621826,True,True,predictive_recovery,keep_stop,1.5690765380859375,0.2304321279975671,10,1,,0,0,0,False,False,False,False,False,False,False,False,True,0.9611790793963513,0.1940776768092818,0.0,False,max_steps,vehicle,8.519821166992188,low_speed_overlap,False,,inf,inf,inf,2.9881383540429804,-0.29840992487036716,1.7930765380859373,0.9536389044242357,-0.8180765380859376,0.17263061523437506,{'ROAD_LINE_BROKEN_SINGLE_WHITE'},True,True,raw_collision_risk:collision,False,False,right,4,False,raw_predicted_collision,False,0,0,static_obstacle,0.0,-1.5810886564762276,0.7074342397627508,inf,False,False,37.04165091089694,inf,0.09557419274061385,True,False,1,0,,True,False,0.0,1.1178865718253226,-0.23800286970827306,1.7930765380859373,3.0,collision,True,raw_collision_risk:collision,,False,False,0.0,2.9881383540429804,-0.29840992487036716,1.7930765380859373,False,-343.25145627079206,,,
6000,1029,1,317,317,-0.4147491455078125,0.9005038738250732,0.04340619966387749,0.0,0.4581553339958191,-0.9005038738250732,True,True,predictive_recovery,keep_stop,1.56878662109375,0.1940776768092818,10,1,,0,0,0,False,False,False,False,False,False,False,False,True,0.9612498994315938,0.1577227332044194,0.0,False,max_steps,vehicle,8.497642517089844,low_speed_overlap,False,,inf,inf,inf,3.078125351256744,-0.2897877668167495,1.7927866210937498,1.0765878926336123,-0.8177866210937501,0.1725146484375,{'ROAD_LINE_BROKEN_SINGLE_WHITE'},True,True,raw_collision_risk:collision,False,False,right,3,False,raw_predicted_collision,False,0,0,static_obstacle,0.0,-1.602847677978724,0.7075140639271912,inf,False,False,44.38381644700551,inf,0.08049355061879103,True,False,1,0,,True,False,0.0,1.142342838489503,-0.22910024045078342,1.7927866210937498,3.0,collision,True,raw_collision_risk:collision,,False,False,0.0,3.078125351256744,-0.2897877668167495,1.7927866210937498,False,-343.6645050664297,,,
6000,1029,1,318,318,-0.4146876335144043,0.9014314413070679,0.043053340166807175,0.0,0.4577409625053406,-0.9014314413070679,True,True,predictive_recovery,keep_stop,1.5685577392578125,0.1577227332044194,10,1,,0,0,0,False,False,False,False,False,False,False,False,True,0.9613068445211561,0.12136745802654707,0.0,False,max_steps,vehicle,8.478965759277344,low_speed_overlap,False,,inf,inf,inf,3.1604917030375534,-0.2834886472784837,1.7925577392578123,1.191431072343697,-0.8175577392578126,0.172423095703125,{'ROAD_LINE_BROKEN_SINGLE_WHITE'},True,True,raw_collision_risk:collision,False,False,right,2,False,raw_predicted_collision,False,0,0,static_obstacle,0.0,-1.6210740923069928,0.7075758950504888,inf,False,False,54.096269936705475,inf,0.06540566698396444,True,False,1,0,,True,False,0.0,1.1656087282210015,-0.222599622789651,1.7925577392578123,3.0,collision,True,raw_collision_risk:collision,,False,False,0.0,3.1604917030375534,-0.2834886472784837,1.7925577392578123,False,-344.0941918158358,,,
6000,1029,1,319,319,-0.4143815040588379,0.9024326801300049,0.04276791960000992,0.0,0.4571494162082672,-0.9024326801300049,True,True,predictive_recovery,keep_stop,1.5683746337890625,0.12136745802654707,10,1,,0,0,0,False,False,False,False,False,False,False,False,True,0.9613500591957225,0.08501191220482711,0.0,False,max_steps,vehicle,8.464073181152344,low_speed_overlap,False,,inf,inf,inf,3.257652346170459,-0.2795493181309812,1.7923746337890623,1.3212287284678155,-0.8173746337890626,0.17234985351562512,{'ROAD_LINE_BROKEN_SINGLE_WHITE'},True,True,raw_collision_risk:collision,False,False,right,1,False,raw_predicted_collision,False,0,0,static_obstacle,0.0,-1.6357274082849227,0.7076332102451318,inf,False,False,71.60828335292037,inf,0.05029242980083845,True,False,1,0,,True,False,0.0,1.1969837608249296,-0.21853714175303712,1.7923746337890623,3.0,collision,True,raw_collision_risk:collision,,False,False,0.0,3.257652346170459,-0.2795493181309812,1.7923746337890623,False,-344.542642510322,,,
6000,1029,1,320,320,-0.4140273332595825,0.9034509658813477,0.04254819080233574,0.0,0.45657551288604736,-0.9034509658813477,True,True,predictive_recovery,keep_stop,1.5682220458984375,0.08501191220482711,10,1,,0,0,0,False,False,False,False,False,False,False,False,True,0.9613795434552929,0.048656182315822215,0.0,False,max_steps,vehicle,8.452682495117188,low_speed_overlap,False,,inf,inf,inf,3.3471951861868106,-0.2779484877534995,1.7922220458984373,1.4429197142613779,-0.8172220458984376,0.17228881835937512,{'ROAD_LINE_BROKEN_SINGLE_WHITE'},True,True,raw_collision_risk:collision,False,False,,0,False,raw_predicted_collision,False,0,0,static_obstacle,0.0,-1.6468438883887413,0.7076978709861385,inf,False,False,101.24505102097164,inf,0.035197255305462326,True,False,1,0,,True,False,0.0,1.227182797424426,-0.2168899128367568,1.7922220458984373,3.0,collision,True,raw_collision_risk:collision,,False,False,0.0,3.3471951861868106,-0.2779484877534995,1.7922220458984373,False,-345.00723645334074,,,
6000,1029,1,321,321,-0.30002713203430176,0.9278017282485962,0.042392928153276443,0.0,0.3424200713634491,-0.9278017282485962,True,True,predictive_recovery,keep_stop,1.5681304931640625,0.048656182315822215,10,1,,0,0,0,False,False,False,False,False,False,False,False,True,0.9613952105814567,0.01230031494378334,0.0,False,max_steps,vehicle,8.445037841796875,low_speed_overlap,False,,inf,inf,inf,3.451515507271798,-0.27871514199031006,1.7921304931640623,1.579526456462287,-0.8171304931640626,0.17225219726562505,{'ROAD_LINE_BROKEN_SINGLE_WHITE'},True,True,raw_collision_risk:collision,False,False,,0,False,raw_predicted_collision,False,0,0,static_obstacle,0.0,-1.6544209793089293,0.7077376011673545,inf,False,False,187.85791371498922,inf,0.01459817483595425,True,False,1,0,,True,False,0.0,1.265464870894978,-0.21768596075332775,1.7921304931640623,3.0,collision,True,raw_collision_risk:collision,,False,False,0.0,3.451515507271798,-0.27871514199031006,1.7921304931640623,False,-346.05128237055413,,,
6000,1029,1,322,322,-0.3756418228149414,0.960432767868042,0.04230118915438652,0.0,0.41794300079345703,-0.960432767868042,True,True,predictive_recovery,keep_stop,1.5680694580078125,0.01230031494378334,10,1,,0,0,0,False,False,False,False,False,False,False,False,True,0.9613978699460454,0.0006670705015407682,0.0,False,max_steps,vehicle,8.44091796875,low_speed_overlap,False,,inf,inf,inf,3.548235594755322,-0.2818369452775989,1.7920694580078123,1.7080489014418974,-0.8170694580078126,0.17222778320312512,{'ROAD_LINE_BROKEN_SINGLE_WHITE'},True,True,raw_collision_risk:collision,False,False,,0,False,raw_predicted_collision,False,0,0,static_obstacle,0.0,-1.6584354632017855,0.7077824628683981,inf,False,False,823.8281567248263,inf,0.004620512726680637,True,False,1,0,,True,False,0.0,1.3025987269963633,-0.22091422719877213,1.7920694580078123,3.0,collision,True,raw_collision_risk:collision,,False,False,0.0,3.548235594755322,-0.2818369452775989,1.7920694580078123,False,-347.3270797863099,,,
6000,1029,1,323,323,-0.37634527683258057,0.9607405662536621,0.04227321594953537,0.0,0.41861850023269653,-0.9607405662536621,True,True,predictive_recovery,keep_stop,1.5680694580078125,0.0006670705015407682,10,1,,0,0,0,False,False,False,False,False,False,False,False,True,0.9613965113576142,0.0066079498153142,0.0,False,max_steps,vehicle,8.440353393554688,low_speed_overlap,False,,inf,inf,inf,3.578248640458804,-0.28324640028885,1.7920694580078123,1.7481594167725043,-0.8170694580078126,0.17222778320312512,{'ROAD_LINE_BROKEN_SINGLE_WHITE'},True,True,raw_collision_risk:collision,False,False,,0,False,raw_predicted_collision,False,0,0,static_obstacle,0.0,-1.6591002741620973,0.7077941374168605,inf,False,False,inf,inf,0.00025104883256920875,True,False,1,0,,True,False,0.0,1.318183141997645,-0.22237073446592853,1.7920694580078123,3.0,collision,True,raw_collision_risk:collision,,False,False,0.0,3.578248640458804,-0.28324640028885,1.7920694580078123,False,-347.4891660742846,,,
6000,1029,1,324,324,-0.3754618167877197,0.9604625701904297,0.0422760508954525,0.0,0.4177378714084625,-0.9604625701904297,True,True,predictive_recovery,keep_stop,1.5680694580078125,0.0066079498153142,10,1,,0,0,0,False,False,False,False,False,False,False,False,True,0.9613957019857828,0.0027235425967333327,0.0,False,max_steps,vehicle,8.440727233886719,low_speed_overlap,False,,inf,inf,inf,3.564694163152326,-0.282526845941723,1.7920694580078123,1.7294981234623954,-0.8170694580078126,0.17222778320312512,{'ROAD_LINE_BROKEN_SINGLE_WHITE'},True,True,raw_collision_risk:collision,False,False,,0,False,raw_predicted_collision,False,0,0,static_obstacle,0.0,-1.6587455761438614,0.7078014363714688,inf,False,False,1870.589466896635,inf,0.0024810328428999467,True,False,1,0,,True,False,0.0,1.3091990786714094,-0.22162714428939428,1.7920694580078123,3.0,collision,True,raw_collision_risk:collision,,False,False,0.0,3.564694163152326,-0.282526845941723,1.7920694580078123,False,-347.4037821076806,,,
6000,1029,1,325,325,-0.3754904270172119,0.9605177640914917,-0.3754904270172119,0.6499999761581421,0.0,-0.3105177879333496,True,True,deadlock_progress_release,deadlock_progress_release,0,0,0,0,low_progress_release,0,0,0,False,False,False,False,False,False,False,False,True,0.9614134792599356,0.19510370060160737,0.0,False,max_steps,vehicle,8.441078186035156,low_speed_overlap,False,,inf,inf,inf,inf,inf,inf,inf,inf,0.0,{'ROAD_LINE_BROKEN_SINGLE_WHITE'},True,True,raw_collision_risk:collision,False,False,,0,False,,False,0,0,static_obstacle,0.0,-1.6585323636074287,0.707807460871167,inf,False,False,inf,inf,0.0010226641726469653,True,False,1,0,,True,False,0.0,1.3164234902649676,-0.2224090645059718,1.7920694580078123,3.0,collision,True,low_progress_release,,False,False,0.0,inf,inf,inf,False,0.0,,,
6000,1029,1,326,326,-0.3910640478134155,0.9806579351425171,-0.3910640478134155,0.6499999761581421,0.0,-0.330657958984375,True,True,deadlock_progress_release,deadlock_progress_release,0,0,0,0,low_progress_release_persist,0,0,0,False,False,False,False,False,False,False,False,True,0.9615005156379418,0.38647601020810857,0.0,False,max_steps,vehicle,8.4364013671875,low_speed_overlap,False,,inf,inf,inf,inf,inf,inf,inf,inf,0.0,{'ROAD_LINE_BROKEN_SINGLE_WHITE'},True,True,raw_collision_risk:collision,False,False,,0,False,,False,0,0,static_obstacle,0.0,-1.6639264774453912,0.707814164308629,inf,False,False,43.398759828360056,inf,0.0762980429006413,True,False,1,0,,True,False,0.0,1.0811426627535754,-0.1867202685627503,1.7913217773437498,3.0,collision,True,low_progress_release,,False,False,0.0,inf,inf,inf,False,0.0,,,
6000,1029,1,327,327,-0.39405977725982666,0.9802740812301636,-0.39405977725982666,0.6499999761581421,0.0,-0.3302741050720215,True,True,deadlock_progress_release,deadlock_progress_release,0,0,0,0,low_progress_release_persist,0,0,0,False,False,False,False,False,False,False,False,True,0.9616584876757378,0.5777670047974528,0.0,False,max_steps,vehicle,8.413566589355469,low_speed_overlap,False,,inf,inf,inf,inf,inf,inf,inf,inf,0.0,{'ROAD_LINE_BROKEN_SINGLE_WHITE'},True,True,raw_collision_risk:collision,False,False,,0,False,,False,0,0,static_obstacle,0.0,-1.6909795689807283,0.7076599298835334,inf,False,False,21.825935761512135,inf,0.15229465049887375,True,False,1,0,,True,False,0.0,0.8364640962658774,-0.13569959477803134,1.7872324218749998,3.0,collision,True,low_progress_release,,False,False,0.0,inf,inf,inf,False,0.0,,,
6000,1029,1,328,328,-0.4469895362854004,0.9784934520721436,-0.4469895362854004,0.6499999761581421,0.0,-0.32849347591400146,True,True,deadlock_progress_release,deadlock_progress_release,0,0,0,0,low_progress_release_persist,0,0,0,False,False,False,False,False,False,False,False,True,0.9618866149076293,0.766033736815695,0.0,False,max_steps,vehicle,7.0,low_speed_overlap,False,,inf,inf,inf,inf,inf,inf,inf,inf,0.0,{'ROAD_LINE_BROKEN_SINGLE_WHITE'},True,True,raw_collision_risk:collision,False,False,,0,False,,False,0,0,static_obstacle,0.0,-1.7407294845887418,0.7071974506955151,inf,False,False,14.412128247207566,inf,0.2582558055554181,True,False,1,0,,True,False,0.0,1.5085730020288906,-0.06785798943973048,1.7791605224609373,3.0,collision,True,low_progress_release,,False,False,0.0,inf,inf,inf,False,0.0,,,
6000,1029,1,329,329,-0.4392055869102478,0.988265872001648,-0.4392055869102478,0.6499999761581421,0.0,-0.33826589584350586,True,True,deadlock_progress_release,deadlock_progress_release,0,0,0,0,low_progress_release_persist,0,0,0,False,False,False,False,False,False,False,False,True,0.9621836254635954,0.9557297399477742,0.0,False,max_steps,vehicle,6.939788818359375,low_speed_overlap,False,,inf,inf,inf,inf,inf,inf,inf,inf,0.0,{'ROAD_LINE_BROKEN_SINGLE_WHITE'},True,True,raw_collision_risk:collision,False,False,,0,False,,False,0,0,static_obstacle,0.0,-1.8135056309899746,0.7059706412795094,inf,False,False,10.78860265863903,inf,0.3364462969711876,True,False,1,0,,True,False,0.0,1.2773876137048568,0.017103692073756782,1.7665720214843748,3.0,collision,True,low_progress_release,,False,False,0.0,inf,inf,inf,False,0.0,,,
6000,1029,1,330,330,-0.5049440264701843,0.9864782094955444,-0.5049440264701843,0.6499999761581421,0.0,-0.33647823333740234,True,True,deadlock_progress_release,deadlock_progress_release,0,0,0,0,low_progress_release_persist,0,0,0,False,False,False,False,False,False,False,False,True,0.9625483920042996,1.1391942413497713,0.0,False,max_steps,vehicle,6.861396789550781,low_speed_overlap,False,,inf,inf,inf,inf,inf,inf,inf,inf,0.0,{'ROAD_LINE_BROKEN_SINGLE_WHITE'},True,True,raw_collision_risk:collision,False,False,,0,False,,False,0,0,static_obstacle,0.0,-1.909866806691785,0.7030680947903091,inf,False,False,8.515424231021285,inf,0.48259002310653126,True,False,1,0,,True,False,0.0,1.0268433514125999,0.1207867867784646,1.7487192382812498,3.0,collision,True,low_progress_release,,False,False,0.0,inf,inf,inf,False,0.0,,,
6000,1029,1,331,331,-0.3369327783584595,0.9910895824432373,-0.3369327783584595,0.6499999761581421,0.0,-0.3410896062850952,True,True,deadlock_progress_release,deadlock_progress_release,0,0,0,0,low_progress_release_persist,0,0,0,False,False,False,False,False,False,False,False,True,0.9629813770279314,1.3359528545533566,0.0,False,max_steps,vehicle,6.7651214599609375,low_speed_overlap,False,,inf,inf,inf,inf,inf,inf,inf,inf,0.0,{'ROAD_LINE_BROKEN_SINGLE_WHITE'},True,True,raw_collision_risk:collision,False,False,,0,False,,False,0,0,static_obstacle,0.0,-2.029891511892928,0.6976855838386774,inf,False,False,7.041666954034702,inf,0.3838318808279359,True,False,1,0,,True,False,0.008142779008390444,0.7728574033053652,0.2424969717914906,1.7248544921874998,3.0,collision,True,low_progress_release,,False,False,0.0,inf,inf,inf,False,0.0,,,
6000,1029,1,332,332,-0.07972908020019531,0.9957613945007324,-0.07972908020019531,0.6499999761581421,0.0,-0.34576141834259033,True,True,deadlock_progress_release,deadlock_progress_release,0,0,0,0,low_progress_release_persist,0,0,0,False,False,False,False,False,False,False,False,True,0.9634914836246353,1.5266450433147347,0.0,False,max_steps,vehicle,6.650840759277344,low_speed_overlap,False,,inf,inf,inf,inf,inf,inf,inf,inf,0.0,{'ROAD_LINE_BROKEN_SINGLE_WHITE'},True,True,predicted_collision_within_1s;raw_collision_risk:collision,False,False,,0,False,,False,0,0,static_obstacle,0.06943266565752254,-2.1723946793176534,0.6888336009561468,inf,False,False,5.87853552015486,inf,0.10651429228436443,True,False,1,0,,True,False,0.0,1.4220666476768318,0.3858047388019112,1.6958170166015623,3.0,collision,True,low_progress_release,,False,False,0.0,inf,inf,inf,False,0.0,,,
6000,1029,1,333,333,0.24396181106567383,0.996042013168335,0.24396181106567383,0.6499999761581421,0.0,-0.34604203701019287,True,True,deadlock_progress_release,deadlock_progress_release,0,0,0,0,low_progress_release_persist,0,0,0,False,False,False,False,False,False,False,False,True,0.9640766594586965,1.688034453363635,0.0,False,max_steps,vehicle,6.516204833984375,low_speed_overlap,False,,inf,inf,inf,inf,inf,inf,inf,inf,0.0,{'ROAD_LINE_BROKEN_SINGLE_WHITE'},True,True,predicted_collision_within_1s;raw_collision_risk:collision,False,False,,0,False,,False,0,0,static_obstacle,0.18413830315498253,-2.329146599737981,0.6792483260313041,inf,False,False,5.040759269134804,inf,0.0,True,False,1,0,,True,False,0.0,1.168959322630343,0.5444120989913623,1.6694345703124998,0.0,collision,True,low_progress_release,,False,False,0.0,inf,inf,inf,False,0.0,,,
6000,1029,1,334,334,-0.07989412546157837,0.9898059368133545,-0.07989412546157837,0.6499999761581421,0.0,-0.3398059606552124,True,True,deadlock_progress_release,deadlock_progress_release,0,0,0,0,low_progress_release_persist,0,0,0,False,False,False,False,False,False,False,False,True,0.9647284350320223,1.8706546484543487,0.0,False,max_steps,vehicle,6.36175537109375,low_speed_overlap,False,,inf,inf,inf,inf,inf,inf,inf,inf,0.0,{'ROAD_LINE_BROKEN_SINGLE_WHITE'},True,True,predicted_collision_within_1s;raw_collision_risk:collision,False,False,,0,False,,False,0,0,static_obstacle,0.3076276656058116,-2.4881860097195063,0.6750769728278695,inf,False,False,4.457093841557163,inf,0.1348640364005011,True,False,1,0,,True,False,0.0,0.9132330924195529,0.7087204708870136,1.6546335449218748,0.0,collision,True,low_progress_release,,False,False,0.0,inf,inf,inf,False,0.0,,,
6000,1029,1,335,335,-0.06115084886550903,0.9835091829299927,-0.06115084886550903,0.6499999761581421,0.0,-0.3335092067718506,True,True,deadlock_progress_release,deadlock_progress_release,0,0,0,0,low_progress_release_persist,0,0,0,False,False,False,False,False,False,False,False,True,0.965448544712823,2.0646527854103254,0.0,False,max_steps,vehicle,6.189727783203125,low_speed_overlap,False,,inf,inf,inf,inf,inf,inf,inf,inf,0.0,{'ROAD_LINE_BROKEN_SINGLE_WHITE'},True,True,predicted_collision_within_1s;raw_collision_risk:collision,False,False,,0,False,,False,0,0,static_obstacle,0.4429214164734178,-2.6527884743905155,0.6781100903817446,inf,False,False,3.939383457738543,inf,0.1143921196871938,True,False,1,0,,True,False,0.0,1.508686907426147,0.891091724826415,1.6466379394531248,0.0,collision,True,low_progress_release,,False,False,0.0,inf,inf,inf,False,0.0,,,
6000,1029,1,336,336,0.1866997480392456,0.9580569267272949,0.1866997480392456,0.6499999761581421,0.0,-0.30805695056915283,True,True,deadlock_progress_release,deadlock_progress_release,0,0,0,0,low_progress_release_persist,0,0,0,False,False,False,False,False,False,False,False,True,0.9662398213025083,2.239103533201602,0.0,False,max_steps,vehicle,5.999664306640625,low_speed_overlap,False,,inf,inf,inf,inf,inf,inf,inf,inf,0.0,{'ROAD_LINE_BROKEN_SINGLE_WHITE'},True,True,predicted_collision_within_1s;raw_collision_risk:collision,False,False,,0,False,,False,0,0,static_obstacle,0.6021365113301191,-2.846735965463612,0.6752314510616119,inf,False,False,3.4705061292782884,inf,0.0,True,False,1,0,,True,False,0.0,1.242071891328182,1.1002798088976735,1.6283273925781248,0.0,collision,True,low_progress_release,,False,False,0.0,inf,inf,inf,False,0.0,,,
6000,1029,1,337,337,0.03710925579071045,0.9238162040710449,0.03710925579071045,0.6499999761581421,0.0,-0.27381622791290283,True,True,deadlock_progress_release,deadlock_progress_release,0,0,0,0,low_progress_release_persist,0,0,0,False,False,False,False,False,False,False,False,True,0.9671020335519833,2.433538352727893,0.0,False,max_steps,vehicle,5.7908172607421875,low_speed_overlap,False,,inf,inf,inf,inf,inf,inf,inf,inf,0.0,{'ROAD_LINE_BROKEN_SINGLE_WHITE'},True,True,predicted_collision_within_1s;raw_collision_risk:collision,False,False,,0,False,,False,0,0,static_obstacle,0.7789247429415112,-3.055269972524587,0.6755378059031579,inf,False,False,3.1095526945145147,inf,0.0,True,False,1,0,,True,False,0.0,0.9705198588208361,1.32408647645739,1.6111612548828123,0.0,collision,True,low_progress_release,,False,False,0.0,inf,inf,inf,False,0.0,,,
6000,1029,1,338,338,-0.04674249887466431,0.9063348770141602,0.0,-0.800000011920929,0.04674249887466431,-1.7063348293304443,True,True,ultra_short_horizon_emergency,ultra_short_horizon_emergency_stop,0,0,0,0,vehicle_collision_step_3,0,0,0,False,False,False,False,False,False,False,False,True,0.9678708789794856,0.964562432266104,0.0,False,max_steps,,inf,,False,,inf,inf,inf,inf,inf,inf,inf,inf,0.0,{'ROAD_LINE_BROKEN_SINGLE_WHITE'},True,True,vehicle_collision_step_3,False,False,,0,False,,True,8,0,,inf,0,0,0,0,0,inf,inf,0.0,True,False,1,0,,False,False,0.0,inf,inf,inf,0.0,0,True,vehicle_collision_step_3,,False,False,0.0,inf,inf,inf,False,0.0,,,
6000,1029,1,339,339,0.11626017093658447,0.7498006820678711,0.11626017093658447,0.6499999761581421,0.0,-0.099800705909729,True,True,deadlock_progress_release,deadlock_progress_release,0,0,0,0,low_progress_release_persist,0,0,0,False,False,False,False,False,False,False,False,True,0.9682725008446529,1.1580052272145305,0.0,False,max_steps,vehicle,5.360321044921875,low_speed_overlap,False,,inf,inf,inf,inf,inf,inf,inf,inf,0.0,{'ROAD_LINE_BROKEN_SINGLE_WHITE'},True,True,predicted_collision_within_1s;raw_collision_risk:collision,False,False,,0,False,,False,0,0,static_obstacle,1.1464586162563066,-3.4676983171435793,0.6945767250696434,inf,False,False,6.815018794275494,inf,0.0,True,False,1,0,,True,False,0.0,1.172482318730248,1.431803678912648,1.5886850585937498,3.0,collision,True,low_progress_release,,False,False,0.0,inf,inf,inf,False,0.0,,,
6000,1029,1,340,340,0.23102927207946777,0.9397766590118408,0.23102927207946777,0.6499999761581421,0.0,-0.28977668285369873,True,True,deadlock_progress_release,deadlock_progress_release,0,0,0,0,low_progress_release_persist,0,0,0,False,False,False,False,False,False,False,False,True,0.9687249396983736,1.3454761949481013,0.0,False,max_steps,vehicle,5.2543182373046875,low_speed_overlap,False,,inf,inf,inf,inf,inf,inf,inf,inf,0.0,{'ROAD_LINE_BROKEN_SINGLE_WHITE'},True,True,predicted_collision_within_1s;raw_collision_risk:collision,False,False,,0,False,,False,0,0,static_obstacle,1.2393374739110106,-3.5688630771913417,0.702224237823773,inf,False,False,5.577569951577275,inf,0.0,True,False,1,0,,True,False,0.0,0.9837124797500847,1.5688317138240506,1.5823068847656248,3.0,collision,True,low_progress_release,,False,False,0.0,inf,inf,inf,False,0.0,,,
6000,1029,1,341,341,0.27547311782836914,0.9374306201934814,0.27547311782836914,0.6499999761581421,0.0,-0.28743064403533936,True,True,deadlock_progress_release,deadlock_progress_release,0,0,0,0,low_progress_release_persist,0,0,0,False,False,False,False,False,False,False,False,True,0.9692486610855263,1.535152514236028,0.0,False,max_steps,vehicle,5.1349029541015625,low_speed_overlap,False,,inf,inf,inf,inf,inf,inf,inf,inf,0.0,{'ROAD_LINE_BROKEN_SINGLE_WHITE'},True,True,predicted_collision_within_1s;raw_collision_risk:collision,False,False,,0,False,,False,0,0,static_obstacle,1.3422188983348702,-3.6791467562794558,0.7131269100659084,inf,False,False,4.726476196371518,inf,0.0,True,False,1,0,,True,False,0.004007774064320446,0.7866407531189319,1.715545086962799,1.5799722900390623,3.0,collision,True,low_progress_release,,False,False,0.0,inf,inf,inf,False,0.0,,,
6000,1029,1,342,342,0.3042168617248535,0.9492357969284058,0.3042168617248535,0.6499999761581421,0.0,-0.29923582077026367,True,True,deadlock_progress_release,deadlock_progress_release,0,0,0,0,vehicle_collision_step_3,0,0,0,False,False,False,False,False,False,False,False,True,0.9698436650061109,1.7254331526148659,0.0,False,max_steps,,inf,,False,,inf,inf,inf,inf,inf,inf,inf,inf,0.0,{'ROAD_LINE_BROKEN_SINGLE_WHITE'},True,False,,False,False,,0,False,,False,0,0,,inf,0,0,0,0,0,inf,inf,0.0,True,False,1,0,,False,False,0.0,inf,inf,inf,0.0,0,True,vehicle_collision_step_3,,False,False,0.0,inf,inf,inf,False,0.0,,,
6000,1029,1,343,343,0.15019595623016357,0.9232215881347656,0.15019595623016357,0.6499999761581421,0.0,-0.27322161197662354,True,True,deadlock_progress_release,deadlock_progress_release,0,0,0,0,vehicle_collision_step_3,0,0,0,False,False,False,False,False,False,False,False,True,0.970511223330148,1.921839347889555,0.0,False,max_steps,,inf,,False,,inf,inf,inf,inf,inf,inf,inf,inf,0.0,{'ROAD_LINE_BROKEN_SINGLE_WHITE'},True,False,,False,False,,0,False,,False,0,0,,inf,0,0,0,0,0,inf,inf,0.0,True,False,1,0,,False,False,0.0,inf,inf,inf,0.0,0,True,vehicle_collision_step_3,,False,False,0.0,inf,inf,inf,False,0.0,,,
6000,1029,1,344,344,0.1148381233215332,0.9173223972320557,0.1148381233215332,0.6499999761581421,0.0,-0.2673224210739136,True,True,deadlock_progress_release,deadlock_progress_release,0,0,0,0,vehicle_collision_step_2,0,0,0,False,False,False,False,False,False,False,False,True,0.9712539954222263,2.1178890860513984,0.0,False,max_steps,,inf,,False,,inf,inf,inf,inf,inf,inf,inf,inf,0.0,{'ROAD_LINE_BROKEN_SINGLE_WHITE'},True,False,,False,False,,0,False,,False,0,0,,inf,0,0,0,0,0,inf,inf,0.0,True,False,1,0,,False,False,0.0,inf,inf,inf,0.0,0,True,vehicle_collision_step_2,,False,False,0.0,inf,inf,inf,False,0.0,,,
6000,1029,1,345,345,0.04389488697052002,0.8009974956512451,0.0,-0.800000011920929,-0.04389488697052002,-1.6009974479675293,True,True,ultra_short_horizon_emergency,ultra_short_horizon_emergency_stop,0,0,0,0,vehicle_collision_step_1,0,0,0,False,False,False,False,False,False,False,False,True,0.9719065225551099,0.6602646613998453,0.0,False,max_steps,,inf,,False,,inf,inf,inf,inf,inf,inf,inf,inf,0.0,{'ROAD_LINE_BROKEN_SINGLE_WHITE'},True,True,vehicle_collision_step_1,False,False,,0,False,,True,8,0,,inf,0,0,0,0,0,inf,inf,0.0,True,False,1,0,,False,False,0.0,inf,inf,inf,0.0,0,True,vehicle_collision_step_1,,False,False,0.0,inf,inf,inf,False,0.0,,,
6000,1029,1,346,346,-0.060716867446899414,0.6203640699386597,-0.060716867446899414,0.6203640699386597,0.0,0.0,True,False,deadlock_progress_release,deadlock_progress_release,0,0,0,0,vehicle_collision_step_1,0,0,0,False,False,False,False,False,False,False,False,True,0.972192404248395,0.8439379303614457,0.0,False,max_steps,,inf,,False,,inf,inf,inf,inf,inf,inf,inf,inf,0.0,{'ROAD_LINE_BROKEN_SINGLE_WHITE'},False,False,,False,False,,0,False,,False,0,0,,inf,0,0,0,0,0,inf,inf,0.0,True,False,1,0,,False,False,0.0,inf,inf,inf,0.0,0,True,vehicle_collision_step_1,,False,False,0.0,inf,inf,inf,False,0.0,,,
6000,1029,1,347,347,-0.05590176582336426,0.8915148973464966,-0.05590176582336426,0.6499999761581421,0.0,-0.2415149211883545,True,True,deadlock_progress_release,deadlock_progress_release,0,0,0,0,vehicle_collision_step_1,0,0,0,False,False,False,False,False,False,False,False,True,0.9725267326270134,1.0385019392290789,0.0,False,max_steps,,inf,,False,,inf,inf,inf,inf,inf,inf,inf,inf,0.0,{'ROAD_LINE_BROKEN_SINGLE_WHITE'},True,False,,False,False,,0,False,,False,0,0,,inf,0,0,0,0,0,inf,inf,0.0,True,False,1,0,,False,False,0.0,inf,inf,inf,0.0,0,True,vehicle_collision_step_1,,False,False,0.0,inf,inf,inf,False,0.0,,,
6000,1029,1,348,348,-0.02377486228942871,0.9115763902664185,0.0,-0.800000011920929,0.02377486228942871,-1.7115764617919922,True,True,ultra_short_horizon_emergency,ultra_short_horizon_emergency_stop,0,0,0,0,vehicle_collision_step_1,0,0,0,False,False,False,False,False,False,False,False,True,0.9727535301766105,0.13679663761525324,0.0,False,max_steps,,inf,,False,,inf,inf,inf,inf,inf,inf,inf,inf,0.0,{'ROAD_LINE_BROKEN_SINGLE_WHITE'},True,True,vehicle_collision_step_1,False,False,,0,False,,True,8,0,,inf,0,0,0,0,0,inf,inf,0.0,True,False,1,0,,False,False,0.0,inf,inf,inf,0.0,0,True,vehicle_collision_step_1,,False,False,0.0,inf,inf,inf,False,0.0,,,
6000,1029,1,349,349,-0.013981163501739502,0.7583050727844238,0.0,-0.800000011920929,0.013981163501739502,-1.558305025100708,True,True,ultra_short_horizon_emergency,ultra_short_horizon_emergency_stop,0,0,0,0,vehicle_collision_step_3,0,0,0,False,False,False,False,False,False,False,False,True,0.9727579239094092,0.10254296191085971,0.0,False,max_steps,,inf,,False,,inf,inf,inf,inf,inf,inf,inf,inf,0.0,{'ROAD_LINE_BROKEN_SINGLE_WHITE'},True,True,vehicle_collision_step_3,False,False,,0,False,,True,8,0,,inf,0,0,0,0,0,inf,inf,0.0,True,False,1,0,,False,False,0.0,inf,inf,inf,0.0,0,True,vehicle_collision_step_3,,False,False,0.0,inf,inf,inf,False,0.0,,,
6000,1029,1,350,350,-0.0138893723487854,0.7559840679168701,0.0,-0.800000011920929,0.0138893723487854,-1.5559840202331543,True,True,ultra_short_horizon_emergency,ultra_short_horizon_emergency_stop,0,0,0,0,vehicle_collision_step_3,0,0,0,False,False,False,False,False,False,False,False,True,0.9727222537365564,0.18684568285306205,0.0,False,max_steps,,inf,,False,,inf,inf,inf,inf,inf,inf,inf,inf,0.0,{'ROAD_LINE_BROKEN_SINGLE_WHITE'},True,True,vehicle_collision_step_3,False,False,,0,False,,True,8,0,,inf,0,0,0,0,0,inf,inf,0.0,True,False,1,0,,False,False,0.0,inf,inf,inf,0.0,0,True,vehicle_collision_step_3,,False,False,0.0,inf,inf,inf,False,0.0,,,
6000,1029,1,351,351,-0.013901710510253906,0.7509282827377319,0.0,-0.800000011920929,0.013901710510253906,-1.5509283542633057,True,True,ultra_short_horizon_emergency,ultra_short_horizon_emergency_stop,0,0,0,0,vehicle_collision_step_3,0,0,0,False,False,False,False,False,False,False,False,True,0.9727365911804259,0.21516469842374206,0.0,False,max_steps,,inf,,False,,inf,inf,inf,inf,inf,inf,inf,inf,0.0,{'ROAD_LINE_BROKEN_SINGLE_WHITE'},True,True,vehicle_collision_step_3,False,False,,0,False,,True,8,0,,inf,0,0,0,0,0,inf,inf,0.0,True,False,1,0,,False,False,0.0,inf,inf,inf,0.0,0,True,vehicle_collision_step_3,,False,False,0.0,inf,inf,inf,False,0.0,,,
6000,1029,1,352,352,-0.01396024227142334,0.7490527629852295,0.0,-0.800000011920929,0.01396024227142334,-1.5490527153015137,True,True,ultra_short_horizon_emergency,ultra_short_horizon_emergency_stop,0,0,0,0,vehicle_collision_step_3,0,0,0,False,False,False,False,False,False,False,False,True,0.9727371693031626,0.16852528782136406,0.0,False,max_steps,,inf,,False,,inf,inf,inf,inf,inf,inf,inf,inf,0.0,{'ROAD_LINE_BROKEN_SINGLE_WHITE'},True,True,vehicle_collision_step_3,False,False,,0,False,,True,8,0,,inf,0,0,0,0,0,inf,inf,0.0,True,False,1,0,,False,False,0.0,inf,inf,inf,0.0,0,True,vehicle_collision_step_3,,False,False,0.0,inf,inf,inf,False,0.0,,,
6000,1029,1,353,353,-0.013914108276367188,0.7519534826278687,0.0,-0.800000011920929,0.013914108276367188,-1.5519535541534424,True,True,ultra_short_horizon_emergency,ultra_short_horizon_emergency_stop,0,0,0,0,vehicle_collision_step_3,0,0,0,False,False,False,False,False,False,False,False,True,0.9727465348914968,0.10899143869755028,0.0,False,max_steps,,inf,,False,,inf,inf,inf,inf,inf,inf,inf,inf,0.0,{'ROAD_LINE_BROKEN_SINGLE_WHITE'},True,True,vehicle_collision_step_3,False,False,,0,False,,True,8,0,,inf,0,0,0,0,0,inf,inf,0.0,True,False,1,0,,False,False,0.0,inf,inf,inf,0.0,0,True,vehicle_collision_step_3,,False,False,0.0,inf,inf,inf,False,0.0,,,
6000,1029,1,354,354,-0.013858795166015625,0.7555766105651855,0.0,-0.800000011920929,0.013858795166015625,-1.5555765628814697,True,True,ultra_short_horizon_emergency,ultra_short_horizon_emergency_stop,0,0,0,0,vehicle_collision_step_3,0,0,0,False,False,False,False,False,False,False,False,True,0.9727117897150226,0.23806249206363173,0.0,False,max_steps,,inf,,False,,inf,inf,inf,inf,inf,inf,inf,inf,0.0,{'ROAD_LINE_BROKEN_SINGLE_WHITE'},True,True,vehicle_collision_step_3,False,False,,0,False,,True,8,0,,inf,0,0,0,0,0,inf,inf,0.0,True,False,1,0,,False,False,0.0,inf,inf,inf,0.0,0,True,vehicle_collision_step_3,,False,False,0.0,inf,inf,inf,False,0.0,,,
6000,1029,1,355,355,-0.013900697231292725,0.7478008270263672,0.0,-0.800000011920929,0.013900697231292725,-1.5478007793426514,True,True,ultra_short_horizon_emergency,ultra_short_horizon_emergency_stop,0,0,0,0,vehicle_collision_step_3,0,0,0,False,False,False,False,False,False,False,False,True,0.9727001694480155,0.10795538163768313,0.0,False,max_steps,,inf,,False,,inf,inf,inf,inf,inf,inf,inf,inf,0.0,{'ROAD_LINE_BROKEN_SINGLE_WHITE'},True,True,vehicle_collision_step_3,False,False,,0,False,,True,8,0,,inf,0,0,0,0,0,inf,inf,0.0,True,False,1,0,,False,False,0.0,inf,inf,inf,0.0,0,True,vehicle_collision_step_3,,False,False,0.0,inf,inf,inf,False,0.0,,,
6000,1029,1,356,356,-0.013736903667449951,0.7560473680496216,0.0,-0.800000011920929,0.013736903667449951,-1.5560474395751953,True,True,ultra_short_horizon_emergency,ultra_short_horizon_emergency_stop,0,0,0,0,vehicle_collision_step_3,0,0,0,False,False,False,False,False,False,False,False,True,0.9726608571019216,0.24251207355457977,0.0,False,max_steps,,inf,,False,,inf,inf,inf,inf,inf,inf,inf,inf,0.0,{'ROAD_LINE_BROKEN_SINGLE_WHITE'},True,True,vehicle_collision_step_3,False,False,,0,False,,True,8,0,,inf,0,0,0,0,0,inf,inf,0.0,True,False,1,0,,False,False,0.0,inf,inf,inf,0.0,0,True,vehicle_collision_step_3,,False,False,0.0,inf,inf,inf,False,0.0,,,
6000,1029,1,357,357,-0.013816416263580322,0.7480168342590332,0.0,-0.800000011920929,0.013816416263580322,-1.5480167865753174,True,True,ultra_short_horizon_emergency,ultra_short_horizon_emergency_stop,0,0,0,0,vehicle_collision_step_3,0,0,0,False,False,False,False,False,False,False,False,True,0.9726483696508095,0.10677336726346173,0.0,False,max_steps,,inf,,False,,inf,inf,inf,inf,inf,inf,inf,inf,0.0,{'ROAD_LINE_BROKEN_SINGLE_WHITE'},True,True,vehicle_collision_step_3,False,False,,0,False,,True,8,0,,inf,0,0,0,0,0,inf,inf,0.0,True,False,1,0,,False,False,0.0,inf,inf,inf,0.0,0,True,vehicle_collision_step_3,,False,False,0.0,inf,inf,inf,False,0.0,,,
6000,1029,1,358,358,-0.013627409934997559,0.7566227912902832,0.0,-0.800000011920929,0.013627409934997559,-1.5566227436065674,True,True,ultra_short_horizon_emergency,ultra_short_horizon_emergency_stop,0,0,0,0,vehicle_collision_step_3,0,0,0,False,False,False,False,False,False,False,False,True,0.9726103291747364,0.23796373340912308,0.0,False,max_steps,,inf,,False,,inf,inf,inf,inf,inf,inf,inf,inf,0.0,{'ROAD_LINE_BROKEN_SINGLE_WHITE'},True,True,vehicle_collision_step_3,False,False,,0,False,,True,8,0,,inf,0,0,0,0,0,inf,inf,0.0,True,False,1,0,,False,False,0.0,inf,inf,inf,0.0,0,True,vehicle_collision_step_3,,False,False,0.0,inf,inf,inf,False,0.0,,,
6000,1029,1,359,359,-0.01357191801071167,0.7487970590591431,0.0,-0.800000011920929,0.01357191801071167,-1.5487971305847168,True,True,ultra_short_horizon_emergency,ultra_short_horizon_emergency_stop,0,0,0,0,vehicle_collision_step_3,0,0,0,False,False,False,False,False,False,False,False,True,0.9725988245322766,0.10857213829747246,0.0,False,max_steps,,inf,,False,,inf,inf,inf,inf,inf,inf,inf,inf,0.0,{'ROAD_LINE_BROKEN_SINGLE_WHITE'},True,True,vehicle_collision_step_3,False,False,,0,False,,True,8,0,,inf,0,0,0,0,0,inf,inf,0.0,True,False,1,0,,False,False,0.0,inf,inf,inf,0.0,0,True,vehicle_collision_step_3,,False,False,0.0,inf,inf,inf,False,0.0,,,
6000,1029,1,360,360,-0.013395488262176514,0.7569732666015625,0.3499999940395355,0.2199999988079071,0.36339548230171204,-0.536973237991333,True,True,vehicle_deadlock_escape,vehicle_deadlock_escape,0,0,0,0,vehicle_collision_step_3,0,0,0,False,False,False,False,False,False,False,False,True,0.9726191744526075,0.17108666109129594,0.0,False,max_steps,,inf,,False,,inf,inf,inf,inf,inf,inf,inf,inf,0.0,{'ROAD_LINE_BROKEN_SINGLE_WHITE'},True,True,vehicle_collision_step_3,False,False,,0,False,,True,8,0,,inf,0,0,0,0,True,inf,inf,0.0,True,False,1,0,,False,False,0.0,inf,inf,inf,0.0,0,True,vehicle_collision_step_3,,False,False,0.0,inf,inf,inf,False,0.0,,,
6000,1029,1,361,361,0.023209452629089355,0.8907747268676758,0.3499999940395355,0.2199999988079071,0.32679054141044617,-0.6707746982574463,True,True,vehicle_deadlock_escape,vehicle_deadlock_escape,0,0,0,0,vehicle_collision_step_3,0,0,0,False,False,False,False,False,False,False,False,True,0.9726884913687347,0.23588276492249993,0.0,False,max_steps,,inf,,False,,inf,inf,inf,inf,inf,inf,inf,inf,0.0,{'ROAD_LINE_BROKEN_SINGLE_WHITE'},True,True,vehicle_collision_step_3,False,False,,0,False,,True,8,0,,inf,0,0,0,0,True,inf,inf,0.0,True,False,1,0,,False,False,0.0,inf,inf,inf,0.0,0,True,vehicle_collision_step_3,,False,False,0.0,inf,inf,inf,False,0.0,,,
6000,1029,1,362,362,0.020642757415771484,0.8901987075805664,0.3499999940395355,0.2199999988079071,0.32935723662376404,-0.6701986789703369,True,True,vehicle_deadlock_escape,vehicle_deadlock_escape,0,0,0,0,vehicle_collision_step_3,0,0,0,False,False,False,False,False,False,False,False,True,0.9727821472520758,0.3007726262947162,0.0,False,max_steps,,inf,,False,,inf,inf,inf,inf,inf,inf,inf,inf,0.0,{'ROAD_LINE_BROKEN_SINGLE_WHITE'},True,True,vehicle_collision_step_3,False,False,,0,False,,True,8,0,,inf,0,0,0,0,True,inf,inf,0.0,True,False,1,0,,False,False,0.0,inf,inf,inf,0.0,0,True,vehicle_collision_step_3,,False,False,0.0,inf,inf,inf,False,0.0,,,
6000,1029,1,363,363,-0.09827840328216553,0.8334203958511353,-0.09827840328216553,0.2199999988079071,0.0,-0.6134203672409058,True,True,vehicle_deadlock_escape,vehicle_deadlock_escape,0,0,0,0,vehicle_collision_step_3,0,0,0,False,False,False,False,False,False,False,False,True,0.9728997374167152,0.36062406490035664,0.0,False,max_steps,,inf,,False,,inf,inf,inf,inf,inf,inf,inf,inf,0.0,{'ROAD_LINE_BROKEN_SINGLE_WHITE'},True,True,vehicle_collision_step_3,False,False,,0,False,,True,8,0,,inf,0,0,0,0,True,inf,inf,0.0,True,False,1,0,,False,False,0.0,inf,inf,inf,0.0,0,True,vehicle_collision_step_3,,False,False,0.0,inf,inf,inf,False,0.0,,,
6000,1029,1,364,364,-0.1506035327911377,0.8436946868896484,-0.1506035327911377,0.2199999988079071,0.0,-0.623694658279419,True,True,vehicle_deadlock_escape,vehicle_deadlock_escape,0,0,0,0,vehicle_collision_step_3,0,0,0,False,False,False,False,False,False,False,False,True,0.9730410884258319,0.42500538553447414,0.0,False,max_steps,,inf,,False,,inf,inf,inf,inf,inf,inf,inf,inf,0.0,{'ROAD_LINE_BROKEN_SINGLE_WHITE'},True,True,vehicle_collision_step_3,False,False,,0,False,,True,8,0,,inf,0,0,0,0,True,inf,inf,0.0,True,False,1,0,,False,False,0.0,inf,inf,inf,0.0,0,True,vehicle_collision_step_3,,False,False,0.0,inf,inf,inf,False,0.0,,,
6000,1029,1,365,365,-0.165047287940979,0.8965404033660889,-0.165047287940979,0.2199999988079071,0.0,-0.6765403747558594,True,True,vehicle_deadlock_escape,vehicle_deadlock_escape,0,0,0,0,vehicle_collision_step_3,0,0,0,False,False,False,False,False,False,False,False,True,0.973206547153068,0.49035783629378776,0.0,False,max_steps,,inf,,False,,inf,inf,inf,inf,inf,inf,inf,inf,0.0,{'ROAD_LINE_BROKEN_SINGLE_WHITE'},True,True,vehicle_collision_step_3,False,False,,0,False,,True,8,0,,inf,0,0,0,0,True,inf,inf,0.0,True,False,1,0,,False,False,0.0,inf,inf,inf,0.0,0,True,vehicle_collision_step_3,,False,False,0.0,inf,inf,inf,False,0.0,,,
6000,1029,1,366,366,-0.08110672235488892,0.9595376253128052,-0.08110672235488892,0.2199999988079071,0.0,-0.7395375967025757,True,True,vehicle_deadlock_escape,vehicle_deadlock_escape,0,0,0,0,vehicle_collision_step_3,0,0,0,False,False,False,False,False,False,False,False,True,0.9733967495334336,0.5563236767057246,0.0,False,max_steps,,inf,,False,,inf,inf,inf,inf,inf,inf,inf,inf,0.0,{'ROAD_LINE_BROKEN_SINGLE_WHITE'},True,True,vehicle_collision_step_3,False,False,,0,False,,True,8,0,,inf,0,0,0,0,True,inf,inf,0.0,True,False,1,0,,False,False,0.0,inf,inf,inf,0.0,0,True,vehicle_collision_step_3,,False,False,0.0,inf,inf,inf,False,0.0,,,
6000,1029,1,367,367,0.06018209457397461,0.947392463684082,-0.08110672235488892,0.2199999988079071,-0.14128881692886353,-0.7273924350738525,True,True,vehicle_deadlock_escape,vehicle_deadlock_escape,0,0,0,0,vehicle_collision_step_1,0,0,0,False,False,False,False,False,False,False,False,True,0.9736121580651181,0.6223137597714992,0.0,False,max_steps,,inf,,False,,inf,inf,inf,inf,inf,inf,inf,inf,0.0,{'ROAD_LINE_BROKEN_SINGLE_WHITE'},True,True,vehicle_collision_step_1,False,False,,0,False,,True,8,0,,inf,0,0,0,0,True,inf,inf,0.0,True,False,1,0,,False,False,0.0,inf,inf,inf,0.0,0,True,vehicle_collision_step_1,,False,False,0.0,inf,inf,inf,False,0.0,,,
6000,1029,1,368,368,-0.04545938968658447,0.9274694919586182,-0.08110672235488892,0.2199999988079071,-0.03564733266830444,-0.7074694633483887,True,True,vehicle_deadlock_escape,vehicle_deadlock_escape,0,0,0,0,vehicle_collision_step_1,0,0,0,False,False,False,False,False,False,False,False,True,0.9738525414990271,0.6882548472407513,0.0,False,max_steps,,inf,,False,,inf,inf,inf,inf,inf,inf,inf,inf,0.0,{'ROAD_LINE_BROKEN_SINGLE_WHITE'},True,True,vehicle_collision_step_1,False,False,,0,False,,True,8,0,,inf,0,0,0,0,True,inf,inf,0.0,True,False,1,0,,False,False,0.0,inf,inf,inf,0.0,0,True,vehicle_collision_step_1,,False,False,0.0,inf,inf,inf,False,0.0,,,
6000,1029,1,369,369,-0.04489004611968994,0.9256823062896729,-0.08110672235488892,0.2199999988079071,-0.036216676235198975,-0.7056822776794434,True,True,vehicle_deadlock_escape,vehicle_deadlock_escape,0,0,0,0,vehicle_collision_step_1,0,0,0,False,False,False,False,False,False,False,False,True,0.9741179576474339,0.7541773506621652,0.0,False,max_steps,,inf,,False,,inf,inf,inf,inf,inf,inf,inf,inf,0.0,{'ROAD_LINE_BROKEN_SINGLE_WHITE'},True,True,vehicle_collision_step_1,False,False,,0,False,,True,8,0,,inf,0,0,0,0,True,inf,inf,0.0,True,False,1,0,,False,False,0.0,inf,inf,inf,0.0,0,True,vehicle_collision_step_1,,False,False,0.0,inf,inf,inf,False,0.0,,,
6000,1029,1,370,370,-0.12216228246688843,0.9436435699462891,-0.12216228246688843,0.2199999988079071,0.0,-0.7236435413360596,True,True,vehicle_deadlock_escape,vehicle_deadlock_escape,0,0,0,0,vehicle_collision_step_1,0,0,0,False,False,False,False,False,False,False,False,True,0.9744080596366967,0.8194755065507853,0.0,False,max_steps,,inf,,False,,inf,inf,inf,inf,inf,inf,inf,inf,0.0,{'ROAD_LINE_BROKEN_SINGLE_WHITE'},True,True,vehicle_collision_step_1,False,False,,0,False,,True,8,0,,inf,0,0,0,0,True,inf,inf,0.0,True,False,1,0,,False,False,0.0,inf,inf,inf,0.0,0,True,vehicle_collision_step_1,,False,False,0.0,inf,inf,inf,False,0.0,,,
6000,1029,1,371,371,-0.28711414337158203,0.94502854347229,-0.28711414337158203,0.2199999988079071,0.0,-0.7250285148620605,True,True,vehicle_deadlock_escape,vehicle_deadlock_escape,0,0,0,0,vehicle_collision_step_1,0,0,0,False,False,False,False,False,False,False,False,True,0.9747210552863319,0.8779232854738896,0.0,False,max_steps,,inf,,False,,inf,inf,inf,inf,inf,inf,inf,inf,0.0,{'ROAD_LINE_BROKEN_SINGLE_WHITE'},True,True,vehicle_collision_step_1,False,False,,0,False,,True,8,0,,inf,0,0,0,0,True,inf,inf,0.0,True,False,1,0,,False,False,0.0,inf,inf,inf,0.0,0,True,vehicle_collision_step_1,,False,False,0.0,inf,inf,inf,False,0.0,,,
6000,1029,1,372,372,-0.34959089756011963,0.9343304634094238,-0.34959089756011963,0.2199999988079071,0.0,-0.7143304347991943,True,True,vehicle_deadlock_escape,vehicle_deadlock_escape,0,0,0,0,vehicle_collision_step_1,0,0,0,False,False,False,False,False,False,False,False,True,0.9750544586685717,0.9381988619378878,0.0,False,max_steps,,inf,,False,,inf,inf,inf,inf,inf,inf,inf,inf,0.0,{'ROAD_LINE_BROKEN_SINGLE_WHITE'},True,True,vehicle_collision_step_1,False,False,,0,False,,True,8,0,,inf,0,0,0,0,True,inf,inf,0.0,True,False,1,0,,False,False,0.0,inf,inf,inf,0.0,0,True,vehicle_collision_step_1,,False,False,0.0,inf,inf,inf,False,0.0,,,
6000,1029,1,373,373,-0.445858359336853,0.9059758186340332,-0.445858359336853,0.2199999988079071,0.0,-0.6859757900238037,True,True,vehicle_deadlock_escape,vehicle_deadlock_escape,0,0,0,0,vehicle_collision_step_1,0,0,0,False,False,False,False,False,False,False,False,True,0.9754073447870372,0.9947885009197889,0.0,False,max_steps,,inf,,False,,inf,inf,inf,inf,inf,inf,inf,inf,0.0,{'ROAD_LINE_BROKEN_SINGLE_WHITE'},True,True,vehicle_collision_step_1,False,False,,0,False,,True,8,0,,inf,0,0,0,0,True,inf,inf,0.0,True,False,1,0,,False,False,0.0,inf,inf,inf,0.0,0,True,vehicle_collision_step_1,,False,False,0.0,inf,inf,inf,False,0.0,,,
6000,1029,1,374,374,-0.4879605770111084,0.9022135734558105,-0.4879605770111084,0.2199999988079071,0.0,-0.682213544845581,True,True,vehicle_deadlock_escape,vehicle_deadlock_escape,0,0,0,0,vehicle_collision_step_1,0,0,0,False,False,False,False,False,False,False,False,True,0.975778268334887,1.0531327917776099,0.0,False,max_steps,,inf,,False,,inf,inf,inf,inf,inf,inf,inf,inf,0.0,{'ROAD_LINE_BROKEN_SINGLE_WHITE'},True,True,vehicle_collision_step_1,False,False,,0,False,,True,8,0,,inf,0,0,0,0,True,inf,inf,0.0,True,False,1,0,,False,False,0.0,inf,inf,inf,0.0,0,True,vehicle_collision_step_1,,False,False,0.0,inf,inf,inf,False,0.0,,,
6000,1029,1,375,375,-0.4182432293891907,0.9645185470581055,0.0,-0.800000011920929,0.4182432293891907,-1.7645184993743896,True,True,ultra_short_horizon_emergency,ultra_short_horizon_emergency_stop,0,0,0,0,vehicle_collision_step_1,0,0,0,False,False,False,False,False,False,False,False,True,0.976023854873426,0.07000877756695786,0.0,False,max_steps,,inf,,False,,inf,inf,inf,inf,inf,inf,inf,inf,0.0,{'ROAD_LINE_BROKEN_SINGLE_WHITE'},True,True,vehicle_collision_step_1,False,False,,0,False,,True,8,0,,inf,0,0,0,0,0,inf,inf,0.0,True,False,1,0,,False,False,0.0,inf,inf,inf,0.0,0,True,vehicle_collision_step_1,,False,False,0.0,inf,inf,inf,False,0.0,,,
6000,1029,1,376,376,-0.16836017370224,0.9707292318344116,0.0,-0.800000011920929,0.16836017370224,-1.7707293033599854,True,True,ultra_short_horizon_emergency,ultra_short_horizon_emergency_stop,0,0,0,0,vehicle_collision_step_1,0,0,0,False,False,False,False,False,False,False,False,True,0.9760229876893209,0.19722599699589682,0.0,False,max_steps,,inf,,False,,inf,inf,inf,inf,inf,inf,inf,inf,0.0,{'ROAD_LINE_BROKEN_SINGLE_WHITE'},True,True,vehicle_collision_step_1,False,False,,0,False,,True,8,0,,inf,0,0,0,0,0,inf,inf,0.0,True,False,1,0,,False,False,0.0,inf,inf,inf,0.0,0,True,vehicle_collision_step_1,,False,False,0.0,inf,inf,inf,False,0.0,,,
6000,1029,1,377,377,-0.17641133069992065,0.964163064956665,0.0,-0.800000011920929,0.17641133069992065,-1.7641630172729492,True,True,ultra_short_horizon_emergency,ultra_short_horizon_emergency_stop,0,0,0,0,vehicle_collision_step_1,0,0,0,False,False,False,False,False,False,False,False,True,0.9760293470394245,0.1828478852337417,0.0,False,max_steps,,inf,,False,,inf,inf,inf,inf,inf,inf,inf,inf,0.0,{'ROAD_LINE_BROKEN_SINGLE_WHITE'},True,True,vehicle_collision_step_1,False,False,,0,False,,True,8,0,,inf,0,0,0,0,0,inf,inf,0.0,True,False,1,0,,False,False,0.0,inf,inf,inf,0.0,0,True,vehicle_collision_step_1,,False,False,0.0,inf,inf,inf,False,0.0,,,
6000,1029,1,378,378,-0.17663729190826416,0.9641339778900146,0.0,-0.800000011920929,0.17663729190826416,-1.7641339302062988,True,True,ultra_short_horizon_emergency,ultra_short_horizon_emergency_stop,0,0,0,0,vehicle_collision_step_1,0,0,0,False,False,False,False,False,False,False,False,True,0.976022293942037,0.13482252050180502,0.0,False,max_steps,,inf,,False,,inf,inf,inf,inf,inf,inf,inf,inf,0.0,{'ROAD_LINE_BROKEN_SINGLE_WHITE'},True,True,vehicle_collision_step_1,False,False,,0,False,,True,8,0,,inf,0,0,0,0,0,inf,inf,0.0,True,False,1,0,,False,False,0.0,inf,inf,inf,0.0,0,True,vehicle_collision_step_1,,False,False,0.0,inf,inf,inf,False,0.0,,,
6000,1029,1,379,379,-0.17639845609664917,0.964637041091919,0.0,-0.800000011920929,0.17639845609664917,-1.7646369934082031,True,True,ultra_short_horizon_emergency,ultra_short_horizon_emergency_stop,0,0,0,0,vehicle_collision_step_1,0,0,0,False,False,False,False,False,False,False,False,True,0.976048887587924,0.1871807501154912,0.0,False,max_steps,,inf,,False,,inf,inf,inf,inf,inf,inf,inf,inf,0.0,{'ROAD_LINE_BROKEN_SINGLE_WHITE'},True,True,vehicle_collision_step_1,False,False,,0,False,,True,8,0,,inf,0,0,0,0,0,inf,inf,0.0,True,False,1,0,,False,False,0.0,inf,inf,inf,0.0,0,True,vehicle_collision_step_1,,False,False,0.0,inf,inf,inf,False,0.0,,,
6000,1029,1,380,380,-0.17699897289276123,0.9640021324157715,0.0,-0.800000011920929,0.17699897289276123,-1.7640020847320557,True,True,ultra_short_horizon_emergency,ultra_short_horizon_emergency_stop,0,0,0,0,vehicle_collision_step_1,0,0,0,False,False,False,False,False,False,False,False,True,0.9760363423245382,0.2258094132673834,0.0,False,max_steps,,inf,,False,,inf,inf,inf,inf,inf,inf,inf,inf,0.0,{'ROAD_LINE_BROKEN_SINGLE_WHITE'},True,True,vehicle_collision_step_1,False,False,,0,False,,True,8,0,,inf,0,0,0,0,0,inf,inf,0.0,True,False,1,0,,False,False,0.0,inf,inf,inf,0.0,0,True,vehicle_collision_step_1,,False,False,0.0,inf,inf,inf,False,0.0,,,
6000,1029,1,381,381,-0.177295982837677,0.9636067152023315,0.0,-0.800000011920929,0.177295982837677,-1.7636067867279053,True,True,ultra_short_horizon_emergency,ultra_short_horizon_emergency_stop,0,0,0,0,vehicle_collision_step_1,0,0,0,False,False,False,False,False,False,False,False,True,0.9760297517253401,0.11049621000799628,0.0,False,max_steps,,inf,,False,,inf,inf,inf,inf,inf,inf,inf,inf,0.0,{'ROAD_LINE_BROKEN_SINGLE_WHITE'},True,True,vehicle_collision_step_1,False,False,,0,False,,True,8,0,,inf,0,0,0,0,0,inf,inf,0.0,True,False,1,0,,False,False,0.0,inf,inf,inf,0.0,0,True,vehicle_collision_step_1,,False,False,0.0,inf,inf,inf,False,0.0,,,
6000,1029,1,382,382,-0.17630696296691895,0.9648158550262451,0.0,-0.800000011920929,0.17630696296691895,-1.7648158073425293,True,True,ultra_short_horizon_emergency,ultra_short_horizon_emergency_stop,0,0,0,0,vehicle_collision_step_1,0,0,0,False,False,False,False,False,False,False,False,True,0.9759922315597299,0.24370820239493585,0.0,False,max_steps,,inf,,False,,inf,inf,inf,inf,inf,inf,inf,inf,0.0,{'ROAD_LINE_BROKEN_SINGLE_WHITE'},True,True,vehicle_collision_step_1,False,False,,0,False,,True,8,0,,inf,0,0,0,0,0,inf,inf,0.0,True,False,1,0,,False,False,0.0,inf,inf,inf,0.0,0,True,vehicle_collision_step_1,,False,False,0.0,inf,inf,inf,False,0.0,,,
6000,1029,1,383,383,-0.17741644382476807,0.9634535312652588,0.0,-0.800000011920929,0.17741644382476807,-1.763453483581543,True,True,ultra_short_horizon_emergency,ultra_short_horizon_emergency_stop,0,0,0,0,vehicle_collision_step_1,0,0,0,False,False,False,False,False,False,False,False,True,0.9759796284840705,0.10626971383110882,0.0,False,max_steps,,inf,,False,,inf,inf,inf,inf,inf,inf,inf,inf,0.0,{'ROAD_LINE_BROKEN_SINGLE_WHITE'},True,True,vehicle_collision_step_1,False,False,,0,False,,True,8,0,,inf,0,0,0,0,0,inf,inf,0.0,True,False,1,0,,False,False,0.0,inf,inf,inf,0.0,0,True,vehicle_collision_step_1,,False,False,0.0,inf,inf,inf,False,0.0,,,
6000,1029,1,384,384,-0.17626655101776123,0.9648985862731934,0.0,-0.800000011920929,0.17626655101776123,-1.7648985385894775,True,True,ultra_short_horizon_emergency,ultra_short_horizon_emergency_stop,0,0,0,0,vehicle_collision_step_1,0,0,0,False,False,False,False,False,False,False,False,True,0.9759407208238924,0.23984992874320046,0.0,False,max_steps,,inf,,False,,inf,inf,inf,inf,inf,inf,inf,inf,0.0,{'ROAD_LINE_BROKEN_SINGLE_WHITE'},True,True,vehicle_collision_step_1,False,False,,0,False,,True,8,0,,inf,0,0,0,0,0,inf,inf,0.0,True,False,1,0,,False,False,0.0,inf,inf,inf,0.0,0,True,vehicle_collision_step_1,,False,False,0.0,inf,inf,inf,False,0.0,,,
6000,1029,1,385,385,-0.24613827466964722,0.9661120176315308,0.0,-0.800000011920929,0.24613827466964722,-1.7661120891571045,True,True,ultra_short_horizon_emergency,ultra_short_horizon_emergency_stop,0,0,0,0,vehicle_collision_step_1,0,0,0,False,False,False,False,False,False,False,False,True,0.9759288114955168,0.10780621183399786,0.0,False,max_steps,,inf,,False,,inf,inf,inf,inf,inf,inf,inf,inf,0.0,{'ROAD_LINE_BROKEN_SINGLE_WHITE'},True,True,vehicle_collision_step_1,False,False,,0,False,,True,8,0,,inf,0,0,0,0,0,inf,inf,0.0,True,False,1,0,,False,False,0.0,inf,inf,inf,0.0,0,True,vehicle_collision_step_1,,False,False,0.0,inf,inf,inf,False,0.0,,,
6000,1029,1,386,386,-0.24503308534622192,0.9674036502838135,0.0,-0.800000011920929,0.24503308534622192,-1.7674036026000977,True,True,ultra_short_horizon_emergency,ultra_short_horizon_emergency_stop,0,0,0,0,vehicle_collision_step_1,0,0,0,False,False,False,False,False,False,False,False,True,0.9758911757053594,0.23818742212953628,0.0,False,max_steps,,inf,,False,,inf,inf,inf,inf,inf,inf,inf,inf,0.0,{'ROAD_LINE_BROKEN_SINGLE_WHITE'},True,True,vehicle_collision_step_1,False,False,,0,False,,True,8,0,,inf,0,0,0,0,0,inf,inf,0.0,True,False,1,0,,False,False,0.0,inf,inf,inf,0.0,0,True,vehicle_collision_step_1,,False,False,0.0,inf,inf,inf,False,0.0,,,
6000,1029,1,387,387,-0.2460172176361084,0.9661657810211182,-0.2460172176361084,0.2199999988079071,0.0,-0.7461657524108887,True,True,vehicle_deadlock_escape,vehicle_deadlock_escape,0,0,0,0,vehicle_collision_step_1,0,0,0,False,False,False,False,False,False,False,False,True,0.9758339993667023,0.16965735312093627,0.0,False,max_steps,,inf,,False,,inf,inf,inf,inf,inf,inf,inf,inf,0.0,{'ROAD_LINE_BROKEN_SINGLE_WHITE'},True,True,vehicle_collision_step_1,False,False,,0,False,,True,8,0,,inf,0,0,0,0,True,inf,inf,0.0,True,False,1,0,,False,False,0.0,inf,inf,inf,0.0,0,True,vehicle_collision_step_1,,False,False,0.0,inf,inf,inf,False,0.0,,,
6000,1029,1,388,388,-0.2692275047302246,0.985257625579834,-0.2692275047302246,0.2199999988079071,0.0,-0.7652575969696045,True,True,vehicle_deadlock_escape,vehicle_deadlock_escape,0,0,0,0,vehicle_collision_step_1,0,0,0,False,False,False,False,False,False,False,False,True,0.975775493345751,0.1036255186672733,0.0,False,max_steps,,inf,,False,,inf,inf,inf,inf,inf,inf,inf,inf,0.0,{'ROAD_LINE_BROKEN_SINGLE_WHITE'},True,True,vehicle_collision_step_1,False,False,,0,False,,True,8,0,,inf,0,0,0,0,True,inf,inf,0.0,True,False,1,0,,False,False,0.0,inf,inf,inf,0.0,0,True,vehicle_collision_step_1,,False,False,0.0,inf,inf,inf,False,0.0,,,
6000,1029,1,389,389,-0.40133512020111084,0.9677715301513672,-0.40133512020111084,0.2199999988079071,0.0,-0.7477715015411377,True,True,vehicle_deadlock_escape,vehicle_deadlock_escape,0,0,0,0,vehicle_collision_step_1,0,0,0,False,False,False,False,False,False,False,False,True,0.9757418466024765,0.037745002996563255,0.0,False,max_steps,,inf,,False,,inf,inf,inf,inf,inf,inf,inf,inf,0.0,{'ROAD_LINE_BROKEN_SINGLE_WHITE'},True,True,vehicle_collision_step_1,False,False,,0,False,,True,8,0,,inf,0,0,0,0,True,inf,inf,0.0,True,False,1,0,,False,False,0.0,inf,inf,inf,0.0,0,True,vehicle_collision_step_1,,False,False,0.0,inf,inf,inf,False,0.0,,,
6000,1029,1,390,390,-0.4056363105773926,0.9691860675811768,-0.4056363105773926,0.2199999988079071,0.0,-0.7491860389709473,True,True,vehicle_deadlock_escape,vehicle_deadlock_escape,0,0,0,0,vehicle_collision_step_1,0,0,0,False,False,False,False,False,False,False,False,True,0.9757327122632371,0.0273436631269725,0.0,False,max_steps,,inf,,False,,inf,inf,inf,inf,inf,inf,inf,inf,0.0,{'ROAD_LINE_BROKEN_SINGLE_WHITE'},True,True,vehicle_collision_step_1,False,False,,0,False,,True,8,0,,inf,0,0,0,0,True,inf,inf,0.0,True,False,1,0,,False,False,0.0,inf,inf,inf,0.0,0,True,vehicle_collision_step_1,,False,False,0.0,inf,inf,inf,False,0.0,,,
6000,1029,1,391,391,-0.40637558698654175,0.9690916538238525,-0.40637558698654175,0.2199999988079071,0.0,-0.749091625213623,True,True,vehicle_deadlock_escape,vehicle_deadlock_escape,0,0,0,0,vehicle_collision_step_1,0,0,0,False,False,False,False,False,False,False,False,True,0.9757476278298434,0.09214669463887257,0.0,False,max_steps,,inf,,False,,inf,inf,inf,inf,inf,inf,inf,inf,0.0,{'ROAD_LINE_BROKEN_SINGLE_WHITE'},True,True,vehicle_collision_step_1,False,False,,0,False,,True,8,0,,inf,0,0,0,0,True,inf,inf,0.0,True,False,1,0,,False,False,0.0,inf,inf,inf,0.0,0,True,vehicle_collision_step_1,,False,False,0.0,inf,inf,inf,False,0.0,,,
6000,1029,1,392,392,-0.40678954124450684,0.9685187339782715,-0.40678954124450684,0.2199999988079071,0.0,-0.748518705368042,True,True,vehicle_deadlock_escape,vehicle_deadlock_escape,0,0,0,0,vehicle_collision_step_1,0,0,0,False,False,False,False,False,False,False,False,True,0.9757864198654741,0.1567978466061775,0.0,False,max_steps,,inf,,False,,inf,inf,inf,inf,inf,inf,inf,inf,0.0,{'ROAD_LINE_BROKEN_SINGLE_WHITE'},True,True,vehicle_collision_step_1,False,False,,0,False,,True,8,0,,inf,0,0,0,0,True,inf,inf,0.0,True,False,1,0,,False,False,0.0,inf,inf,inf,0.0,0,True,vehicle_collision_step_1,,False,False,0.0,inf,inf,inf,False,0.0,,,
6000,1029,1,393,393,-0.40555131435394287,0.9683804512023926,-0.40555131435394287,0.2199999988079071,0.0,-0.7483804225921631,True,True,vehicle_deadlock_escape,vehicle_deadlock_escape,0,0,0,0,vehicle_collision_step_1,0,0,0,False,False,False,False,False,False,False,False,True,0.9758489727455822,0.22139025452909597,0.0,False,max_steps,,inf,,False,,inf,inf,inf,inf,inf,inf,inf,inf,0.0,{'ROAD_LINE_BROKEN_SINGLE_WHITE'},True,True,vehicle_collision_step_1,False,False,,0,False,,True,8,0,,inf,0,0,0,0,True,inf,inf,0.0,True,False,1,0,,False,False,0.0,inf,inf,inf,0.0,0,True,vehicle_collision_step_1,,False,False,0.0,inf,inf,inf,False,0.0,,,
6000,1029,1,394,394,-0.2718968391418457,0.9859542846679688,-0.2718968391418457,0.2199999988079071,0.0,-0.7659542560577393,True,True,vehicle_deadlock_escape,vehicle_deadlock_escape,0,0,0,0,vehicle_collision_step_1,0,0,0,False,False,False,False,False,False,False,False,True,0.9759357489683569,0.2872901666451714,0.0,False,max_steps,,inf,,False,,inf,inf,inf,inf,inf,inf,inf,inf,0.0,{'ROAD_LINE_BROKEN_SINGLE_WHITE'},True,True,vehicle_collision_step_1,False,False,,0,False,,True,8,0,,inf,0,0,0,0,True,inf,inf,0.0,True,False,1,0,,False,False,0.0,inf,inf,inf,0.0,0,True,vehicle_collision_step_1,,False,False,0.0,inf,inf,inf,False,0.0,,,
6000,1029,1,395,395,-0.1901078224182129,0.9850242137908936,-0.1901078224182129,0.2199999988079071,0.0,-0.7650241851806641,True,True,vehicle_deadlock_escape,vehicle_deadlock_escape,0,0,0,0,vehicle_collision_step_1,0,0,0,False,False,False,False,False,False,False,False,True,0.976047846966998,0.35336448594877223,0.0,False,max_steps,,inf,,False,,inf,inf,inf,inf,inf,inf,inf,inf,0.0,{'ROAD_LINE_BROKEN_SINGLE_WHITE'},True,True,vehicle_collision_step_1,False,False,,0,False,,True,8,0,,inf,0,0,0,0,True,inf,inf,0.0,True,False,1,0,,False,False,0.0,inf,inf,inf,0.0,0,True,vehicle_collision_step_1,,False,False,0.0,inf,inf,inf,False,0.0,,,
6000,1029,1,396,396,-0.18474501371383667,0.9844741821289062,-0.18474501371383667,0.2199999988079071,0.0,-0.7644741535186768,True,True,vehicle_deadlock_escape,vehicle_deadlock_escape,0,0,0,0,vehicle_collision_step_1,0,0,0,False,False,False,False,False,False,False,False,True,0.9761850354924106,0.41925411449019484,0.0,False,max_steps,,inf,,False,,inf,inf,inf,inf,inf,inf,inf,inf,0.0,{'ROAD_LINE_BROKEN_SINGLE_WHITE'},True,True,vehicle_collision_step_1,False,False,,0,False,,True,8,0,,inf,0,0,0,0,True,inf,inf,0.0,True,False,1,0,,False,False,0.0,inf,inf,inf,0.0,0,True,vehicle_collision_step_1,,False,False,0.0,inf,inf,inf,False,0.0,,,
6000,1029,1,397,397,-0.12280690670013428,0.9853367805480957,-0.12280690670013428,0.2199999988079071,0.0,-0.7653367519378662,True,True,vehicle_deadlock_escape,vehicle_deadlock_escape,0,0,0,0,vehicle_collision_step_1,0,0,0,False,False,False,False,False,False,False,False,True,0.9763471989200476,0.4853835577548108,0.0,False,max_steps,,inf,,False,,inf,inf,inf,inf,inf,inf,inf,inf,0.0,{'ROAD_LINE_BROKEN_SINGLE_WHITE'},True,True,vehicle_collision_step_1,False,False,,0,False,,True,8,0,,inf,0,0,0,0,True,inf,inf,0.0,True,False,1,0,,False,False,0.0,inf,inf,inf,0.0,0,True,vehicle_collision_step_1,,False,False,0.0,inf,inf,inf,False,0.0,,,
6000,1029,1,398,398,-0.10902130603790283,0.9841283559799194,-0.10902130603790283,0.2199999988079071,0.0,-0.7641283273696899,True,True,vehicle_deadlock_escape,vehicle_deadlock_escape,0,0,0,0,vehicle_collision_step_1,0,0,0,False,False,False,False,False,False,False,False,True,0.9765346263112772,0.5514181939202266,0.0,False,max_steps,,inf,,False,,inf,inf,inf,inf,inf,inf,inf,inf,0.0,{'ROAD_LINE_BROKEN_SINGLE_WHITE'},True,True,vehicle_collision_step_1,False,False,,0,False,,True,8,0,,inf,0,0,0,0,True,inf,inf,0.0,True,False,1,0,,False,False,0.0,inf,inf,inf,0.0,0,True,vehicle_collision_step_1,,False,False,0.0,inf,inf,inf,False,0.0,,,
6000,1029,1,399,399,-0.10715925693511963,0.9837644100189209,-0.10715925693511963,0.2199999988079071,0.0,-0.7637643814086914,True,True,vehicle_deadlock_escape,vehicle_deadlock_escape,0,0,0,0,vehicle_collision_step_1,0,0,0,False,False,False,False,False,False,False,False,True,0.9767469129801838,0.6173534798915091,0.0,False,max_steps,,inf,,False,,inf,inf,inf,inf,inf,inf,inf,inf,0.0,{'ROAD_LINE_BROKEN_SINGLE_WHITE'},True,True,vehicle_collision_step_1,False,False,,0,False,,True,8,0,,inf,0,0,0,0,True,inf,inf,0.0,True,False,1,0,,False,False,0.0,inf,inf,inf,0.0,0,True,vehicle_collision_step_1,,False,False,0.0,inf,inf,inf,False,0.0,,,
6000,1029,1,400,400,-0.08209770917892456,0.9829392433166504,-0.08209770917892456,0.2199999988079071,0.0,-0.7629392147064209,True,True,vehicle_deadlock_escape,vehicle_deadlock_escape,0,0,0,0,vehicle_collision_step_1,0,0,0,False,False,False,False,False,False,False,False,True,0.9769840589267673,0.6834043420773797,0.0,False,max_steps,,inf,,False,,inf,inf,inf,inf,inf,inf,inf,inf,0.0,{'ROAD_LINE_BROKEN_SINGLE_WHITE'},True,True,vehicle_collision_step_1,False,False,,0,False,,True,8,0,,inf,0,0,0,0,True,inf,inf,0.0,True,False,1,0,,False,False,0.0,inf,inf,inf,0.0,0,True,vehicle_collision_step_1,,False,False,0.0,inf,inf,inf,False,0.0,,,
6000,1029,1,401,401,-0.07271957397460938,0.9835147857666016,-0.08209770917892456,0.2199999988079071,-0.009378135204315186,-0.7635147571563721,True,True,vehicle_deadlock_escape,vehicle_deadlock_escape,0,0,0,0,vehicle_collision_step_1,0,0,0,False,False,False,False,False,False,False,False,True,0.9772461797755752,0.7493608284209103,0.0,False,max_steps,,inf,,False,,inf,inf,inf,inf,inf,inf,inf,inf,0.0,{'ROAD_LINE_BROKEN_SINGLE_WHITE'},True,True,vehicle_collision_step_1,False,False,,0,False,,True,8,0,,inf,0,0,0,0,True,inf,inf,0.0,True,False,1,0,,False,False,0.0,inf,inf,inf,0.0,0,True,vehicle_collision_step_1,,False,False,0.0,inf,inf,inf,False,0.0,,,
6000,1029,1,402,402,-0.07208532094955444,0.9831864833831787,-0.08209770917892456,0.2199999988079071,-0.010012388229370117,-0.7631864547729492,True,True,vehicle_deadlock_escape,vehicle_deadlock_escape,0,0,0,0,vehicle_collision_step_1,0,0,0,False,False,False,False,False,False,False,False,True,0.9775331020897863,0.8152866759465673,0.0,False,max_steps,,inf,,False,,inf,inf,inf,inf,inf,inf,inf,inf,0.0,{'ROAD_LINE_BROKEN_SINGLE_WHITE'},True,True,vehicle_collision_step_1,False,False,,0,False,,True,8,0,,inf,0,0,0,0,True,inf,inf,0.0,True,False,1,0,,False,False,0.0,inf,inf,inf,0.0,0,True,vehicle_collision_step_1,,False,False,0.0,inf,inf,inf,False,0.0,,,
6000,1029,1,403,403,-0.14796090126037598,0.9568309783935547,-0.14796090126037598,0.2199999988079071,0.0,-0.7368309497833252,True,True,vehicle_deadlock_escape,vehicle_deadlock_escape,0,0,0,0,vehicle_collision_step_1,0,0,0,False,False,False,False,False,False,False,False,True,0.977844247746664,0.8798592106356028,0.0,False,max_steps,,inf,,False,,inf,inf,inf,inf,inf,inf,inf,inf,0.0,{'ROAD_LINE_BROKEN_SINGLE_WHITE'},True,True,vehicle_collision_step_1,False,False,,0,False,,True,8,0,,inf,0,0,0,0,True,inf,inf,0.0,True,False,1,0,,False,False,0.0,inf,inf,inf,0.0,0,True,vehicle_collision_step_1,,False,False,0.0,inf,inf,inf,False,0.0,,,
6000,1029,1,404,404,-0.21103638410568237,0.9153890609741211,-0.21103638410568237,0.2199999988079071,0.0,-0.6953890323638916,True,True,vehicle_deadlock_escape,vehicle_deadlock_escape,0,0,0,0,vehicle_collision_step_1,0,0,0,False,False,False,False,False,False,False,False,True,0.9781783448761877,0.9432982678981275,0.0,False,max_steps,,inf,,False,,inf,inf,inf,inf,inf,inf,inf,inf,0.0,{'ROAD_LINE_BROKEN_SINGLE_WHITE'},True,True,vehicle_collision_step_1,False,False,,0,False,,True,8,0,,inf,0,0,0,0,True,inf,inf,0.0,True,False,1,0,,False,False,0.0,inf,inf,inf,0.0,0,True,vehicle_collision_step_1,,False,False,0.0,inf,inf,inf,False,0.0,,,
6000,1029,1,405,405,-0.20787668228149414,0.9454129934310913,-0.20787668228149414,0.6499999761581421,0.0,-0.2954130172729492,True,True,deadlock_progress_release,deadlock_progress_release,0,0,0,0,vehicle_collision_step_1,0,0,0,False,False,False,False,False,False,False,False,True,0.9785467246839962,1.1369489646337556,0.0,False,max_steps,,inf,,False,,inf,inf,inf,inf,inf,inf,inf,inf,0.0,{'ROAD_LINE_BROKEN_SINGLE_WHITE'},True,False,,False,False,,0,False,,False,0,0,,inf,0,0,0,0,0,inf,inf,0.0,True,False,1,0,,False,False,0.0,inf,inf,inf,0.0,0,True,vehicle_collision_step_1,,False,False,0.0,inf,inf,inf,False,0.0,,,
6000,1029,1,406,406,-0.18852651119232178,0.9603911638259888,-0.18852651119232178,0.6499999761581421,0.0,-0.3103911876678467,True,True,deadlock_progress_release,deadlock_progress_release,0,0,0,0,vehicle_collision_step_1,0,0,0,False,False,False,False,False,False,False,False,True,0.9789850573429422,1.3314202896122025,0.0,False,max_steps,,inf,,False,,inf,inf,inf,inf,inf,inf,inf,inf,0.0,{'ROAD_LINE_BROKEN_SINGLE_WHITE'},True,False,,False,False,,0,False,,False,0,0,,inf,0,0,0,0,0,inf,inf,0.0,True,False,1,0,,False,False,0.0,inf,inf,inf,0.0,0,True,vehicle_collision_step_1,,False,False,0.0,inf,inf,inf,False,0.0,,,
6000,1029,1,407,407,-0.255338191986084,0.9392049312591553,-0.255338191986084,0.6499999761581421,0.0,-0.2892049551010132,True,True,deadlock_progress_release,deadlock_progress_release,0,0,0,0,vehicle_collision_step_1,0,0,0,False,False,False,False,False,False,False,False,True,0.9794943834739517,1.521735751410257,0.0,False,max_steps,,inf,,False,,inf,inf,inf,inf,inf,inf,inf,inf,0.0,{'ROAD_LINE_BROKEN_SINGLE_WHITE'},True,False,,False,False,,0,False,,False,0,0,,inf,0,0,0,0,0,inf,inf,0.0,True,False,1,0,,False,False,0.0,inf,inf,inf,0.0,0,True,vehicle_collision_step_1,,False,False,0.0,inf,inf,inf,False,0.0,,,
6000,1029,1,408,408,-0.13898491859436035,0.9779435396194458,-0.13898491859436035,0.6499999761581421,0.0,-0.3279435634613037,True,True,deadlock_progress_release,deadlock_progress_release,0,0,0,0,vehicle_collision_step_1,0,0,0,False,False,False,False,False,False,False,False,True,0.9800742405788353,1.717693866903589,0.0,True,arrive_dest,,inf,,False,,inf,inf,inf,inf,inf,inf,inf,inf,0.0,{'ROAD_LINE_BROKEN_SINGLE_WHITE'},True,False,,False,False,,0,False,,False,0,0,,inf,0,0,0,0,0,inf,inf,0.0,True,False,1,0,,False,False,0.0,inf,inf,inf,0.0,0,True,vehicle_collision_step_1,,False,False,0.0,inf,inf,inf,False,0.0,,,
