ckpt_index,env_id,episode,step,global_step,raw_action_steer,raw_action_throttle,safe_action_steer,safe_action_throttle,action_delta_steer,action_delta_throttle,filter_enabled,filter_intervened,recovery_mode,selected_candidate_type,fallback_reason,cost,step_cost,episode_cost_so_far,crash,crash_vehicle,crash_object,crash_sidewalk,crash_building,crash_human,out_of_road,out_of_route,on_lane,route_completion,velocity,reward,done,done_reason,front_blocking_object_type,front_blocking_object_distance,nearest_object_type,nearest_object_distance,nearest_traffic_object_distance,front_traffic_object_distance,min_vehicle_margin,min_static_margin,min_boundary_margin,rss_longitudinal_margin,rss_lateral_margin,rss_risk_score,contact_results,actual_action_modified,hard_risk,hard_risk_reason,low_risk_gate_passed,low_risk_gate_rejected_reason,safety_hold_active,safety_hold_remaining,recent_contact_steps,nearest_static_object_type,nearest_static_object_distance,nearest_static_forward_distance,nearest_static_lateral_gap,front_static_blocking_distance,static_distance_immediate_risk,deadlock_escape_candidate,ttc_vehicle_min,ttc_static_min,boundary_closing_rate,pre_contact_intervention,post_contact_intervention,first_risk_detected_step,risk_to_intervention_delay,intervention_to_first_cost_delay,raw_predicted_collision,raw_predicted_out_of_road,raw_predicted_cost_risk,raw_min_vehicle_margin,raw_min_static_margin,raw_min_boundary_margin,raw_deadlock_risk,raw_failure_reason,allow_intervention,intervention_reason,intervention_rejected_reason,candidate_predicted_collision,candidate_predicted_out_of_road,candidate_predicted_cost_risk,candidate_min_vehicle_margin,candidate_min_static_margin,candidate_min_boundary_margin,vehicle_margin_worse,intervention_score_gain,exception_type,exception_message,exception_traceback,event_type,window_relative_step,is_first_cost_event
6000,1002,3,335,1036,-0.1100345253944397,0.9450159072875977,-0.1100345253944397,0.9450159072875977,0.0,0.0,True,False,inactive_raw_action,raw_action,raw_action_safe_or_candidate_not_better,0,0,0,False,False,False,False,False,False,False,False,True,0.7153250145494284,9.38775971865543,0.0,False,max_steps,,inf,,inf,inf,inf,0.6836712685335593,inf,0.7438652572538121,inf,inf,0.0,{'ROAD_LINE_BROKEN_SINGLE_WHITE'},False,False,,False,vehicle_margin_uncertain_or_low,False,0,0,,inf,inf,inf,inf,False,False,7.427098234668774,inf,1.0043110216927031,False,False,41,0,,False,False,0.0,1.6624324032672004,inf,1.743865257253812,0.0,,False,raw_action_safe_or_candidate_not_better,candidate_not_better,False,False,0.0,1.6624324032672004,inf,1.743865257253812,False,-14.845638103707508,,,,cost_window,-20,False
6000,1002,3,336,1037,-0.08992511034011841,0.9775211811065674,-0.08992511034011841,0.9775211811065674,0.0,0.0,True,False,inactive_raw_action,raw_action,raw_action_safe_or_candidate_not_better,0,0,0,False,False,False,False,False,False,False,False,True,0.7179449066523216,9.65646827358753,0.0,False,max_steps,,inf,,inf,inf,inf,0.5951551819770176,inf,0.7116684482710479,inf,inf,0.0,{'ROAD_LINE_BROKEN_SINGLE_WHITE'},False,False,,False,vehicle_margin_uncertain_or_low,False,0,0,,inf,inf,inf,inf,False,False,6.65290092556188,inf,0.8441953285466084,False,False,41,0,,False,False,0.0,1.52177352057087,inf,1.7116684482710478,0.0,,False,raw_action_safe_or_candidate_not_better,candidate_not_better,False,False,0.0,1.52177352057087,inf,1.7116684482710478,False,-15.152379070259762,,,,cost_window,-19,False
6000,1002,3,337,1038,0.011710643768310547,0.9893021583557129,0.0,-0.800000011920929,-0.011710643768310547,-1.789302110671997,True,True,ultra_short_horizon_emergency,ultra_short_horizon_emergency_stop,vehicle_collision_step_3,0,0,0,False,False,False,False,False,False,False,False,True,0.7205484428105546,8.618637876695196,0.0,False,max_steps,,inf,,inf,inf,inf,inf,inf,inf,inf,inf,0.0,{'ROAD_LINE_BROKEN_SINGLE_WHITE'},True,True,vehicle_collision_step_3,False,,True,8,0,,inf,0,0,0,0,0,inf,inf,0.0,True,False,41,0,,False,False,0.0,inf,inf,inf,0.0,0,True,vehicle_collision_step_3,,False,False,0.0,inf,inf,inf,False,0.0,,,,cost_window,-18,False
6000,1002,3,338,1039,-0.04415321350097656,0.9584476947784424,0.0,-0.800000011920929,0.04415321350097656,-1.7584476470947266,True,True,ultra_short_horizon_emergency,ultra_short_horizon_emergency_stop,vehicle_collision_step_3,0,0,0,False,False,False,False,False,False,False,False,True,0.7228964513657569,7.727093652773959,0.0,False,max_steps,,inf,,inf,inf,inf,inf,inf,inf,inf,inf,0.0,{'ROAD_LINE_BROKEN_SINGLE_WHITE'},True,True,vehicle_collision_step_3,False,,True,8,0,,inf,0,0,0,0,0,inf,inf,0.0,True,False,41,0,,False,False,0.0,inf,inf,inf,0.0,0,True,vehicle_collision_step_3,,False,False,0.0,inf,inf,inf,False,0.0,,,,cost_window,-17,False
6000,1002,3,339,1040,-0.03833651542663574,0.9775631427764893,0.0,-0.800000011920929,0.03833651542663574,-1.7775630950927734,True,True,ultra_short_horizon_emergency,ultra_short_horizon_emergency_stop,vehicle_collision_step_3,0,0,0,False,False,False,False,False,False,False,False,True,0.7249959150043592,6.805830198965299,0.0,False,max_steps,,inf,,inf,inf,inf,inf,inf,inf,inf,inf,0.0,{'ROAD_LINE_BROKEN_SINGLE_WHITE'},True,True,vehicle_collision_step_3,False,,True,8,0,,inf,0,0,0,0,0,inf,inf,0.0,True,False,41,0,,False,False,0.0,inf,inf,inf,0.0,0,True,vehicle_collision_step_3,,False,False,0.0,inf,inf,inf,False,0.0,,,,cost_window,-16,False
6000,1002,3,340,1041,-0.09103548526763916,0.9599459171295166,0.0,-0.800000011920929,0.09103548526763916,-1.7599458694458008,True,True,ultra_short_horizon_emergency,ultra_short_horizon_emergency_stop,vehicle_collision_step_3,0,0,0,False,False,False,False,False,False,False,False,True,0.7268375275060034,5.850326321378055,0.0,False,max_steps,,inf,,inf,inf,inf,inf,inf,inf,inf,inf,0.0,{'ROAD_LINE_BROKEN_SINGLE_WHITE'},True,True,vehicle_collision_step_3,False,,True,8,0,,inf,0,0,0,0,0,inf,inf,0.0,True,False,41,0,,False,False,0.0,inf,inf,inf,0.0,0,True,vehicle_collision_step_3,,False,False,0.0,inf,inf,inf,False,0.0,,,,cost_window,-15,False
6000,1002,3,341,1042,-0.10576474666595459,0.9659028053283691,0.0,-0.800000011920929,0.10576474666595459,-1.7659027576446533,True,True,ultra_short_horizon_emergency,ultra_short_horizon_emergency_stop,vehicle_collision_step_3,0,0,0,False,False,False,False,False,False,False,False,True,0.7284119610985252,4.876675277869479,0.0,False,max_steps,,inf,,inf,inf,inf,inf,inf,inf,inf,inf,0.0,{'ROAD_LINE_BROKEN_SINGLE_WHITE'},True,True,vehicle_collision_step_3,False,,True,8,0,,inf,0,0,0,0,0,inf,inf,0.0,True,False,41,0,,False,False,0.0,inf,inf,inf,0.0,0,True,vehicle_collision_step_3,,False,False,0.0,inf,inf,inf,False,0.0,,,,cost_window,-14,False
6000,1002,3,342,1043,-0.13750076293945312,0.9600002765655518,0.0,-0.800000011920929,0.13750076293945312,-1.760000228881836,True,True,ultra_short_horizon_emergency,ultra_short_horizon_emergency_stop,vehicle_collision_step_3,0,0,0,False,False,False,False,False,False,False,False,True,0.7297151609502024,3.9013843218605846,0.0,False,max_steps,,inf,,inf,inf,inf,inf,inf,inf,inf,inf,0.0,{'ROAD_LINE_BROKEN_SINGLE_WHITE'},True,True,vehicle_collision_step_3,False,,True,8,0,,inf,0,0,0,0,0,inf,inf,0.0,True,False,41,0,,False,False,0.0,inf,inf,inf,0.0,0,True,vehicle_collision_step_3,,False,False,0.0,inf,inf,inf,False,0.0,,,,cost_window,-13,False
6000,1002,3,343,1044,-0.19600582122802734,0.9367516040802002,0.0,-0.800000011920929,0.19600582122802734,-1.7367515563964844,True,True,ultra_short_horizon_emergency,ultra_short_horizon_emergency_stop,vehicle_collision_step_3,0,0,0,False,False,False,False,False,False,False,False,True,0.7307468347893391,2.929094192276362,0.0,False,max_steps,,inf,,inf,inf,inf,inf,inf,inf,inf,inf,0.0,{'ROAD_LINE_BROKEN_SINGLE_WHITE'},True,True,vehicle_collision_step_3,False,,True,8,0,,inf,0,0,0,0,0,inf,inf,0.0,True,False,41,0,,False,False,0.0,inf,inf,inf,0.0,0,True,vehicle_collision_step_3,,False,False,0.0,inf,inf,inf,False,0.0,,,,cost_window,-12,False
6000,1002,3,344,1045,-0.22019726037979126,0.9392735958099365,0.0,-0.800000011920929,0.22019726037979126,-1.7392735481262207,True,True,ultra_short_horizon_emergency,ultra_short_horizon_emergency_stop,vehicle_collision_step_3,0,0,0,False,False,False,False,False,False,False,False,True,0.731507912018668,1.9580692472035874,0.0,False,max_steps,,inf,,inf,inf,inf,inf,inf,inf,inf,inf,0.0,{'ROAD_LINE_BROKEN_SINGLE_WHITE'},True,True,vehicle_collision_step_3,False,,True,8,0,,inf,0,0,0,0,0,inf,inf,0.0,True,False,41,0,,False,False,0.0,inf,inf,inf,0.0,0,True,vehicle_collision_step_3,,False,False,0.0,inf,inf,inf,False,0.0,,,,cost_window,-11,False
6000,1002,3,345,1046,-0.25300657749176025,0.917802095413208,0.0,-0.20000000298023224,0.25300657749176025,-1.1178021430969238,True,True,safety_hold,safety_hold_recovery,recent_emergency_safety_hold,0,0,0,False,False,False,False,False,False,False,False,True,0.7320432974796901,1.6543303184643035,0.0,False,max_steps,,inf,,inf,inf,inf,inf,inf,inf,inf,inf,0.0,{'ROAD_LINE_BROKEN_SINGLE_WHITE'},True,True,recent_emergency_safety_hold,False,,True,7,0,,inf,inf,inf,inf,False,False,inf,inf,0.4954043987268471,True,False,41,0,,False,False,0.0,13.602958530078219,inf,1.5862590801700054,0.0,,True,safety_hold,,False,False,0.0,inf,inf,inf,False,0.0,,,,cost_window,-10,False
6000,1002,3,346,1047,-0.26482343673706055,0.9067152738571167,0.0,-0.20000000298023224,0.26482343673706055,-1.1067153215408325,True,True,safety_hold,safety_hold_recovery,recent_emergency_safety_hold,0,0,0,False,False,False,False,False,False,False,False,True,0.7324866339944414,1.3505907172619402,0.0,False,max_steps,,inf,,inf,inf,inf,inf,inf,inf,inf,inf,0.0,{'ROAD_LINE_BROKEN_SINGLE_WHITE'},True,True,recent_emergency_safety_hold,False,,True,6,0,,inf,inf,inf,inf,False,False,inf,inf,0.4381054404340327,True,False,41,0,,False,False,0.0,14.12648348899583,inf,1.5884377272334227,0.0,,True,safety_hold,,False,False,0.0,inf,inf,inf,False,0.0,,,,cost_window,-9,False
6000,1002,3,347,1048,-0.378292441368103,0.8711977005004883,0.0,-0.20000000298023224,0.378292441368103,-1.071197748184204,True,True,safety_hold,safety_hold_recovery,recent_emergency_safety_hold,0,0,0,False,False,False,False,False,False,False,False,True,0.732845413498705,1.046851367878998,0.0,False,max_steps,,inf,,inf,inf,inf,inf,inf,inf,inf,inf,0.0,{'ROAD_LINE_BROKEN_SINGLE_WHITE'},True,True,recent_emergency_safety_hold,False,,True,5,0,,inf,inf,inf,inf,False,False,inf,inf,0.5109182597221168,True,False,41,0,,False,False,0.0,14.685536306930732,inf,1.5902459236403428,0.0,,True,safety_hold,,False,False,0.0,inf,inf,inf,False,0.0,,,,cost_window,-8,False
6000,1002,3,348,1049,-0.22640752792358398,0.8828661441802979,0.0,-0.20000000298023224,0.22640752792358398,-1.0828661918640137,True,True,safety_hold,safety_hold_recovery,recent_emergency_safety_hold,0,0,0,False,False,False,False,False,False,False,False,True,0.7331196745613942,0.743112053454596,0.0,False,max_steps,,inf,,inf,inf,inf,inf,inf,inf,inf,inf,0.0,{'ROAD_LINE_BROKEN_SINGLE_WHITE'},True,True,recent_emergency_safety_hold,False,,True,4,0,,inf,inf,inf,inf,False,False,inf,inf,0.2370150303049063,True,False,41,0,,False,False,0.0,15.277398557256763,inf,1.5917090501345892,0.0,,True,safety_hold,,False,False,0.0,inf,inf,inf,False,0.0,,,,cost_window,-7,False
6000,1002,3,349,1050,-0.1347968578338623,0.9483722448348999,-0.1347968578338623,0.9483722448348999,0.0,0.0,True,False,inactive_raw_action,raw_action,raw_action_safe_or_candidate_not_better,0,0,0,False,False,False,False,False,False,False,False,True,0.733346833943888,0.9998612268089891,0.0,False,max_steps,,inf,,inf,inf,inf,15.900442261140878,inf,1.592820590358202,inf,inf,0.0,{'ROAD_LINE_BROKEN_SINGLE_WHITE'},False,False,,False,boundary_closing,False,0,0,,inf,inf,inf,inf,False,False,inf,inf,0.10016916982414865,False,False,41,0,,False,False,0.0,15.901965405868392,inf,1.592820590358202,0.0,,False,raw_action_safe_or_candidate_not_better,candidate_not_better,False,False,0.0,15.900442261140878,inf,1.612496516284128,False,-10.845347039097572,,,,cost_window,-6,False
6000,1002,3,350,1051,-0.12919247150421143,0.9764590263366699,-0.12919247150421143,0.9764590263366699,0.0,0.0,True,False,inactive_raw_action,raw_action,raw_action_safe_or_candidate_not_better,0,0,0,False,False,False,False,False,False,False,False,True,0.7336399236518295,1.2665775358220668,0.0,False,max_steps,,inf,,inf,inf,inf,16.33029577125675,inf,1.592262937549663,inf,inf,0.0,{'ROAD_LINE_BROKEN_SINGLE_WHITE'},False,False,,False,boundary_closing,False,0,0,,inf,inf,inf,inf,False,False,inf,inf,0.12917454305268622,False,False,41,0,,False,False,0.0,16.33259870599419,inf,1.592262937549663,0.0,,False,raw_action_safe_or_candidate_not_better,candidate_not_better,False,False,0.0,16.33029577125675,inf,1.6119388634755887,False,-11.141205655156192,,,,cost_window,-5,False
6000,1002,3,351,1052,-0.07534509897232056,0.9777157306671143,-0.07534509897232056,0.9777157306671143,0.0,0.0,True,False,inactive_raw_action,raw_action,raw_action_safe_or_candidate_not_better,0,0,0,False,False,False,False,False,False,False,False,True,0.7340071938846975,1.5346210947899992,0.0,False,max_steps,,inf,,inf,inf,inf,16.813302320119515,inf,1.5882274265122978,inf,inf,0.0,{'ROAD_LINE_BROKEN_SINGLE_WHITE'},False,False,,False,boundary_closing,False,0,0,,inf,inf,inf,inf,False,False,inf,inf,0.09543040979263151,False,False,41,0,,False,False,0.0,16.813302320119515,inf,1.5882274265122978,0.0,,False,raw_action_safe_or_candidate_not_better,candidate_not_better,False,False,0.0,16.813302320119515,inf,1.5882274265122978,False,-11.193137326330088,,,,cost_window,-4,False
6000,1002,3,352,1053,0.07629740238189697,0.9701824188232422,0.07629740238189697,0.9701824188232422,0.0,0.0,True,False,inactive_raw_action,raw_action_safe,low_risk_verified_passthrough,0,0,0,False,False,False,False,False,False,False,False,True,0.7344483203628941,1.7952232989864079,0.0,False,max_steps,,inf,,inf,inf,inf,inf,inf,inf,inf,inf,0.0,{'ROAD_LINE_BROKEN_SINGLE_WHITE'},False,False,,True,,False,0,0,,inf,inf,inf,inf,False,False,inf,inf,0.0,False,False,41,-1,,False,False,0.0,17.268588232874347,inf,1.5829986298744534,0.0,,False,low_risk_verified,,False,False,0.0,inf,inf,inf,False,0.0,,,,cost_window,-3,False
6000,1002,3,353,1054,0.1935821771621704,0.9759647846221924,0.1935821771621704,0.9759647846221924,0.0,0.0,True,False,inactive_raw_action,raw_action_safe,low_risk_verified_passthrough,0,0,0,False,False,False,False,False,False,False,False,True,0.7349604749359508,2.0523841378535463,0.0,False,max_steps,,inf,,inf,inf,inf,inf,inf,inf,inf,inf,0.0,{'ROAD_LINE_BROKEN_SINGLE_WHITE'},False,False,,True,,False,0,0,,inf,inf,inf,inf,False,False,inf,inf,0.0,False,False,41,-1,,False,False,0.0,17.7687348782562,inf,1.5812058977449364,0.0,,False,low_risk_verified,,False,False,0.0,inf,inf,inf,False,0.0,,,,cost_window,-2,False
6000,1002,3,354,1055,0.1832139492034912,0.9664232730865479,0.1832139492034912,0.9664232730865479,0.0,0.0,True,False,inactive_raw_action,raw_action_safe,low_risk_verified_passthrough,0,0,0,False,False,False,False,False,False,False,False,True,0.7355424179415752,2.3148968536417427,0.0,False,max_steps,,inf,,inf,inf,inf,inf,inf,inf,inf,inf,0.0,{'ROAD_LINE_BROKEN_SINGLE_WHITE'},False,False,,True,,False,0,0,,inf,inf,inf,inf,False,False,inf,inf,0.0,False,False,41,-1,,False,False,0.0,18.179975392624343,inf,1.600001512625687,0.0,,False,low_risk_verified,,False,False,0.0,inf,inf,inf,False,0.0,,,,cost_window,-1,False
6000,1002,3,355,1056,0.25586962699890137,0.9865881204605103,0.0,-0.800000011920929,-0.25586962699890137,-1.786588191986084,True,True,ultra_short_horizon_emergency,ultra_short_horizon_emergency_stop,vehicle_collision_step_2,1.0,1.0,1.0,True,False,True,False,False,False,False,False,True,0.7361005295546392,1.2413227845384434,0.0,False,crash,,inf,,inf,inf,inf,inf,inf,inf,inf,inf,0.0,"{'TRAFFIC_BARRIER', 'ROAD_LINE_BROKEN_SINGLE_WHITE'}",True,True,vehicle_collision_step_2,False,,True,8,0,,inf,0,0,0,0,0,inf,inf,0.0,True,False,41,0,,False,False,0.0,inf,inf,inf,0.0,0,True,vehicle_collision_step_2,,False,False,0.0,inf,inf,inf,False,0.0,,,,cost_window,0,True
6000,1002,3,356,1057,0.3464391231536865,0.9732605218887329,0.3464391231536865,0.44999998807907104,0.0,-0.5232605338096619,True,True,contact_escape,traffic_object_contact_escape,contact_traffic_barrier_detected,1.0,1.0,2.0,True,False,True,False,False,False,False,False,True,0.7364588252120314,1.3390821152408978,0.0,False,crash,,inf,,inf,inf,inf,inf,inf,inf,inf,inf,0.0,"{'TRAFFIC_BARRIER', 'ROAD_LINE_BROKEN_SINGLE_WHITE'}",True,True,contact_traffic_barrier_detected,False,,True,8,1,,inf,0,0,0,0,0,inf,inf,0.0,False,True,41,0,,False,False,0.0,inf,inf,inf,0.0,0,True,contact_traffic_barrier_detected,,False,False,0.0,inf,inf,inf,False,0.0,,,,cost_window,1,False
6000,1002,3,357,1058,0.2877650260925293,0.991419792175293,0.2877650260925293,0.44999998807907104,0.0,-0.5414198040962219,True,True,contact_escape,traffic_object_contact_escape,contact_traffic_barrier_detected,1.0,1.0,3.0,True,False,True,False,False,False,False,False,True,0.7368311572342101,1.4591829375829226,0.0,False,crash,,inf,,inf,inf,inf,inf,inf,inf,inf,inf,0.0,"{'TRAFFIC_BARRIER', 'ROAD_LINE_BROKEN_SINGLE_WHITE'}",True,True,contact_traffic_barrier_detected,False,,True,8,2,,inf,0,0,0,0,0,inf,inf,0.0,False,True,41,0,,False,False,0.0,inf,inf,inf,0.0,0,True,contact_traffic_barrier_detected,,False,False,0.0,inf,inf,inf,False,0.0,,,,cost_window,2,False
6000,1002,3,358,1059,0.28402209281921387,0.9935029745101929,0.28402209281921387,0.44999998807907104,0.0,-0.5435029864311218,True,True,contact_escape,traffic_object_contact_escape,contact_traffic_barrier_detected,1.0,1.0,4.0,True,False,True,False,False,False,False,False,True,0.7372343503817227,1.580435694343846,0.0,False,crash,,inf,,inf,inf,inf,inf,inf,inf,inf,inf,0.0,"{'TRAFFIC_BARRIER', 'ROAD_LINE_BROKEN_SINGLE_WHITE'}",True,True,contact_traffic_barrier_detected,False,,True,8,3,,inf,0,0,0,0,0,inf,inf,0.0,False,True,41,0,,False,False,0.0,inf,inf,inf,0.0,0,True,contact_traffic_barrier_detected,,False,False,0.0,inf,inf,inf,False,0.0,,,,cost_window,3,False
6000,1002,3,359,1060,0.23734509944915771,0.9942100048065186,0.23734509944915771,0.44999998807907104,0.0,-0.5442100167274475,True,True,contact_escape,traffic_object_contact_escape,contact_traffic_barrier_detected,1.0,1.0,5.0,True,False,True,False,False,False,False,False,True,0.7376699853168353,1.703942896331154,0.0,False,crash,,inf,,inf,inf,inf,inf,inf,inf,inf,inf,0.0,"{'TRAFFIC_BARRIER', 'ROAD_LINE_BROKEN_SINGLE_WHITE'}",True,True,contact_traffic_barrier_detected,False,,True,8,4,,inf,0,0,0,0,0,inf,inf,0.0,False,True,41,0,,False,False,0.0,inf,inf,inf,0.0,0,True,contact_traffic_barrier_detected,,False,False,0.0,inf,inf,inf,False,0.0,,,,cost_window,4,False
6000,1002,3,360,1061,0.10377967357635498,0.9943628311157227,0.10377967357635498,0.44999998807907104,0.0,-0.5443628430366516,True,True,contact_escape,traffic_object_contact_escape,contact_traffic_barrier_detected,1.0,1.0,6.0,True,False,True,False,False,False,False,False,True,0.7381404199778664,1.8279502659594167,0.0,False,crash,,inf,,inf,inf,inf,inf,inf,inf,inf,inf,0.0,"{'TRAFFIC_BARRIER', 'ROAD_LINE_BROKEN_SINGLE_WHITE'}",True,True,contact_traffic_barrier_detected,False,,True,8,5,,inf,0,0,0,0,0,inf,inf,0.0,False,True,41,0,,False,False,0.0,inf,inf,inf,0.0,0,True,contact_traffic_barrier_detected,,False,False,0.0,inf,inf,inf,False,0.0,,,,cost_window,5,False
6000,1002,3,361,1062,0.07940554618835449,0.9879140853881836,0.07940554618835449,0.44999998807907104,0.0,-0.5379140973091125,True,True,contact_escape,traffic_object_contact_escape,contact_traffic_barrier_detected,1.0,1.0,7.0,True,False,True,False,False,False,False,False,True,0.7386466390066606,1.951879255585614,0.0,False,crash,,inf,,inf,inf,inf,inf,inf,inf,inf,inf,0.0,"{'TRAFFIC_BARRIER', 'ROAD_LINE_BROKEN_SINGLE_WHITE'}",True,True,contact_traffic_barrier_detected,False,,True,8,5,,inf,0,0,0,0,0,inf,inf,0.0,False,True,41,0,,False,False,0.0,inf,inf,inf,0.0,0,True,contact_traffic_barrier_detected,,False,False,0.0,inf,inf,inf,False,0.0,,,,cost_window,6,False
6000,1002,3,362,1063,0.11984336376190186,0.9852210283279419,0.11984336376190186,0.44999998807907104,0.0,-0.5352210402488708,True,True,contact_escape,traffic_object_contact_escape,contact_traffic_barrier_detected,1.0,1.0,8.0,True,False,True,False,False,False,False,False,True,0.7391860388226617,2.073477515664443,0.0,False,crash,,inf,,inf,inf,inf,inf,inf,inf,inf,inf,0.0,"{'TRAFFIC_BARRIER', 'ROAD_LINE_BROKEN_SINGLE_WHITE'}",True,True,contact_traffic_barrier_detected,False,,True,8,5,,inf,0,0,0,0,0,inf,inf,0.0,False,True,41,0,,False,False,0.0,inf,inf,inf,0.0,0,True,contact_traffic_barrier_detected,,False,False,0.0,inf,inf,inf,False,0.0,,,,cost_window,7,False
6000,1002,3,363,1064,0.10071754455566406,0.9935756921768188,0.10071754455566406,0.44999998807907104,0.0,-0.5435757040977478,True,True,contact_escape,traffic_object_contact_escape,contact_traffic_barrier_detected,1.0,1.0,9.0,True,False,True,False,False,False,False,False,True,0.7397570551718209,2.196678740569025,0.0,False,crash,,inf,,inf,inf,inf,inf,inf,inf,inf,inf,0.0,"{'TRAFFIC_BARRIER', 'ROAD_LINE_BROKEN_SINGLE_WHITE'}",True,True,contact_traffic_barrier_detected,False,,True,8,5,,inf,0,0,0,0,0,inf,inf,0.0,False,True,41,0,,False,False,0.0,inf,inf,inf,0.0,0,True,contact_traffic_barrier_detected,,False,False,0.0,inf,inf,inf,False,0.0,,,,cost_window,8,False
6000,1002,3,364,1065,0.13360488414764404,0.994316816329956,0.13360488414764404,0.44999998807907104,0.0,-0.544316828250885,True,True,contact_escape,traffic_object_contact_escape,contact_traffic_barrier_detected,1.0,1.0,10.0,True,False,True,False,False,False,False,False,True,0.7403594200895214,2.3178568642447064,0.0,False,crash,,inf,,inf,inf,inf,inf,inf,inf,inf,inf,0.0,"{'TRAFFIC_BARRIER', 'ROAD_LINE_BROKEN_SINGLE_WHITE'}",True,True,contact_traffic_barrier_detected,False,,True,8,5,,inf,0,0,0,0,0,inf,inf,0.0,False,True,41,0,,False,False,0.0,inf,inf,inf,0.0,0,True,contact_traffic_barrier_detected,,False,False,0.0,inf,inf,inf,False,0.0,,,,cost_window,9,False
6000,1002,3,365,1066,0.05095207691192627,0.9631011486053467,0.05095207691192627,0.44999998807907104,0.0,-0.5131011605262756,True,True,contact_escape,traffic_object_contact_escape,contact_traffic_barrier_detected,1.0,1.0,11.0,True,False,True,False,False,False,False,False,True,0.74099324631789,2.4412260311201606,0.0,False,crash,,inf,,inf,inf,inf,inf,inf,inf,inf,inf,0.0,"{'TRAFFIC_BARRIER', 'ROAD_LINE_BROKEN_SINGLE_WHITE'}",True,True,contact_traffic_barrier_detected,False,,True,8,5,,inf,0,0,0,0,0,inf,inf,0.0,False,True,41,0,,False,False,0.0,inf,inf,inf,0.0,0,True,contact_traffic_barrier_detected,,False,False,0.0,inf,inf,inf,False,0.0,,,,cost_window,10,False
6000,1002,3,366,1067,-0.24870562553405762,0.9911043643951416,-0.24870562553405762,0.44999998807907104,0.0,-0.5411043763160706,True,True,contact_escape,traffic_object_contact_escape,contact_traffic_barrier_detected,1.0,1.0,12.0,True,False,True,False,False,False,False,False,True,0.7416607840559369,2.5229165258502246,0.0,False,crash,,inf,,inf,inf,inf,inf,inf,inf,inf,inf,0.0,"{'TRAFFIC_BARRIER', 'ROAD_LINE_BROKEN_SINGLE_WHITE'}",True,True,contact_traffic_barrier_detected,False,,True,8,5,,inf,0,0,0,0,0,inf,inf,0.0,False,True,41,0,,False,False,0.0,inf,inf,inf,0.0,0,True,contact_traffic_barrier_detected,,False,False,0.0,inf,inf,inf,False,0.0,,,,cost_window,11,False
6000,1002,3,367,1068,-0.520993709564209,0.9833037853240967,-0.5,0.44999998807907104,0.020993709564208984,-0.5333037972450256,True,True,contact_escape,traffic_object_contact_escape,contact_traffic_barrier_detected,1.0,1.0,13.0,True,False,True,False,False,False,False,False,True,0.7423552149206296,2.5679204648180396,0.0,False,crash,,inf,,inf,inf,inf,inf,inf,inf,inf,inf,0.0,"{'TRAFFIC_BARRIER', 'ROAD_LINE_BROKEN_SINGLE_WHITE'}",True,True,contact_traffic_barrier_detected,False,,True,8,5,,inf,0,0,0,0,0,inf,inf,0.0,False,True,41,0,,False,False,0.0,inf,inf,inf,0.0,0,True,contact_traffic_barrier_detected,,False,False,0.0,inf,inf,inf,False,0.0,,,,cost_window,12,False
6000,1002,3,368,1069,-0.2662776708602905,0.9788130521774292,-0.2662776708602905,0.44999998807907104,0.0,-0.5288130640983582,True,True,contact_escape,traffic_object_contact_escape,contact_traffic_barrier_detected,1.0,1.0,14.0,True,False,True,False,False,False,False,False,True,0.7430718504628923,2.697726927255736,0.0,False,crash,,inf,,inf,inf,inf,inf,inf,inf,inf,inf,0.0,"{'TRAFFIC_BARRIER', 'ROAD_LINE_BROKEN_SINGLE_WHITE'}",True,True,contact_traffic_barrier_detected,False,,True,8,5,,inf,0,0,0,0,0,inf,inf,0.0,False,True,41,0,,False,False,0.0,inf,inf,inf,0.0,0,True,contact_traffic_barrier_detected,,False,False,0.0,inf,inf,inf,False,0.0,,,,cost_window,13,False
6000,1002,3,369,1070,0.030485987663269043,0.9996111392974854,-0.2662776708602905,0.44999998807907104,-0.29676365852355957,-0.5496111512184143,True,True,contact_escape,traffic_object_contact_escape,contact_traffic_barrier_detected,1.0,1.0,15.0,True,False,True,False,False,False,False,False,True,0.7438234657903924,2.8226141502053568,0.0,False,crash,,inf,,inf,inf,inf,inf,inf,inf,inf,inf,0.0,"{'TRAFFIC_BARRIER', 'ROAD_LINE_BROKEN_SINGLE_WHITE'}",True,True,contact_traffic_barrier_detected,False,,True,8,5,,inf,0,0,0,0,0,inf,inf,0.0,False,True,41,0,,False,False,0.0,inf,inf,inf,0.0,0,True,contact_traffic_barrier_detected,,False,False,0.0,inf,inf,inf,False,0.0,,,,cost_window,14,False
6000,1002,3,370,1071,0.19701802730560303,0.9980312585830688,0.19701802730560303,0.44999998807907104,0.0,-0.5480312705039978,True,True,contact_escape,traffic_object_contact_escape,contact_traffic_barrier_detected,1.0,1.0,16.0,True,False,True,False,False,False,False,False,True,0.7446003184657879,2.8682292326887673,0.0,False,crash,,inf,,inf,inf,inf,inf,inf,inf,inf,inf,0.0,"{'TRAFFIC_BARRIER', 'ROAD_LINE_BROKEN_SINGLE_WHITE'}",True,True,contact_traffic_barrier_detected,False,,True,8,5,,inf,0,0,0,0,0,inf,inf,0.0,False,True,41,0,,False,False,0.0,inf,inf,inf,0.0,0,True,contact_traffic_barrier_detected,,False,False,0.0,inf,inf,inf,False,0.0,,,,cost_window,15,False
6000,1002,3,371,1072,0.35372936725616455,0.9923357963562012,0.35372936725616455,0.44999998807907104,0.0,-0.5423358082771301,True,True,contact_escape,traffic_object_contact_escape,contact_traffic_barrier_detected,1.0,1.0,17.0,True,False,True,False,False,False,False,False,True,0.7453796922414505,2.936132531439429,0.0,False,crash,,inf,,inf,inf,inf,inf,inf,inf,inf,inf,0.0,"{'TRAFFIC_BARRIER', 'ROAD_LINE_BROKEN_SINGLE_WHITE'}",True,True,contact_traffic_barrier_detected,False,,True,8,5,,inf,0,0,0,0,0,inf,inf,0.0,False,True,41,0,,False,False,0.0,inf,inf,inf,0.0,0,True,contact_traffic_barrier_detected,,False,False,0.0,inf,inf,inf,False,0.0,,,,cost_window,16,False
6000,1002,3,372,1073,0.37080836296081543,0.9928336143493652,0.37080836296081543,0.44999998807907104,0.0,-0.5428336262702942,True,True,contact_escape,traffic_object_contact_escape,contact_traffic_barrier_detected,1.0,1.0,18.0,True,False,True,False,False,False,False,False,True,0.7461645995170939,3.0422679588585027,0.0,False,crash,,inf,,inf,inf,inf,inf,inf,inf,inf,inf,0.0,"{'TRAFFIC_BARRIER', 'ROAD_LINE_BROKEN_SINGLE_WHITE'}",True,True,contact_traffic_barrier_detected,False,,True,8,5,,inf,0,0,0,0,0,inf,inf,0.0,False,True,41,0,,False,False,0.0,inf,inf,inf,0.0,0,True,contact_traffic_barrier_detected,,False,False,0.0,inf,inf,inf,False,0.0,,,,cost_window,17,False
6000,1002,3,373,1074,0.406589150428772,0.9988307952880859,0.406589150428772,0.20000000298023224,0.0,-0.7988308072090149,True,True,contact_escape,traffic_object_contact_escape,contact_traffic_barrier_detected,1.0,1.0,19.0,True,False,True,False,False,False,False,False,True,0.7469599547891012,3.083185929099892,0.0,False,crash,,inf,,inf,inf,inf,inf,inf,inf,inf,inf,0.0,"{'TRAFFIC_BARRIER', 'ROAD_LINE_BROKEN_SINGLE_WHITE'}",True,True,contact_traffic_barrier_detected,False,,True,8,5,,inf,0,0,0,0,0,inf,inf,0.0,False,True,41,0,,False,False,0.0,inf,inf,inf,0.0,0,True,contact_traffic_barrier_detected,,False,False,0.0,inf,inf,inf,False,0.0,,,,cost_window,18,False
6000,1002,3,374,1075,-0.10606050491333008,0.9936184883117676,-0.10606050491333008,0.20000000298023224,0.0,-0.7936185002326965,True,True,contact_escape,traffic_object_contact_escape,contact_traffic_barrier_detected,1.0,1.0,20.0,True,False,True,False,False,False,False,False,True,0.7477597943484895,3.0683164694404637,0.0,False,crash,,inf,,inf,inf,inf,inf,inf,inf,inf,inf,0.0,"{'TRAFFIC_BARRIER', 'ROAD_LINE_BROKEN_SINGLE_WHITE'}",True,True,contact_traffic_barrier_detected,False,,True,8,5,,inf,0,0,0,0,0,inf,inf,0.0,False,True,41,0,,False,False,0.0,inf,inf,inf,0.0,0,True,contact_traffic_barrier_detected,,False,False,0.0,inf,inf,inf,False,0.0,,,,cost_window,19,False
6000,1002,3,375,1076,-0.4071195125579834,0.9962552785873413,-0.4071195125579834,0.20000000298023224,0.0,-0.7962552905082703,True,True,contact_escape,traffic_object_contact_escape,contact_traffic_barrier_detected,1.0,1.0,21.0,True,False,True,False,False,False,False,False,True,0.7485774655336892,3.0097317554780396,0.0,False,crash,,inf,,inf,inf,inf,inf,inf,inf,inf,inf,0.0,"{'TRAFFIC_BARRIER', 'ROAD_LINE_BROKEN_SINGLE_WHITE'}",True,True,contact_traffic_barrier_detected,False,,True,8,5,,inf,0,0,0,0,0,inf,inf,0.0,False,True,41,0,,False,False,0.0,inf,inf,inf,0.0,0,True,contact_traffic_barrier_detected,,False,False,0.0,inf,inf,inf,False,0.0,,,,cost_window,20,False
6000,1005,6,94,2397,-0.07819843292236328,0.9983837604522705,-0.07819843292236328,0.9983837604522705,0.0,0.0,True,False,inactive_raw_action,raw_action,raw_action_safe_or_candidate_not_better,0,0,0,False,False,False,False,False,False,False,False,True,0.24396553193255746,10.555263980991835,0.0,False,max_steps,,inf,,inf,inf,inf,0.45856213857208594,-0.2647836018049946,0.9138836041021167,inf,inf,0.0,{'ROAD_LINE_BROKEN_SINGLE_WHITE'},False,False,,False,vehicle_margin_uncertain_or_low,False,0,0,TRAFFIC_CONE,20.231693937794034,22.24150471243646,4.0489779807608315,inf,False,False,3.6352672519468836,2.1692005062111197,0.0,False,False,77,0,,False,False,0.18832552499259292,0.45856213857208594,0.3224909040126779,1.9138836041021166,0.0,,False,raw_action_safe_or_candidate_not_better,candidate_not_better,False,False,0.18832552499259292,0.45856213857208594,0.3224909040126779,1.9138836041021166,False,-24.286796757539307,,,,cost_window,-20,False
6000,1005,6,95,2398,0.1307603120803833,0.9983060359954834,0.1307603120803833,0.9983060359954834,0.0,0.0,True,False,inactive_raw_action,raw_action,raw_action_safe_or_candidate_not_better,0,0,0,False,False,False,False,False,False,False,False,True,0.24682587224683647,10.729068446373436,0.0,False,max_steps,,inf,,inf,inf,inf,-0.4316596344589003,inf,2.0590483159598585,inf,inf,0.0,{'ROAD_LINE_BROKEN_SINGLE_WHITE'},False,False,,False,vehicle_margin_uncertain_or_low,False,0,0,,inf,inf,inf,inf,False,False,3.2337949862819717,inf,1.3802096122453213,False,False,77,0,,False,False,0.3139109548184778,0.2773949257425814,inf,2.0590483159598585,0.0,,False,raw_action_safe_or_candidate_not_better,candidate_not_better,False,False,0.3139109548184778,0.2773949257425814,inf,2.0590483159598585,False,-25.482804878449826,,,,cost_window,-19,False
6000,1005,6,96,2399,0.3567849397659302,0.9967927932739258,0.3567849397659302,0.9967927932739258,0.0,0.0,True,False,inactive_raw_action,raw_action,raw_action_safe_or_candidate_not_better,0,0,0,False,False,False,False,False,False,False,False,True,0.2497392243627608,10.804868547741231,0.0,False,max_steps,,inf,,inf,inf,inf,-0.5996948360045984,inf,1.2117782885072241,inf,inf,0.0,{'ROAD_LINE_BROKEN_SINGLE_WHITE'},False,False,,False,vehicle_margin_uncertain_or_low,False,0,0,,inf,inf,inf,inf,False,False,2.9945492340951283,inf,3.8279700393838882,False,False,77,0,,False,False,0.4248676654602728,0.1412789504107561,inf,2.211778288507224,0.0,,False,raw_action_safe_or_candidate_not_better,candidate_not_better,False,False,0.09172765922373166,0.6408578799418274,inf,1.2117782885072286,False,-17.093034422094362,,,,cost_window,-18,False
6000,1005,6,97,2400,0.3565559387207031,0.9966715574264526,0.3565559387207031,0.9966715574264526,0.0,0.0,True,False,inactive_raw_action,raw_action,raw_action_safe_or_candidate_not_better,0,0,0,False,False,False,False,False,False,False,False,True,0.25268773251549415,10.898569960909962,0.0,False,max_steps,,inf,,inf,inf,inf,-0.6581494955216671,inf,1.3370320208461761,inf,inf,0.0,{'ROAD_LINE_BROKEN_SINGLE_WHITE'},False,False,,False,vehicle_margin_uncertain_or_low,False,0,0,,inf,inf,inf,inf,False,False,2.8244825929646233,inf,3.852540047793675,False,False,77,0,,False,False,0.5340305911705653,0.0797279041207366,inf,2.337032020846176,0.0,,False,raw_action_safe_or_candidate_not_better,candidate_not_better,False,False,0.15800292582163117,0.4961884367165865,inf,1.3370320208461832,False,-17.87688809972574,,,,cost_window,-17,False
6000,1005,6,98,2401,0.28864967823028564,0.9981350898742676,0.28864967823028564,0.9981350898742676,0.0,0.0,True,False,inactive_raw_action,raw_action,raw_action_safe_or_candidate_not_better,0,0,0,False,False,False,False,False,False,False,False,True,0.25567299008636846,11.054659746024292,0.0,False,max_steps,,inf,,inf,inf,inf,-0.7117420794161156,inf,1.415409850941486,inf,inf,0.0,{'ROAD_LINE_BROKEN_SINGLE_WHITE'},False,False,,False,vehicle_margin_uncertain_or_low,False,0,0,,inf,inf,inf,inf,False,False,2.597422362714453,inf,3.145868712386917,False,False,77,0,,False,False,0.5900889700372114,0.011004890056661942,inf,2.415409850941486,0.0,,False,raw_action_safe_or_candidate_not_better,candidate_not_better,False,False,0.23871191419873092,0.3826192254439533,inf,1.4154098509414932,False,-20.099815074177002,,,,cost_window,-16,False
6000,1005,6,99,2402,0.14378511905670166,0.9953625202178955,0.14378511905670166,0.9953625202178955,0.0,0.0,True,False,inactive_raw_action,raw_action,raw_action_safe_or_candidate_not_better,0,0,0,False,False,False,False,False,False,False,False,True,0.25870899639566003,11.35380232971532,0.0,False,max_steps,,inf,,inf,inf,inf,-0.7202843108172647,inf,1.4334045556464443,inf,inf,0.0,{'ROAD_LINE_BROKEN_SINGLE_WHITE'},False,False,,False,vehicle_margin_uncertain_or_low,False,0,0,,inf,inf,inf,inf,False,False,2.2934355494094265,inf,1.5894955677134301,False,False,77,0,,False,False,0.6176316448238031,-0.059959560217414776,inf,2.4334045556464443,0.0,,False,raw_action_safe_or_candidate_not_better,candidate_not_better,False,False,0.28750084291779915,0.3152786013053426,inf,1.4334045556464514,False,-22.554086840637872,,,,cost_window,-15,False
6000,1005,6,100,2403,-0.05262768268585205,0.9704785346984863,-0.028427446261048317,1.0,0.024200236424803734,0.029521465301513672,True,True,predictive_recovery,right_pass,,0,0,0,False,False,False,False,False,False,False,False,True,0.26181559550978545,11.601815595066748,0.0,False,max_steps,,inf,,inf,inf,inf,-0.6461460390800333,inf,2.392903039076191,inf,1.2598501507641175,0.0,{'ROAD_LINE_BROKEN_SINGLE_WHITE'},True,True,vehicle_ttc,False,vehicle_margin_uncertain_or_low,True,8,0,,inf,inf,inf,inf,False,False,1.9029189073239425,inf,0.0,True,False,77,0,,False,False,0.6379166568220208,-0.034259774003165155,inf,2.392903039076191,0.0,,True,vehicle_ttc,,False,False,1.0030754669293485,-0.4097085446851114,inf,2.412578965002117,True,-28.983180207846118,,,,cost_window,-14,False
6000,1005,6,101,2404,-0.2272719144821167,0.9552712440490723,-0.06521287560462952,1.0,0.16205903887748718,0.044728755950927734,True,True,predictive_recovery,left_pass,,0,0,0,False,False,False,False,False,False,False,False,True,0.26499595979988283,11.88407478990765,0.0,False,max_steps,,inf,,inf,inf,inf,-0.5148640598573548,inf,1.3224671787719693,inf,2.0585345338815966,0.0,{'ROAD_LINE_BROKEN_SINGLE_WHITE'},True,True,vehicle_ttc,False,vehicle_margin_uncertain_or_low,True,8,0,,inf,inf,inf,inf,False,False,1.613413830461776,inf,0.0,True,False,77,0,,False,False,0.5540443720833961,0.045655147949698716,inf,2.3224671787719693,0.0,,True,vehicle_ttc,,False,False,0.311455800645241,0.3018933834202109,inf,1.3224671787719764,False,-23.805483321624642,,,,cost_window,-13,False
6000,1005,6,102,2405,-0.34882938861846924,0.6554355621337891,-0.07030041515827179,1.0,0.27852898836135864,0.34456443786621094,True,True,predictive_recovery,left_pass,,0,0,0,False,False,False,False,False,False,False,False,True,0.2682567614279327,12.175390616751521,0.0,False,max_steps,,inf,,inf,inf,inf,-0.38258912705100556,inf,1.2656944554717913,inf,2.129328490464787,0.0,{'ROAD_LINE_BROKEN_SINGLE_WHITE'},True,True,vehicle_ttc,False,vehicle_margin_uncertain_or_low,True,8,0,,inf,inf,inf,inf,False,False,1.3899151852444445,inf,0.0,True,False,77,0,,False,False,0.5312378231329258,0.045546741285956927,inf,2.2656944554717913,0.0,,True,vehicle_ttc,,False,False,0.3005330424822626,0.3046568926355233,inf,1.2656944554717984,False,-21.202245564162766,,,,cost_window,-12,False
6000,1005,6,103,2406,-0.2978900671005249,0.8533148765563965,-0.06622131913900375,1.0,0.23166874051094055,0.14668512344360352,True,True,predictive_recovery,right_pass,,0,0,0,False,False,False,False,False,False,False,False,True,0.271598668566271,12.469328352356557,0.0,False,max_steps,,inf,,inf,inf,inf,-0.27358694013513496,inf,2.2294927042314217,inf,1.6020788830614692,0.0,{'ROAD_LINE_BROKEN_SINGLE_WHITE'},True,True,vehicle_ttc,False,vehicle_margin_uncertain_or_low,True,8,0,,inf,inf,inf,inf,False,False,1.2128591145122722,inf,0.0,True,False,77,0,,False,False,0.5084089296768046,0.09533213214945135,inf,2.2294927042314217,0.0,,True,vehicle_ttc,,False,False,0.753097317525705,-0.16266269305405867,inf,2.2491686301573477,True,-28.998757661835242,,,,cost_window,-11,False
6000,1005,6,104,2407,-0.07829749584197998,0.9111530780792236,-0.018002469092607498,1.0,0.06029502674937248,0.08884692192077637,True,True,predictive_recovery,left_pass,,0,0,0,False,False,False,False,False,False,False,False,True,0.2750213319122154,12.766748196798854,0.0,False,max_steps,,inf,,inf,inf,inf,-0.2222048209809948,inf,1.2161803350171998,inf,2.2002916374348294,0.0,{'ROAD_LINE_BROKEN_SINGLE_WHITE'},True,True,vehicle_ttc,False,vehicle_margin_uncertain_or_low,True,8,0,,inf,inf,inf,inf,False,False,1.0592332186605207,inf,0.0,True,False,77,0,,False,False,0.507580423992972,0.07591599815362038,inf,2.2161803350172,0.0,,True,vehicle_ttc,,False,False,0.3645476292171355,0.23130950840955133,inf,1.216180335017207,False,-29.256136095426363,,,,cost_window,-10,False
6000,1005,6,105,2408,0.015303850173950195,0.9433830976486206,-0.009178269654512405,1.0,-0.0244821198284626,0.056616902351379395,True,True,predictive_recovery,right_pass,,0,0,0,False,False,False,False,False,False,False,False,True,0.2785250446816306,13.063374504000697,0.0,False,max_steps,,inf,,inf,inf,inf,-0.18247305394210667,inf,1.2205145582111019,inf,1.6290255069673585,0.0,{'ROAD_LINE_BROKEN_SINGLE_WHITE'},True,True,vehicle_ttc,False,vehicle_margin_uncertain_or_low,True,8,0,,inf,inf,inf,inf,False,False,0.9145824971477468,inf,0.19538040161235848,True,False,77,0,,False,False,0.5280720044937439,0.040237526132608004,inf,2.220514558211102,0.0,,True,vehicle_ttc,,False,False,0.6738501198465308,-0.11597203413920631,inf,2.2401904841370297,False,-29.819269145660208,,,,cost_window,-9,False
6000,1005,6,106,2409,-0.15705394744873047,0.7736513614654541,0.003488758811727166,1.0,0.16054271161556244,0.2263486385345459,True,True,predictive_recovery,right_pass,,0,0,0,False,False,False,False,False,False,False,False,True,0.2821096507535788,13.359665609738233,0.0,False,max_steps,,inf,,inf,inf,inf,-0.1304443521820584,inf,1.2310745038273194,inf,1.625595201514342,0.0,{'ROAD_LINE_BROKEN_SINGLE_WHITE'},True,True,vehicle_ttc,False,vehicle_margin_uncertain_or_low,True,8,0,,inf,inf,inf,inf,False,False,0.7716600604116637,inf,0.0,True,False,77,0,,False,False,0.5463307273385375,0.08253118306058127,inf,2.2310745038273194,0.0,,True,vehicle_ttc,,False,False,0.6881798962869788,-0.06743583822592303,inf,2.250750429753246,False,-27.9260999946871,,,,cost_window,-8,False
6000,1005,6,107,2410,-0.3179556131362915,0.8479063510894775,0.008678040467202663,1.0,0.32663366198539734,0.15209364891052246,True,True,predictive_recovery,right_pass,,0,0,0,False,False,False,False,False,False,False,False,True,0.2857752253189734,13.655904094906983,0.0,False,max_steps,,inf,,inf,inf,inf,-0.10848485177232359,inf,2.2456254768920236,inf,1.7614499123345502,0.0,{'ROAD_LINE_BROKEN_SINGLE_WHITE'},True,True,vehicle_ttc,False,vehicle_margin_uncertain_or_low,True,8,0,,inf,inf,inf,inf,False,False,0.6345142598070267,inf,0.0,True,False,77,0,,False,False,0.5667823293269012,-0.0033769751230883216,inf,2.2456254768920236,0.0,,True,vehicle_ttc,,False,False,0.6393471456916312,-0.07735809573524755,inf,2.2653014028179497,False,-28.460834815502523,,,,cost_window,-7,False
6000,1005,6,108,2411,-0.41260963678359985,0.7808966636657715,0.00808086059987545,1.0,0.42069050669670105,0.21910333633422852,True,True,predictive_recovery,right_pass,,0,0,0,False,False,False,False,False,False,False,False,True,0.2895218243863633,13.952250320262856,0.0,False,max_steps,,inf,,inf,inf,inf,-0.3168111937577116,inf,1.2592192284128623,inf,1.7522338540759999,0.0,{'ROAD_LINE_BROKEN_SINGLE_WHITE'},True,True,vehicle_ttc,False,vehicle_margin_uncertain_or_low,True,8,0,,inf,inf,inf,inf,False,False,0.5033057378754412,inf,0.0,True,False,77,0,,False,False,0.5512779174099449,-0.008067813033907356,inf,2.2592192284128623,0.0,,True,vehicle_ttc,,False,False,0.6217652548646851,-0.08187666674645744,inf,2.2788951543387888,False,-27.944161373165393,,,,cost_window,-6,False
6000,1005,6,109,2412,-0.2860574722290039,0.6056225299835205,0.004637961741536856,1.0,0.2906954288482666,0.3943774700164795,True,True,predictive_recovery,right_pass,,0,0,0,False,False,False,False,False,False,False,False,True,0.2933494322188062,14.248671391930632,0.0,False,max_steps,,inf,,inf,inf,inf,-0.48088785575249915,inf,2.2701091305474193,inf,1.7447455452951923,0.0,{'ROAD_LINE_BROKEN_SINGLE_WHITE'},True,True,vehicle_ttc,False,vehicle_margin_uncertain_or_low,True,8,0,,inf,inf,inf,inf,False,False,0.37888471005867214,inf,0.0,True,False,77,0,,False,False,0.4588023119419613,-0.012871790483098167,inf,2.2701091305474193,0.0,,True,vehicle_ttc,,False,False,0.5250975072493402,-0.032405142908761064,inf,2.289785056473347,False,-27.196411137072516,,,,cost_window,-5,False
6000,1005,6,110,2413,-0.31788474321365356,0.6449719667434692,0.0010280546266585588,1.0,0.3189128041267395,0.35502803325653076,True,True,predictive_recovery,right_pass,,0,0,0,False,False,False,False,False,False,False,False,True,0.297258050215524,14.54508970992433,0.0,False,max_steps,,inf,,inf,inf,inf,-0.619687504661119,inf,1.2782649725459483,inf,1.739274272959299,0.0,{'ROAD_LINE_BROKEN_SINGLE_WHITE'},True,True,vehicle_ttc,False,vehicle_margin_uncertain_or_low,True,8,0,,inf,inf,inf,inf,False,False,0.26178893049429575,inf,0.0,True,False,77,0,,False,False,0.41311314710610064,-0.055618395844821755,inf,2.2782649725459483,0.0,,True,vehicle_ttc,,False,False,0.4398206821766027,-0.07529312216377892,inf,2.2979408984718748,False,-27.826006254225433,,,,cost_window,-4,False
6000,1005,6,111,2414,-0.1318742036819458,-0.04423785209655762,-0.0015207770047709346,-0.2654271125793457,0.1303534209728241,-0.22118926048278809,True,True,predictive_recovery,right_pass,,0,0,0,False,False,False,False,False,False,False,False,True,0.30118228158222055,13.84467382948179,0.0,False,max_steps,,inf,,inf,inf,inf,-0.7394600585606055,inf,1.2847049283515974,inf,1.7348245980950525,0.0,{'ROAD_LINE_BROKEN_SINGLE_WHITE'},True,True,vehicle_ttc,False,vehicle_margin_uncertain_or_low,True,8,0,,inf,inf,inf,inf,False,False,0.15182158487903777,inf,0.0,True,False,77,0,,False,False,0.38253021417240396,-0.02749146829343463,inf,2.2847049283515974,0.0,,True,vehicle_ttc,,False,False,0.40886616792222974,-0.047027217508136765,inf,2.304380854277523,False,-25.377840344638834,,,,cost_window,-3,False
6000,1005,6,112,2415,-0.36990731954574585,0.40392982959747314,-0.002288687275722623,1.0,0.3676186203956604,0.5960701704025269,True,True,predictive_recovery,right_pass,,0,0,0,False,False,False,False,False,False,False,False,True,0.30499141025041504,14.141076103873681,0.0,False,max_steps,,inf,,inf,inf,inf,-0.6653846008295012,inf,2.2630748325806755,inf,1.7302263617625029,0.0,{'ROAD_LINE_BROKEN_SINGLE_WHITE'},True,True,vehicle_ttc,False,vehicle_margin_uncertain_or_low,True,8,0,,inf,inf,inf,inf,False,False,0.06124670228004535,inf,0.0,True,False,77,0,,False,False,0.2525078830080862,0.06675352469244267,inf,2.263074832580679,0.0,,True,vehicle_ttc,,False,False,0.27744086281016084,0.04761332536736784,inf,2.310319595524618,False,-27.644190609858818,,,,cost_window,-2,False
6000,1005,6,113,2416,-0.4981905221939087,-0.05748683214187622,-0.002288687275722623,-0.20000000298023224,0.49590182304382324,-0.14251317083835602,True,True,safety_hold,safety_hold_recovery,recent_emergency_safety_hold,0,0,0,False,False,False,False,False,False,False,False,True,0.3088165839560268,13.613315109957039,0.0,False,max_steps,,inf,,inf,inf,inf,inf,inf,inf,inf,inf,0.0,{'ROAD_LINE_BROKEN_SINGLE_WHITE'},True,True,recent_emergency_safety_hold,False,,True,7,0,,inf,inf,inf,inf,False,False,inf,inf,0.0,True,False,77,0,,False,False,0.1956686661184437,0.19163518466736296,inf,2.269392988706262,0.0,,True,safety_hold,,False,False,0.0,inf,inf,inf,False,0.0,,,,cost_window,-1,False
6000,1005,6,114,2417,-0.31521642208099365,0.794140100479126,-0.002288687275722623,-0.20000000298023224,0.3129277229309082,-0.994140088558197,True,True,safety_hold,safety_hold_recovery,recent_emergency_safety_hold,1.0,1.0,1.0,True,False,True,False,False,False,False,False,True,0.3125065734392008,13.07392497712337,0.0,False,crash,,inf,,inf,inf,inf,inf,inf,inf,inf,inf,0.0,"{'ROAD_LINE_BROKEN_SINGLE_WHITE', 'TRAFFIC_CONE'}",True,True,recent_emergency_safety_hold,False,,True,6,0,,inf,inf,inf,inf,False,False,inf,inf,0.0,True,False,77,0,,False,False,0.11890470323283642,0.40365098922387865,inf,2.2766903481031493,0.0,,True,safety_hold,,False,False,0.0,inf,inf,inf,False,0.0,,,,cost_window,0,True
6000,1005,6,115,2418,-0.715417742729187,-0.6259976625442505,-0.5,-0.30000001192092896,0.215417742729187,0.32599765062332153,True,True,contact_escape,traffic_object_contact_escape,contact_traffic_cone_detected,1.0,1.0,2.0,True,False,True,False,False,False,False,False,True,0.3160396144338039,12.434475176062712,0.0,False,crash,,inf,,inf,inf,inf,inf,inf,inf,inf,inf,0.0,"{'ROAD_LINE_BROKEN_SINGLE_WHITE', 'TRAFFIC_CONE'}",True,True,contact_traffic_cone_detected,False,,True,8,1,,inf,0,0,0,0,0,inf,inf,0.0,False,True,77,0,,False,False,0.0,inf,inf,inf,0.0,0,True,contact_traffic_cone_detected,,False,False,0.0,inf,inf,inf,False,0.0,,,,cost_window,1,False
6000,1005,6,116,2419,-0.43608856201171875,0.6534960269927979,-0.43608856201171875,-0.15000000596046448,0.0,-0.8034960031509399,True,True,contact_escape,traffic_object_contact_escape,contact_traffic_cone_detected,1.0,1.0,3.0,True,False,True,False,False,False,False,False,True,0.31940936467931474,12.030370748113752,0.0,False,crash,,inf,,inf,inf,inf,inf,inf,inf,inf,inf,0.0,"{'ROAD_LINE_BROKEN_SINGLE_WHITE', 'TRAFFIC_CONE'}",True,True,contact_traffic_cone_detected,False,,True,8,2,,inf,0,0,0,0,0,inf,inf,0.0,False,True,77,0,,False,False,0.0,inf,inf,inf,0.0,0,True,contact_traffic_cone_detected,,False,False,0.0,inf,inf,inf,False,0.0,,,,cost_window,2,False
6000,1005,6,117,2420,-0.06465643644332886,0.9950826168060303,-0.06465643644332886,-0.15000000596046448,0.0,-1.1450825929641724,True,True,contact_escape,traffic_object_contact_escape,contact_traffic_cone_detected,1.0,1.0,4.0,True,False,True,False,False,False,False,False,True,0.32265778705510173,11.641903856807547,0.0,False,crash,,inf,,inf,inf,inf,inf,inf,inf,inf,inf,0.0,"{'ROAD_LINE_BROKEN_SINGLE_WHITE', 'TRAFFIC_CONE'}",True,True,contact_traffic_cone_detected,False,,True,8,3,,inf,0,0,0,0,0,inf,inf,0.0,False,True,77,0,,False,False,0.0,inf,inf,inf,0.0,0,True,contact_traffic_cone_detected,,False,False,0.0,inf,inf,inf,False,0.0,,,,cost_window,3,False
6000,1005,6,118,2421,0.31215548515319824,0.9523335695266724,0.31215548515319824,-0.15000000596046448,0.0,-1.1023335456848145,True,True,contact_escape,traffic_object_contact_escape,contact_traffic_cone_detected,1.0,1.0,5.0,True,False,True,False,False,False,False,False,True,0.3258002443343791,11.277202091760536,0.0,False,crash,,inf,,inf,inf,inf,inf,inf,inf,inf,inf,0.0,"{'ROAD_LINE_BROKEN_SINGLE_WHITE', 'TRAFFIC_CONE'}",True,True,contact_traffic_cone_detected,False,,True,8,4,,inf,0,0,0,0,0,inf,inf,0.0,False,True,77,0,,False,False,0.0,inf,inf,inf,0.0,0,True,contact_traffic_cone_detected,,False,False,0.0,inf,inf,inf,False,0.0,,,,cost_window,4,False
6000,1005,6,119,2422,0.04003751277923584,0.9105480909347534,0.31215548515319824,-0.15000000596046448,0.2721179723739624,-1.0605480670928955,True,True,contact_escape,traffic_object_contact_escape,contact_traffic_cone_detected,1.0,1.0,6.0,True,False,True,False,False,False,False,False,True,0.3288526092855939,10.909266450157007,0.0,False,crash,,inf,,inf,inf,inf,inf,inf,inf,inf,inf,0.0,"{'ROAD_LINE_BROKEN_SINGLE_WHITE', 'TRAFFIC_CONE'}",True,True,contact_traffic_cone_detected,False,,True,8,5,,inf,0,0,0,0,0,inf,inf,0.0,False,True,77,0,,False,False,0.0,inf,inf,inf,0.0,0,True,contact_traffic_cone_detected,,False,False,0.0,inf,inf,inf,False,0.0,,,,cost_window,5,False
6000,1005,6,120,2423,-0.21125584840774536,0.9625020027160645,-0.21125584840774536,-0.15000000596046448,0.0,-1.1125019788742065,True,True,contact_escape,traffic_object_contact_escape,contact_traffic_cone_detected,0,0,6.0,False,False,False,False,False,False,False,False,True,0.3318111664717905,10.560943287992261,0.0,False,max_steps,,inf,,inf,inf,inf,inf,inf,inf,inf,inf,0.0,{'ROAD_LINE_BROKEN_SINGLE_WHITE'},True,True,contact_traffic_cone_detected,False,,True,8,5,,inf,0,0,0,0,0,inf,inf,0.0,False,True,77,0,,False,False,0.0,inf,inf,inf,0.0,0,True,contact_traffic_cone_detected,,False,False,0.0,inf,inf,inf,False,0.0,,,,cost_window,6,False
6000,1005,6,121,2424,0.4581824541091919,0.9365105628967285,-0.21125584840774536,-0.20000000298023224,-0.6694383025169373,-1.1365106105804443,True,True,safety_hold,safety_hold_recovery,recent_emergency_safety_hold,0,0,6.0,False,False,False,False,False,False,False,False,True,0.33466115234794297,10.075422761945838,0.0,False,max_steps,,inf,,inf,inf,inf,inf,inf,inf,inf,inf,0.0,{'ROAD_LINE_BROKEN_SINGLE_WHITE'},True,True,recent_emergency_safety_hold,False,,True,7,4,,inf,inf,inf,inf,False,False,inf,inf,4.838838913400292,True,False,77,0,,False,False,0.0,1.025411579786339,inf,2.7540802381548244,0.0,,True,safety_hold,,False,False,0.0,inf,inf,inf,False,0.0,,,,cost_window,7,False
6000,1005,6,122,2425,-0.21333885192871094,0.884597897529602,-0.21125584840774536,-0.20000000298023224,0.002083003520965576,-1.0845979452133179,True,True,safety_hold,safety_hold_recovery,recent_emergency_safety_hold,0,0,6.0,False,False,False,False,False,False,False,False,True,0.33735907541269755,9.520336460402955,0.0,False,max_steps,,inf,,inf,inf,inf,inf,inf,inf,inf,inf,0.0,{'ROAD_LINE_BROKEN_SINGLE_WHITE'},True,True,recent_emergency_safety_hold,False,,True,6,3,,inf,inf,inf,inf,False,False,inf,inf,0.0,True,False,77,0,,False,False,0.0,1.0283686366356406,inf,2.8338896207993707,0.0,,True,safety_hold,,False,False,0.0,inf,inf,inf,False,0.0,,,,cost_window,8,False
6000,1005,6,123,2426,0.5766797065734863,0.5992963314056396,-0.21125584840774536,-0.20000000298023224,-0.7879355549812317,-0.7992963194847107,True,True,safety_hold,safety_hold_recovery,recent_emergency_safety_hold,0,0,6.0,False,False,False,False,False,False,False,False,True,0.3398856199838668,8.993092814828042,0.0,False,max_steps,,inf,,inf,inf,inf,inf,inf,inf,inf,inf,0.0,{'ROAD_LINE_BROKEN_SINGLE_WHITE'},True,True,recent_emergency_safety_hold,False,,True,5,2,,inf,inf,inf,inf,False,False,inf,inf,5.49018483646604,True,False,77,0,,False,False,0.0,0.9472203476179226,inf,2.963028160826966,0.0,,True,safety_hold,,False,False,0.0,inf,inf,inf,False,0.0,,,,cost_window,9,False
6000,1005,6,124,2427,0.17488551139831543,0.9921443462371826,-0.21125584840774536,-0.20000000298023224,-0.3861413598060608,-1.1921443939208984,True,True,safety_hold,safety_hold_recovery,recent_emergency_safety_hold,0,0,6.0,False,False,False,False,False,False,False,False,True,0.3422442057542304,8.471306224389949,0.0,False,max_steps,,inf,,inf,inf,inf,inf,inf,inf,inf,inf,0.0,set(),True,True,recent_emergency_safety_hold,False,,True,4,1,,inf,inf,inf,inf,False,False,inf,inf,1.5727616359737182,True,False,77,0,,False,False,0.0013043662161822621,0.7956521126127258,inf,3.1384261412512173,0.0,,True,safety_hold,,False,False,0.0,inf,inf,inf,False,0.0,,,,cost_window,10,False
6000,1005,6,125,2428,0.5283775329589844,0.8159682750701904,-0.21125584840774536,-0.20000000298023224,-0.7396333813667297,-1.0159683227539062,True,True,safety_hold,safety_hold_recovery,recent_emergency_safety_hold,0,0,6.0,False,False,False,False,False,False,False,False,True,0.3444334509613882,7.944333120958867,0.0,False,max_steps,,inf,,inf,inf,inf,inf,inf,inf,inf,inf,0.0,set(),True,True,recent_emergency_safety_hold,False,,True,3,0,,inf,inf,inf,inf,False,False,inf,inf,4.47604788378325,True,False,77,0,,False,False,0.06671362606670195,0.5776212464443269,inf,3.349375066967298,0.0,,True,safety_hold,,False,False,0.0,inf,inf,inf,False,0.0,,,,cost_window,11,False
6000,1005,6,126,2429,0.0841667652130127,0.7393624782562256,0.0,-0.800000011920929,-0.0841667652130127,-1.5393624305725098,True,True,ultra_short_horizon_emergency,ultra_short_horizon_emergency_stop,vehicle_collision_step_3,0,0,6.0,False,False,False,False,False,False,False,False,True,0.3464247961397384,6.692215704293222,0.0,False,max_steps,,inf,,inf,inf,inf,inf,inf,inf,inf,inf,0.0,set(),True,True,vehicle_collision_step_3,False,,True,8,0,,inf,0,0,0,0,0,inf,inf,0.0,True,False,77,0,,False,False,0.0,inf,inf,inf,0.0,0,True,vehicle_collision_step_3,,False,False,0.0,inf,inf,inf,False,0.0,,,,cost_window,12,False
6000,1005,6,127,2430,0.3352404832839966,0.8171737194061279,0.0,-0.800000011920929,-0.3352404832839966,-1.617173671722412,True,True,ultra_short_horizon_emergency,ultra_short_horizon_emergency_stop,vehicle_collision_step_2,0,0,6.0,False,False,False,False,False,False,False,False,True,0.3481112073105269,5.457299147280021,0.0,False,max_steps,,inf,,inf,inf,inf,inf,inf,inf,inf,inf,0.0,set(),True,True,vehicle_collision_step_2,False,,True,8,0,,inf,0,0,0,0,0,inf,inf,0.0,True,False,77,0,,False,False,0.0,inf,inf,inf,0.0,0,True,vehicle_collision_step_2,,False,False,0.0,inf,inf,inf,False,0.0,,,,cost_window,13,False
6000,1005,6,128,2431,0.35864710807800293,0.023923158645629883,0.0,-0.800000011920929,-0.35864710807800293,-0.8239231705665588,True,True,ultra_short_horizon_emergency,ultra_short_horizon_emergency_stop,vehicle_collision_step_2,0,0,6.0,False,False,False,False,False,False,False,False,True,0.34947676159783814,4.215611219160038,0.0,False,max_steps,,inf,,inf,inf,inf,inf,inf,inf,inf,inf,0.0,{'ROAD_LINE_BROKEN_SINGLE_WHITE'},True,True,vehicle_collision_step_2,False,,True,8,0,,inf,0,0,0,0,0,inf,inf,0.0,True,False,77,0,,False,False,0.0,inf,inf,inf,0.0,0,True,vehicle_collision_step_2,,False,False,0.0,inf,inf,inf,False,0.0,,,,cost_window,14,False
6000,1005,6,129,2432,0.20909714698791504,0.9590131044387817,0.0,-0.800000011920929,-0.20909714698791504,-1.7590131759643555,True,True,ultra_short_horizon_emergency,ultra_short_horizon_emergency_stop,vehicle_collision_step_1,0,0,6.0,False,False,False,False,False,False,False,False,True,0.35051307984437724,2.943891166139281,0.0,False,max_steps,,inf,,inf,inf,inf,inf,inf,inf,inf,inf,0.0,{'ROAD_LINE_BROKEN_SINGLE_WHITE'},True,True,vehicle_collision_step_1,False,,True,8,0,,inf,0,0,0,0,0,inf,inf,0.0,True,False,77,0,,False,False,0.0,inf,inf,inf,0.0,0,True,vehicle_collision_step_1,,False,False,0.0,inf,inf,inf,False,0.0,,,,cost_window,15,False
6000,1005,6,130,2433,0.18191814422607422,0.9728677272796631,0.0,-0.800000011920929,-0.18191814422607422,-1.7728676795959473,True,True,ultra_short_horizon_emergency,ultra_short_horizon_emergency_stop,vehicle_collision_step_1,0,0,6.0,False,False,False,False,False,False,False,False,True,0.35121385274932876,1.6589428833910997,0.0,False,max_steps,,inf,,inf,inf,inf,inf,inf,inf,inf,inf,0.0,{'ROAD_LINE_BROKEN_SINGLE_WHITE'},True,True,vehicle_collision_step_1,False,,True,8,0,,inf,0,0,0,0,0,inf,inf,0.0,True,False,77,0,,False,False,0.0,inf,inf,inf,0.0,0,True,vehicle_collision_step_1,,False,False,0.0,inf,inf,inf,False,0.0,,,,cost_window,16,False
6000,1005,6,131,2434,0.28674769401550293,0.989302396774292,0.0,-0.800000011920929,-0.28674769401550293,-1.7893023490905762,True,True,ultra_short_horizon_emergency,ultra_short_horizon_emergency_stop,vehicle_collision_step_1,0,0,6.0,False,False,False,False,False,False,False,False,True,0.35158011251785803,0.37407651741560627,0.0,False,max_steps,,inf,,inf,inf,inf,inf,inf,inf,inf,inf,0.0,{'ROAD_LINE_BROKEN_SINGLE_WHITE'},True,True,vehicle_collision_step_1,False,,True,8,0,,inf,0,0,0,0,0,inf,inf,0.0,True,False,77,0,,False,False,0.0,inf,inf,inf,0.0,0,True,vehicle_collision_step_1,,False,False,0.0,inf,inf,inf,False,0.0,,,,cost_window,17,False
6000,1005,6,132,2435,0.5641496181488037,0.9984636306762695,0.0,-0.800000011920929,-0.5641496181488037,-1.7984635829925537,True,True,ultra_short_horizon_emergency,ultra_short_horizon_emergency_stop,vehicle_collision_step_1,0,0,6.0,False,False,False,False,False,False,False,False,True,0.35163794202435505,0.05100796046427407,0.0,False,max_steps,,inf,,inf,inf,inf,inf,inf,inf,inf,inf,0.0,{'ROAD_LINE_BROKEN_SINGLE_WHITE'},True,True,vehicle_collision_step_1,False,,True,8,0,,inf,0,0,0,0,0,inf,inf,0.0,True,False,77,0,,False,False,0.0,inf,inf,inf,0.0,0,True,vehicle_collision_step_1,,False,False,0.0,inf,inf,inf,False,0.0,,,,cost_window,18,False
6000,1005,6,133,2436,0.7396365404129028,0.9997496604919434,0.0,-0.800000011920929,-0.7396365404129028,-1.7997496128082275,True,True,ultra_short_horizon_emergency,ultra_short_horizon_emergency_stop,vehicle_collision_step_1,0,0,6.0,False,False,False,False,False,False,False,False,True,0.3516060891483216,0.2645620239659951,0.0,False,max_steps,,inf,,inf,inf,inf,inf,inf,inf,inf,inf,0.0,{'ROAD_LINE_BROKEN_SINGLE_WHITE'},True,True,vehicle_collision_step_1,False,,True,8,0,,inf,0,0,0,0,0,inf,inf,0.0,True,False,77,0,,False,False,0.0,inf,inf,inf,0.0,0,True,vehicle_collision_step_1,,False,False,0.0,inf,inf,inf,False,0.0,,,,cost_window,19,False
6000,1005,6,134,2437,0.7880125045776367,0.9996857643127441,0.0,-0.800000011920929,-0.7880125045776367,-1.7996857166290283,True,True,ultra_short_horizon_emergency,ultra_short_horizon_emergency_stop,vehicle_collision_step_1,0,0,6.0,False,False,False,False,False,False,False,False,True,0.35160053176534023,0.2019971959961667,0.0,False,max_steps,,inf,,inf,inf,inf,inf,inf,inf,inf,inf,0.0,{'ROAD_LINE_BROKEN_SINGLE_WHITE'},True,True,vehicle_collision_step_1,False,,True,8,0,,inf,0,0,0,0,0,inf,inf,0.0,True,False,77,0,,False,False,0.0,inf,inf,inf,0.0,0,True,vehicle_collision_step_1,,False,False,0.0,inf,inf,inf,False,0.0,,,,cost_window,20,False
6000,1007,8,395,3668,0.30677759647369385,0.9789750576019287,0.30677759647369385,0.9789750576019287,0.0,0.0,True,False,inactive_raw_action,raw_action_safe,low_risk_verified_passthrough,0,0,0,False,False,False,False,False,False,False,False,True,0.8817408770329926,5.903315452790447,0.0,False,max_steps,,inf,,inf,inf,inf,inf,inf,inf,inf,inf,0.0,set(),False,False,,True,,False,0,0,,inf,inf,inf,inf,False,False,inf,inf,0.0,False,False,70,-1,,False,False,0.0,4.632028001778954,inf,3.1762977018136467,0.0,,False,low_risk_verified,,False,False,0.0,inf,inf,inf,False,0.0,,,,cost_window,-20,False
6000,1007,8,396,3669,0.288202166557312,0.9725687503814697,0.288202166557312,0.9725687503814697,0.0,0.0,True,False,inactive_raw_action,raw_action_safe,low_risk_verified_passthrough,0,0,0,False,False,False,False,False,False,False,False,True,0.8829163362187662,6.192235228642143,0.0,False,max_steps,,inf,,inf,inf,inf,inf,inf,inf,inf,inf,0.0,set(),False,False,,True,,False,0,0,,inf,inf,inf,inf,False,False,inf,inf,0.0,False,False,70,-1,,False,False,0.0,4.5439008023491585,inf,3.313542167535935,0.0,,False,low_risk_verified,,False,False,0.0,inf,inf,inf,False,0.0,,,,cost_window,-19,False
6000,1007,8,397,3670,0.08480441570281982,0.985896110534668,-0.13712744414806366,0.0,-0.22193185985088348,-0.985896110534668,True,True,predictive_recovery,keep_pass,,0,0,0,False,False,False,False,False,False,False,False,True,0.8841382521624297,6.105760915698256,0.0,False,max_steps,,inf,,inf,inf,inf,-0.509232510402164,inf,2.4786119969093545,20.260746197204547,-2.17715415926729,0.07257180530890966,set(),True,True,predicted_collision,False,raw_predicted_collision,True,8,0,,inf,inf,inf,inf,False,False,inf,inf,0.0,True,False,70,0,,True,False,0.0,4.5796363229612975,inf,3.4717782843596834,0.0,cut_in_danger,True,predicted_collision,,False,False,0.0,2.899561394227376,inf,3.4717782843596825,True,-28.414139180189917,,,,cost_window,-18,False
6000,1007,8,398,3671,0.0699002742767334,0.9669556617736816,-0.19617615640163422,0.0,-0.2660764455795288,-0.9669556617736816,True,True,predictive_recovery,keep_pass,,0,0,0,False,False,False,False,False,False,False,False,True,0.8853702022605648,6.013726041510138,0.0,False,max_steps,,inf,,inf,inf,inf,-0.17099471801512856,inf,2.5964298534511143,19.747587539427634,-2.3087049259652987,0.07695683086550996,set(),True,True,predicted_collision,False,raw_predicted_collision,True,8,0,,inf,inf,inf,inf,False,False,inf,inf,0.0,True,False,70,0,,True,False,0.0,4.479493773899957,inf,3.5895961409014476,0.0,cut_in_danger,True,predicted_collision,,False,False,0.0,2.902697136629278,inf,3.5895961409014467,True,-27.87334556747382,,,,cost_window,-17,False
6000,1007,8,399,3672,0.10483729839324951,0.8660800457000732,-0.20681504905223846,0.0,-0.31165236234664917,-0.8660800457000732,True,True,predictive_recovery,keep_pass,,0,0,0,False,False,False,False,False,False,False,False,True,0.8866017710473781,5.957130198777244,0.0,False,max_steps,,inf,,inf,inf,inf,-0.4071953277599105,inf,2.6758479962359254,19.242259704134167,-2.4069501895028793,0.08023167298342931,set(),True,True,predicted_collision,False,raw_predicted_collision,True,8,0,,inf,inf,inf,inf,False,False,inf,inf,0.0,True,False,70,0,,True,False,0.0,4.214521182702123,inf,3.6758479962359103,0.0,cut_in_danger,True,predicted_collision,,False,False,0.0,2.8386933641017786,inf,3.6758479962359094,True,-25.431907141957378,,,,cost_window,-16,False
6000,1007,8,400,3673,0.22860705852508545,0.860851526260376,-0.20681504905223846,-0.20000000298023224,-0.4354221224784851,-1.0608515739440918,True,True,safety_hold,safety_hold_recovery,recent_emergency_safety_hold,0,0,0,False,False,False,False,False,False,False,False,True,0.8877992720062209,5.351847390848346,0.0,False,max_steps,,inf,,inf,inf,inf,inf,inf,inf,inf,inf,0.0,set(),True,True,recent_emergency_safety_hold,False,,True,7,0,,inf,inf,inf,inf,False,False,inf,inf,1.3618420119934234,True,False,70,0,,False,False,0.0,3.9253166993488846,inf,3.6767433993834273,0.0,,True,safety_hold,,False,False,0.0,inf,inf,inf,False,0.0,,,,cost_window,-15,False
6000,1007,8,401,3674,0.35296452045440674,0.841508150100708,-0.20681504905223846,-0.20000000298023224,-0.5597795844078064,-1.0415081977844238,True,True,safety_hold,safety_hold_recovery,recent_emergency_safety_hold,0,0,0,False,False,False,False,False,False,False,False,True,0.8888752829113529,4.750332868309596,0.0,False,max_steps,,inf,,inf,inf,inf,inf,inf,inf,inf,inf,0.0,set(),True,True,recent_emergency_safety_hold,False,,True,6,0,,inf,inf,inf,inf,False,False,inf,inf,1.8890122478559543,True,False,70,0,,False,False,0.0,3.5704646377257627,inf,3.655197718137124,0.0,,True,safety_hold,,False,False,0.0,inf,inf,inf,False,0.0,,,,cost_window,-14,False
6000,1007,8,402,3675,0.44902610778808594,0.9194159507751465,-0.20681504905223846,-0.20000000298023224,-0.6558411717414856,-1.1194159984588623,True,True,safety_hold,safety_hold_recovery,recent_emergency_safety_hold,0,0,0,False,False,False,False,False,False,False,False,True,0.8898230045829584,4.14974700579821,0.0,False,max_steps,,inf,,inf,inf,inf,inf,inf,inf,inf,inf,0.0,set(),True,True,recent_emergency_safety_hold,False,,True,5,0,,inf,inf,inf,inf,False,False,inf,inf,2.1330234785548723,True,False,70,0,,False,False,0.0,3.1405649105316544,inf,3.6543429816164275,0.0,,True,safety_hold,,False,False,0.0,inf,inf,inf,False,0.0,,,,cost_window,-13,False
6000,1007,8,403,3676,0.5338836908340454,0.926368236541748,-0.20681504905223846,-0.20000000298023224,-0.7406987547874451,-1.1263682842254639,True,True,safety_hold,safety_hold_recovery,recent_emergency_safety_hold,0,0,0,False,False,False,False,False,False,False,False,True,0.8906417854106636,3.5497779662888096,0.0,False,max_steps,,inf,,inf,inf,inf,inf,inf,inf,inf,inf,0.0,set(),True,True,recent_emergency_safety_hold,False,,True,4,0,,inf,inf,inf,inf,False,False,inf,inf,0.0,True,False,70,0,,False,False,0.0,2.4780344293743073,inf,3.677134479742987,0.0,,True,safety_hold,,False,False,0.0,inf,inf,inf,False,0.0,,,,cost_window,-12,False
6000,1007,8,404,3677,0.5557281970977783,0.9465699195861816,-0.20681504905223846,-0.20000000298023224,-0.762543261051178,-1.1465699672698975,True,True,safety_hold,safety_hold_recovery,recent_emergency_safety_hold,0,0,0,False,False,False,False,False,False,False,False,True,0.8913325541578445,2.950360968495767,0.0,False,max_steps,,inf,,inf,inf,inf,inf,inf,inf,inf,inf,0.0,set(),True,True,recent_emergency_safety_hold,False,,True,3,0,,inf,inf,inf,inf,False,False,inf,inf,0.0,True,False,70,0,,False,False,0.0,1.8333493051310792,inf,3.6073668069215716,0.0,,True,safety_hold,,False,False,0.0,inf,inf,inf,False,0.0,,,,cost_window,-11,False
6000,1007,8,405,3678,0.7456998825073242,0.9727716445922852,-0.20681504905223846,-0.20000000298023224,-0.9525149464607239,-1.172771692276001,True,True,safety_hold,safety_hold_recovery,recent_emergency_safety_hold,0,0,0,False,False,False,False,False,False,False,False,True,0.8918973887177389,2.351312597596755,0.0,False,max_steps,,inf,,inf,inf,inf,inf,inf,inf,inf,inf,0.0,set(),True,True,recent_emergency_safety_hold,False,,True,2,0,,inf,inf,inf,inf,False,False,inf,inf,0.0,True,False,70,0,,False,False,0.0,1.3036866924170702,inf,3.5398206862232064,0.0,,True,safety_hold,,False,False,0.0,inf,inf,inf,False,0.0,,,,cost_window,-10,False
6000,1007,8,406,3679,0.7771925926208496,0.9693959951400757,-0.20681504905223846,-0.20000000298023224,-0.9840076565742493,-1.1693960428237915,True,True,safety_hold,safety_hold_recovery,recent_emergency_safety_hold,0,0,0,False,False,False,False,False,False,False,False,True,0.8923388101417656,1.7524720019820297,0.0,False,max_steps,,inf,,inf,inf,inf,inf,inf,inf,inf,inf,0.0,set(),True,True,recent_emergency_safety_hold,False,,True,1,0,,inf,inf,inf,inf,False,False,inf,inf,0.0,True,False,70,0,,False,False,0.0,0.8107140353401263,inf,3.4781513177528667,0.0,,True,safety_hold,,False,False,0.0,inf,inf,inf,False,0.0,,,,cost_window,-9,False
6000,1007,8,407,3680,0.6866841316223145,0.9759435653686523,0.6866841316223145,0.9759435653686523,0.0,0.0,True,False,inactive_raw_action,raw_action,raw_action_safe_or_candidate_not_better,0,0,0,False,False,False,False,False,False,False,False,True,0.8926907623584319,1.78210095044565,0.0,False,max_steps,,inf,,inf,inf,inf,-0.2791075829253078,inf,2.428469763318369,inf,inf,0.0,set(),False,False,,False,vehicle_margin_uncertain_or_low,False,0,0,,inf,inf,inf,inf,False,False,inf,inf,0.0,False,False,70,0,,False,False,0.34371077446275183,0.14088237108536195,inf,3.4257383415153044,0.0,,False,raw_action_safe_or_candidate_not_better,candidate_not_better,False,False,0.270011758207655,0.2687849567380285,inf,2.97388470430889,False,-24.47197699122464,,,,cost_window,-8,False
6000,1007,8,408,3681,0.6898970603942871,0.9882714748382568,0.6898970603942871,0.9882714748382568,0.0,0.0,True,False,inactive_raw_action,raw_action,raw_action_safe_or_candidate_not_better,0,0,0,False,False,False,False,False,False,False,False,True,0.893060843007436,2.0045560548577583,0.0,False,max_steps,,inf,,inf,inf,inf,-0.31203403891353787,inf,2.401754013869206,inf,inf,0.0,set(),False,False,,False,vehicle_margin_uncertain_or_low,False,0,0,,inf,inf,inf,inf,False,False,inf,inf,0.0,False,False,70,0,,False,False,0.4564755617880727,-0.1712224787208383,inf,3.394920301319553,0.0,,False,raw_action_safe_or_candidate_not_better,candidate_not_better,False,False,0.4564755617880727,-0.1712224787208383,inf,3.394920301319553,False,-29.786001609178484,,,,cost_window,-7,False
6000,1007,8,409,3682,0.5878913402557373,0.990201473236084,0.5878913402557373,0.990201473236084,0.0,0.0,True,False,inactive_raw_action,raw_action,raw_action_safe_or_candidate_not_better,0,0,0,False,False,False,False,False,False,False,False,True,0.893477932555662,2.293099821078089,0.0,False,max_steps,,inf,,inf,inf,inf,-0.46778557827762324,inf,2.4090052063305225,inf,inf,0.0,set(),False,False,,False,vehicle_margin_uncertain_or_low,False,0,0,,inf,inf,inf,inf,False,False,inf,inf,0.0,False,False,70,0,,False,False,0.48985417922083185,-0.14524687085624066,inf,3.405412747551917,0.0,,False,raw_action_safe_or_candidate_not_better,candidate_not_better,False,False,0.48985417922083185,-0.14524687085624066,inf,3.405412747551917,False,-29.548179619797207,,,,cost_window,-6,False
6000,1007,8,410,3683,0.5927468538284302,0.9986577033996582,0.5927468538284302,0.9986577033996582,0.0,0.0,True,False,inactive_raw_action,raw_action,raw_action_safe_or_candidate_not_better,0,0,0,False,False,False,False,False,False,False,False,True,0.8939532528455963,2.578304716606636,0.0,False,max_steps,,inf,,inf,inf,inf,-0.1512690010021549,inf,2.9654503753142207,inf,inf,0.0,set(),False,False,,False,vehicle_margin_uncertain_or_low,False,0,0,,inf,inf,inf,inf,False,False,inf,inf,0.0,False,False,70,0,,False,False,0.47729288456917274,-0.1512690010021549,inf,3.4341726705099753,0.0,,False,raw_action_safe_or_candidate_not_better,candidate_not_better,False,False,0.47729288456917274,-0.1512690010021549,inf,3.4341726705099753,False,-29.82758402851959,,,,cost_window,-5,False
6000,1007,8,411,3684,0.4608802795410156,0.996229887008667,0.0,-0.800000011920929,-0.4608802795410156,-1.7962298393249512,True,True,ultra_short_horizon_emergency,ultra_short_horizon_emergency_stop,vehicle_collision_step_2,0,0,0,False,False,False,False,False,False,False,False,True,0.8944101644848602,1.3236347815795801,0.0,False,max_steps,,inf,,inf,inf,inf,inf,inf,inf,inf,inf,0.0,set(),True,True,vehicle_collision_step_2,False,,True,8,0,,inf,0,0,0,0,0,inf,inf,0.0,True,False,70,0,,False,False,0.0,inf,inf,inf,0.0,0,True,vehicle_collision_step_2,,False,False,0.0,inf,inf,inf,False,0.0,,,,cost_window,-4,False
6000,1007,8,412,3685,0.5140533447265625,0.9861531257629395,0.0,-0.800000011920929,-0.5140533447265625,-1.7861530780792236,True,True,ultra_short_horizon_emergency,ultra_short_horizon_emergency_stop,vehicle_collision_step_2,0,0,0,False,False,False,False,False,False,False,False,True,0.8946233292874642,0.09798403810270787,0.0,False,max_steps,,inf,,inf,inf,inf,inf,inf,inf,inf,inf,0.0,set(),True,True,vehicle_collision_step_2,False,,True,8,0,,inf,0,0,0,0,0,inf,inf,0.0,True,False,70,0,,False,False,0.0,inf,inf,inf,0.0,0,True,vehicle_collision_step_2,,False,False,0.0,inf,inf,inf,False,0.0,,,,cost_window,-3,False
6000,1007,8,413,3686,0.5582280158996582,0.9956090450286865,0.0,-0.800000011920929,-0.5582280158996582,-1.7956089973449707,True,True,ultra_short_horizon_emergency,ultra_short_horizon_emergency_stop,vehicle_collision_step_1,0,0,0,False,False,False,False,False,False,False,False,True,0.8946319300863231,0.06759987152275694,0.0,False,max_steps,,inf,,inf,inf,inf,inf,inf,inf,inf,inf,0.0,set(),True,True,vehicle_collision_step_1,False,,True,8,0,,inf,0,0,0,0,0,inf,inf,0.0,True,False,70,0,,False,False,0.0,inf,inf,inf,0.0,0,True,vehicle_collision_step_1,,False,False,0.0,inf,inf,inf,False,0.0,,,,cost_window,-2,False
6000,1007,8,414,3687,0.4170992374420166,0.9967458248138428,0.0,-0.800000011920929,-0.4170992374420166,-1.796745777130127,True,True,ultra_short_horizon_emergency,ultra_short_horizon_emergency_stop,vehicle_collision_step_1,0,0,0,False,False,False,False,False,False,False,False,True,0.8946076909509664,0.23672242662463944,0.0,False,max_steps,,inf,,inf,inf,inf,inf,inf,inf,inf,inf,0.0,set(),True,True,vehicle_collision_step_1,False,,True,8,0,,inf,0,0,0,0,0,inf,inf,0.0,True,False,70,0,,False,False,0.0,inf,inf,inf,0.0,0,True,vehicle_collision_step_1,,False,False,0.0,inf,inf,inf,False,0.0,,,,cost_window,-1,False
6000,1007,8,415,3688,0.569312572479248,0.9960843324661255,0.0,-0.800000011920929,-0.569312572479248,-1.7960844039916992,True,True,ultra_short_horizon_emergency,ultra_short_horizon_emergency_stop,vehicle_collision_step_1,1.0,1.0,1.0,True,True,False,False,False,False,False,False,True,0.8946055800104431,0.14872389499827074,0.0,False,crash,,inf,,inf,inf,inf,inf,inf,inf,inf,inf,0.0,{'VEHICLE'},True,True,vehicle_collision_step_1,False,,True,8,0,,inf,0,0,0,0,0,inf,inf,0.0,True,False,70,0,,False,False,0.0,inf,inf,inf,0.0,0,True,vehicle_collision_step_1,,False,False,0.0,inf,inf,inf,False,0.0,,,,cost_window,0,True
6000,1007,8,416,3689,0.4364640712738037,0.997724175453186,0.0,-0.800000011920929,-0.4364640712738037,-1.7977242469787598,True,True,ultra_short_horizon_emergency,ultra_short_horizon_emergency_stop,contact_vehicle_detected,1.0,1.0,2.0,True,True,False,False,False,False,False,False,True,0.8946125939934565,0.10753215523110249,0.0,False,crash,,inf,,inf,inf,inf,inf,inf,inf,inf,inf,0.0,{'VEHICLE'},True,True,contact_vehicle_detected,False,,True,8,1,,inf,0,0,0,0,0,inf,inf,0.0,True,False,70,0,,False,False,0.0,inf,inf,inf,0.0,0,True,contact_vehicle_detected,,False,False,0.0,inf,inf,inf,False,0.0,,,,cost_window,1,False
6000,1007,8,417,3690,0.7731153964996338,0.995394229888916,0.0,-0.800000011920929,-0.7731153964996338,-1.7953941822052002,True,True,ultra_short_horizon_emergency,ultra_short_horizon_emergency_stop,contact_vehicle_detected,1.0,1.0,3.0,True,True,False,False,False,False,False,False,True,0.8946166627358256,0.21449726709843547,0.0,False,crash,,inf,,inf,inf,inf,inf,inf,inf,inf,inf,0.0,{'VEHICLE'},True,True,contact_vehicle_detected,False,,True,8,2,,inf,0,0,0,0,0,inf,inf,0.0,True,False,70,0,,False,False,0.0,inf,inf,inf,0.0,0,True,contact_vehicle_detected,,False,False,0.0,inf,inf,inf,False,0.0,,,,cost_window,2,False
6000,1007,8,418,3691,0.7713602781295776,0.9889097213745117,0.0,-0.800000011920929,-0.7713602781295776,-1.788909673690796,True,True,ultra_short_horizon_emergency,ultra_short_horizon_emergency_stop,contact_vehicle_detected,1.0,1.0,4.0,True,True,False,False,False,False,False,False,True,0.8946310673405244,0.17000564309604357,0.0,False,crash,,inf,,inf,inf,inf,inf,inf,inf,inf,inf,0.0,set(),True,True,contact_vehicle_detected,False,,True,8,3,,inf,0,0,0,0,0,inf,inf,0.0,True,False,70,0,,False,False,0.0,inf,inf,inf,0.0,0,True,contact_vehicle_detected,,False,False,0.0,inf,inf,inf,False,0.0,,,,cost_window,3,False
6000,1007,8,419,3692,0.512554407119751,0.9967089891433716,0.0,-0.800000011920929,-0.512554407119751,-1.7967090606689453,True,True,ultra_short_horizon_emergency,ultra_short_horizon_emergency_stop,crash_flag_crash_vehicle,1.0,1.0,5.0,True,True,False,False,False,False,False,False,True,0.8946169992542067,0.23754077110452806,0.0,False,crash,,inf,,inf,inf,inf,inf,inf,inf,inf,inf,0.0,{'VEHICLE'},True,True,crash_flag_crash_vehicle,False,,True,8,4,,inf,0,0,0,0,0,inf,inf,0.0,True,False,70,0,,False,False,0.0,inf,inf,inf,0.0,0,True,crash_flag_crash_vehicle,,False,False,0.0,inf,inf,inf,False,0.0,,,,cost_window,4,False
6000,1007,8,420,3693,0.7162572145462036,0.9875326156616211,0.0,-0.800000011920929,-0.7162572145462036,-1.7875325679779053,True,True,ultra_short_horizon_emergency,ultra_short_horizon_emergency_stop,contact_vehicle_detected,1.0,1.0,6.0,True,True,False,False,False,False,False,False,True,0.8946231742454911,0.1812079981940665,0.0,False,crash,,inf,,inf,inf,inf,inf,inf,inf,inf,inf,0.0,set(),True,True,contact_vehicle_detected,False,,True,8,5,,inf,0,0,0,0,0,inf,inf,0.0,True,False,70,0,,False,False,0.0,inf,inf,inf,0.0,0,True,contact_vehicle_detected,,False,False,0.0,inf,inf,inf,False,0.0,,,,cost_window,5,False
6000,1007,8,421,3694,0.747626543045044,0.9971561431884766,0.0,-0.800000011920929,-0.747626543045044,-1.7971560955047607,True,True,ultra_short_horizon_emergency,ultra_short_horizon_emergency_stop,crash_flag_crash_vehicle,0,0,6.0,False,False,False,False,False,False,False,False,True,0.894616171173385,0.1958520956982056,0.0,False,max_steps,,inf,,inf,inf,inf,inf,inf,inf,inf,inf,0.0,set(),True,True,crash_flag_crash_vehicle,False,,True,8,5,,inf,0,0,0,0,0,inf,inf,0.0,True,False,70,0,,False,False,0.0,inf,inf,inf,0.0,0,True,crash_flag_crash_vehicle,,False,False,0.0,inf,inf,inf,False,0.0,,,,cost_window,6,False
6000,1007,8,422,3695,0.6525503396987915,0.9902732372283936,0.0,-0.20000000298023224,-0.6525503396987915,-1.1902732849121094,True,True,safety_hold,safety_hold_recovery,recent_emergency_safety_hold,0,0,6.0,False,False,False,False,False,False,False,False,True,0.8946104465180549,0.07551300328022609,0.0,False,max_steps,,inf,,inf,inf,inf,inf,inf,inf,inf,inf,0.0,set(),True,True,recent_emergency_safety_hold,False,,True,7,4,,inf,inf,inf,inf,False,False,inf,inf,0.0,True,False,70,0,,False,False,0.0,0.9786997660985763,inf,3.555668240530243,0.0,,True,safety_hold,,False,False,0.0,inf,inf,inf,False,0.0,,,,cost_window,7,False
6000,1007,8,423,3696,0.5400252342224121,0.9918545484542847,0.0,-0.20000000298023224,-0.5400252342224121,-1.1918545961380005,True,True,safety_hold,safety_hold_recovery,recent_emergency_safety_hold,0,0,6.0,False,False,False,False,False,False,False,False,True,0.8946097279067975,0.044818400544772374,0.0,False,max_steps,,inf,,inf,inf,inf,inf,inf,inf,inf,inf,0.0,set(),True,True,recent_emergency_safety_hold,False,,True,6,3,,inf,inf,inf,inf,False,False,inf,inf,0.0,True,False,70,0,,False,False,0.0,1.6334819392965279,inf,3.5559676234193964,0.0,,True,safety_hold,,False,False,0.0,inf,inf,inf,False,0.0,,,,cost_window,8,False
6000,1007,8,424,3697,0.5768651962280273,0.9883655309677124,0.0,-0.20000000298023224,-0.5768651962280273,-1.1883655786514282,True,True,safety_hold,safety_hold_recovery,recent_emergency_safety_hold,0,0,6.0,False,False,False,False,False,False,False,False,True,0.8946041374749287,0.07550369258705829,0.0,False,max_steps,,inf,,inf,inf,inf,inf,inf,inf,inf,inf,0.0,set(),True,True,recent_emergency_safety_hold,False,,True,5,2,,inf,inf,inf,inf,False,False,inf,inf,0.0,True,False,70,0,,False,False,0.0,2.338172433261526,inf,3.5558867784217827,0.0,,True,safety_hold,,False,False,0.0,inf,inf,inf,False,0.0,,,,cost_window,9,False
6000,1007,8,425,3698,0.5166492462158203,0.9926071166992188,0.0,-0.20000000298023224,-0.5166492462158203,-1.1926071643829346,True,True,safety_hold,safety_hold_recovery,recent_emergency_safety_hold,0,0,6.0,False,False,False,False,False,False,False,False,True,0.8946034584711372,0.044809266778902165,0.0,False,max_steps,,inf,,inf,inf,inf,inf,inf,inf,inf,inf,0.0,set(),True,True,recent_emergency_safety_hold,False,,True,4,1,,inf,inf,inf,inf,False,False,inf,inf,0.0,True,False,70,0,,False,False,0.0,3.0766305237707683,inf,3.5558843775127484,0.0,,True,safety_hold,,False,False,0.0,inf,inf,inf,False,0.0,,,,cost_window,10,False
6000,1007,8,426,3699,0.5457868576049805,0.9975689649581909,0.0,-0.20000000298023224,-0.5457868576049805,-1.1975690126419067,True,True,safety_hold,safety_hold_recovery,recent_emergency_safety_hold,0,0,6.0,False,False,False,False,False,False,False,False,True,0.8945978933961422,0.07550349970062493,0.0,False,max_steps,,inf,,inf,inf,inf,inf,inf,inf,inf,inf,0.0,set(),True,True,recent_emergency_safety_hold,False,,True,3,0,,inf,inf,inf,inf,False,False,inf,inf,0.0,True,False,70,0,,False,False,0.0,3.823747545061685,inf,3.5558806877449514,0.0,,True,safety_hold,,False,False,0.0,inf,inf,inf,False,0.0,,,,cost_window,11,False
6000,1007,8,427,3700,0.5673658847808838,0.9985165596008301,0.0,-0.20000000298023224,-0.5673658847808838,-1.198516607284546,True,True,safety_hold,safety_hold_recovery,recent_emergency_safety_hold,0,0,6.0,False,False,False,False,False,False,False,False,True,0.8945972094164003,0.04480919158447338,0.0,False,max_steps,,inf,,inf,inf,inf,inf,inf,inf,inf,inf,0.0,set(),True,True,recent_emergency_safety_hold,False,,True,2,0,,inf,inf,inf,inf,False,False,inf,inf,0.0,True,False,70,0,,False,False,0.0,4.594494430719745,inf,3.5559518679231217,0.0,,True,safety_hold,,False,False,0.0,inf,inf,inf,False,0.0,,,,cost_window,12,False
6000,1007,8,428,3701,0.5392839908599854,0.9976310729980469,0.0,-0.20000000298023224,-0.5392839908599854,-1.1976311206817627,True,True,safety_hold,safety_hold_recovery,recent_emergency_safety_hold,0,0,6.0,False,False,False,False,False,False,False,False,True,0.8945916300795416,0.07550346455520864,0.0,False,max_steps,,inf,,inf,inf,inf,inf,inf,inf,inf,inf,0.0,set(),True,True,recent_emergency_safety_hold,False,,True,1,0,,inf,inf,inf,inf,False,False,inf,inf,0.0,True,False,70,0,,False,False,0.0,5.3653127199782435,inf,3.555980501020685,0.0,,True,safety_hold,,False,False,0.0,inf,inf,inf,False,0.0,,,,cost_window,13,False
6000,1007,8,429,3702,0.544102668762207,0.9965040683746338,0.544102668762207,0.9965040683746338,0.0,0.0,True,False,inactive_raw_action,raw_action_safe,low_risk_verified_passthrough,0,0,6.0,False,False,False,False,False,False,False,False,True,0.8945959358292408,0.22378399294353704,0.0,False,max_steps,,inf,,inf,inf,inf,inf,inf,inf,inf,inf,0.0,set(),False,False,,True,,True,1,0,,inf,inf,inf,inf,False,False,inf,inf,0.0,False,False,70,-1,,False,False,0.0,6.1539370657880355,inf,3.556048107056292,0.0,,False,low_risk_verified,,False,False,0.0,inf,inf,inf,False,0.0,,,,cost_window,14,False
6000,1007,8,430,3703,0.41053342819213867,0.9995400905609131,0.41053342819213867,0.9995400905609131,0.0,0.0,True,False,inactive_raw_action,raw_action_safe,low_risk_verified_passthrough,0,0,6.0,False,False,False,False,False,False,False,False,True,0.8946536141633162,0.522994816393096,0.0,False,max_steps,,inf,,inf,inf,inf,inf,inf,inf,inf,inf,0.0,set(),False,False,,True,,False,0,0,,inf,inf,inf,inf,False,False,inf,inf,0.0,False,False,70,-1,,False,False,0.0,6.973042680515048,inf,3.5568339117223844,0.0,,False,low_risk_verified,,False,False,0.0,inf,inf,inf,False,0.0,,,,cost_window,15,False
6000,1007,8,431,3704,0.355318546295166,0.9994330406188965,0.355318546295166,0.9994330406188965,0.0,0.0,True,False,inactive_raw_action,raw_action_safe,low_risk_verified_passthrough,0,0,6.0,False,False,False,False,False,False,False,False,True,0.8947723284392143,0.8234393087754155,0.0,False,max_steps,,inf,,inf,inf,inf,inf,inf,inf,inf,inf,0.0,set(),False,False,,True,,False,0,0,,inf,inf,inf,inf,False,False,inf,inf,0.0,False,False,70,-1,,False,False,0.0,7.84524513061826,inf,3.5613999792706186,0.0,,False,low_risk_verified,,False,False,0.0,inf,inf,inf,False,0.0,,,,cost_window,16,False
6000,1007,8,432,3705,0.2463216781616211,0.9989461898803711,0.2463216781616211,0.9989461898803711,0.0,0.0,True,False,inactive_raw_action,raw_action_safe,low_risk_verified_passthrough,0,0,6.0,False,False,False,False,False,False,False,False,True,0.8949526996732576,1.1265177232010792,0.0,False,max_steps,,inf,,inf,inf,inf,inf,inf,inf,inf,inf,0.0,set(),False,False,,True,,False,0,0,,inf,inf,inf,inf,False,False,inf,inf,0.0,False,False,70,-1,,False,False,0.0,8.717138734737862,inf,3.5697256699767963,0.0,,False,low_risk_verified,,False,False,0.0,inf,inf,inf,False,0.0,,,,cost_window,17,False
6000,1007,8,433,3706,0.18437814712524414,0.9975366592407227,0.18437814712524414,0.9975366592407227,0.0,0.0,True,False,inactive_raw_action,raw_action_safe,low_risk_verified_passthrough,0,0,6.0,False,False,False,False,False,False,False,False,True,0.8951953249568526,1.4298308440925804,0.0,False,max_steps,,inf,,inf,inf,inf,inf,inf,inf,inf,inf,0.0,set(),False,False,,True,,False,0,0,,inf,inf,inf,inf,False,False,inf,inf,0.0,False,False,70,-1,,False,False,0.0,9.606738583566687,inf,3.580177396649074,0.0,,False,low_risk_verified,,False,False,0.0,inf,inf,inf,False,0.0,,,,cost_window,18,False
6000,1007,8,434,3707,0.19013738632202148,0.9955189228057861,0.19013738632202148,0.9955189228057861,0.0,0.0,True,False,inactive_raw_action,raw_action_safe,low_risk_verified_passthrough,0,0,6.0,False,False,False,False,False,False,False,False,True,0.8954999209763719,1.7312556693433405,0.0,False,max_steps,,inf,,inf,inf,inf,inf,inf,inf,inf,inf,0.0,set(),False,False,,True,,False,0,0,,inf,inf,inf,inf,False,False,inf,inf,0.0,False,False,70,-1,,False,False,0.0,10.51449492826158,inf,3.5793841025352413,0.0,,False,low_risk_verified,,False,False,0.0,inf,inf,inf,False,0.0,,,,cost_window,19,False
6000,1007,8,435,3708,0.13887691497802734,0.9933223724365234,0.13887691497802734,0.9933223724365234,0.0,0.0,True,False,inactive_raw_action,raw_action_safe,low_risk_verified_passthrough,0,0,6.0,False,False,False,False,False,False,False,False,True,0.895866270316834,2.033592379184481,0.0,False,max_steps,,inf,,inf,inf,inf,inf,inf,inf,inf,inf,0.0,set(),False,False,,True,,False,0,0,,inf,inf,inf,inf,False,False,inf,inf,0.0,False,False,70,-1,,False,False,0.0,11.455152898679074,inf,3.572423305620202,0.0,,False,low_risk_verified,,False,False,0.0,inf,inf,inf,False,0.0,,,,cost_window,20,False
6000,1009,10,535,4692,-0.10434234142303467,0.9826078414916992,-0.10434234142303467,0.9826078414916992,0.0,0.0,True,False,inactive_raw_action,raw_action,raw_action_safe_or_candidate_not_better,0,0,0,False,False,False,False,False,False,False,False,True,0.8095240555189485,5.978404357552964,0.0,False,max_steps,,inf,,inf,inf,inf,inf,inf,1.8085776897751304,inf,inf,0.0,{'ROAD_LINE_BROKEN_SINGLE_WHITE'},False,False,,False,object_list_uncertain,False,0,0,,inf,inf,inf,inf,False,False,inf,inf,0.5945972425026016,False,False,122,0,,False,False,0.0,inf,inf,2.8085776897751304,0.0,,False,raw_action_safe_or_candidate_not_better,candidate_not_better,False,False,0.0,inf,inf,3.06783694903439,False,-8.65875923898762,,,,cost_window,-20,False
6000,1009,10,536,4693,-0.03889274597167969,0.9767718315124512,-0.03889274597167969,0.9767718315124512,0.0,0.0,True,False,inactive_raw_action,raw_action,raw_action_safe_or_candidate_not_better,0,0,0,False,False,False,False,False,False,False,False,True,0.8110189098391923,6.252124067083649,0.0,False,max_steps,,inf,,inf,inf,inf,inf,inf,1.5288535686813804,inf,inf,0.0,{'ROAD_LINE_BROKEN_SINGLE_WHITE'},False,False,,False,object_list_uncertain,False,0,0,,inf,inf,inf,inf,False,False,inf,inf,0.23251656199429035,False,False,122,0,,False,False,0.0,inf,inf,2.5288535686813804,0.0,,False,raw_action_safe_or_candidate_not_better,candidate_not_better,False,False,0.0,inf,inf,2.78811282794064,False,-8.852138100272953,,,,cost_window,-19,False
6000,1009,10,537,4694,0.017443299293518066,0.9683123826980591,0.017443299293518066,0.9683123826980591,0.0,0.0,True,False,inactive_raw_action,raw_action,raw_action_safe_or_candidate_not_better,0,0,0,False,False,False,False,False,False,False,False,True,0.8125883145570313,6.5197230065743055,0.0,False,max_steps,,inf,,inf,inf,inf,inf,inf,1.236571464189193,inf,inf,0.0,{'ROAD_LINE_BROKEN_SINGLE_WHITE'},False,False,,False,object_list_uncertain,False,0,0,,inf,inf,inf,inf,False,False,inf,inf,0.0,False,False,122,0,,False,False,0.0,inf,inf,2.236571464189193,0.0,,False,raw_action_safe_or_candidate_not_better,candidate_not_better,False,False,0.0,inf,inf,2.4958307234484525,False,-9.08904192591919,,,,cost_window,-18,False
6000,1009,10,538,4695,0.0762864351272583,0.9577732086181641,0.0762864351272583,0.9577732086181641,0.0,0.0,True,False,inactive_raw_action,raw_action,raw_action_safe_or_candidate_not_better,0,0,0,False,False,False,False,False,False,False,False,True,0.8142380176161642,6.7793037279922865,0.0,False,max_steps,,inf,,inf,inf,inf,inf,inf,0.9357139202438806,inf,inf,0.0,{'ROAD_LINE_BROKEN_SINGLE_WHITE'},False,False,,False,object_list_uncertain,False,0,0,,inf,inf,inf,inf,False,False,inf,inf,0.0,False,False,122,0,,False,False,0.0,inf,inf,1.9357139202438804,0.0,,False,raw_action_safe_or_candidate_not_better,candidate_not_better,False,False,0.0,inf,inf,2.0097879943179544,False,-9.738405485524169,,,,cost_window,-17,False
6000,1009,10,539,4696,0.12281131744384766,0.9459807872772217,0.12281131744384766,0.9459807872772217,0.0,0.0,True,False,inactive_raw_action,raw_action,raw_action_safe_or_candidate_not_better,0,0,0,False,False,False,False,False,False,False,False,True,0.8159746745303473,7.032286606475735,0.0,False,max_steps,,inf,,inf,inf,inf,inf,inf,0.6316978069626306,inf,inf,0.0,{'ROAD_LINE_BROKEN_SINGLE_WHITE'},False,False,,False,object_list_uncertain,False,0,0,,inf,inf,inf,inf,False,False,inf,inf,0.0,False,False,122,0,,False,False,0.0,inf,inf,1.6316978069626304,0.0,,False,raw_action_safe_or_candidate_not_better,candidate_not_better,False,False,0.0,inf,inf,1.7057718810367044,False,-10.307297095957082,,,,cost_window,-16,False
6000,1009,10,540,4697,0.1438887119293213,0.9514230489730835,0.1438887119293213,0.9514230489730835,0.0,0.0,True,False,inactive_raw_action,raw_action,raw_action_safe_or_candidate_not_better,0,0,0,False,False,False,False,False,False,False,False,True,0.8178020020150549,7.288808979453737,0.0,False,max_steps,,inf,,inf,inf,inf,inf,inf,1.331236991532943,inf,inf,0.0,{'ROAD_LINE_BROKEN_SINGLE_WHITE'},False,False,,False,object_list_uncertain,False,0,0,,inf,inf,inf,inf,False,False,inf,inf,0.0,False,False,122,0,,False,False,0.0,inf,inf,1.331236991532943,0.0,,False,raw_action_safe_or_candidate_not_better,candidate_not_better,False,False,0.0,inf,inf,1.3509129174588685,False,-11.591863155945923,,,,cost_window,-15,False
6000,1009,10,541,4698,0.14654231071472168,0.9547569751739502,0.14654231071472168,0.9547569751739502,0.0,0.0,True,False,inactive_raw_action,raw_action,raw_action_safe_or_candidate_not_better,0,0,0,False,False,False,False,False,False,False,False,True,0.8197209076403447,7.549656367593625,0.0,False,max_steps,,inf,,inf,inf,inf,inf,inf,1.039000663407943,inf,inf,0.0,{'ROAD_LINE_BROKEN_SINGLE_WHITE'},False,False,,False,boundary_margin_uncertain_or_low,False,0,0,,inf,inf,inf,inf,False,False,inf,inf,0.0,False,False,122,0,,False,False,0.0,inf,inf,1.039000663407943,0.0,,False,raw_action_safe_or_candidate_not_better,candidate_not_better,False,False,0.0,inf,inf,1.058676589333869,False,-13.256413693915917,,,,cost_window,-14,False
6000,1009,10,542,4699,0.13786005973815918,0.9530647993087769,0.13786005973815918,0.9530647993087769,0.0,0.0,True,False,inactive_raw_action,raw_action,raw_action_safe_or_candidate_not_better,0,0,0,False,False,False,False,False,False,False,False,True,0.8217307431418897,7.812729228492034,0.0,False,max_steps,,inf,,inf,inf,inf,inf,inf,0.7564841839157556,inf,inf,0.0,{'ROAD_LINE_BROKEN_SINGLE_WHITE'},False,False,,False,boundary_margin_uncertain_or_low,False,0,0,,inf,inf,inf,inf,False,False,inf,inf,0.0,False,False,122,0,,False,False,1.461094896505467,inf,inf,0.7564841839157556,0.0,,False,raw_action_safe_or_candidate_not_better,candidate_not_better,False,False,0.24027372412636666,inf,inf,0.7761601098416816,False,-18.618409339112432,,,,cost_window,-13,False
6000,1009,10,543,4700,0.8248391151428223,0.9947993755340576,0.8248391151428223,0.9947993755340576,0.0,0.0,True,False,inactive_raw_action,raw_action,raw_action_safe_or_candidate_not_better,0,0,0,False,False,False,False,False,False,False,False,True,0.8238153883467606,7.73966261481817,0.0,False,max_steps,,inf,,inf,inf,inf,inf,inf,0.48376384700169306,inf,inf,0.0,set(),False,False,,False,boundary_margin_uncertain_or_low,False,0,0,,inf,inf,inf,inf,False,False,inf,inf,0.0,False,False,122,0,,False,False,3.097416917989841,inf,inf,0.48376384700169306,0.0,,False,raw_action_safe_or_candidate_not_better,boundary_margin_insufficient,False,False,3.097416917989841,inf,inf,0.48376384700169306,False,-30.89185723997099,,,,cost_window,-12,False
6000,1009,10,544,4701,0.8535521030426025,0.9944671392440796,0.8535521030426025,0.9944671392440796,0.0,0.0,True,False,inactive_raw_action,raw_action,raw_action_safe_or_candidate_not_better,0,0,0,False,False,False,False,False,False,False,False,True,0.8259238032436185,7.65182728637904,0.0,False,max_steps,,inf,,inf,inf,inf,inf,inf,0.23039165461888067,inf,inf,0.0,{'ROAD_LINE_SOLID_SINGLE_WHITE'},False,False,,False,boundary_margin_uncertain_or_low,False,0,0,,inf,inf,inf,inf,False,False,inf,inf,0.0,False,False,122,0,,False,False,4.6176500722867155,inf,inf,0.23039165461888067,0.0,,False,raw_action_safe_or_candidate_not_better,boundary_margin_insufficient,False,False,4.6176500722867155,inf,inf,0.23039165461888067,False,-53.1409926159174,,,,cost_window,-11,False
6000,1009,10,545,4702,0.8273539543151855,0.996147871017456,0.44999998807907104,-0.3499999940395355,-0.3773539662361145,-1.346147894859314,True,True,ultra_short_horizon_emergency,ultra_short_boundary_recovery,contact_road_line_solid_detected,0,0,0,False,False,False,False,False,False,False,False,True,0.8280145421331625,7.084482392375103,0.0,False,max_steps,,inf,,inf,inf,inf,inf,inf,inf,inf,inf,0.0,{'ROAD_LINE_SOLID_SINGLE_WHITE'},True,True,contact_road_line_solid_detected,False,,True,8,1,,inf,0,0,0,0,0,inf,inf,0.0,True,False,122,0,,False,False,0.0,inf,inf,inf,0.0,0,True,contact_road_line_solid_detected,,False,False,0.0,inf,inf,inf,False,0.0,,,,cost_window,-10,False
6000,1009,10,546,4703,0.7926102876663208,0.9873661994934082,-0.44999998807907104,-0.3499999940395355,-1.242610216140747,-1.3373662233352661,True,True,ultra_short_horizon_emergency,ultra_short_boundary_recovery,contact_road_line_solid_detected,0,0,0,False,False,False,False,False,False,False,False,True,0.829973424058612,6.5564411754527585,0.0,False,max_steps,,inf,,inf,inf,inf,inf,inf,inf,inf,inf,0.0,{'ROAD_LINE_SOLID_SINGLE_WHITE'},True,True,contact_road_line_solid_detected,False,,True,8,2,,inf,0,0,0,0,0,inf,inf,0.0,True,False,122,0,,False,False,0.0,inf,inf,inf,0.0,0,True,contact_road_line_solid_detected,,False,False,0.0,inf,inf,inf,False,0.0,,,,cost_window,-9,False
6000,1009,10,547,4704,0.6263906955718994,0.9914650917053223,-0.44999998807907104,-0.3499999940395355,-1.0763907432556152,-1.3414651155471802,True,True,ultra_short_horizon_emergency,ultra_short_boundary_recovery,contact_road_line_solid_detected,0,0,0,False,False,False,False,False,False,False,False,True,0.831769116244166,5.985330585066435,0.0,False,max_steps,,inf,,inf,inf,inf,inf,inf,inf,inf,inf,0.0,{'ROAD_LINE_SOLID_SINGLE_WHITE'},True,True,contact_road_line_solid_detected,False,,True,8,3,,inf,0,0,0,0,0,inf,inf,0.0,True,False,122,0,,False,False,0.0,inf,inf,inf,0.0,0,True,contact_road_line_solid_detected,,False,False,0.0,inf,inf,inf,False,0.0,,,,cost_window,-8,False
6000,1009,10,548,4705,0.6847227811813354,0.9844050407409668,-0.44999998807907104,-0.3499999940395355,-1.1347227096557617,-1.3344050645828247,True,True,ultra_short_horizon_emergency,ultra_short_boundary_recovery,contact_road_line_solid_detected,0,0,0,False,False,False,False,False,False,False,False,True,0.8333753423757739,5.358710420449362,0.0,False,max_steps,,inf,,inf,inf,inf,inf,inf,inf,inf,inf,0.0,{'ROAD_LINE_SOLID_SINGLE_WHITE'},True,True,contact_road_line_solid_detected,False,,True,8,4,,inf,0,0,0,0,0,inf,inf,0.0,True,False,122,0,,False,False,0.0,inf,inf,inf,0.0,0,True,contact_road_line_solid_detected,,False,False,0.0,inf,inf,inf,False,0.0,,,,cost_window,-7,False
6000,1009,10,549,4706,0.7063373327255249,0.987797737121582,-0.44999998807907104,-0.3499999940395355,-1.1563372611999512,-1.33779776096344,True,True,ultra_short_horizon_emergency,ultra_short_boundary_recovery,contact_road_line_solid_detected,0,0,0,False,False,False,False,False,False,False,False,True,0.8347631034292115,4.698430297131747,0.0,False,max_steps,,inf,,inf,inf,inf,inf,inf,inf,inf,inf,0.0,{'ROAD_LINE_SOLID_SINGLE_WHITE'},True,True,contact_road_line_solid_detected,False,,True,8,5,,inf,0,0,0,0,0,inf,inf,0.0,True,False,122,0,,False,False,0.0,inf,inf,inf,0.0,0,True,contact_road_line_solid_detected,,False,False,0.0,inf,inf,inf,False,0.0,,,,cost_window,-6,False
6000,1009,10,550,4707,0.7079863548278809,0.9945380687713623,-0.44999998807907104,-0.3499999940395355,-1.1579864025115967,-1.3445380926132202,True,True,ultra_short_horizon_emergency,ultra_short_boundary_recovery,contact_road_line_solid_detected,0,0,0,False,False,False,False,False,False,False,False,True,0.8359384066539081,4.0812908049990995,0.0,False,max_steps,,inf,,inf,inf,inf,inf,inf,inf,inf,inf,0.0,{'ROAD_LINE_SOLID_SINGLE_WHITE'},True,True,contact_road_line_solid_detected,False,,True,8,5,,inf,0,0,0,0,0,inf,inf,0.0,True,False,122,0,,False,False,0.0,inf,inf,inf,0.0,0,True,contact_road_line_solid_detected,,False,False,0.0,inf,inf,inf,False,0.0,,,,cost_window,-5,False
6000,1009,10,551,4708,0.7501929998397827,0.9962320327758789,-0.44999998807907104,-0.3499999940395355,-1.200192928314209,-1.3462320566177368,True,True,ultra_short_horizon_emergency,ultra_short_boundary_recovery,contact_road_line_solid_detected,0,0,0,False,False,False,False,False,False,False,False,True,0.8369258860942865,3.476233346179966,0.0,False,max_steps,,inf,,inf,inf,inf,inf,inf,inf,inf,inf,0.0,{'ROAD_LINE_SOLID_SINGLE_WHITE'},True,True,contact_road_line_solid_detected,False,,True,8,5,,inf,0,0,0,0,0,inf,inf,0.0,True,False,122,0,,False,False,0.0,inf,inf,inf,0.0,0,True,contact_road_line_solid_detected,,False,False,0.0,inf,inf,inf,False,0.0,,,,cost_window,-4,False
6000,1009,10,552,4709,0.7992987632751465,0.9966609477996826,-0.44999998807907104,-0.3499999940395355,-1.2492988109588623,-1.3466609716415405,True,True,ultra_short_horizon_emergency,ultra_short_boundary_recovery,contact_road_line_solid_detected,0,0,0,False,False,False,False,False,False,False,False,True,0.8377395010421864,2.875067021797325,0.0,False,max_steps,,inf,,inf,inf,inf,inf,inf,inf,inf,inf,0.0,{'ROAD_LINE_SOLID_SINGLE_WHITE'},True,True,contact_road_line_solid_detected,False,,True,8,5,,inf,0,0,0,0,0,inf,inf,0.0,True,False,122,0,,False,False,0.0,inf,inf,inf,0.0,0,True,contact_road_line_solid_detected,,False,False,0.0,inf,inf,inf,False,0.0,,,,cost_window,-3,False
6000,1009,10,553,4710,0.8376281261444092,0.9968364238739014,-0.44999998807907104,-0.3499999940395355,-1.287628173828125,-1.3468364477157593,True,True,ultra_short_horizon_emergency,ultra_short_boundary_recovery,contact_road_line_solid_detected,0,0,0,False,False,False,False,False,False,False,False,True,0.8383899694678129,2.276015325993477,0.0,False,max_steps,,inf,,inf,inf,inf,inf,inf,inf,inf,inf,0.0,{'ROAD_LINE_SOLID_SINGLE_WHITE'},True,True,contact_road_line_solid_detected,False,,True,8,5,,inf,0,0,0,0,0,inf,inf,0.0,True,False,122,0,,False,False,0.0,inf,inf,inf,0.0,0,True,contact_road_line_solid_detected,,False,False,0.0,inf,inf,inf,False,0.0,,,,cost_window,-2,False
6000,1009,10,554,4711,0.8652985095977783,0.9969558715820312,-0.44999998807907104,-0.3499999940395355,-1.3152985572814941,-1.3469558954238892,True,True,ultra_short_horizon_emergency,ultra_short_boundary_recovery,contact_road_line_solid_detected,0,0,0,False,False,False,False,False,False,False,False,True,0.8388862806364988,1.6785230893648373,0.0,False,max_steps,,inf,,inf,inf,inf,inf,inf,inf,inf,inf,0.0,{'ROAD_LINE_SOLID_SINGLE_WHITE'},True,True,contact_road_line_solid_detected,False,,True,8,5,,inf,0,0,0,0,0,inf,inf,0.0,True,False,122,0,,False,False,0.0,inf,inf,inf,0.0,0,True,contact_road_line_solid_detected,,False,False,0.0,inf,inf,inf,False,0.0,,,,cost_window,-1,False
6000,1009,10,555,4712,0.8847544193267822,0.9970719814300537,-0.44999998807907104,-0.10000000149011612,-1.334754467010498,-1.0970720052719116,True,True,ultra_short_horizon_emergency,ultra_short_boundary_recovery,contact_road_line_solid_detected,1.0,1.0,1.0,False,False,False,False,False,False,True,True,False,0.8392603291531286,1.5090457977718155,0.0,True,out_of_road,,inf,,inf,inf,inf,inf,inf,inf,inf,inf,0.0,{'ROAD_LINE_SOLID_SINGLE_WHITE'},True,True,contact_road_line_solid_detected,False,,True,8,5,,inf,0,0,0,0,0,inf,inf,0.0,True,False,122,0,,False,False,0.0,inf,inf,inf,0.0,0,True,contact_road_line_solid_detected,,False,False,0.0,inf,inf,inf,False,0.0,,,,cost_window,0,True
6000,1011,12,335,6547,0.11650216579437256,-0.5577179789543152,-0.004589653108268976,0.0,-0.1210918202996254,0.5577179789543152,True,True,predictive_recovery,keep_pass,,0,0,0,False,False,False,False,False,False,False,False,True,0.7854869099526399,14.25980046844415,0.0,False,max_steps,,inf,,inf,inf,inf,-3.091746237627816,inf,2.4573035474335563,inf,0.773733699380784,0.0,set(),True,True,vehicle_ttc,False,vehicle_margin_uncertain_or_low,True,8,0,,inf,inf,inf,inf,False,False,1.062086656745673,inf,1.6655352276146587,True,False,45,0,,False,False,4.6745040340737685,-2.232857026977046,inf,3.457303547433559,0.0,,True,vehicle_ttc,,False,False,4.4597018755648445,-2.6948258580201085,inf,3.4573035474335563,True,37.061734072271875,,,,cost_window,-20,False
6000,1011,12,336,6548,0.44562697410583496,-0.49817872047424316,-0.0017668723594397306,0.0,-0.44739383459091187,0.49817872047424316,True,True,predictive_recovery,keep_pass,,0,0,0,False,False,False,False,False,False,False,False,True,0.7896426061047886,14.223446257146938,0.0,False,max_steps,,inf,,inf,inf,inf,-3.5662828764005985,inf,2.456025751191562,inf,0.8023003930626138,0.0,set(),True,True,vehicle_ttc,False,vehicle_margin_uncertain_or_low,True,8,0,,inf,inf,inf,inf,False,False,0.969397040020727,inf,6.354551734105734,True,False,45,0,,False,False,5.888989659807914,-3.2193793550397727,inf,3.456025751191563,0.0,,True,vehicle_ttc,,False,False,4.454574378090984,-2.6516745984268093,inf,3.456025751191562,False,43.866533322765875,,,,cost_window,-19,False
6000,1011,12,337,6549,0.5115303993225098,0.504143476486206,0.0004866599920205772,1.0,-0.5110437273979187,0.49585652351379395,True,True,predictive_recovery,keep_pass,,0,0,0,False,False,False,False,False,False,False,False,True,0.793810535304581,14.513561823973932,0.0,False,max_steps,,inf,,inf,inf,inf,-3.055949658510557,inf,2.456579324987546,inf,0.8268286414771762,0.0,set(),True,True,vehicle_ttc,False,vehicle_margin_uncertain_or_low,True,8,0,,inf,inf,inf,inf,False,False,0.875909530192837,inf,7.27572514366063,True,False,45,0,,False,False,3.221430101202276,-1.8518375286499649,inf,3.4565793249875454,0.0,,True,vehicle_ttc,,False,False,3.221430101202276,-1.8518375286499649,inf,3.4565793249875454,False,-3.2605703702151416,,,,cost_window,-18,False
6000,1011,12,338,6550,0.6037254333496094,0.555854082107544,0.0014881134266033769,1.0,-0.602237343788147,0.44414591789245605,True,True,predictive_recovery,keep_pass,,0,0,0,False,False,False,False,False,False,False,False,True,0.7980592405975931,14.803677682850966,0.0,False,max_steps,,inf,,inf,inf,inf,-2.7807666987268593,inf,2.4578897841668397,inf,0.8129334260213312,0.0,set(),True,True,vehicle_ttc,False,vehicle_margin_uncertain_or_low,True,8,0,,inf,inf,inf,inf,False,False,0.7387900646318238,inf,8.76220640162501,True,False,45,0,,False,False,3.0144205417605456,-1.8339615274395311,inf,3.4578897841668392,0.0,,True,vehicle_ttc,,False,False,3.0144205417605456,-1.8339615274395311,inf,3.4578897841668392,False,-5.291810404262819,,,,cost_window,-17,False
6000,1011,12,339,6551,0.635826587677002,0.13993895053863525,0.00139026646502316,0.8396337032318115,-0.634436309337616,0.6996947526931763,True,True,predictive_recovery,keep_pass,,0,0,0,False,False,False,False,False,False,False,False,True,0.802389294155164,15.047267731529116,0.0,False,max_steps,,inf,,inf,inf,inf,-3.3047866315654923,inf,2.4590788396862755,inf,0.7597419022184919,0.0,set(),True,True,vehicle_ttc,False,vehicle_margin_uncertain_or_low,True,8,0,,inf,inf,inf,inf,False,False,0.6092392584212566,inf,9.412571866157316,True,False,45,0,,False,False,3.4541615181849603,-2.1311441466742815,inf,3.4590788396862755,0.0,,True,vehicle_ttc,,False,False,3.4541615181849603,-2.1311441466742815,inf,3.4590788396862755,False,-0.029935291788675045,,,,cost_window,-16,False
6000,1011,12,340,6552,0.5210177898406982,0.47918033599853516,0.0007316589471884072,1.0,-0.5202861428260803,0.5208196640014648,True,True,predictive_recovery,keep_pass,,0,0,0,False,False,False,False,False,False,False,False,True,0.8067941648700708,15.337389022118026,0.0,False,max_steps,,inf,,inf,inf,inf,-4.331097920612905,inf,2.459692258159032,inf,0.6669881607130885,0.0,set(),True,True,vehicle_ttc,False,vehicle_margin_uncertain_or_low,True,8,0,,inf,inf,inf,inf,False,False,0.4898310019948852,inf,7.839894176622558,True,False,45,0,,False,False,2.701659610596513,-1.8420093265058868,inf,3.459692258159032,0.0,,True,vehicle_ttc,,False,False,2.701659610596513,-1.8420093265058868,inf,3.459692258159032,False,-7.29222119918893,,,,cost_window,-15,False
6000,1011,12,341,6553,0.37166547775268555,0.5605522394180298,4.682540748035535e-05,1.0,-0.3716186583042145,0.4394477605819702,True,True,predictive_recovery,keep_pass,,0,0,0,False,False,False,False,False,False,False,False,True,0.8112830881550257,15.627510154773553,0.0,False,max_steps,,inf,,inf,inf,inf,-4.489637598943342,inf,2.4597081625340618,inf,0.7523847915019557,0.0,set(),True,True,vehicle_ttc,False,vehicle_margin_uncertain_or_low,True,8,0,,inf,inf,inf,inf,False,False,0.3725878503506392,inf,5.700378018384291,True,False,45,0,,False,False,2.5397682499581364,-1.7805676386082157,inf,3.4597081625340613,0.0,,True,vehicle_ttc,,False,False,2.5397682499581364,-1.7805676386082157,inf,3.4597081625340613,False,-9.088466152094114,,,,cost_window,-14,False
6000,1011,12,342,6554,0.3881969451904297,0.8654544353485107,-0.05289801210165024,1.0,-0.4410949647426605,0.13454556465148926,True,True,predictive_recovery,keep_pass,,0,0,0,False,False,False,False,False,False,False,False,True,0.815854924513892,15.904522948210918,0.0,False,max_steps,,inf,,inf,inf,inf,-3.6028087144442003,inf,2.459382685398768,inf,0.764647005618579,0.0,set(),True,True,vehicle_ttc,False,vehicle_margin_uncertain_or_low,True,8,0,,inf,inf,inf,inf,False,False,0.2608162678588346,inf,6.066551703015512,True,False,45,0,,False,False,2.2251300624232555,-1.860528933168513,inf,3.459382685398768,0.0,,True,vehicle_ttc,,False,False,2.2251300624232555,-1.860528933168513,inf,3.459382685398768,False,-14.214605025887082,,,,cost_window,-13,False
6000,1011,12,343,6555,0.4111144542694092,0.8173321485519409,-0.10822557657957077,1.0,-0.5193400382995605,0.18266785144805908,True,True,predictive_recovery,keep_pass,,0,0,0,False,False,False,False,False,False,False,False,True,0.8205015999844507,16.126042552870466,0.0,False,max_steps,,inf,,inf,inf,inf,-2.8272332965076634,inf,2.468506377503083,inf,0.7474054339413279,0.0,set(),True,True,vehicle_ttc,False,vehicle_margin_uncertain_or_low,True,8,0,,inf,inf,inf,inf,False,False,0.15674551080851992,inf,6.538579272269026,True,False,45,0,,False,False,2.0195702178746386,-1.8721110326886192,inf,3.468506377503083,0.0,,True,vehicle_ttc,,False,False,2.0195702178746386,-1.8721110326886192,inf,3.468506377503083,False,-15.364673168786922,,,,cost_window,-12,False
6000,1011,12,344,6556,-0.3104321360588074,0.8800644874572754,-0.24427342414855957,1.0,0.0661587119102478,0.11993551254272461,True,True,predictive_recovery,keep_pass,,0,0,0,False,False,False,False,False,False,False,False,True,0.8263339889602664,16.24084051467793,0.0,False,max_steps,,inf,,inf,inf,inf,-2.3907068370441835,inf,2.4831785423300468,inf,0.6751959366863765,0.0,set(),True,True,vehicle_ttc,False,vehicle_margin_uncertain_or_low,True,8,0,,inf,inf,inf,inf,False,False,0.06450518006580415,inf,0.0,True,False,45,0,,False,False,1.7832443595777683,-1.8720092129785413,inf,3.4616333358828917,0.0,,True,vehicle_ttc,,False,False,1.7832443595777683,-1.8720092129785413,inf,3.4616333358828917,False,-17.848954478186528,,,,cost_window,-11,False
6000,1011,12,345,6557,-0.1684536337852478,0.9761185646057129,-0.336082398891449,1.0,-0.16762876510620117,0.02388143539428711,True,True,predictive_recovery,keep_pass,,0,0,0,False,False,False,False,False,False,False,False,True,0.8321316148995452,16.304616854608508,0.0,False,max_steps,,inf,,inf,inf,inf,-1.7724096512873628,inf,2.4075840497870735,inf,0.6015498039459719,0.0,set(),True,True,vehicle_ttc,False,vehicle_margin_uncertain_or_low,True,8,0,,inf,inf,inf,inf,False,False,0.39882040310119043,inf,0.0,True,False,45,0,,False,False,1.2141150419006366,-1.6478146120703885,inf,3.3860013296731837,0.0,,True,vehicle_ttc,,False,False,1.2141150419006366,-1.6478146120703885,inf,3.3860013296731837,False,-23.528351722400544,,,,cost_window,-10,False
6000,1011,12,346,6558,-0.5685211420059204,0.9386430978775024,-0.45958462357521057,1.0,0.10893651843070984,0.06135690212249756,True,True,predictive_recovery,keep_pass,,0,0,0,False,False,False,False,False,False,False,False,True,0.8378005032570398,16.303897606153704,0.0,False,max_steps,,inf,,inf,inf,inf,-1.5985277679610714,inf,2.2567579723022395,inf,0.4912236819216873,0.0,set(),True,True,vehicle_ttc,False,vehicle_margin_uncertain_or_low,True,8,0,,inf,inf,inf,inf,False,False,0.05920300138110123,inf,0.0,True,False,45,0,,False,False,1.0360360122087355,-1.4331749200852957,inf,3.235175252188348,0.0,,True,vehicle_ttc,,False,False,1.0360360122087355,-1.4331749200852957,inf,3.235175252188348,False,-24.632223652242786,,,,cost_window,-9,False
6000,1011,12,347,6559,-0.7551926970481873,0.41527605056762695,-0.5483939051628113,1.0,0.20679879188537598,0.584723949432373,True,True,predictive_recovery,right_pass,,0,0,0,False,False,False,False,False,False,False,False,True,0.843263645227566,16.260127622492618,0.0,False,max_steps,,inf,,inf,inf,inf,-0.9484611273778851,inf,1.9676016822509852,inf,0.16860043744702935,0.0,set(),True,True,vehicle_ttc,False,vehicle_margin_uncertain_or_low,True,8,0,,inf,inf,inf,inf,False,False,1.4859448588245727,inf,0.0,True,False,45,0,,False,False,0.845511968299614,-0.7762960332563615,inf,2.946018962137098,0.0,,True,vehicle_ttc,,False,False,0.7377573626641861,-0.7923718649524112,inf,2.9656948880630263,False,-22.167213769246942,,,,cost_window,-8,False
6000,1011,12,348,6560,-0.7449246644973755,0.5025424957275391,-0.6374523639678955,1.0,0.10747230052947998,0.49745750427246094,True,True,predictive_recovery,right_pass,,0,0,0,False,False,False,False,False,False,False,False,True,0.8484698146627919,16.17823291844247,0.0,False,max_steps,,inf,,inf,inf,inf,-0.8734629171110093,inf,1.596135320665283,-37.3498150097805,-0.2409689267832542,0.5143129969850243,set(),True,True,vehicle_ttc,False,vehicle_margin_uncertain_or_low,True,8,0,,inf,inf,inf,inf,False,False,1.3762071568149368,inf,0.0,True,False,45,0,,False,False,1.0833867724489108,-0.6142567312150513,inf,2.5745526005513937,0.0,,True,vehicle_ttc,,False,False,0.9582873313330317,-0.355044723101023,inf,2.59422852647732,False,-23.126477242540616,,,,cost_window,-7,False
6000,1011,12,349,6561,-0.8272506594657898,0.3917694091796875,-0.15936309099197388,-0.8500000238418579,0.6678875684738159,-1.2417694330215454,True,True,minimum_risk_stop,pre_contact_minimum_risk,no_safe_candidate_before_cost,0,0,0,False,False,False,False,False,False,False,False,True,0.8533256097458392,15.287656794931493,0.0,False,max_steps,,inf,,inf,inf,inf,inf,inf,inf,inf,inf,0.0,set(),True,True,predicted_collision_within_2s;vehicle_ttc,False,raw_predicted_collision,True,8,0,,inf,inf,inf,inf,False,False,1.2732376859618761,inf,0.0,True,False,45,0,,True,False,0.02351969218037355,0.7216010260654215,inf,2.0904474121749135,0.0,vehicle_lateral_margin_violation,True,no_safe_candidate_before_cost,no_hard_safe_candidate,False,False,0.0,inf,inf,inf,False,0.0,,,,cost_window,-6,False
6000,1011,12,350,6562,-0.8618736267089844,-0.21632659435272217,-0.03984077274799347,-0.8500000238418579,0.8220328688621521,-0.6336734294891357,True,True,minimum_risk_stop,pre_contact_minimum_risk,no_safe_candidate_before_cost,0,0,0,False,False,False,False,False,False,False,False,True,0.8576366720984473,14.130082495983533,0.0,False,max_steps,,inf,,inf,inf,inf,inf,inf,inf,inf,inf,0.0,set(),True,True,predicted_collision_within_2s;vehicle_ttc,False,raw_predicted_collision,True,8,0,,inf,inf,inf,inf,False,False,1.3074910839088985,inf,0.0,True,False,45,0,,True,False,0.0,inf,inf,1.5776273122598878,0.0,collision,True,no_safe_candidate_before_cost,no_hard_safe_candidate,False,False,0.0,inf,inf,inf,False,0.0,,,,cost_window,-5,False
6000,1011,12,351,6563,-0.9000546932220459,-0.6282118558883667,-0.009960193186998367,-0.8500000238418579,0.890094518661499,-0.2217881679534912,True,True,minimum_risk_stop,pre_contact_minimum_risk,no_safe_candidate_before_cost,0,0,0,False,False,False,False,False,False,False,False,True,0.8613643355644311,13.019309657731286,0.0,False,max_steps,,inf,,inf,inf,inf,inf,inf,inf,inf,inf,0.0,set(),True,True,predicted_collision_within_2s;vehicle_ttc,False,raw_predicted_collision,True,8,0,,inf,inf,inf,inf,False,False,1.4322063345916,inf,0.0,True,False,45,0,,True,False,0.0,0.8944475714146467,inf,1.0054188507998947,0.0,cut_in_danger,True,no_safe_candidate_before_cost,no_hard_safe_candidate,False,False,0.0,inf,inf,inf,False,0.0,,,,cost_window,-4,False
6000,1011,12,352,6564,-0.9651781320571899,-0.9704102873802185,-0.25,-0.3499999940395355,0.7151781320571899,0.6204103231430054,True,True,boundary_escape,boundary_escape_recovery,no_safe_candidate_before_cost,0,0,0,False,False,False,False,False,False,False,False,True,0.8646470884357583,12.666248352944953,0.0,False,max_steps,,inf,,inf,inf,inf,inf,inf,inf,inf,inf,0.0,set(),True,True,predicted_collision_within_2s;vehicle_ttc,False,raw_predicted_collision,True,8,0,,inf,inf,inf,inf,False,False,1.631603188966413,inf,0.0,True,False,45,0,,True,False,0.9777786902702958,1.384770293724951,inf,0.3481475398197993,0.0,cut_in_danger,True,no_safe_candidate_before_cost,no_hard_safe_candidate,False,False,0.0,inf,inf,inf,False,0.0,,,,cost_window,-3,False
6000,1011,12,353,6565,-0.9809364676475525,-0.9655479192733765,-0.25,-0.3499999940395355,0.7309364676475525,0.6155478954315186,True,True,boundary_escape,boundary_escape_recovery,no_safe_candidate_before_cost,0,0,0,False,False,False,False,False,False,False,False,True,0.8677214413268768,12.328456096569079,0.0,False,max_steps,,inf,,inf,inf,inf,inf,inf,inf,inf,inf,0.0,set(),True,True,predicted_out_of_road_within_2s;boundary_margin;vehicle_ttc,False,raw_predicted_out_of_road,True,8,0,,inf,inf,inf,inf,False,False,1.6578366431012714,inf,0.0,True,False,45,0,,False,True,3.0,inf,inf,-0.22651697377545044,0.0,boundary_invalid,True,no_safe_candidate_before_cost,no_hard_safe_candidate,False,False,0.0,inf,inf,inf,False,0.0,,,,cost_window,-2,False
6000,1011,12,354,6566,-0.9687192440032959,-0.9538072347640991,-0.25,-0.3499999940395355,0.7187192440032959,0.6038072109222412,True,True,boundary_escape,boundary_escape_recovery,no_safe_candidate_before_cost,0,0,0,False,False,False,False,False,False,False,False,True,0.8706255292628928,11.974402769231814,0.0,False,max_steps,,inf,,inf,inf,inf,inf,inf,inf,inf,inf,0.0,set(),True,True,predicted_out_of_road_within_2s;boundary_margin;vehicle_ttc,False,raw_predicted_out_of_road,True,8,0,,inf,inf,inf,inf,False,False,1.7195263291929719,inf,0.0,True,False,45,0,,False,True,3.0,inf,inf,-0.8874482831454344,0.0,boundary_invalid,True,no_safe_candidate_before_cost,no_hard_safe_candidate,False,False,0.0,inf,inf,inf,False,0.0,,,,cost_window,-1,False
6000,1011,12,355,6567,-0.9636982679367065,-0.9139395952224731,-0.25,-0.3499999940395355,0.7136982679367065,0.5639395713806152,True,True,boundary_escape,boundary_escape_recovery,no_safe_candidate_before_cost,1.0,1.0,1.0,False,False,False,False,False,False,True,True,True,0.8733793768912735,11.627068519526386,0.0,True,out_of_road,,inf,,inf,inf,inf,inf,inf,inf,inf,inf,0.0,set(),True,True,predicted_out_of_road_within_2s;boundary_margin;vehicle_ttc,False,raw_predicted_out_of_road,True,8,0,,inf,inf,inf,inf,False,False,1.8079691606569324,inf,0.0,True,False,45,0,,False,True,3.0,inf,inf,-1.4800865225612034,0.0,boundary_invalid,True,no_safe_candidate_before_cost,no_hard_safe_candidate,False,False,0.0,inf,inf,inf,False,0.0,,,,cost_window,0,True
6000,1012,13,86,6653,-0.532160758972168,0.9630110263824463,0.25,-0.3499999940395355,0.782160758972168,-1.3130110502243042,True,True,safety_hold,safety_hold_recovery,recent_emergency_safety_hold,0,0,0,False,False,False,False,False,False,False,False,True,0.25880183298910614,9.42804215165906,0.0,False,max_steps,,inf,,inf,inf,inf,inf,inf,inf,inf,inf,0.0,{'ROAD_LINE_BROKEN_SINGLE_WHITE'},True,True,recent_emergency_safety_hold,False,,True,7,0,,inf,inf,inf,inf,False,False,15.592261287952587,inf,5.417764066434348,True,False,53,0,,False,False,0.13339213203460543,9.832475536235066,inf,0.9777679779942324,0.0,,True,safety_hold,,False,False,0.0,inf,inf,inf,False,0.0,,,,cost_window,-20,False
6000,1012,13,87,6654,-0.6041525602340698,0.9744946956634521,0.25,-0.3499999940395355,0.8541525602340698,-1.32449471950531,True,True,safety_hold,safety_hold_recovery,recent_emergency_safety_hold,0,0,0,False,False,False,False,False,False,False,False,True,0.26120409847133197,8.688094746564264,0.0,False,max_steps,,inf,,inf,inf,inf,inf,inf,inf,inf,inf,0.0,{'ROAD_LINE_BROKEN_SINGLE_WHITE'},True,True,recent_emergency_safety_hold,False,,True,6,0,,inf,inf,inf,inf,False,False,25.092499535133264,inf,5.695975803919549,True,False,53,0,,False,False,0.0,10.232209724844813,inf,1.3011399487783892,0.0,,True,safety_hold,,False,False,0.0,inf,inf,inf,False,0.0,,,,cost_window,-19,False
6000,1012,13,88,6655,-0.763740062713623,0.8658376932144165,0.25,-0.3499999940395355,1.013740062713623,-1.2158377170562744,True,True,safety_hold,safety_hold_recovery,recent_emergency_safety_hold,0,0,0,False,False,False,False,False,False,False,False,True,0.2633010294791499,7.952907272849931,0.0,False,max_steps,,inf,,inf,inf,inf,inf,inf,inf,inf,inf,0.0,{'ROAD_LINE_BROKEN_SINGLE_WHITE'},True,True,recent_emergency_safety_hold,False,,True,5,0,,inf,inf,inf,inf,False,False,72.45473995089823,inf,6.63544602660289,True,False,53,0,,False,False,0.0,10.045264196883032,inf,1.6642579585625197,0.0,,True,safety_hold,,False,False,0.0,inf,inf,inf,False,0.0,,,,cost_window,-18,False
6000,1012,13,89,6656,-0.8103424906730652,0.7986550331115723,0.25,-0.3499999940395355,1.06034255027771,-1.1486550569534302,True,True,safety_hold,safety_hold_recovery,recent_emergency_safety_hold,0,0,0,False,False,False,False,False,False,False,False,True,0.2650950771389862,7.214476516293863,0.0,False,max_steps,,inf,,inf,inf,inf,inf,inf,inf,inf,inf,0.0,{'ROAD_LINE_BROKEN_SINGLE_WHITE'},True,True,recent_emergency_safety_hold,False,,True,4,0,,inf,inf,inf,inf,False,False,inf,inf,6.444578687573148,True,False,53,0,,False,False,0.0,9.571900996713397,inf,2.098806172214043,0.0,,True,safety_hold,,False,False,0.0,inf,inf,inf,False,0.0,,,,cost_window,-17,False
6000,1012,13,90,6657,-0.8842707872390747,0.25280749797821045,0.25,-0.3499999940395355,1.1342707872390747,-0.6028075218200684,True,True,safety_hold,safety_hold_recovery,recent_emergency_safety_hold,0,0,0,False,False,False,False,False,False,False,False,True,0.26659314737446843,6.46570696054885,0.0,False,max_steps,,inf,,inf,inf,inf,inf,inf,inf,inf,inf,0.0,{'ROAD_LINE_BROKEN_SINGLE_WHITE'},True,True,recent_emergency_safety_hold,False,,True,3,0,,inf,inf,inf,inf,False,False,inf,inf,6.379550828580991,True,False,53,0,,False,False,0.0,9.174570503864329,inf,2.5339219422972366,0.0,,True,safety_hold,,False,False,0.0,inf,inf,inf,False,0.0,,,,cost_window,-16,False
6000,1012,13,91,6658,-0.9063029885292053,-0.26376819610595703,-0.9063029885292053,-0.26376819610595703,0.0,0.0,True,False,inactive_raw_action,raw_action_safe,low_risk_verified_passthrough,0,0,0,False,False,False,False,False,False,False,False,True,0.2678598467797051,6.021819510133297,0.0,False,max_steps,,inf,,inf,inf,inf,inf,inf,inf,inf,inf,0.0,{'ROAD_LINE_BROKEN_SINGLE_WHITE'},False,False,,True,,True,3,0,,inf,inf,inf,inf,False,False,inf,inf,5.859889541299507,False,False,53,-1,,False,False,0.0,4.192329706963511,inf,2.986391618498215,0.0,,False,low_risk_verified,,False,False,0.0,inf,inf,inf,False,0.0,,,,cost_window,-15,False
6000,1012,13,92,6659,-0.9618529081344604,-0.5216615200042725,-0.9618529081344604,-0.5216615200042725,0.0,0.0,True,False,inactive_raw_action,raw_action,raw_action_safe_or_candidate_not_better,0,0,0,False,False,False,False,False,False,False,False,True,0.26904474860466815,5.379830987455446,0.0,False,max_steps,,inf,,inf,inf,inf,0.3134074121911805,inf,2.4374576612754337,inf,inf,0.0,{'ROAD_LINE_BROKEN_SINGLE_WHITE'},False,False,,False,vehicle_margin_uncertain_or_low,False,0,0,,inf,inf,inf,inf,False,False,inf,inf,5.792104608082544,False,False,53,0,,False,False,0.0,1.357808901862203,inf,3.4374576612754333,0.0,,False,raw_action_safe_or_candidate_not_better,candidate_not_better,False,False,0.0,6.526450433545014,inf,3.4374576612754333,False,22.137679941450976,,,,cost_window,-14,False
6000,1012,13,93,6660,-0.9807006120681763,-0.9289456605911255,-0.9807006120681763,-0.9289456605911255,0.0,0.0,True,False,inactive_raw_action,raw_action,raw_action_safe_or_candidate_not_better,0,0,0,False,False,False,False,False,False,False,False,True,0.2701099706170183,4.4696995390314225,0.0,False,max_steps,,inf,,inf,inf,inf,-0.29763146404474483,inf,2.589239867904141,inf,inf,0.0,{'ROAD_LINE_BROKEN_SINGLE_WHITE'},False,False,,False,vehicle_margin_uncertain_or_low,False,0,0,,inf,inf,inf,inf,False,False,inf,inf,0.0,False,False,53,0,,False,False,0.22003430305899407,0.2961221029208474,inf,3.589239867904148,0.0,,False,raw_action_safe_or_candidate_not_better,candidate_not_better,False,False,0.0,4.889461558460727,inf,3.589239867904142,False,27.356303342924758,,,,cost_window,-13,False
6000,1012,13,94,6661,-0.9906702041625977,-0.9769523739814758,-0.9906702041625977,-0.9769523739814758,0.0,0.0,True,False,inactive_raw_action,raw_action,raw_action_safe_or_candidate_not_better,0,0,0,False,False,False,False,False,False,False,False,True,0.2710152745530549,3.340149985725414,0.0,False,max_steps,,inf,,inf,inf,inf,-0.8621270544152644,inf,2.247507394863496,inf,inf,0.0,{'ROAD_LINE_BROKEN_SINGLE_WHITE'},False,False,,False,vehicle_margin_uncertain_or_low,False,0,0,,inf,inf,inf,inf,False,False,inf,inf,0.0,False,False,53,0,,False,False,0.7342765988940092,-0.2396689454612364,inf,3.247507394863503,0.0,,False,raw_action_safe_or_candidate_not_better,candidate_not_better,False,False,0.0,2.7955356104297002,inf,3.247507394863494,False,25.546761792715927,,,,cost_window,-12,False
6000,1012,13,95,6662,-0.9847381711006165,-0.9700949788093567,-0.9847381711006165,-0.9700949788093567,0.0,0.0,True,False,inactive_raw_action,raw_action,raw_action_safe_or_candidate_not_better,0,0,0,False,False,False,False,False,False,False,False,True,0.2716919725456425,1.8829353604586783,0.0,False,max_steps,,inf,,inf,inf,inf,-1.3533529707392096,inf,1.985781487515633,inf,inf,0.0,{'ROAD_LINE_BROKEN_SINGLE_WHITE'},False,False,,False,vehicle_margin_uncertain_or_low,False,0,0,,inf,inf,inf,inf,False,False,inf,inf,0.0,False,False,53,0,,False,False,1.2066778384346764,-0.8649554282089928,inf,2.985781487515641,0.0,,False,raw_action_safe_or_candidate_not_better,candidate_not_better,False,False,0.0,1.1909726991367746,inf,3.0054574134415666,False,18.891088706936177,,,,cost_window,-11,False
6000,1012,13,96,6663,-0.9907082915306091,-0.9727883338928223,-0.9907082915306091,-0.9727883338928223,0.0,0.0,True,False,inactive_raw_action,raw_action,raw_action_safe_or_candidate_not_better,0,0,0,False,False,False,False,False,False,False,False,True,0.2720462956224394,0.4202672125328608,0.0,False,max_steps,,inf,,inf,inf,inf,-1.6142536505171323,inf,1.81390944277237,inf,inf,0.0,{'ROAD_LINE_BROKEN_SINGLE_WHITE'},False,False,,False,vehicle_margin_uncertain_or_low,False,0,0,,inf,inf,inf,inf,False,False,inf,inf,0.0,False,False,53,0,,False,False,1.734392411732779,-1.15137465404292,inf,2.813909442772378,0.0,,False,raw_action_safe_or_candidate_not_better,candidate_not_better,False,False,0.6495629852004376,0.07774617692245833,inf,2.8139094427723683,False,1.0496396695031738,,,,cost_window,-10,False
6000,1012,13,97,6664,-0.9876307845115662,-0.9488279223442078,-0.9876307845115662,-0.9488279223442078,0.0,0.0,True,False,inactive_raw_action,raw_action,raw_action_safe_or_candidate_not_better,0,0,0,False,False,False,False,False,False,False,False,True,0.27208821495710794,0.1375444821809473,0.0,False,max_steps,,inf,,inf,inf,inf,-1.9082940844697687,inf,1.727507297805615,inf,inf,0.0,{'ROAD_LINE_BROKEN_SINGLE_WHITE'},False,False,,False,vehicle_margin_uncertain_or_low,False,0,0,,inf,inf,inf,inf,False,False,inf,inf,0.0,False,False,53,0,,False,False,2.014193755737329,-1.5398060812971641,inf,2.7275072978056234,0.0,,False,raw_action_safe_or_candidate_not_better,candidate_not_better,False,False,1.6634981808223857,-0.6460613380098081,inf,2.7275072978056136,False,1.2578432803850603,,,,cost_window,-9,False
6000,1012,13,98,6665,-0.9831140041351318,-0.9436198472976685,-0.9831140041351318,-0.9436198472976685,0.0,0.0,True,False,inactive_raw_action,raw_action,raw_action_safe_or_candidate_not_better,0,0,0,False,False,False,False,False,False,False,False,True,0.27203732731427416,0.32661997135811294,0.0,False,max_steps,,inf,,inf,inf,inf,-2.0049490862474375,inf,1.7046097828879874,inf,inf,0.0,{'ROAD_LINE_BROKEN_SINGLE_WHITE'},False,False,,False,vehicle_margin_uncertain_or_low,False,0,0,,inf,inf,inf,inf,False,False,inf,inf,0.0,False,False,53,0,,False,False,2.1721904121186397,-1.6294457031811702,inf,2.7046097828879954,0.0,,False,raw_action_safe_or_candidate_not_better,candidate_not_better,False,False,1.533942250256005,-0.6047583088221824,inf,2.724285708813921,False,2.694781247143256,,,,cost_window,-8,False
6000,1012,13,99,6666,-0.9833831787109375,-0.9694575071334839,-0.9833831787109375,-0.9694575071334839,0.0,0.0,True,False,inactive_raw_action,raw_action,raw_action_safe_or_candidate_not_better,0,0,0,False,False,False,False,False,False,False,False,True,0.27197328624500944,0.08579051209697547,0.0,False,max_steps,,inf,,inf,inf,inf,-1.7968041019851122,inf,2.7020382567242938,inf,inf,0.0,{'ROAD_LINE_BROKEN_SINGLE_WHITE'},False,False,,False,vehicle_margin_uncertain_or_low,False,0,0,,inf,inf,inf,inf,False,False,inf,inf,0.0,False,False,53,0,,False,False,2.3382983570621745,-1.7968041019851122,inf,2.7020382567243035,0.0,,False,raw_action_safe_or_candidate_not_better,candidate_not_better,False,False,1.9073236622737506,-0.9152883862848418,inf,2.721714182650229,False,4.314607078249217,,,,cost_window,-7,False
6000,1012,13,100,6667,-0.9837409853935242,-0.9401336312294006,-0.9837409853935242,-0.9401336312294006,0.0,0.0,True,False,inactive_raw_action,raw_action,raw_action_safe_or_candidate_not_better,0,0,0,False,False,False,False,False,False,False,False,True,0.2719413318906141,0.16157054632589465,0.0,False,max_steps,,inf,,inf,inf,inf,-2.2211647275028485,inf,1.7012348009098317,inf,inf,0.0,{'ROAD_LINE_BROKEN_SINGLE_WHITE'},False,False,,False,vehicle_margin_uncertain_or_low,False,0,0,,inf,inf,inf,inf,False,False,inf,inf,0.0,False,False,53,0,,False,False,2.518678271157307,-1.962156094585512,inf,2.701234800909839,0.0,,False,raw_action_safe_or_candidate_not_better,candidate_not_better,False,False,2.486547684875294,-1.2520153853554947,inf,2.7209107268357644,False,5.373438511363066,,,,cost_window,-6,False
6000,1012,13,101,6668,-0.9744792580604553,-0.7155130505561829,0.0,-0.800000011920929,0.9744792580604553,-0.0844869613647461,True,True,ultra_short_horizon_emergency,ultra_short_horizon_emergency_stop,vehicle_collision_step_3,0,0,0,False,False,False,False,False,False,False,False,True,0.2719487558107941,0.12298004263669968,0.0,False,max_steps,,inf,,inf,inf,inf,inf,inf,inf,inf,inf,0.0,{'ROAD_LINE_BROKEN_SINGLE_WHITE'},True,True,vehicle_collision_step_3,False,,True,8,0,,inf,0,0,0,0,0,inf,inf,0.0,True,False,53,0,,False,False,0.0,inf,inf,inf,0.0,0,True,vehicle_collision_step_3,,False,False,0.0,inf,inf,inf,False,0.0,,,,cost_window,-5,False
6000,1012,13,102,6669,-0.9393896460533142,0.22097039222717285,0.0,-0.800000011920929,0.9393896460533142,-1.020970344543457,True,True,ultra_short_horizon_emergency,ultra_short_horizon_emergency_stop,vehicle_collision_step_2,0,0,0,False,False,False,False,False,False,False,False,True,0.2719436249163178,0.16866019112864528,0.0,False,max_steps,,inf,,inf,inf,inf,inf,inf,inf,inf,inf,0.0,{'ROAD_LINE_BROKEN_SINGLE_WHITE'},True,True,vehicle_collision_step_2,False,,True,8,0,,inf,0,0,0,0,0,inf,inf,0.0,True,False,53,0,,False,False,0.0,inf,inf,inf,0.0,0,True,vehicle_collision_step_2,,False,False,0.0,inf,inf,inf,False,0.0,,,,cost_window,-4,False
6000,1012,13,103,6670,-0.9377765655517578,-0.3497457504272461,0.0,-0.800000011920929,0.9377765655517578,-0.45025426149368286,True,True,ultra_short_horizon_emergency,ultra_short_horizon_emergency_stop,vehicle_collision_step_2,0,0,0,False,False,False,False,False,False,False,False,True,0.27194669410791183,0.1122655665714014,0.0,False,max_steps,,inf,,inf,inf,inf,inf,inf,inf,inf,inf,0.0,{'ROAD_LINE_BROKEN_SINGLE_WHITE'},True,True,vehicle_collision_step_2,False,,True,8,0,,inf,0,0,0,0,0,inf,inf,0.0,True,False,53,0,,False,False,0.0,inf,inf,inf,0.0,0,True,vehicle_collision_step_2,,False,False,0.0,inf,inf,inf,False,0.0,,,,cost_window,-3,False
6000,1012,13,104,6671,-0.9475721120834351,-0.45121467113494873,0.0,-0.800000011920929,0.9475721120834351,-0.3487853407859802,True,True,ultra_short_horizon_emergency,ultra_short_horizon_emergency_stop,vehicle_collision_step_1,0,0,0,False,False,False,False,False,False,False,False,True,0.27193228412299486,0.24546324842112935,0.0,False,max_steps,,inf,,inf,inf,inf,inf,inf,inf,inf,inf,0.0,{'ROAD_LINE_BROKEN_SINGLE_WHITE'},True,True,vehicle_collision_step_1,False,,True,8,0,,inf,0,0,0,0,0,inf,inf,0.0,True,False,53,0,,False,False,0.0,inf,inf,inf,0.0,0,True,vehicle_collision_step_1,,False,False,0.0,inf,inf,inf,False,0.0,,,,cost_window,-2,False
6000,1012,13,105,6672,-0.9447035193443298,-0.039033353328704834,0.0,-0.800000011920929,0.9447035193443298,-0.7609666585922241,True,True,ultra_short_horizon_emergency,ultra_short_horizon_emergency_stop,vehicle_collision_step_1,0,0,0,False,False,False,False,False,False,False,False,True,0.2719268815163451,0.10529303966526239,0.0,False,max_steps,,inf,,inf,inf,inf,inf,inf,inf,inf,inf,0.0,{'ROAD_LINE_BROKEN_SINGLE_WHITE'},True,True,vehicle_collision_step_1,False,,True,8,0,,inf,0,0,0,0,0,inf,inf,0.0,True,False,53,0,,False,False,0.0,inf,inf,inf,0.0,0,True,vehicle_collision_step_1,,False,False,0.0,inf,inf,inf,False,0.0,,,,cost_window,-1,False
6000,1012,13,106,6673,-0.9460294246673584,0.18981730937957764,0.0,-0.800000011920929,0.9460294246673584,-0.9898173213005066,True,True,ultra_short_horizon_emergency,ultra_short_horizon_emergency_stop,vehicle_collision_step_1,1.0,1.0,1.0,True,True,False,False,False,False,False,False,True,0.2719100503649725,0.241351122463646,0.0,False,crash,,inf,,inf,inf,inf,inf,inf,inf,inf,inf,0.0,"{'ROAD_LINE_BROKEN_SINGLE_WHITE', 'VEHICLE'}",True,True,vehicle_collision_step_1,False,,True,8,0,,inf,0,0,0,0,0,inf,inf,0.0,True,False,53,0,,False,False,0.0,inf,inf,inf,0.0,0,True,vehicle_collision_step_1,,False,False,0.0,inf,inf,inf,False,0.0,,,,cost_window,0,True
6000,1012,13,107,6674,-0.9326662421226501,0.5359394550323486,0.0,-0.800000011920929,0.9326662421226501,-1.3359394073486328,True,True,ultra_short_horizon_emergency,ultra_short_horizon_emergency_stop,contact_vehicle_detected,1.0,1.0,2.0,True,True,False,False,False,False,False,False,True,0.2724610930094066,2.454795094845007,0.0,False,crash,,inf,,inf,inf,inf,inf,inf,inf,inf,inf,0.0,"{'ROAD_LINE_BROKEN_SINGLE_WHITE', 'VEHICLE'}",True,True,contact_vehicle_detected,False,,True,8,1,,inf,0,0,0,0,0,inf,inf,0.0,True,False,53,0,,False,False,0.0,inf,inf,inf,0.0,0,True,contact_vehicle_detected,,False,False,0.0,inf,inf,inf,False,0.0,,,,cost_window,1,False
6000,1012,13,108,6675,-0.8522080183029175,0.9103641510009766,0.0,-0.800000011920929,0.8522080183029175,-1.7103641033172607,True,True,ultra_short_horizon_emergency,ultra_short_horizon_emergency_stop,contact_vehicle_detected,1.0,1.0,3.0,True,True,False,False,False,False,False,False,True,0.2730694147453125,1.766117261838347,0.0,False,crash,,inf,,inf,inf,inf,inf,inf,inf,inf,inf,0.0,"{'ROAD_LINE_BROKEN_SINGLE_WHITE', 'VEHICLE'}",True,True,contact_vehicle_detected,False,,True,8,2,,inf,0,0,0,0,0,inf,inf,0.0,True,False,53,0,,False,False,0.0,inf,inf,inf,0.0,0,True,contact_vehicle_detected,,False,False,0.0,inf,inf,inf,False,0.0,,,,cost_window,2,False
6000,1012,13,109,6676,-0.8671414852142334,0.8518911600112915,0.0,-0.800000011920929,0.8671414852142334,-1.6518912315368652,True,True,ultra_short_horizon_emergency,ultra_short_horizon_emergency_stop,contact_vehicle_detected,0,0,3.0,False,False,False,False,False,False,False,False,True,0.27349108830084584,1.1094822796079848,0.0,False,max_steps,,inf,,inf,inf,inf,inf,inf,inf,inf,inf,0.0,{'ROAD_LINE_BROKEN_SINGLE_WHITE'},True,True,contact_vehicle_detected,False,,True,8,3,,inf,0,0,0,0,0,inf,inf,0.0,True,False,53,0,,False,False,0.0,inf,inf,inf,0.0,0,True,contact_vehicle_detected,,False,False,0.0,inf,inf,inf,False,0.0,,,,cost_window,3,False
6000,1012,13,110,6677,-0.8883976936340332,0.7346763610839844,0.0,-0.800000011920929,0.8883976936340332,-1.5346763134002686,True,True,ultra_short_horizon_emergency,ultra_short_horizon_emergency_stop,vehicle_collision_step_1,1.0,1.0,4.0,True,True,False,False,False,False,False,False,True,0.27374986100902343,0.8334896270057075,0.0,False,crash,,inf,,inf,inf,inf,inf,inf,inf,inf,inf,0.0,{'ROAD_LINE_BROKEN_SINGLE_WHITE'},True,True,vehicle_collision_step_1,False,,True,8,3,,inf,0,0,0,0,0,inf,inf,0.0,True,False,53,0,,False,False,0.0,inf,inf,inf,0.0,0,True,vehicle_collision_step_1,,False,False,0.0,inf,inf,inf,False,0.0,,,,cost_window,4,False
6000,1012,13,111,6678,-0.8963497877120972,0.6338868141174316,0.0,-0.800000011920929,0.8963497877120972,-1.4338867664337158,True,True,ultra_short_horizon_emergency,ultra_short_horizon_emergency_stop,crash_flag_crash_vehicle,0,0,4.0,False,False,False,False,False,False,False,False,True,0.2739054472410724,0.19108917413536908,0.0,False,max_steps,,inf,,inf,inf,inf,inf,inf,inf,inf,inf,0.0,{'ROAD_LINE_BROKEN_SINGLE_WHITE'},True,True,crash_flag_crash_vehicle,False,,True,8,4,,inf,0,0,0,0,0,inf,inf,0.0,True,False,53,0,,False,False,0.0,inf,inf,inf,0.0,0,True,crash_flag_crash_vehicle,,False,False,0.0,inf,inf,inf,False,0.0,,,,cost_window,5,False
6000,1012,13,112,6679,-0.8860206007957458,0.6306362152099609,0.0,-0.800000011920929,0.8860206007957458,-1.4306361675262451,True,True,ultra_short_horizon_emergency,ultra_short_horizon_emergency_stop,vehicle_collision_step_1,0,0,4.0,False,False,False,False,False,False,False,False,True,0.27391799709063197,0.23227400637277762,0.0,False,max_steps,,inf,,inf,inf,inf,inf,inf,inf,inf,inf,0.0,{'ROAD_LINE_BROKEN_SINGLE_WHITE'},True,True,vehicle_collision_step_1,False,,True,8,3,,inf,0,0,0,0,0,inf,inf,0.0,True,False,53,0,,False,False,0.0,inf,inf,inf,0.0,0,True,vehicle_collision_step_1,,False,False,0.0,inf,inf,inf,False,0.0,,,,cost_window,6,False
6000,1012,13,113,6680,-0.9214301109313965,-0.2908868193626404,0.0,-0.800000011920929,0.9214301109313965,-0.5091131925582886,True,True,ultra_short_horizon_emergency,ultra_short_horizon_emergency_stop,vehicle_collision_step_1,0,0,4.0,False,False,False,False,False,False,False,False,True,0.27391237477917313,0.16273149857759894,0.0,False,max_steps,,inf,,inf,inf,inf,inf,inf,inf,inf,inf,0.0,{'ROAD_LINE_BROKEN_SINGLE_WHITE'},True,True,vehicle_collision_step_1,False,,True,8,2,,inf,0,0,0,0,0,inf,inf,0.0,True,False,53,0,,False,False,0.0,inf,inf,inf,0.0,0,True,vehicle_collision_step_1,,False,False,0.0,inf,inf,inf,False,0.0,,,,cost_window,7,False
6000,1012,13,114,6681,-0.9320386052131653,-0.15009146928787231,0.0,-0.800000011920929,0.9320386052131653,-0.6499085426330566,True,True,ultra_short_horizon_emergency,ultra_short_horizon_emergency_stop,vehicle_collision_step_1,0,0,4.0,False,False,False,False,False,False,False,False,True,0.2738986872456367,0.17268124525900005,0.0,False,max_steps,,inf,,inf,inf,inf,inf,inf,inf,inf,inf,0.0,{'ROAD_LINE_BROKEN_SINGLE_WHITE'},True,True,vehicle_collision_step_1,False,,True,8,1,,inf,0,0,0,0,0,inf,inf,0.0,True,False,53,0,,False,False,0.0,inf,inf,inf,0.0,0,True,vehicle_collision_step_1,,False,False,0.0,inf,inf,inf,False,0.0,,,,cost_window,8,False
6000,1012,13,115,6682,-0.976347029209137,-0.9721058011054993,0.0,-0.800000011920929,0.976347029209137,0.1721057891845703,True,True,ultra_short_horizon_emergency,ultra_short_horizon_emergency_stop,vehicle_collision_step_1,0,0,4.0,False,False,False,False,False,False,False,False,True,0.27390558182087615,0.12328557841161922,0.0,False,max_steps,,inf,,inf,inf,inf,inf,inf,inf,inf,inf,0.0,{'ROAD_LINE_BROKEN_SINGLE_WHITE'},True,True,vehicle_collision_step_1,False,,True,8,1,,inf,0,0,0,0,0,inf,inf,0.0,True,False,53,0,,False,False,0.0,inf,inf,inf,0.0,0,True,vehicle_collision_step_1,,False,False,0.0,inf,inf,inf,False,0.0,,,,cost_window,9,False
6000,1012,13,116,6683,-0.9741289615631104,-0.9887692332267761,0.0,-0.800000011920929,0.9741289615631104,0.18876922130584717,True,True,ultra_short_horizon_emergency,ultra_short_horizon_emergency_stop,vehicle_collision_step_1,0,0,4.0,False,False,False,False,False,False,False,False,True,0.27388412753128255,0.23503695966702853,0.0,False,max_steps,,inf,,inf,inf,inf,inf,inf,inf,inf,inf,0.0,{'ROAD_LINE_BROKEN_SINGLE_WHITE'},True,True,vehicle_collision_step_1,False,,True,8,0,,inf,0,0,0,0,0,inf,inf,0.0,True,False,53,0,,False,False,0.0,inf,inf,inf,0.0,0,True,vehicle_collision_step_1,,False,False,0.0,inf,inf,inf,False,0.0,,,,cost_window,10,False
6000,1012,13,117,6684,-0.9762369990348816,-0.9909576773643494,0.0,-0.20000000298023224,0.9762369990348816,0.7909576892852783,True,True,safety_hold,safety_hold_recovery,recent_emergency_safety_hold,0,0,4.0,False,False,False,False,False,False,False,False,True,0.2738706172681546,0.06322323298148028,0.0,False,max_steps,,inf,,inf,inf,inf,inf,inf,inf,inf,inf,0.0,{'ROAD_LINE_BROKEN_SINGLE_WHITE'},True,True,recent_emergency_safety_hold,False,,True,7,0,,inf,inf,inf,inf,False,False,inf,inf,0.0,True,False,53,0,,False,False,0.09615121098454844,0.4794959633848386,inf,3.0091398569881513,0.0,,True,safety_hold,,False,False,0.0,inf,inf,inf,False,0.0,,,,cost_window,11,False
6000,1012,13,118,6685,-0.8966662287712097,-0.8984118700027466,0.0,-0.20000000298023224,0.8966662287712097,0.6984118819236755,True,True,safety_hold,safety_hold_recovery,recent_emergency_safety_hold,0,0,4.0,False,False,False,False,False,False,False,False,True,0.273873735589689,0.0625245880716826,0.0,False,max_steps,,inf,,inf,inf,inf,inf,inf,inf,inf,inf,0.0,{'ROAD_LINE_BROKEN_SINGLE_WHITE'},True,True,recent_emergency_safety_hold,False,,True,6,0,,inf,inf,inf,inf,False,False,inf,inf,0.0,True,False,53,0,,False,False,0.0,1.1574302029524262,inf,3.0110956201333017,0.0,,True,safety_hold,,False,False,0.0,inf,inf,inf,False,0.0,,,,cost_window,12,False
6000,1012,13,119,6686,-0.9179178476333618,-0.9247522354125977,0.0,-0.20000000298023224,0.9179178476333618,0.7247522473335266,True,True,safety_hold,safety_hold_recovery,recent_emergency_safety_hold,0,0,4.0,False,False,False,False,False,False,False,False,True,0.27387048322020957,0.06322093010296179,0.0,False,max_steps,,inf,,inf,inf,inf,inf,inf,inf,inf,inf,0.0,{'ROAD_LINE_BROKEN_SINGLE_WHITE'},True,True,recent_emergency_safety_hold,False,,True,5,0,,inf,inf,inf,inf,False,False,inf,inf,0.0,True,False,53,0,,False,False,0.0,1.839169599425023,inf,3.0107155875170863,0.0,,True,safety_hold,,False,False,0.0,inf,inf,inf,False,0.0,,,,cost_window,13,False
6000,1012,13,120,6687,-0.9368532299995422,-0.8978277444839478,0.0,-0.20000000298023224,0.9368532299995422,0.6978277564048767,True,True,safety_hold,safety_hold_recovery,recent_emergency_safety_hold,0,0,4.0,False,False,False,False,False,False,False,False,True,0.27387356579346245,0.06252458802525925,0.0,False,max_steps,,inf,,inf,inf,inf,inf,inf,inf,inf,inf,0.0,{'ROAD_LINE_BROKEN_SINGLE_WHITE'},True,True,recent_emergency_safety_hold,False,,True,4,0,,inf,inf,inf,inf,False,False,inf,inf,0.0,True,False,53,0,,False,False,0.0,2.546695119902066,inf,3.011152404897484,0.0,,True,safety_hold,,False,False,0.0,inf,inf,inf,False,0.0,,,,cost_window,14,False
6000,1012,13,121,6688,-0.9659591913223267,-0.9386352300643921,0.0,-0.20000000298023224,0.9659591913223267,0.738635241985321,True,True,safety_hold,safety_hold_recovery,recent_emergency_safety_hold,0,0,4.0,False,False,False,False,False,False,False,False,True,0.2738703304178086,0.06322089825372118,0.0,False,max_steps,,inf,,inf,inf,inf,inf,inf,inf,inf,inf,0.0,{'ROAD_LINE_BROKEN_SINGLE_WHITE'},True,True,recent_emergency_safety_hold,False,,True,3,0,,inf,inf,inf,inf,False,False,inf,inf,0.0,True,False,53,0,,False,False,0.0,3.2704666885057274,inf,3.0107219167701555,0.0,,True,safety_hold,,False,False,0.0,inf,inf,inf,False,0.0,,,,cost_window,15,False
6000,1012,13,122,6689,-0.9645493030548096,-0.9516310095787048,0.0,-0.20000000298023224,0.9645493030548096,0.7516310214996338,True,True,safety_hold,safety_hold_recovery,recent_emergency_safety_hold,0,0,4.0,False,False,False,False,False,False,False,False,True,0.273873432940967,0.06252458374006996,0.0,False,max_steps,,inf,,inf,inf,inf,inf,inf,inf,inf,inf,0.0,{'ROAD_LINE_BROKEN_SINGLE_WHITE'},True,True,recent_emergency_safety_hold,False,,True,2,0,,inf,inf,inf,inf,False,False,inf,inf,0.0,True,False,53,0,,False,False,0.0,4.011799285756162,inf,3.011154170292214,0.0,,True,safety_hold,,False,False,0.0,inf,inf,inf,False,0.0,,,,cost_window,16,False
6000,1012,13,123,6690,-0.9560118317604065,-0.9531402587890625,0.0,-0.20000000298023224,0.9560118317604065,0.7531402707099915,True,True,safety_hold,safety_hold_recovery,recent_emergency_safety_hold,0,0,4.0,False,False,False,False,False,False,False,False,True,0.27387020554319347,0.06322089868901556,0.0,False,max_steps,,inf,,inf,inf,inf,inf,inf,inf,inf,inf,0.0,{'ROAD_LINE_BROKEN_SINGLE_WHITE'},True,True,recent_emergency_safety_hold,False,,True,1,0,,inf,inf,inf,inf,False,False,inf,inf,0.0,True,False,53,0,,False,False,0.0,4.763293349856573,inf,3.0107298744875233,0.0,,True,safety_hold,,False,False,0.0,inf,inf,inf,False,0.0,,,,cost_window,17,False
6000,1012,13,124,6691,-0.9472079277038574,-0.9264700412750244,-0.9472079277038574,-0.9264700412750244,0.0,0.0,True,False,inactive_raw_action,raw_action_safe,low_risk_verified_passthrough,0,0,4.0,False,False,False,False,False,False,False,False,True,0.27387470734008346,0.16531492008477686,0.0,False,max_steps,,inf,,inf,inf,inf,inf,inf,inf,inf,inf,0.0,{'ROAD_LINE_BROKEN_SINGLE_WHITE'},False,False,,True,,True,1,0,,inf,inf,inf,inf,False,False,inf,inf,0.0,False,False,53,-1,,False,False,0.0,5.5271180491015315,inf,3.0111646049386365,0.0,,False,low_risk_verified,,False,False,0.0,inf,inf,inf,False,0.0,,,,cost_window,18,False
6000,1012,13,125,6692,-0.9353118538856506,-0.8390671014785767,-0.9353118538856506,-0.8390671014785767,0.0,0.0,True,False,inactive_raw_action,raw_action_safe,low_risk_verified_passthrough,0,0,4.0,False,False,False,False,False,False,False,False,True,0.2738660845303553,0.16426528587491074,0.0,False,max_steps,,inf,,inf,inf,inf,inf,inf,inf,inf,inf,0.0,{'ROAD_LINE_BROKEN_SINGLE_WHITE'},False,False,,True,,False,0,0,,inf,inf,inf,inf,False,False,inf,inf,0.0,False,False,53,-1,,False,False,0.0,6.283462787966407,inf,3.0117158230919903,0.0,,False,low_risk_verified,,False,False,0.0,inf,inf,inf,False,0.0,,,,cost_window,19,False
6000,1012,13,126,6693,-0.8551731109619141,-0.1306699514389038,-0.8551731109619141,-0.1306699514389038,0.0,0.0,True,False,inactive_raw_action,raw_action_safe,low_risk_verified_passthrough,0,0,4.0,False,False,False,False,False,False,False,False,True,0.2738627927491332,0.04300024432760784,0.0,False,max_steps,,inf,,inf,inf,inf,inf,inf,inf,inf,inf,0.0,{'ROAD_LINE_BROKEN_SINGLE_WHITE'},False,False,,True,,False,0,0,,inf,inf,inf,inf,False,False,inf,inf,0.0,False,False,53,-1,,False,False,0.0,7.063893141172908,inf,3.014234525175174,0.0,,False,low_risk_verified,,False,False,0.0,inf,inf,inf,False,0.0,,,,cost_window,20,False
6000,1016,17,239,9598,0.13285517692565918,0.9412314891815186,0.13285517692565918,0.9412314891815186,0.0,0.0,True,False,inactive_raw_action,raw_action,raw_action_safe_or_candidate_not_better,0,0,0,False,False,False,False,False,False,False,False,True,0.5747576273203661,7.275046166604313,0.0,False,max_steps,,inf,,inf,inf,inf,inf,18.796255497937782,0.8808374633789061,inf,inf,0.0,{'ROAD_LINE_BROKEN_SINGLE_WHITE'},False,False,,False,route_deviation_rising,False,0,0,static_obstacle,49.333325659647215,42.483673503544495,29.02917999660907,inf,False,False,inf,6.06660934034743,0.0,False,False,72,0,,False,False,0.0,inf,19.019427979392038,1.880837463378906,0.0,,False,raw_action_safe_or_candidate_not_better,candidate_not_better,False,False,0.0,inf,18.796255497937782,1.95491153745298,False,-9.928345298885006,,,,cost_window,-20,False
6000,1016,17,240,9599,0.1543973684310913,0.9487555027008057,0.1543973684310913,0.9487555027008057,0.0,0.0,True,False,inactive_raw_action,raw_action_safe,low_risk_verified_passthrough,0,0,0,False,False,False,False,False,False,False,False,True,0.5768957619750813,7.552755447164593,0.0,False,max_steps,,inf,,inf,inf,inf,inf,inf,inf,inf,inf,0.0,{'ROAD_LINE_BROKEN_SINGLE_WHITE'},False,False,,True,,False,0,0,static_obstacle,48.74538955119285,42.21242072264957,28.39388376442286,inf,False,False,inf,5.802357779724243,0.0,False,False,72,-1,,False,False,0.0,inf,17.658532753222016,1.5555277099609373,0.0,,False,low_risk_verified,,False,False,0.0,inf,inf,inf,False,0.0,,,,cost_window,-19,False
6000,1016,17,241,9600,0.1552259922027588,0.953319787979126,0.1552259922027588,0.953319787979126,0.0,0.0,True,False,inactive_raw_action,raw_action_safe,low_risk_verified_passthrough,0,0,0,False,False,False,False,False,False,False,False,True,0.5791492341505091,7.836331454398645,0.0,False,max_steps,,inf,,inf,inf,inf,inf,inf,inf,inf,inf,0.0,{'ROAD_LINE_BROKEN_SINGLE_WHITE'},False,False,,True,,False,0,0,static_obstacle,48.12427716244914,42.199516639349945,27.31663179827682,inf,False,False,inf,5.587300811545834,0.0,False,False,72,-1,,False,False,0.0,inf,16.291966367509897,1.2395487060546873,0.0,,False,low_risk_verified,,False,False,0.0,inf,inf,inf,False,0.0,,,,cost_window,-18,False
6000,1016,17,242,9601,0.1444779634475708,0.9516388177871704,0.1444779634475708,0.9516388177871704,0.0,0.0,True,False,inactive_raw_action,raw_action,raw_action_safe_or_candidate_not_better,0,0,0,False,False,False,False,False,False,False,False,True,0.5815169832150433,8.12257267548924,0.0,False,max_steps,,inf,,inf,inf,inf,inf,14.617006278230471,0.934315704345703,inf,inf,0.0,{'ROAD_LINE_BROKEN_SINGLE_WHITE'},False,False,,False,boundary_margin_uncertain_or_low,False,0,0,static_obstacle,47.46943591962486,42.29059870513396,25.987893494998033,inf,False,False,inf,5.396734294769479,0.0,False,False,72,0,,False,False,0.39410577392578205,inf,14.946427780981088,0.934315704345703,0.0,,False,raw_action_safe_or_candidate_not_better,candidate_not_better,False,False,0.023004184864185484,inf,14.617006278230471,0.953991630271629,False,-14.182280911632155,,,,cost_window,-17,False
6000,1016,17,243,9602,0.9162832498550415,0.9924361705780029,0.9162832498550415,0.9924361705780029,0.0,0.0,True,False,inactive_raw_action,raw_action,raw_action_safe_or_candidate_not_better,0,0,0,False,False,False,False,False,False,False,False,True,0.5839775252121953,8.03585977890092,0.0,False,max_steps,,inf,,inf,inf,inf,20.287937227228838,12.92961383630111,0.639821075439453,inf,inf,0.0,set(),False,False,,False,boundary_margin_uncertain_or_low,False,0,0,static_obstacle,46.78116168750221,42.36248606792552,24.574259261951575,inf,False,False,6.350264163668518,5.215402528285035,0.0,False,False,72,0,,False,False,2.1610735473632823,20.526640210620798,13.31192135989681,0.639821075439453,0.0,,False,raw_action_safe_or_candidate_not_better,vehicle_margin_worse,False,False,0.46572821949146426,20.287937227228838,12.92961383630111,0.659497001365379,True,-23.100900091730068,,,,cost_window,-16,False
6000,1016,17,244,9603,0.9338359832763672,0.9920639991760254,0.9338359832763672,0.9920639991760254,0.0,0.0,True,False,inactive_raw_action,raw_action,raw_action_safe_or_candidate_not_better,0,0,0,False,False,False,False,False,False,False,False,True,0.5864635716995988,7.931639263892609,0.0,False,max_steps,,inf,,inf,inf,inf,20.114124886643506,inf,0.3654642333984375,inf,inf,0.0,{'ROAD_LINE_SOLID_SINGLE_WHITE'},False,False,,False,boundary_margin_uncertain_or_low,False,0,0,,inf,inf,inf,inf,False,False,6.443528217628956,inf,0.0,False,False,72,0,,False,False,3.8072145996093743,20.114124886643506,inf,0.3654642333984375,0.0,,False,raw_action_safe_or_candidate_not_better,boundary_margin_insufficient,False,False,3.8072145996093743,20.114124886643506,inf,0.3654642333984375,False,-38.37957047993181,,,,cost_window,-15,False
6000,1016,17,245,9604,0.9225016832351685,0.9941930770874023,0.44999998807907104,-0.3499999940395355,-0.4725016951560974,-1.3441931009292603,True,True,ultra_short_horizon_emergency,ultra_short_boundary_recovery,contact_road_line_solid_detected,0,0,0,False,False,False,False,False,False,False,False,True,0.5889094621810743,7.128070573307678,0.0,False,max_steps,,inf,,inf,inf,inf,inf,inf,inf,inf,inf,0.0,{'ROAD_LINE_SOLID_SINGLE_WHITE'},True,True,contact_road_line_solid_detected,False,,True,8,1,,inf,0,0,0,0,0,inf,inf,0.0,True,False,72,0,,False,False,0.0,inf,inf,inf,0.0,0,True,contact_road_line_solid_detected,,False,False,0.0,inf,inf,inf,False,0.0,,,,cost_window,-14,False
6000,1016,17,246,9605,0.9035191535949707,0.9825376272201538,-0.44999998807907104,-0.3499999940395355,-1.3535192012786865,-1.3325376510620117,True,True,ultra_short_horizon_emergency,ultra_short_boundary_recovery,contact_road_line_solid_detected,0,0,0,False,False,False,False,False,False,False,False,True,0.5911437689900364,6.481178420579068,0.0,False,max_steps,,inf,,inf,inf,inf,inf,inf,inf,inf,inf,0.0,{'ROAD_LINE_SOLID_SINGLE_WHITE'},True,True,contact_road_line_solid_detected,False,,True,8,2,,inf,0,0,0,0,0,inf,inf,0.0,True,False,72,0,,False,False,0.0,inf,inf,inf,0.0,0,True,contact_road_line_solid_detected,,False,False,0.0,inf,inf,inf,False,0.0,,,,cost_window,-13,False
6000,1016,17,247,9606,0.8090393543243408,0.9885414838790894,-0.44999998807907104,-0.3499999940395355,-1.2590394020080566,-1.3385415077209473,True,True,ultra_short_horizon_emergency,ultra_short_boundary_recovery,contact_road_line_solid_detected,0,0,0,False,False,False,False,False,False,False,False,True,0.5931431582311486,5.719591236764555,0.0,False,max_steps,,inf,,inf,inf,inf,inf,inf,inf,inf,inf,0.0,{'ROAD_LINE_SOLID_SINGLE_WHITE'},True,True,contact_road_line_solid_detected,False,,True,8,3,,inf,0,0,0,0,0,inf,inf,0.0,True,False,72,0,,False,False,0.0,inf,inf,inf,0.0,0,True,contact_road_line_solid_detected,,False,False,0.0,inf,inf,inf,False,0.0,,,,cost_window,-12,False
6000,1016,17,248,9607,0.8368114233016968,0.9820773601531982,-0.44999998807907104,-0.3499999940395355,-1.286811351776123,-1.3320773839950562,True,True,ultra_short_horizon_emergency,ultra_short_boundary_recovery,contact_road_line_solid_detected,0,0,0,False,False,False,False,False,False,False,False,True,0.5948587668529711,4.819182145063606,0.0,False,max_steps,,inf,,inf,inf,inf,inf,inf,inf,inf,inf,0.0,{'ROAD_LINE_SOLID_SINGLE_WHITE'},True,True,contact_road_line_solid_detected,False,,True,8,4,,inf,0,0,0,0,0,inf,inf,0.0,True,False,72,0,,False,False,0.0,inf,inf,inf,0.0,0,True,contact_road_line_solid_detected,,False,False,0.0,inf,inf,inf,False,0.0,,,,cost_window,-11,False
6000,1016,17,249,9608,0.8493349552154541,0.9859929084777832,-0.44999998807907104,-0.3499999940395355,-1.29933500289917,-1.3359929323196411,True,True,ultra_short_horizon_emergency,ultra_short_boundary_recovery,contact_road_line_solid_detected,0,0,0,False,False,False,False,False,False,False,False,True,0.5962471089596494,3.8980789584370816,0.0,False,max_steps,,inf,,inf,inf,inf,inf,inf,inf,inf,inf,0.0,{'ROAD_LINE_SOLID_SINGLE_WHITE'},True,True,contact_road_line_solid_detected,False,,True,8,5,,inf,0,0,0,0,0,inf,inf,0.0,True,False,72,0,,False,False,0.0,inf,inf,inf,0.0,0,True,contact_road_line_solid_detected,,False,False,0.0,inf,inf,inf,False,0.0,,,,cost_window,-10,False
6000,1016,17,250,9609,0.8477587699890137,0.9938524961471558,-0.44999998807907104,-0.3499999940395355,-1.2977588176727295,-1.3438525199890137,True,True,ultra_short_horizon_emergency,ultra_short_boundary_recovery,contact_road_line_solid_detected,0,0,0,False,False,False,False,False,False,False,False,True,0.5973328997341933,3.0090314381249086,0.0,False,max_steps,,inf,,inf,inf,inf,inf,inf,inf,inf,inf,0.0,{'ROAD_LINE_SOLID_SINGLE_WHITE'},True,True,contact_road_line_solid_detected,False,,True,8,5,,inf,0,0,0,0,0,inf,inf,0.0,True,False,72,0,,False,False,0.0,inf,inf,inf,0.0,0,True,contact_road_line_solid_detected,,False,False,0.0,inf,inf,inf,False,0.0,,,,cost_window,-9,False
6000,1016,17,251,9610,0.866863489151001,0.9957282543182373,-0.44999998807907104,-0.3499999940395355,-1.3168635368347168,-1.3457282781600952,True,True,ultra_short_horizon_emergency,ultra_short_boundary_recovery,contact_road_line_solid_detected,0,0,0,False,False,False,False,False,False,False,False,True,0.5981407803620588,2.114730059715485,0.0,False,max_steps,,inf,,inf,inf,inf,inf,inf,inf,inf,inf,0.0,{'ROAD_LINE_SOLID_SINGLE_WHITE'},True,True,contact_road_line_solid_detected,False,,True,8,5,,inf,0,0,0,0,0,inf,inf,0.0,True,False,72,0,,False,False,0.0,inf,inf,inf,0.0,0,True,contact_road_line_solid_detected,,False,False,0.0,inf,inf,inf,False,0.0,,,,cost_window,-8,False
6000,1016,17,252,9611,0.8846529722213745,0.9964687824249268,-0.44999998807907104,-0.3499999940395355,-1.3346529006958008,-1.3464688062667847,True,True,ultra_short_horizon_emergency,ultra_short_boundary_recovery,contact_road_line_solid_detected,0,0,0,False,False,False,False,False,False,False,False,True,0.598684267729762,1.2299022433512181,0.0,False,max_steps,,inf,,inf,inf,inf,inf,inf,inf,inf,inf,0.0,{'ROAD_LINE_SOLID_SINGLE_WHITE'},True,True,contact_road_line_solid_detected,False,,True,8,5,,inf,0,0,0,0,0,inf,inf,0.0,True,False,72,0,,False,False,0.0,inf,inf,inf,0.0,0,True,contact_road_line_solid_detected,,False,False,0.0,inf,inf,inf,False,0.0,,,,cost_window,-7,False
6000,1016,17,253,9612,0.904198408126831,0.9968349933624268,-0.44999998807907104,0.18000000715255737,-1.3541984558105469,-0.8168349862098694,True,True,ultra_short_horizon_emergency,ultra_short_boundary_recovery,contact_road_line_solid_detected,0,0,0,False,False,False,False,False,False,False,False,True,0.5990383706911285,1.2912949495782218,0.0,False,max_steps,,inf,,inf,inf,inf,inf,inf,inf,inf,inf,0.0,{'ROAD_LINE_SOLID_SINGLE_WHITE'},True,True,contact_road_line_solid_detected,False,,True,8,5,,inf,0,0,0,0,0,inf,inf,0.0,True,False,72,0,,False,False,0.0,inf,inf,inf,0.0,0,True,contact_road_line_solid_detected,,False,False,0.0,inf,inf,inf,False,0.0,,,,cost_window,-6,False
6000,1016,17,254,9613,0.9086134433746338,0.9980711936950684,-0.44999998807907104,0.18000000715255737,-1.3586134910583496,-0.818071186542511,True,True,ultra_short_horizon_emergency,ultra_short_boundary_recovery,contact_road_line_solid_detected,0,0,0,False,False,False,False,False,False,False,False,True,0.5993918816720637,1.3457282674373767,0.0,False,max_steps,,inf,,inf,inf,inf,inf,inf,inf,inf,inf,0.0,{'ROAD_LINE_SOLID_SINGLE_WHITE'},True,True,contact_road_line_solid_detected,False,,True,8,5,,inf,0,0,0,0,0,inf,inf,0.0,True,False,72,0,,False,False,0.0,inf,inf,inf,0.0,0,True,contact_road_line_solid_detected,,False,False,0.0,inf,inf,inf,False,0.0,,,,cost_window,-5,False
6000,1016,17,255,9614,0.9202589988708496,0.9978470802307129,-0.44999998807907104,0.18000000715255737,-1.3702590465545654,-0.8178470730781555,True,True,ultra_short_horizon_emergency,ultra_short_boundary_recovery,contact_road_line_solid_detected,0,0,0,False,False,False,False,False,False,False,False,True,0.5997534583863763,1.3996563340028012,0.0,False,max_steps,,inf,,inf,inf,inf,inf,inf,inf,inf,inf,0.0,{'ROAD_LINE_SOLID_SINGLE_WHITE'},True,True,contact_road_line_solid_detected,False,,True,8,5,,inf,0,0,0,0,0,inf,inf,0.0,True,False,72,0,,False,False,0.0,inf,inf,inf,0.0,0,True,contact_road_line_solid_detected,,False,False,0.0,inf,inf,inf,False,0.0,,,,cost_window,-4,False
6000,1016,17,256,9615,0.9258358478546143,0.9977412223815918,-0.44999998807907104,0.18000000715255737,-1.37583589553833,-0.8177412152290344,True,True,ultra_short_horizon_emergency,ultra_short_boundary_recovery,contact_road_line_solid_detected,0,0,0,False,False,False,False,False,False,False,False,True,0.60012467944855,1.4523581226392492,0.0,False,max_steps,,inf,,inf,inf,inf,inf,inf,inf,inf,inf,0.0,{'ROAD_LINE_SOLID_SINGLE_WHITE'},True,True,contact_road_line_solid_detected,False,,True,8,5,,inf,0,0,0,0,0,inf,inf,0.0,True,False,72,0,,False,False,0.0,inf,inf,inf,0.0,0,True,contact_road_line_solid_detected,,False,False,0.0,inf,inf,inf,False,0.0,,,,cost_window,-3,False
6000,1016,17,257,9616,0.9318355321884155,0.9976561069488525,-0.44999998807907104,0.18000000715255737,-1.3818354606628418,-0.8176560997962952,True,True,ultra_short_horizon_emergency,ultra_short_boundary_recovery,contact_road_line_solid_detected,0,0,0,False,False,False,False,False,False,False,False,True,0.6005051255391125,1.5042010974104996,0.0,False,max_steps,,inf,,inf,inf,inf,inf,inf,inf,inf,inf,0.0,{'ROAD_LINE_SOLID_SINGLE_WHITE'},True,True,contact_road_line_solid_detected,False,,True,8,5,,inf,0,0,0,0,0,inf,inf,0.0,True,False,72,0,,False,False,0.0,inf,inf,inf,0.0,0,True,contact_road_line_solid_detected,,False,False,0.0,inf,inf,inf,False,0.0,,,,cost_window,-2,False
6000,1016,17,258,9617,0.9373233318328857,0.9974343776702881,-0.44999998807907104,-0.10000000149011612,-1.3873233795166016,-1.097434401512146,True,True,ultra_short_horizon_emergency,ultra_short_boundary_recovery,contact_road_line_solid_detected,0,0,0,False,False,False,False,False,False,False,False,True,0.6008718820821995,1.208554595581481,0.0,False,max_steps,,inf,,inf,inf,inf,inf,inf,inf,inf,inf,0.0,{'ROAD_LINE_SOLID_SINGLE_WHITE'},True,True,contact_road_line_solid_detected,False,,True,8,5,,inf,0,0,0,0,0,inf,inf,0.0,True,False,72,0,,False,False,0.0,inf,inf,inf,0.0,0,True,contact_road_line_solid_detected,,False,False,0.0,inf,inf,inf,False,0.0,,,,cost_window,-1,False
6000,1016,17,259,9618,0.9452133178710938,0.9967058897018433,-0.44999998807907104,0.18000000715255737,-1.3952133655548096,-0.8167058825492859,True,True,ultra_short_horizon_emergency,ultra_short_boundary_recovery,contact_road_line_solid_detected,1.0,1.0,1.0,False,False,False,False,False,False,True,True,True,0.6011832391232507,1.2619020821314573,0.0,True,out_of_road,,inf,,inf,inf,inf,inf,inf,inf,inf,inf,0.0,{'ROAD_LINE_SOLID_SINGLE_WHITE'},True,True,contact_road_line_solid_detected,False,,True,8,5,,inf,0,0,0,0,0,inf,inf,0.0,True,False,72,0,,False,False,0.0,inf,inf,inf,0.0,0,True,contact_road_line_solid_detected,,False,False,0.0,inf,inf,inf,False,0.0,,,,cost_window,0,True
6000,1019,20,104,11694,-0.06528812646865845,0.36001694202423096,-0.06528812646865845,0.36001694202423096,0.0,0.0,True,False,inactive_raw_action,raw_action,raw_action_safe_or_candidate_not_better,0,0,0,False,False,False,False,False,False,False,False,True,0.3487711751417119,13.866327276232237,0.0,False,max_steps,,inf,,inf,inf,inf,inf,inf,1.3139200439453123,inf,inf,0.0,{'ROAD_LINE_BROKEN_SINGLE_WHITE'},False,False,,False,object_list_uncertain,False,0,0,,inf,inf,inf,inf,False,False,inf,inf,0.8987362958751391,False,False,-1,-1,,False,False,0.0,inf,inf,2.3139200439453123,0.0,,False,raw_action_safe_or_candidate_not_better,,False,False,0.0,inf,inf,2.333595969871238,False,-4.371514580221259,,,,cost_window,-20,False
6000,1019,20,105,11695,0.020171761512756348,0.49396610260009766,0.020171761512756348,0.49396610260009766,0.0,0.0,True,False,inactive_raw_action,raw_action,raw_action_safe_or_candidate_not_better,0,0,0,False,False,False,False,False,False,False,False,True,0.3534732443715076,13.99519815204018,0.0,False,max_steps,,inf,,inf,inf,inf,inf,inf,1.2661066284179685,inf,inf,0.0,{'ROAD_LINE_BROKEN_SINGLE_WHITE'},False,False,,False,object_list_uncertain,False,0,0,,inf,inf,inf,inf,False,False,inf,inf,0.0,False,False,-1,-1,,False,False,0.0,inf,inf,2.2661066284179685,0.0,,False,raw_action_safe_or_candidate_not_better,,False,False,0.0,inf,inf,2.285782554343894,False,-5.097311567680663,,,,cost_window,-19,False
6000,1019,20,106,11696,0.09058201313018799,0.37902534008026123,0.09058201313018799,0.37902534008026123,0.0,0.0,True,False,inactive_raw_action,raw_action,raw_action_safe_or_candidate_not_better,0,0,0,False,False,False,False,False,False,False,False,True,0.35821572086760683,14.070984771697509,0.0,False,max_steps,,inf,,inf,inf,inf,inf,inf,1.200295471191406,inf,inf,0.0,{'ROAD_LINE_BROKEN_SINGLE_WHITE'},False,False,,False,object_list_uncertain,False,0,0,,inf,inf,inf,inf,False,False,inf,inf,0.0,False,False,-1,-1,,False,False,0.0,inf,inf,2.200295471191406,0.0,,False,raw_action_safe_or_candidate_not_better,,False,False,0.0,inf,inf,2.2199713971173316,False,-4.640553282690078,,,,cost_window,-18,False
6000,1019,20,107,11697,0.0895305871963501,0.11739218235015869,0.0895305871963501,0.11739218235015869,0.0,0.0,True,False,inactive_raw_action,raw_action,raw_action_safe_or_candidate_not_better,0,0,0,False,False,False,False,False,False,False,False,True,0.3629838817009245,14.09323199556176,0.0,False,max_steps,,inf,,inf,inf,inf,inf,inf,1.1486826171874998,inf,inf,0.0,{'ROAD_LINE_BROKEN_SINGLE_WHITE'},False,False,,False,object_list_uncertain,False,0,0,,inf,inf,inf,inf,False,False,inf,inf,0.0,False,False,-1,-1,,False,False,0.0,inf,inf,2.1486826171874998,0.0,,False,raw_action_safe_or_candidate_not_better,,False,False,0.0,inf,inf,2.1683585431134254,False,-3.927765588234948,,,,cost_window,-17,False
6000,1019,20,108,11698,0.047911763191223145,0.17564678192138672,0.047911763191223145,0.17564678192138672,0.0,0.0,True,False,inactive_raw_action,raw_action,raw_action_safe_or_candidate_not_better,0,0,0,False,False,False,False,False,False,False,False,True,0.36776255152576637,14.142739795567728,0.0,False,max_steps,,inf,,inf,inf,inf,inf,inf,1.1361360778808591,inf,inf,0.0,"{'ROAD_LINE_BROKEN_SINGLE_WHITE', 'ROAD_LINE_SOLID_SINGLE_WHITE'}",False,False,,False,object_list_uncertain,False,0,0,,inf,inf,inf,inf,False,False,inf,inf,0.0,False,False,-1,-1,,False,False,0.0,inf,inf,2.136136077880859,0.0,,False,raw_action_safe_or_candidate_not_better,,False,False,0.0,inf,inf,2.1558120038067847,False,-4.072897905553617,,,,cost_window,-16,False
6000,1019,20,109,11699,-0.03620755672454834,0.17018508911132812,0.44999998807907104,-0.3499999940395355,0.4862075448036194,-0.520185112953186,True,True,ultra_short_horizon_emergency,ultra_short_boundary_recovery,contact_road_line_solid_detected,0,0,0,False,False,False,False,False,False,False,False,True,0.3725136885683861,13.69407899459474,0.0,False,max_steps,,inf,,inf,inf,inf,inf,inf,inf,inf,inf,0.0,"{'ROAD_LINE_BROKEN_SINGLE_WHITE', 'ROAD_LINE_SOLID_SINGLE_WHITE'}",True,True,contact_road_line_solid_detected,False,,True,8,1,,inf,0,0,0,0,0,inf,inf,0.0,True,False,109,0,,False,False,0.0,inf,inf,inf,0.0,0,True,contact_road_line_solid_detected,,False,False,0.0,inf,inf,inf,False,0.0,,,,cost_window,-15,False
6000,1019,20,110,11700,0.0058841705322265625,-0.0442391037940979,0.44999998807907104,-0.3499999940395355,0.4441158175468445,-0.3057608902454376,True,True,ultra_short_horizon_emergency,ultra_short_boundary_recovery,contact_road_line_solid_detected,0,0,0,False,False,False,False,False,False,False,False,True,0.3771070744024431,13.266900804267689,0.0,False,max_steps,,inf,,inf,inf,inf,inf,inf,inf,inf,inf,0.0,"{'ROAD_LINE_BROKEN_SINGLE_WHITE', 'ROAD_LINE_SOLID_SINGLE_WHITE'}",True,True,contact_road_line_solid_detected,False,,True,8,2,,inf,0,0,0,0,0,inf,inf,0.0,True,False,109,0,,False,False,0.0,inf,inf,inf,0.0,0,True,contact_road_line_solid_detected,,False,False,0.0,inf,inf,inf,False,0.0,,,,cost_window,-14,False
6000,1019,20,111,11701,-0.11742764711380005,0.07557618618011475,0.44999998807907104,-0.3499999940395355,0.5674276351928711,-0.42557618021965027,True,True,ultra_short_horizon_emergency,ultra_short_boundary_recovery,contact_road_line_solid_detected,0,0,0,False,False,False,False,False,False,False,False,True,0.38152854192497226,12.855878842168316,0.0,False,max_steps,,inf,,inf,inf,inf,inf,inf,inf,inf,inf,0.0,"{'ROAD_LINE_BROKEN_SINGLE_WHITE', 'ROAD_LINE_SOLID_SINGLE_WHITE'}",True,True,contact_road_line_solid_detected,False,,True,8,3,,inf,0,0,0,0,0,inf,inf,0.0,True,False,109,0,,False,False,0.0,inf,inf,inf,0.0,0,True,contact_road_line_solid_detected,,False,False,0.0,inf,inf,inf,False,0.0,,,,cost_window,-13,False
6000,1019,20,112,11702,-0.7109419107437134,0.4574575424194336,0.44999998807907104,-0.3499999940395355,1.1609418392181396,-0.8074575662612915,True,True,ultra_short_horizon_emergency,ultra_short_boundary_recovery,contact_road_line_solid_detected,0,0,0,False,False,False,False,False,False,False,False,True,0.3857664704922095,12.466038514163692,0.0,False,max_steps,,inf,,inf,inf,inf,inf,inf,inf,inf,inf,0.0,{'ROAD_LINE_BROKEN_SINGLE_WHITE'},True,True,contact_road_line_solid_detected,False,,True,8,4,,inf,0,0,0,0,0,inf,inf,0.0,True,False,109,0,,False,False,0.0,inf,inf,inf,0.0,0,True,contact_road_line_solid_detected,,False,False,0.0,inf,inf,inf,False,0.0,,,,cost_window,-12,False
6000,1019,20,113,11703,-0.7606462240219116,0.5109719038009644,0.44999998807907104,-0.3499999940395355,1.210646152496338,-0.8609719276428223,True,True,safety_hold,safety_hold_recovery,recent_emergency_safety_hold,0,0,0,False,False,False,False,False,False,False,False,True,0.3898107776768622,12.087744456503094,0.0,False,max_steps,,inf,,inf,inf,inf,inf,inf,inf,inf,inf,0.0,{'ROAD_LINE_BROKEN_SINGLE_WHITE'},True,True,recent_emergency_safety_hold,False,,True,7,4,,inf,inf,inf,inf,False,False,inf,inf,9.482245124310333,True,False,109,0,,False,False,0.0,inf,inf,2.7814378967285154,0.0,,True,safety_hold,,False,False,0.0,inf,inf,inf,False,0.0,,,,cost_window,-11,False
6000,1019,20,114,11704,-0.8124509453773499,0.5020205974578857,0.44999998807907104,-0.3499999940395355,1.262450933456421,-0.8520206212997437,True,True,safety_hold,safety_hold_recovery,recent_emergency_safety_hold,0,0,0,False,False,False,False,False,False,False,False,True,0.39364852436390474,11.713501180018353,0.0,False,max_steps,,inf,,inf,inf,inf,inf,inf,inf,inf,inf,0.0,set(),True,True,recent_emergency_safety_hold,False,,True,6,3,,inf,inf,inf,inf,False,False,inf,inf,9.820699411165759,True,False,109,0,,False,False,0.0,inf,inf,3.113228820800781,0.0,,True,safety_hold,,False,False,0.0,inf,inf,inf,False,0.0,,,,cost_window,-10,False
6000,1019,20,115,11705,-0.8597233295440674,0.4492213726043701,0.44999998807907104,-0.3499999940395355,1.3097233772277832,-0.799221396446228,True,True,safety_hold,safety_hold_recovery,recent_emergency_safety_hold,0,0,0,False,False,False,False,False,False,False,False,True,0.39726471617428666,11.341791978545137,0.0,False,max_steps,,inf,,inf,inf,inf,inf,inf,inf,inf,inf,0.0,set(),True,True,recent_emergency_safety_hold,False,,True,5,2,,inf,inf,inf,inf,False,False,inf,inf,10.070370235103741,True,False,109,0,,False,False,0.0,inf,inf,3.5129823913574216,0.0,,True,safety_hold,,False,False,0.0,inf,inf,inf,False,0.0,,,,cost_window,-9,False
6000,1019,20,116,11706,-0.895890474319458,0.3791249990463257,0.44999998807907104,-0.3499999940395355,1.3458905220031738,-0.7291250228881836,True,True,safety_hold,safety_hold_recovery,recent_emergency_safety_hold,0,0,0,False,False,False,False,False,False,False,False,True,0.4006448628503221,10.972186583634418,0.0,False,max_steps,,inf,,inf,inf,inf,inf,inf,inf,inf,inf,0.0,{'ROAD_LINE_BROKEN_SINGLE_WHITE'},True,True,recent_emergency_safety_hold,False,,True,4,1,,inf,inf,inf,inf,False,False,inf,inf,0.0,True,False,109,0,,False,False,0.0,inf,inf,3.4710932006835935,0.0,,True,safety_hold,,False,False,0.0,inf,inf,inf,False,0.0,,,,cost_window,-8,False
6000,1019,20,117,11707,-0.9233223795890808,0.2951970100402832,0.44999998807907104,-0.3499999940395355,1.3733223676681519,-0.6451970338821411,True,True,safety_hold,safety_hold_recovery,recent_emergency_safety_hold,0,0,0,False,False,False,False,False,False,False,False,True,0.40377504288663385,10.602940330534231,0.0,False,max_steps,,inf,,inf,inf,inf,inf,inf,inf,inf,inf,0.0,{'ROAD_LINE_BROKEN_SINGLE_WHITE'},True,True,recent_emergency_safety_hold,False,,True,3,0,,inf,inf,inf,inf,False,False,inf,inf,0.0,True,False,109,0,,False,False,0.0,inf,inf,2.9476251831054685,0.0,,True,safety_hold,,False,False,0.0,inf,inf,inf,False,0.0,,,,cost_window,-7,False
6000,1019,20,118,11708,-0.9439923167228699,0.1965925693511963,0.44999998807907104,-0.3499999940395355,1.393992304801941,-0.5465925931930542,True,True,safety_hold,safety_hold_recovery,recent_emergency_safety_hold,0,0,0,False,False,False,False,False,False,False,False,True,0.4066416320801881,10.232724926951475,0.0,False,max_steps,,inf,,inf,inf,inf,inf,inf,inf,inf,inf,0.0,{'ROAD_LINE_BROKEN_SINGLE_WHITE'},True,True,recent_emergency_safety_hold,False,,True,2,0,,inf,inf,inf,inf,False,False,inf,inf,0.0,True,False,109,0,,False,False,0.0,inf,inf,2.369820617675781,0.0,,True,safety_hold,,False,False,0.0,inf,inf,inf,False,0.0,,,,cost_window,-6,False
6000,1019,20,119,11709,-0.9610334634780884,0.06074392795562744,0.44999998807907104,-0.3499999940395355,1.4110333919525146,-0.41074392199516296,True,True,safety_hold,safety_hold_recovery,recent_emergency_safety_hold,0,0,0,False,False,False,False,False,False,False,False,True,0.40923202739686915,9.86012449931523,0.0,False,max_steps,,inf,,inf,inf,inf,inf,inf,inf,inf,inf,0.0,{'ROAD_LINE_BROKEN_SINGLE_WHITE'},True,True,recent_emergency_safety_hold,False,,True,1,0,,inf,inf,inf,inf,False,False,inf,inf,0.0,True,False,109,0,,False,False,0.0,inf,inf,1.7434320678710935,0.0,,True,safety_hold,,False,False,0.0,inf,inf,inf,False,0.0,,,,cost_window,-5,False
6000,1019,20,120,11710,-0.9724977016448975,-0.06342446804046631,-0.9724977016448975,-0.06342446804046631,0.0,0.0,True,False,inactive_raw_action,raw_action,raw_action_safe_or_candidate_not_better,0,0,0,False,False,False,False,False,False,False,False,True,0.41158976424067883,9.487364582711322,0.0,False,max_steps,,inf,,inf,inf,inf,inf,inf,1.0748911132812498,inf,inf,0.0,"{'ROAD_LINE_SOLID_SINGLE_YELLOW', 'ROAD_LINE_BROKEN_SINGLE_WHITE'}",False,False,,False,boundary_margin_uncertain_or_low,False,0,0,,inf,inf,inf,inf,False,False,inf,inf,0.0,False,False,109,0,,False,False,0.0,inf,inf,1.0748911132812498,0.0,,False,raw_action_safe_or_candidate_not_better,candidate_not_better,False,False,0.0,inf,inf,1.0945670392071758,False,-4.266663193562394,,,,cost_window,-4,False
6000,1019,20,121,11711,-0.9894795417785645,-0.4853129982948303,-0.44999998807907104,-0.3499999940395355,0.5394795536994934,0.1353130042552948,True,True,ultra_short_horizon_emergency,ultra_short_boundary_recovery,contact_road_line_solid_detected,0,0,0,False,False,False,False,False,False,False,False,True,0.41387692409344023,9.035462812064344,0.0,False,max_steps,,inf,,inf,inf,inf,inf,inf,inf,inf,inf,0.0,{'ROAD_LINE_SOLID_SINGLE_YELLOW'},True,True,contact_road_line_solid_detected,False,,True,8,1,,inf,0,0,0,0,0,inf,inf,0.0,True,False,109,0,,False,False,0.0,inf,inf,inf,0.0,0,True,contact_road_line_solid_detected,,False,False,0.0,inf,inf,inf,False,0.0,,,,cost_window,-3,False
6000,1019,20,122,11712,-0.994038462638855,-0.8601542115211487,0.44999998807907104,-0.3499999940395355,1.4440383911132812,0.5101542472839355,True,True,ultra_short_horizon_emergency,ultra_short_boundary_recovery,contact_road_line_solid_detected,0,0,0,False,False,False,False,False,False,False,False,True,0.4160574687406768,8.528218063054965,0.0,False,max_steps,,inf,,inf,inf,inf,inf,inf,inf,inf,inf,0.0,{'ROAD_LINE_SOLID_SINGLE_YELLOW'},True,True,contact_road_line_solid_detected,False,,True,8,2,,inf,0,0,0,0,0,inf,inf,0.0,True,False,109,0,,False,False,0.0,inf,inf,inf,0.0,0,True,contact_road_line_solid_detected,,False,False,0.0,inf,inf,inf,False,0.0,,,,cost_window,-2,False
6000,1019,20,123,11713,-0.9951309561729431,-0.9095067381858826,0.44999998807907104,-0.3499999940395355,1.4451309442520142,0.5595067739486694,True,True,ultra_short_horizon_emergency,ultra_short_boundary_recovery,contact_road_line_solid_detected,0,0,0,False,False,False,False,False,False,False,False,True,0.417991898752463,8.022849090672016,0.0,False,max_steps,,inf,,inf,inf,inf,inf,inf,inf,inf,inf,0.0,{'ROAD_LINE_SOLID_SINGLE_YELLOW'},True,True,contact_road_line_solid_detected,False,,True,8,3,,inf,0,0,0,0,0,inf,inf,0.0,True,False,109,0,,False,False,0.0,inf,inf,inf,0.0,0,True,contact_road_line_solid_detected,,False,False,0.0,inf,inf,inf,False,0.0,,,,cost_window,-1,False
6000,1019,20,124,11714,-0.9951843619346619,-0.8707888126373291,0.44999998807907104,-0.3499999940395355,1.445184350013733,0.5207887887954712,True,True,ultra_short_horizon_emergency,ultra_short_boundary_recovery,contact_road_line_solid_detected,1.0,1.0,1.0,False,False,False,False,False,False,True,True,True,0.4196552536581553,7.50930711722339,0.0,True,out_of_road,,inf,,inf,inf,inf,inf,inf,inf,inf,inf,0.0,{'ROAD_LINE_SOLID_SINGLE_YELLOW'},True,True,contact_road_line_solid_detected,False,,True,8,4,,inf,0,0,0,0,0,inf,inf,0.0,True,False,109,0,,False,False,0.0,inf,inf,inf,0.0,0,True,contact_road_line_solid_detected,,False,False,0.0,inf,inf,inf,False,0.0,,,,cost_window,0,True
6000,1038,39,334,25139,-0.03100830316543579,0.9515130519866943,-0.03100830316543579,0.9515130519866943,0.0,0.0,True,False,inactive_raw_action,raw_action_safe,low_risk_verified_passthrough,0,0,0,False,False,False,False,False,False,False,False,True,0.5269495160178577,7.1505598406672,0.0,False,max_steps,,inf,,inf,inf,inf,inf,inf,inf,inf,inf,0.0,set(),False,False,,True,,False,0,0,,inf,inf,inf,inf,False,False,7.388329843593255,inf,0.0,False,False,52,-1,,False,False,0.0,13.851702959271416,inf,2.9910739625672407,0.0,,False,low_risk_verified,,False,False,0.0,inf,inf,inf,False,0.0,,,,cost_window,-20,False
6000,1038,39,335,25140,-0.010477125644683838,0.9478402137756348,-0.010477125644683838,0.9478402137756348,0.0,0.0,True,False,inactive_raw_action,raw_action_safe,low_risk_verified_passthrough,0,0,0,False,False,False,False,False,False,False,False,True,0.52868026879415,7.4260020517253915,0.0,False,max_steps,,inf,,inf,inf,inf,inf,inf,inf,inf,inf,0.0,set(),False,False,,True,,False,0,0,,inf,inf,inf,inf,False,False,7.1437288156709915,inf,0.0,False,False,52,-1,,False,False,0.0,13.34549591272766,inf,3.0187829249207057,0.0,,False,low_risk_verified,,False,False,0.0,inf,inf,inf,False,0.0,,,,cost_window,-19,False
6000,1038,39,336,25141,-0.033580899238586426,0.9506446123123169,-0.033580899238586426,0.9506446123123169,0.0,0.0,True,False,inactive_raw_action,raw_action_safe,low_risk_verified_passthrough,0,0,0,False,False,False,False,False,False,False,False,True,0.5304769502543835,7.701147594892821,0.0,False,max_steps,,inf,,inf,inf,inf,inf,inf,inf,inf,inf,0.0,set(),False,False,,True,,False,0,0,,inf,inf,inf,inf,False,False,6.9317321693947775,inf,0.0,False,False,52,-1,,False,False,0.0,12.750554898075691,inf,3.0508990714422928,0.0,,False,low_risk_verified,,False,False,0.0,inf,inf,inf,False,0.0,,,,cost_window,-18,False
6000,1038,39,337,25142,-0.006359875202178955,0.9357607364654541,-0.006359875202178955,0.9357607364654541,0.0,0.0,True,False,inactive_raw_action,raw_action_safe,low_risk_verified_passthrough,0,0,0,False,False,False,False,False,False,False,False,True,0.5323390622762759,7.973029190105548,0.0,False,max_steps,,inf,,inf,inf,inf,inf,inf,inf,inf,inf,0.0,set(),False,False,,True,,False,0,0,,inf,inf,inf,inf,False,False,6.73817216169963,inf,0.0,False,False,52,-1,,False,False,0.0,12.242463227692035,inf,3.086282555527506,0.0,,False,low_risk_verified,,False,False,0.0,inf,inf,inf,False,0.0,,,,cost_window,-17,False
6000,1038,39,338,25143,0.010732293128967285,0.9248454570770264,0.010732293128967285,0.9248454570770264,0.0,0.0,True,False,inactive_raw_action,raw_action_safe,low_risk_verified_passthrough,0,0,0,False,False,False,False,False,False,False,False,True,0.534266556042931,8.241312787898691,0.0,False,max_steps,,inf,,inf,inf,inf,inf,inf,inf,inf,inf,0.0,set(),False,False,,True,,False,0,0,,inf,inf,inf,inf,False,False,6.5590469829468745,inf,0.08556888639402536,False,False,52,-1,,False,False,0.0,11.675424519984226,inf,3.1270136659592755,0.0,,False,low_risk_verified,,False,False,0.0,inf,inf,inf,False,0.0,,,,cost_window,-16,False
6000,1038,39,339,25144,0.0005568265914916992,0.9273502826690674,0.0005568265914916992,0.9273502826690674,0.0,0.0,True,False,inactive_raw_action,raw_action_safe,low_risk_verified_passthrough,0,0,0,False,False,False,False,False,False,False,False,True,0.5362588176771602,8.510700769393445,0.0,False,max_steps,,inf,,inf,inf,inf,inf,inf,inf,inf,inf,0.0,set(),False,False,,True,,False,0,0,,inf,inf,inf,inf,False,False,6.384096935353769,inf,0.004588982109102581,False,False,52,-1,,False,False,0.0,10.983175664280083,inf,3.1669724016645593,0.0,,False,low_risk_verified,,False,False,0.0,inf,inf,inf,False,0.0,,,,cost_window,-15,False
6000,1038,39,340,25145,0.010464191436767578,0.914526104927063,0.010464191436767578,0.914526104927063,0.0,0.0,True,False,inactive_raw_action,raw_action_safe,low_risk_verified_passthrough,0,0,0,False,False,False,False,False,False,False,False,True,0.5383156004182953,8.776224480068304,0.0,False,max_steps,,inf,,inf,inf,inf,inf,inf,inf,inf,inf,0.0,set(),False,False,,True,,False,0,0,,inf,inf,inf,inf,False,False,6.207748531400399,inf,0.08905760211197812,False,False,52,-1,,False,False,0.0,10.361083146458117,inf,3.2060319903449233,0.0,,False,low_risk_verified,,False,False,0.0,inf,inf,inf,False,0.0,,,,cost_window,-14,False
6000,1038,39,341,25146,-0.025417745113372803,0.8726866245269775,-0.025417745113372803,0.8726866245269775,0.0,0.0,True,False,inactive_raw_action,raw_action_safe,low_risk_verified_passthrough,0,0,0,False,False,False,False,False,False,False,False,True,0.5404352352632666,9.028116982044285,0.0,False,max_steps,,inf,,inf,inf,inf,inf,inf,inf,inf,inf,0.0,set(),False,False,,True,,False,0,0,,inf,inf,inf,inf,False,False,6.0285794957814645,inf,0.0,False,False,52,-1,,False,False,0.0,9.923729519772644,inf,3.2459051426483296,0.0,,False,low_risk_verified,,False,False,0.0,inf,inf,inf,False,0.0,,,,cost_window,-13,False
6000,1038,39,342,25147,-0.018603742122650146,0.8382949829101562,-0.018603742122650146,0.8382949829101562,0.0,0.0,True,False,inactive_raw_action,raw_action_safe,low_risk_verified_passthrough,0,0,0,False,False,False,False,False,False,False,False,True,0.5426141784796983,9.271553012960831,0.0,False,max_steps,,inf,,inf,inf,inf,inf,inf,inf,inf,inf,0.0,set(),False,False,,True,,False,0,0,,inf,inf,inf,inf,False,False,5.863757334222395,inf,0.0,False,False,52,-1,,False,False,0.0,9.440228095130315,inf,3.28825525753328,0.0,,False,low_risk_verified,,False,False,0.0,inf,inf,inf,False,0.0,,,,cost_window,-12,False
6000,1038,39,343,25148,-0.05017447471618652,0.7950739860534668,-0.05017447471618652,0.7950739860534668,0.0,0.0,True,False,inactive_raw_action,raw_action_safe,low_risk_verified_passthrough,0,0,0,False,False,False,False,False,False,False,False,True,0.5448495753013277,9.499337269663705,0.0,False,max_steps,,inf,,inf,inf,inf,inf,inf,inf,inf,inf,0.0,set(),False,False,,True,,False,0,0,,inf,inf,inf,inf,False,False,5.705261829953891,inf,0.0,False,False,52,-1,,False,False,0.0,9.05825674804475,inf,3.3387422215335874,0.0,,False,low_risk_verified,,False,False,0.0,inf,inf,inf,False,0.0,,,,cost_window,-11,False
6000,1038,39,344,25149,-0.278023362159729,0.32668542861938477,-0.278023362159729,0.32668542861938477,0.0,0.0,True,False,inactive_raw_action,raw_action_safe,low_risk_verified_passthrough,0,0,0,False,False,False,False,False,False,False,False,True,0.547121603848823,9.48861499692505,0.0,False,max_steps,,inf,,inf,inf,inf,inf,inf,inf,inf,inf,0.0,set(),False,False,,True,,False,0,0,,inf,inf,inf,inf,False,False,5.557065745590456,inf,0.0,False,False,52,-1,,False,False,0.0,12.793083293826928,inf,3.3980942308950524,0.0,,False,low_risk_verified,,False,False,0.0,inf,inf,inf,False,0.0,,,,cost_window,-10,False
6000,1038,39,345,25150,-0.16512519121170044,0.5572924613952637,-0.16512519121170044,0.5572924613952637,0.0,0.0,True,False,inactive_raw_action,raw_action_safe,low_risk_verified_passthrough,0,0,0,False,False,False,False,False,False,False,False,True,0.5493901341877572,9.635109555487716,0.0,False,max_steps,,inf,,inf,inf,inf,inf,inf,inf,inf,inf,0.0,set(),False,False,,True,,False,0,0,,inf,inf,inf,inf,False,False,5.590841704649813,inf,0.0,False,False,52,-1,,False,False,0.0,10.395348113756636,inf,3.4807190546073072,0.0,,False,low_risk_verified,,False,False,0.0,inf,inf,inf,False,0.0,,,,cost_window,-9,False
6000,1038,39,346,25151,-0.08277368545532227,0.8014144897460938,-0.08277368545532227,0.8014144897460938,0.0,0.0,True,False,inactive_raw_action,raw_action_safe,low_risk_verified_passthrough,0,0,0,False,False,False,False,False,False,False,False,True,0.5516863762953155,9.873852852281813,0.0,False,max_steps,,inf,,inf,inf,inf,inf,inf,inf,inf,inf,0.0,set(),False,False,,True,,False,0,0,,inf,inf,inf,inf,False,False,5.553181496942009,inf,0.0,False,False,52,-1,,False,False,0.0,7.791178072026156,inf,3.609446244597112,0.0,,False,low_risk_verified,,False,False,0.0,inf,inf,inf,False,0.0,,,,cost_window,-8,False
6000,1038,39,347,25152,-0.06416529417037964,0.9504096508026123,-0.06416529417037964,0.9504096508026123,0.0,0.0,True,False,inactive_raw_action,raw_action_safe,low_risk_verified_passthrough,0,0,0,False,False,False,False,False,False,False,False,True,0.5540344251382598,10.151688333894093,0.0,False,max_steps,,inf,,inf,inf,inf,inf,inf,inf,inf,inf,0.0,set(),False,False,,True,,False,0,0,,inf,inf,inf,inf,False,False,5.475496714637509,inf,0.6335586728617045,False,False,52,-1,,False,False,0.0,5.97809005560851,inf,3.6763492456676183,0.0,,False,low_risk_verified,,False,False,0.0,inf,inf,inf,False,0.0,,,,cost_window,-7,False
6000,1038,39,348,25153,0.014355897903442383,0.9427294731140137,0.014355897903442383,0.9427294731140137,0.0,0.0,True,False,inactive_raw_action,raw_action_safe,low_risk_verified_passthrough,0,0,0,False,False,False,False,False,False,False,False,True,0.556444040811584,10.422448729086714,0.0,False,max_steps,,inf,,inf,inf,inf,inf,inf,inf,inf,inf,0.0,{'ROAD_LINE_BROKEN_SINGLE_WHITE'},False,False,,True,,False,0,0,,inf,inf,inf,inf,False,False,5.379549608304221,inf,0.0,False,False,52,-1,,False,False,0.0,5.191460952463379,inf,3.4956837490997947,0.0,,False,low_risk_verified,,False,False,0.0,inf,inf,inf,False,0.0,,,,cost_window,-6,False
6000,1038,39,349,25154,0.044332146644592285,0.9417393207550049,0.044332146644592285,0.9417393207550049,0.0,0.0,True,False,inactive_raw_action,raw_action_safe,low_risk_verified_passthrough,0,0,0,False,False,False,False,False,False,False,False,True,0.5589223025034946,10.691970747434505,0.0,False,max_steps,,inf,,inf,inf,inf,inf,inf,inf,inf,inf,0.0,set(),False,False,,True,,False,0,0,,inf,inf,inf,inf,False,False,5.27353457937214,inf,0.0,False,False,52,-1,,False,False,0.0,4.383460279536907,inf,3.303268854390239,0.0,,False,low_risk_verified,,False,False,0.0,inf,inf,inf,False,0.0,,,,cost_window,-5,False
6000,1038,39,350,25155,0.1450645923614502,0.9362179040908813,0.1450645923614502,0.9362179040908813,0.0,0.0,True,False,inactive_raw_action,raw_action,raw_action_safe_or_candidate_not_better,0,0,0,False,False,False,False,False,False,False,False,True,0.561468308970155,10.900840879755917,0.0,False,max_steps,,inf,,inf,inf,inf,3.1894665350455447,inf,2.116129243619292,inf,inf,0.0,{'ROAD_LINE_BROKEN_SINGLE_WHITE'},False,False,,False,vehicle_margin_uncertain_or_low,False,0,0,,inf,inf,inf,inf,False,False,5.039916055299523,inf,0.0,False,False,52,0,,False,False,0.0,3.6140880512250138,inf,3.116129243619292,0.0,,False,raw_action_safe_or_candidate_not_better,candidate_not_better,False,False,0.0,3.6140880512250138,inf,3.116129243619292,False,-9.363305068225614,,,,cost_window,-4,False
6000,1038,39,351,25156,0.08284568786621094,0.9263296127319336,0.08284568786621094,0.9263296127319336,0.0,0.0,True,False,inactive_raw_action,raw_action,raw_action_safe_or_candidate_not_better,0,0,0,False,False,False,False,False,False,False,False,True,0.5640819266983675,11.170647131047753,0.0,False,max_steps,,inf,,inf,inf,inf,2.555762791725534,inf,1.9455847664753718,inf,inf,0.0,{'ROAD_LINE_BROKEN_SINGLE_WHITE'},False,False,,False,vehicle_margin_uncertain_or_low,False,0,0,,inf,inf,inf,inf,False,False,4.917655154921803,inf,0.0,False,False,52,0,,False,False,0.0,3.036198668767662,inf,2.945584766475372,0.0,,False,raw_action_safe_or_candidate_not_better,candidate_not_better,False,False,0.0,3.036198668767662,inf,2.945584766475372,False,-9.67199041775217,,,,cost_window,-3,False
6000,1038,39,352,25157,-0.08203732967376709,0.8730432987213135,-0.08203732967376709,0.8730432987213135,0.0,0.0,True,False,inactive_raw_action,raw_action,raw_action_safe_or_candidate_not_better,0,0,0,False,False,False,False,False,False,False,False,True,0.5667563113768909,11.358483563303952,0.0,False,max_steps,,inf,,inf,inf,inf,1.5052046167807407,inf,1.8085856490217664,inf,inf,0.0,{'ROAD_LINE_BROKEN_SINGLE_WHITE'},False,False,,False,vehicle_margin_uncertain_or_low,False,0,0,,inf,inf,inf,inf,False,False,4.824301742713873,inf,0.916410061359085,False,False,52,0,,False,False,0.0,2.060142184532818,inf,2.8085856490217664,0.0,,False,raw_action_safe_or_candidate_not_better,candidate_not_better,False,False,0.0,2.060142184532818,inf,2.8085856490217664,False,-10.014187560401695,,,,cost_window,-2,False
6000,1038,39,353,25158,-0.24540138244628906,0.6573395729064941,-0.24540138244628906,0.6573395729064941,0.0,0.0,True,False,inactive_raw_action,raw_action,raw_action_safe_or_candidate_not_better,0,0,0,False,False,False,False,False,False,False,False,True,0.5694596061534601,11.417841661808065,0.0,False,max_steps,,inf,,inf,inf,inf,1.8297780999115445,inf,1.6783284291869744,inf,inf,0.0,{'ROAD_LINE_BROKEN_SINGLE_WHITE'},False,False,,False,vehicle_margin_uncertain_or_low,False,0,0,,inf,inf,inf,inf,False,False,4.723318808278113,inf,2.7873875689282412,False,False,52,0,,False,False,0.0,2.2971157927598624,inf,2.678328429186974,0.0,,False,raw_action_safe_or_candidate_not_better,candidate_not_better,False,False,0.0,2.2971157927598624,inf,2.678328429186974,False,-7.916133232454868,,,,cost_window,-1,False
6000,1038,39,354,25159,-0.10774266719818115,0.37048327922821045,-0.10774266719818115,0.37048327922821045,0.0,0.0,True,False,inactive_raw_action,raw_action_safe,low_risk_verified_passthrough,1.0,1.0,1.0,True,False,True,False,False,False,False,False,True,0.5721647232465369,11.520076160090486,0.0,False,crash,,inf,,inf,inf,inf,inf,inf,inf,inf,inf,0.0,"{'TRAFFIC_BARRIER', 'ROAD_LINE_BROKEN_SINGLE_WHITE'}",False,False,,True,,False,0,0,,inf,inf,inf,inf,False,False,4.545453896691374,inf,1.230188714289714,False,False,52,-1,,False,False,0.0,8.961126431083676,inf,2.4849030734082684,0.0,,False,low_risk_verified,,False,False,0.0,inf,inf,inf,False,0.0,,,,cost_window,0,True
6000,1038,39,355,25160,0.16415035724639893,0.9099328517913818,0.16415035724639893,-0.15000000596046448,0.0,-1.059932827949524,True,True,contact_escape,traffic_object_contact_escape,contact_traffic_barrier_detected,1.0,1.0,2.0,True,False,True,False,False,False,False,False,True,0.5748627060999143,11.217659489622955,0.0,False,crash,,inf,,inf,inf,inf,inf,inf,inf,inf,inf,0.0,"{'TRAFFIC_BARRIER', 'ROAD_LINE_BROKEN_SINGLE_WHITE'}",True,True,contact_traffic_barrier_detected,False,,True,8,1,,inf,0,0,0,0,0,inf,inf,0.0,False,True,52,0,,False,False,0.0,inf,inf,inf,0.0,0,True,contact_traffic_barrier_detected,,False,False,0.0,inf,inf,inf,False,0.0,,,,cost_window,1,False
6000,1038,39,356,25161,0.43990540504455566,0.9871973991394043,0.43990540504455566,-0.15000000596046448,0.0,-1.1371973752975464,True,True,contact_escape,traffic_object_contact_escape,contact_traffic_barrier_detected,1.0,1.0,3.0,True,False,True,False,False,False,False,False,True,0.5775031012007991,10.842881702593692,0.0,False,crash,,inf,,inf,inf,inf,inf,inf,inf,inf,inf,0.0,"{'TRAFFIC_BARRIER', 'ROAD_LINE_BROKEN_SINGLE_WHITE'}",True,True,contact_traffic_barrier_detected,False,,True,8,2,,inf,0,0,0,0,0,inf,inf,0.0,False,True,52,0,,False,False,0.0,inf,inf,inf,0.0,0,True,contact_traffic_barrier_detected,,False,False,0.0,inf,inf,inf,False,0.0,,,,cost_window,2,False
6000,1038,39,357,25162,0.6617238521575928,0.9383597373962402,0.5,-0.15000000596046448,-0.16172385215759277,-1.0883597135543823,True,True,contact_escape,traffic_object_contact_escape,contact_traffic_barrier_detected,1.0,1.0,4.0,True,False,True,False,False,False,False,False,True,0.5800728098513145,10.45604860865567,0.0,False,crash,,inf,,inf,inf,inf,inf,inf,inf,inf,inf,0.0,"{'TRAFFIC_BARRIER', 'ROAD_LINE_BROKEN_SINGLE_WHITE'}",True,True,contact_traffic_barrier_detected,False,,True,8,3,,inf,0,0,0,0,0,inf,inf,0.0,False,True,52,0,,False,False,0.0,inf,inf,inf,0.0,0,True,contact_traffic_barrier_detected,,False,False,0.0,inf,inf,inf,False,0.0,,,,cost_window,3,False
6000,1038,39,358,25163,0.45529282093048096,0.9483716487884521,0.45529282093048096,-0.15000000596046448,0.0,-1.0983716249465942,True,True,contact_escape,traffic_object_contact_escape,contact_traffic_barrier_detected,1.0,1.0,5.0,True,False,True,False,False,False,False,False,True,0.5825662038110492,10.110888978627127,0.0,False,crash,,inf,,inf,inf,inf,inf,inf,inf,inf,inf,0.0,"{'TRAFFIC_BARRIER', 'ROAD_LINE_BROKEN_SINGLE_WHITE'}",True,True,contact_traffic_barrier_detected,False,,True,8,4,,inf,0,0,0,0,0,inf,inf,0.0,False,True,52,0,,False,False,0.0,inf,inf,inf,0.0,0,True,contact_traffic_barrier_detected,,False,False,0.0,inf,inf,inf,False,0.0,,,,cost_window,4,False
6000,1038,39,359,25164,0.16679906845092773,0.9823198318481445,0.16679906845092773,-0.15000000596046448,0.0,-1.1323198080062866,True,True,contact_escape,traffic_object_contact_escape,contact_traffic_barrier_detected,0,0,5.0,False,False,False,False,False,False,False,False,True,0.5849820908365809,9.785381538102254,0.0,False,max_steps,,inf,,inf,inf,inf,inf,inf,inf,inf,inf,0.0,{'ROAD_LINE_BROKEN_SINGLE_WHITE'},True,True,contact_traffic_barrier_detected,False,,True,8,5,,inf,0,0,0,0,0,inf,inf,0.0,False,True,52,0,,False,False,0.0,inf,inf,inf,0.0,0,True,contact_traffic_barrier_detected,,False,False,0.0,inf,inf,inf,False,0.0,,,,cost_window,5,False
6000,1038,39,360,25165,-0.0220680832862854,0.9891788959503174,0.16679906845092773,-0.20000000298023224,0.18886715173721313,-1.1891789436340332,True,True,safety_hold,safety_hold_recovery,recent_emergency_safety_hold,0,0,5.0,False,False,False,False,False,False,False,False,True,0.5873080444771196,9.316464963383725,0.0,False,max_steps,,inf,,inf,inf,inf,inf,inf,inf,inf,inf,0.0,{'ROAD_LINE_BROKEN_SINGLE_WHITE'},True,True,recent_emergency_safety_hold,False,,True,7,4,,inf,inf,inf,inf,False,False,5.6363057820621645,inf,0.21594461477092006,True,False,52,0,,False,False,0.0,2.9478750416308785,inf,1.7248551838830046,0.0,,True,safety_hold,,False,False,0.0,inf,inf,inf,False,0.0,,,,cost_window,6,False
6000,1038,39,361,25166,-0.0805959701538086,0.966883659362793,0.16679906845092773,-0.20000000298023224,0.24739503860473633,-1.1668837070465088,True,True,safety_hold,safety_hold_recovery,recent_emergency_safety_hold,0,0,5.0,False,False,False,False,False,False,False,False,True,0.5895150995001587,8.844766261636517,0.0,False,max_steps,,inf,,inf,inf,inf,inf,inf,inf,inf,inf,0.0,{'ROAD_LINE_BROKEN_SINGLE_WHITE'},True,True,recent_emergency_safety_hold,False,,True,6,3,,inf,inf,inf,inf,False,False,5.948396725219643,inf,0.7508695321278781,True,False,52,0,,False,False,0.0,2.108271089490436,inf,1.7735429212284681,0.0,,True,safety_hold,,False,False,0.0,inf,inf,inf,False,0.0,,,,cost_window,7,False
6000,1038,39,362,25167,-0.09684640169143677,0.7931857109069824,0.16679906845092773,-0.20000000298023224,0.2636454701423645,-0.9931856989860535,True,True,safety_hold,safety_hold_recovery,recent_emergency_safety_hold,0,0,5.0,False,False,False,False,False,False,False,False,True,0.5915980575271703,8.370772706769735,0.0,False,max_steps,,inf,,inf,inf,inf,inf,inf,inf,inf,inf,0.0,{'ROAD_LINE_BROKEN_SINGLE_WHITE'},True,True,recent_emergency_safety_hold,False,,True,5,2,,inf,inf,inf,inf,False,False,5.844162056497492,inf,0.8565837862413176,True,False,52,0,,False,False,0.0,2.649349473183125,inf,1.8621450337438108,0.0,,True,safety_hold,,False,False,0.0,inf,inf,inf,False,0.0,,,,cost_window,8,False
6000,1038,39,363,25168,-0.02223837375640869,0.47378039360046387,0.16679906845092773,-0.20000000298023224,0.18903744220733643,-0.6737803816795349,True,True,safety_hold,safety_hold_recovery,recent_emergency_safety_hold,0,0,5.0,False,False,False,False,False,False,False,False,True,0.5935547907079529,7.8978552329734955,0.0,False,max_steps,,inf,,inf,inf,inf,inf,inf,inf,inf,inf,0.0,{'ROAD_LINE_BROKEN_SINGLE_WHITE'},True,True,recent_emergency_safety_hold,False,,True,4,1,,inf,inf,inf,inf,False,False,6.267830795938161,inf,0.1861523720830902,True,False,52,0,,False,False,0.0,10.246382075759133,inf,1.9549716460539561,0.0,,True,safety_hold,,False,False,0.0,inf,inf,inf,False,0.0,,,,cost_window,9,False
6000,1038,39,364,25169,0.3007596731185913,0.599066972732544,0.16679906845092773,-0.20000000298023224,-0.13396060466766357,-0.799066960811615,True,True,safety_hold,safety_hold_recovery,recent_emergency_safety_hold,0,0,5.0,False,False,False,False,False,False,False,False,True,0.5953850670728348,7.425862353542242,0.0,False,max_steps,,inf,,inf,inf,inf,inf,inf,inf,inf,inf,0.0,{'ROAD_LINE_BROKEN_SINGLE_WHITE'},True,True,recent_emergency_safety_hold,False,,True,3,0,,inf,inf,inf,inf,False,False,6.352561145289827,inf,0.0,True,False,52,0,,False,False,0.0,9.671226361184575,inf,2.1050894025537255,0.0,,True,safety_hold,,False,False,0.0,inf,inf,inf,False,0.0,,,,cost_window,10,False
6000,1038,39,365,25170,0.05332481861114502,0.8707544803619385,0.16679906845092773,-0.20000000298023224,0.11347424983978271,-1.0707545280456543,True,True,safety_hold,safety_hold_recovery,recent_emergency_safety_hold,0,0,5.0,False,False,False,False,False,False,False,False,True,0.5970892297796703,6.954672904457749,0.0,False,max_steps,,inf,,inf,inf,inf,inf,inf,inf,inf,inf,0.0,{'ROAD_LINE_BROKEN_SINGLE_WHITE'},True,True,recent_emergency_safety_hold,False,,True,2,0,,inf,inf,inf,inf,False,False,6.8876471518876645,inf,0.0,True,False,52,0,,False,False,0.0,8.304969666696644,inf,2.2765734524336922,0.0,,True,safety_hold,,False,False,0.0,inf,inf,inf,False,0.0,,,,cost_window,11,False
6000,1038,39,366,25171,-0.03302055597305298,0.9352750778198242,0.16679906845092773,-0.20000000298023224,0.1998196244239807,-1.13527512550354,True,True,safety_hold,safety_hold_recovery,recent_emergency_safety_hold,0,0,5.0,False,False,False,False,False,False,False,False,True,0.5986683340799708,6.484167478093433,0.0,False,max_steps,,inf,,inf,inf,inf,inf,inf,inf,inf,inf,0.0,{'ROAD_LINE_BROKEN_SINGLE_WHITE'},True,True,recent_emergency_safety_hold,False,,True,1,0,,inf,inf,inf,inf,False,False,6.616398148545058,inf,0.22964716591592205,True,False,52,0,,False,False,0.0,8.518726920722077,inf,2.4639424590542975,0.0,,True,safety_hold,,False,False,0.0,inf,inf,inf,False,0.0,,,,cost_window,12,False
6000,1038,39,367,25172,-0.019256532192230225,0.9378563165664673,-0.019256532192230225,0.9378563165664673,0.0,0.0,True,False,inactive_raw_action,raw_action_safe,low_risk_verified_passthrough,0,0,5.0,False,False,False,False,False,False,False,False,True,0.6001738870246922,6.743153451977837,0.0,False,max_steps,,inf,,inf,inf,inf,inf,inf,inf,inf,inf,0.0,{'ROAD_LINE_BROKEN_SINGLE_WHITE'},False,False,,True,,True,1,0,,inf,inf,inf,inf,False,False,7.39421562772297,inf,0.12486257978171846,False,False,52,-1,,False,False,0.0,9.371569692379445,inf,2.6621361620649338,0.0,,False,low_risk_verified,,False,False,0.0,inf,inf,inf,False,0.0,,,,cost_window,13,False
6000,1038,39,368,25173,-0.24172627925872803,0.9760696887969971,-0.24172627925872803,0.9760696887969971,0.0,0.0,True,False,inactive_raw_action,raw_action_safe,low_risk_verified_passthrough,0,0,5.0,False,False,False,False,False,False,False,False,True,0.6017420347568948,6.895485217276835,0.0,False,max_steps,,inf,,inf,inf,inf,inf,inf,inf,inf,inf,0.0,{'ROAD_LINE_BROKEN_SINGLE_WHITE'},False,False,,True,,False,0,0,,inf,inf,inf,inf,False,False,7.139809216915211,inf,1.6299973944172506,False,False,52,-1,,False,False,0.0,8.084254583960604,inf,2.858240711662503,0.0,,False,low_risk_verified,,False,False,0.0,inf,inf,inf,False,0.0,,,,cost_window,14,False
6000,1038,39,369,25174,-0.21630793809890747,0.9566131830215454,-0.21630793809890747,0.9566131830215454,0.0,0.0,True,False,inactive_raw_action,raw_action_safe,low_risk_verified_passthrough,0,0,5.0,False,False,False,False,False,False,False,False,True,0.6033740909638634,7.142987420275222,0.0,False,max_steps,,inf,,inf,inf,inf,inf,inf,inf,inf,inf,0.0,{'ROAD_LINE_BROKEN_SINGLE_WHITE'},False,False,,True,,False,0,0,,inf,inf,inf,inf,False,False,7.329887542467595,inf,1.491548189540649,False,False,52,-1,,False,False,0.0,7.546554720164917,inf,3.0375457990011685,0.0,,False,low_risk_verified,,False,False,0.0,inf,inf,inf,False,0.0,,,,cost_window,15,False
6000,1038,39,370,25175,-0.11454051733016968,0.9476603269577026,-0.11454051733016968,0.9476603269577026,0.0,0.0,True,False,inactive_raw_action,raw_action_safe,low_risk_verified_passthrough,0,0,5.0,False,False,False,False,False,False,False,False,True,0.6050781532805667,7.424331809845505,0.0,False,max_steps,,inf,,inf,inf,inf,inf,inf,inf,inf,inf,0.0,set(),False,False,,True,,False,0,0,,inf,inf,inf,inf,False,False,7.475058209341303,inf,0.8181614744012181,False,False,52,-1,,False,False,0.0,6.719694399395756,inf,3.183921699635238,0.0,,False,low_risk_verified,,False,False,0.0,inf,inf,inf,False,0.0,,,,cost_window,16,False
6000,1038,39,371,25176,-0.13453435897827148,0.9675412178039551,-0.13453435897827148,0.9675412178039551,0.0,0.0,True,False,inactive_raw_action,raw_action_safe,low_risk_verified_passthrough,0,0,5.0,False,False,False,False,False,False,False,False,True,0.6068524121822068,7.701947166812062,0.0,False,max_steps,,inf,,inf,inf,inf,inf,inf,inf,inf,inf,0.0,set(),False,False,,True,,False,0,0,,inf,inf,inf,inf,False,False,7.59147134670375,inf,0.9988277208795552,False,False,52,-1,,False,False,0.0,5.66707815426299,inf,3.3110284152252603,0.0,,False,low_risk_verified,,False,False,0.0,inf,inf,inf,False,0.0,,,,cost_window,17,False
6000,1038,39,372,25177,-0.3600074052810669,0.8286850452423096,-0.3600074052810669,0.8286850452423096,0.0,0.0,True,False,inactive_raw_action,raw_action_safe,low_risk_verified_passthrough,0,0,5.0,False,False,False,False,False,False,False,False,True,0.6086909888177272,7.789677226636029,0.0,False,max_steps,,inf,,inf,inf,inf,inf,inf,inf,inf,inf,0.0,set(),False,False,,True,,False,0,0,,inf,inf,inf,inf,False,False,7.666535037606944,inf,2.772758015135875,False,False,52,-1,,False,False,0.0,5.909399720003339,inf,3.433099119128435,0.0,,False,low_risk_verified,,False,False,0.0,inf,inf,inf,False,0.0,,,,cost_window,18,False
6000,1038,39,373,25178,-0.2121896743774414,0.5723674297332764,-0.2121896743774414,0.5723674297332764,0.0,0.0,True,False,inactive_raw_action,raw_action_safe,low_risk_verified_passthrough,0,0,5.0,False,False,False,False,False,False,False,False,True,0.6105677866835718,7.949884962269093,0.0,False,max_steps,,inf,,inf,inf,inf,inf,inf,inf,inf,inf,0.0,set(),False,False,,True,,False,0,0,,inf,inf,inf,inf,False,False,8.361923450095764,inf,1.65288907422527,False,False,52,-1,,False,False,0.0,7.304077658502825,inf,3.530650732334579,0.0,,False,low_risk_verified,,False,False,0.0,inf,inf,inf,False,0.0,,,,cost_window,19,False
6000,1038,39,374,25179,-0.1897900104522705,0.8947224617004395,-0.1897900104522705,0.8947224617004395,0.0,0.0,True,False,inactive_raw_action,raw_action,raw_action_safe_or_candidate_not_better,0,0,5.0,False,False,False,False,False,False,False,False,True,0.6124919633271675,8.208158593885644,0.0,False,max_steps,,inf,,inf,inf,inf,1.8851608034892178,inf,2.5835384724898414,inf,inf,0.0,set(),False,False,,False,vehicle_margin_uncertain_or_low,False,0,0,,inf,inf,inf,inf,False,False,9.005296924092816,inf,1.5088087500833993,False,False,52,0,,False,False,0.0,3.974757979817585,inf,3.5835384724898414,0.0,,False,raw_action_safe_or_candidate_not_better,candidate_not_better,False,False,0.0,3.974757979817585,inf,3.5835384724898414,False,-8.560403116578932,,,,cost_window,20,False
6000,1040,41,189,26085,-0.835087776184082,0.8844478130340576,0.44999998807907104,-0.25,1.2850878238677979,-1.1344478130340576,True,True,ultra_short_horizon_emergency,ultra_short_boundary_recovery,contact_road_line_solid_detected,0,0,0,False,False,False,False,False,False,False,False,True,0.4907471428730704,0.0482405292890324,0.0,False,max_steps,,inf,,inf,inf,inf,inf,inf,inf,inf,inf,0.0,{'ROAD_LINE_SOLID_SINGLE_YELLOW'},True,True,contact_road_line_solid_detected,False,,True,8,5,,inf,0,0,0,0,0,inf,inf,0.0,True,False,66,0,,False,False,0.0,inf,inf,inf,0.0,0,True,contact_road_line_solid_detected,,False,False,0.0,inf,inf,inf,False,0.0,,,,cost_window,-20,False
6000,1040,41,190,26086,-0.8300288915634155,0.8926076889038086,0.44999998807907104,-0.25,1.2800288200378418,-1.1426076889038086,True,True,ultra_short_horizon_emergency,ultra_short_boundary_recovery,contact_road_line_solid_detected,0,0,0,False,False,False,False,False,False,False,False,True,0.490742093322668,0.06306026382297876,0.0,False,max_steps,,inf,,inf,inf,inf,inf,inf,inf,inf,inf,0.0,{'ROAD_LINE_SOLID_SINGLE_YELLOW'},True,True,contact_road_line_solid_detected,False,,True,8,5,,inf,0,0,0,0,0,inf,inf,0.0,True,False,66,0,,False,False,0.0,inf,inf,inf,0.0,0,True,contact_road_line_solid_detected,,False,False,0.0,inf,inf,inf,False,0.0,,,,cost_window,-19,False
6000,1040,41,191,26087,-0.8285607099533081,0.8943175077438354,0.44999998807907104,-0.25,1.2785606384277344,-1.1443175077438354,True,True,ultra_short_horizon_emergency,ultra_short_boundary_recovery,contact_road_line_solid_detected,0,0,0,False,False,False,False,False,False,False,False,True,0.49074354019042704,0.05128877653449317,0.0,False,max_steps,,inf,,inf,inf,inf,inf,inf,inf,inf,inf,0.0,{'ROAD_LINE_SOLID_SINGLE_YELLOW'},True,True,contact_road_line_solid_detected,False,,True,8,5,,inf,0,0,0,0,0,inf,inf,0.0,True,False,66,0,,False,False,0.0,inf,inf,inf,0.0,0,True,contact_road_line_solid_detected,,False,False,0.0,inf,inf,inf,False,0.0,,,,cost_window,-18,False
6000,1040,41,192,26088,-0.8273649215698242,0.8961853981018066,0.44999998807907104,0.18000000715255737,1.27736496925354,-0.7161853909492493,True,True,ultra_short_horizon_emergency,ultra_short_boundary_recovery,contact_road_line_solid_detected,0,0,0,False,False,False,False,False,False,False,False,True,0.4907543742412118,0.10166017302865729,0.0,False,max_steps,,inf,,inf,inf,inf,inf,inf,inf,inf,inf,0.0,{'ROAD_LINE_SOLID_SINGLE_YELLOW'},True,True,contact_road_line_solid_detected,False,,True,8,5,,inf,0,0,0,0,0,inf,inf,0.0,True,False,66,0,,False,False,0.0,inf,inf,inf,0.0,0,True,contact_road_line_solid_detected,,False,False,0.0,inf,inf,inf,False,0.0,,,,cost_window,-17,False
6000,1040,41,193,26089,-0.8181208372116089,0.9377480745315552,0.44999998807907104,0.18000000715255737,1.2681207656860352,-0.7577480673789978,True,True,ultra_short_horizon_emergency,ultra_short_boundary_recovery,contact_road_line_solid_detected,0,0,0,False,False,False,False,False,False,False,False,True,0.49078356696324127,0.1524638755837147,0.0,False,max_steps,,inf,,inf,inf,inf,inf,inf,inf,inf,inf,0.0,{'ROAD_LINE_SOLID_SINGLE_YELLOW'},True,True,contact_road_line_solid_detected,False,,True,8,5,,inf,0,0,0,0,0,inf,inf,0.0,True,False,66,0,,False,False,0.0,inf,inf,inf,0.0,0,True,contact_road_line_solid_detected,,False,False,0.0,inf,inf,inf,False,0.0,,,,cost_window,-16,False
6000,1040,41,194,26090,-0.8162713646888733,0.93929123878479,0.44999998807907104,0.18000000715255737,1.2662713527679443,-0.7592912316322327,True,True,ultra_short_horizon_emergency,ultra_short_boundary_recovery,contact_road_line_solid_detected,0,0,0,False,False,False,False,False,False,False,False,True,0.4908258102390048,0.20324986984828505,0.0,False,max_steps,,inf,,inf,inf,inf,inf,inf,inf,inf,inf,0.0,{'ROAD_LINE_SOLID_SINGLE_YELLOW'},True,True,contact_road_line_solid_detected,False,,True,8,5,,inf,0,0,0,0,0,inf,inf,0.0,True,False,66,0,,False,False,0.0,inf,inf,inf,0.0,0,True,contact_road_line_solid_detected,,False,False,0.0,inf,inf,inf,False,0.0,,,,cost_window,-15,False
6000,1040,41,195,26091,-0.8117974400520325,0.9440884590148926,0.44999998807907104,0.18000000715255737,1.2617974281311035,-0.7640884518623352,True,True,ultra_short_horizon_emergency,ultra_short_boundary_recovery,contact_road_line_solid_detected,0,0,0,False,False,False,False,False,False,False,False,True,0.4908812199711124,0.2539711038805643,0.0,False,max_steps,,inf,,inf,inf,inf,inf,inf,inf,inf,inf,0.0,{'ROAD_LINE_SOLID_SINGLE_YELLOW'},True,True,contact_road_line_solid_detected,False,,True,8,5,,inf,0,0,0,0,0,inf,inf,0.0,True,False,66,0,,False,False,0.0,inf,inf,inf,0.0,0,True,contact_road_line_solid_detected,,False,False,0.0,inf,inf,inf,False,0.0,,,,cost_window,-14,False
6000,1040,41,196,26092,-0.8117742538452148,0.9443652629852295,0.44999998807907104,0.18000000715255737,1.2617743015289307,-0.7643652558326721,True,True,ultra_short_horizon_emergency,ultra_short_boundary_recovery,contact_road_line_solid_detected,0,0,0,False,False,False,False,False,False,False,False,True,0.4909496492147599,0.3046377126782038,0.0,False,max_steps,,inf,,inf,inf,inf,inf,inf,inf,inf,inf,0.0,{'ROAD_LINE_SOLID_SINGLE_YELLOW'},True,True,contact_road_line_solid_detected,False,,True,8,5,,inf,0,0,0,0,0,inf,inf,0.0,True,False,66,0,,False,False,0.0,inf,inf,inf,0.0,0,True,contact_road_line_solid_detected,,False,False,0.0,inf,inf,inf,False,0.0,,,,cost_window,-13,False
6000,1040,41,197,26093,-0.8123372197151184,0.9444184303283691,0.44999998807907104,0.18000000715255737,1.2623372077941895,-0.7644184231758118,True,True,ultra_short_horizon_emergency,ultra_short_boundary_recovery,contact_road_line_solid_detected,0,0,0,False,False,False,False,False,False,False,False,True,0.49103103276330645,0.3552539127741954,0.0,False,max_steps,,inf,,inf,inf,inf,inf,inf,inf,inf,inf,0.0,{'ROAD_LINE_SOLID_SINGLE_YELLOW'},True,True,contact_road_line_solid_detected,False,,True,8,5,,inf,0,0,0,0,0,inf,inf,0.0,True,False,66,0,,False,False,0.0,inf,inf,inf,0.0,0,True,contact_road_line_solid_detected,,False,False,0.0,inf,inf,inf,False,0.0,,,,cost_window,-12,False
6000,1040,41,198,26094,-0.8134543895721436,0.9442629814147949,0.44999998807907104,0.18000000715255737,1.2634544372558594,-0.7642629742622375,True,True,ultra_short_horizon_emergency,ultra_short_boundary_recovery,contact_road_line_solid_detected,0,0,0,False,False,False,False,False,False,False,False,True,0.4911252567393386,0.40582185457129166,0.0,False,max_steps,,inf,,inf,inf,inf,inf,inf,inf,inf,inf,0.0,{'ROAD_LINE_SOLID_SINGLE_YELLOW'},True,True,contact_road_line_solid_detected,False,,True,8,5,,inf,0,0,0,0,0,inf,inf,0.0,True,False,66,0,,False,False,0.0,inf,inf,inf,0.0,0,True,contact_road_line_solid_detected,,False,False,0.0,inf,inf,inf,False,0.0,,,,cost_window,-11,False
6000,1040,41,199,26095,-0.8151007890701294,0.9439080953598022,0.44999998807907104,0.18000000715255737,1.2651007175445557,-0.7639080882072449,True,True,ultra_short_horizon_emergency,ultra_short_boundary_recovery,contact_road_line_solid_detected,0,0,0,False,False,False,False,False,False,False,False,True,0.49123220140898116,0.45634400252889123,0.0,False,max_steps,,inf,,inf,inf,inf,inf,inf,inf,inf,inf,0.0,{'ROAD_LINE_SOLID_SINGLE_YELLOW'},True,True,contact_road_line_solid_detected,False,,True,8,5,,inf,0,0,0,0,0,inf,inf,0.0,True,False,66,0,,False,False,0.0,inf,inf,inf,0.0,0,True,contact_road_line_solid_detected,,False,False,0.0,inf,inf,inf,False,0.0,,,,cost_window,-10,False
6000,1040,41,200,26096,-0.8218877911567688,0.9381356239318848,0.44999998807907104,0.18000000715255737,1.2718877792358398,-0.7581356167793274,True,True,ultra_short_horizon_emergency,ultra_short_boundary_recovery,contact_road_line_solid_detected,0,0,0,False,False,False,False,False,False,False,False,True,0.49135173820601225,0.5068191725386778,0.0,False,max_steps,,inf,,inf,inf,inf,inf,inf,inf,inf,inf,0.0,{'ROAD_LINE_SOLID_SINGLE_YELLOW'},True,True,contact_road_line_solid_detected,False,,True,8,5,,inf,0,0,0,0,0,inf,inf,0.0,True,False,66,0,,False,False,0.0,inf,inf,inf,0.0,0,True,contact_road_line_solid_detected,,False,False,0.0,inf,inf,inf,False,0.0,,,,cost_window,-9,False
6000,1040,41,201,26097,-0.8253404498100281,0.9369311332702637,0.44999998807907104,0.18000000715255737,1.2753404378890991,-0.7569311261177063,True,True,ultra_short_horizon_emergency,ultra_short_boundary_recovery,contact_road_line_solid_detected,0,0,0,False,False,False,False,False,False,False,False,True,0.4914836054980296,0.5572450315512377,0.0,False,max_steps,,inf,,inf,inf,inf,inf,inf,inf,inf,inf,0.0,{'ROAD_LINE_SOLID_SINGLE_YELLOW'},True,True,contact_road_line_solid_detected,False,,True,8,5,,inf,0,0,0,0,0,inf,inf,0.0,True,False,66,0,,False,False,0.0,inf,inf,inf,0.0,0,True,contact_road_line_solid_detected,,False,False,0.0,inf,inf,inf,False,0.0,,,,cost_window,-8,False
6000,1040,41,202,26098,-0.8293394446372986,0.9353624582290649,0.44999998807907104,0.18000000715255737,1.2793394327163696,-0.7553624510765076,True,True,ultra_short_horizon_emergency,ultra_short_boundary_recovery,contact_road_line_solid_detected,0,0,0,False,False,False,False,False,False,False,False,True,0.4916276599973266,0.6076205082740359,0.0,False,max_steps,,inf,,inf,inf,inf,inf,inf,inf,inf,inf,0.0,{'ROAD_LINE_SOLID_SINGLE_YELLOW'},True,True,contact_road_line_solid_detected,False,,True,8,5,,inf,0,0,0,0,0,inf,inf,0.0,True,False,66,0,,False,False,0.0,inf,inf,inf,0.0,0,True,contact_road_line_solid_detected,,False,False,0.0,inf,inf,inf,False,0.0,,,,cost_window,-7,False
6000,1040,41,203,26099,-0.8338884115219116,0.9331982135772705,0.44999998807907104,0.18000000715255737,1.283888339996338,-0.7531982064247131,True,True,ultra_short_horizon_emergency,ultra_short_boundary_recovery,contact_road_line_solid_detected,0,0,0,False,False,False,False,False,False,False,False,True,0.4917836250856589,0.6579453193953053,0.0,False,max_steps,,inf,,inf,inf,inf,inf,inf,inf,inf,inf,0.0,{'ROAD_LINE_SOLID_SINGLE_YELLOW'},True,True,contact_road_line_solid_detected,False,,True,8,5,,inf,0,0,0,0,0,inf,inf,0.0,True,False,66,0,,False,False,0.0,inf,inf,inf,0.0,0,True,contact_road_line_solid_detected,,False,False,0.0,inf,inf,inf,False,0.0,,,,cost_window,-6,False
6000,1040,41,204,26100,-0.8411442637443542,0.9338252544403076,0.44999998807907104,0.18000000715255737,1.2911442518234253,-0.7538252472877502,True,True,ultra_short_horizon_emergency,ultra_short_boundary_recovery,contact_road_line_solid_detected,0,0,0,False,False,False,False,False,False,False,False,True,0.49195129861890763,0.7082188859039937,0.0,False,max_steps,,inf,,inf,inf,inf,inf,inf,inf,inf,inf,0.0,{'ROAD_LINE_SOLID_SINGLE_YELLOW'},True,True,contact_road_line_solid_detected,False,,True,8,5,,inf,0,0,0,0,0,inf,inf,0.0,True,False,66,0,,False,False,0.0,inf,inf,inf,0.0,0,True,contact_road_line_solid_detected,,False,False,0.0,inf,inf,inf,False,0.0,,,,cost_window,-5,False
6000,1040,41,205,26101,-0.8475207090377808,0.9316210746765137,0.44999998807907104,0.18000000715255737,1.297520637512207,-0.7516210675239563,True,True,ultra_short_horizon_emergency,ultra_short_boundary_recovery,contact_road_line_solid_detected,0,0,0,False,False,False,False,False,False,False,False,True,0.49213050987804324,0.7584402112834171,0.0,False,max_steps,,inf,,inf,inf,inf,inf,inf,inf,inf,inf,0.0,{'ROAD_LINE_SOLID_SINGLE_YELLOW'},True,True,contact_road_line_solid_detected,False,,True,8,5,,inf,0,0,0,0,0,inf,inf,0.0,True,False,66,0,,False,False,0.0,inf,inf,inf,0.0,0,True,contact_road_line_solid_detected,,False,False,0.0,inf,inf,inf,False,0.0,,,,cost_window,-4,False
6000,1040,41,206,26102,-0.8623276948928833,0.919302225112915,0.44999998807907104,0.18000000715255737,1.3123276233673096,-0.7393022179603577,True,True,ultra_short_horizon_emergency,ultra_short_boundary_recovery,contact_road_line_solid_detected,0,0,0,False,False,False,False,False,False,False,False,True,0.4923208692845659,0.8086097967569787,0.0,False,max_steps,,inf,,inf,inf,inf,inf,inf,inf,inf,inf,0.0,{'ROAD_LINE_SOLID_SINGLE_YELLOW'},True,True,contact_road_line_solid_detected,False,,True,8,5,,inf,0,0,0,0,0,inf,inf,0.0,True,False,66,0,,False,False,0.0,inf,inf,inf,0.0,0,True,contact_road_line_solid_detected,,False,False,0.0,inf,inf,inf,False,0.0,,,,cost_window,-3,False
6000,1040,41,207,26103,-0.8680988550186157,0.9148945808410645,0.44999998807907104,0.18000000715255737,1.318098783493042,-0.7348945736885071,True,True,ultra_short_horizon_emergency,ultra_short_boundary_recovery,contact_road_line_solid_detected,0,0,0,False,False,False,False,False,False,False,False,True,0.49252205992179593,0.8587259793253464,0.0,False,max_steps,,inf,,inf,inf,inf,inf,inf,inf,inf,inf,0.0,{'ROAD_LINE_SOLID_SINGLE_YELLOW'},True,True,contact_road_line_solid_detected,False,,True,8,5,,inf,0,0,0,0,0,inf,inf,0.0,True,False,66,0,,False,False,0.0,inf,inf,inf,0.0,0,True,contact_road_line_solid_detected,,False,False,0.0,inf,inf,inf,False,0.0,,,,cost_window,-2,False
6000,1040,41,208,26104,-0.8937959671020508,0.8703267574310303,0.44999998807907104,0.18000000715255737,1.3437960147857666,-0.6903267502784729,True,True,ultra_short_horizon_emergency,ultra_short_boundary_recovery,contact_road_line_solid_detected,0,0,0,False,False,False,False,False,False,False,False,True,0.4927337109228963,0.9087884453416932,0.0,False,max_steps,,inf,,inf,inf,inf,inf,inf,inf,inf,inf,0.0,{'ROAD_LINE_SOLID_SINGLE_YELLOW'},True,True,contact_road_line_solid_detected,False,,True,8,5,,inf,0,0,0,0,0,inf,inf,0.0,True,False,66,0,,False,False,0.0,inf,inf,inf,0.0,0,True,contact_road_line_solid_detected,,False,False,0.0,inf,inf,inf,False,0.0,,,,cost_window,-1,False
6000,1040,41,209,26105,-0.8998799324035645,0.8600263595581055,0.44999998807907104,0.18000000715255737,1.3498799800872803,-0.6800263524055481,True,True,ultra_short_horizon_emergency,ultra_short_boundary_recovery,contact_road_line_solid_detected,1.0,1.0,1.0,False,False,False,False,False,False,True,True,True,0.4929554406699159,0.9587959021882995,0.0,True,out_of_road,,inf,,inf,inf,inf,inf,inf,inf,inf,inf,0.0,{'ROAD_LINE_SOLID_SINGLE_YELLOW'},True,True,contact_road_line_solid_detected,False,,True,8,5,,inf,0,0,0,0,0,inf,inf,0.0,True,False,66,0,,False,False,0.0,inf,inf,inf,0.0,0,True,contact_road_line_solid_detected,,False,False,0.0,inf,inf,inf,False,0.0,,,,cost_window,0,True
6000,1042,43,251,26674,-0.20976388454437256,0.9978606700897217,0.44999998807907104,0.18000000715255737,0.6597638726234436,-0.8178606629371643,True,True,ultra_short_horizon_emergency,ultra_short_boundary_recovery,contact_road_line_solid_detected,0,0,0,False,False,False,False,False,False,False,False,True,0.742021507860891,1.2665707040014598,0.0,False,max_steps,,inf,,inf,inf,inf,inf,inf,inf,inf,inf,0.0,"{'ROAD_LINE_BROKEN_SINGLE_WHITE', 'ROAD_LINE_SOLID_SINGLE_WHITE'}",True,True,contact_road_line_solid_detected,False,,True,8,5,,inf,0,0,0,0,0,inf,inf,0.0,True,False,67,0,,False,False,0.0,inf,inf,inf,0.0,0,True,contact_road_line_solid_detected,,False,False,0.0,inf,inf,inf,False,0.0,,,,cost_window,-20,False
6000,1042,43,252,26675,-0.21450930833816528,0.9973628520965576,0.44999998807907104,0.18000000715255737,0.6645092964172363,-0.8173628449440002,True,True,ultra_short_horizon_emergency,ultra_short_boundary_recovery,contact_road_line_solid_detected,0,0,0,False,False,False,False,False,False,False,False,True,0.7424478626961427,1.3137281493305206,0.0,False,max_steps,,inf,,inf,inf,inf,inf,inf,inf,inf,inf,0.0,"{'ROAD_LINE_BROKEN_SINGLE_WHITE', 'ROAD_LINE_SOLID_SINGLE_WHITE'}",True,True,contact_road_line_solid_detected,False,,True,8,5,,inf,0,0,0,0,0,inf,inf,0.0,True,False,67,0,,False,False,0.0,inf,inf,inf,0.0,0,True,contact_road_line_solid_detected,,False,False,0.0,inf,inf,inf,False,0.0,,,,cost_window,-19,False
6000,1042,43,253,26676,-0.04886239767074585,0.9979448318481445,0.44999998807907104,0.18000000715255737,0.4988623857498169,-0.8179448246955872,True,True,ultra_short_horizon_emergency,ultra_short_boundary_recovery,contact_road_line_solid_detected,0,0,0,False,False,False,False,False,False,False,False,True,0.7428888162511011,1.360825723513792,0.0,False,max_steps,,inf,,inf,inf,inf,inf,inf,inf,inf,inf,0.0,"{'ROAD_LINE_BROKEN_SINGLE_WHITE', 'ROAD_LINE_SOLID_SINGLE_WHITE'}",True,True,contact_road_line_solid_detected,False,,True,8,5,,inf,0,0,0,0,0,inf,inf,0.0,True,False,67,0,,False,False,0.0,inf,inf,inf,0.0,0,True,contact_road_line_solid_detected,,False,False,0.0,inf,inf,inf,False,0.0,,,,cost_window,-18,False
6000,1042,43,254,26677,-0.08722150325775146,0.995297908782959,0.44999998807907104,0.18000000715255737,0.5372214913368225,-0.8152979016304016,True,True,ultra_short_horizon_emergency,ultra_short_boundary_recovery,contact_road_line_solid_detected,0,0,0,False,False,False,False,False,False,False,False,True,0.7433440590122743,1.4078625956565305,0.0,False,max_steps,,inf,,inf,inf,inf,inf,inf,inf,inf,inf,0.0,"{'ROAD_LINE_BROKEN_SINGLE_WHITE', 'ROAD_LINE_SOLID_SINGLE_WHITE'}",True,True,contact_road_line_solid_detected,False,,True,8,5,,inf,0,0,0,0,0,inf,inf,0.0,True,False,67,0,,False,False,0.0,inf,inf,inf,0.0,0,True,contact_road_line_solid_detected,,False,False,0.0,inf,inf,inf,False,0.0,,,,cost_window,-17,False
6000,1042,43,255,26678,-0.04369992017745972,0.9917826652526855,0.44999998807907104,0.18000000715255737,0.49369990825653076,-0.8117826581001282,True,True,ultra_short_horizon_emergency,ultra_short_boundary_recovery,contact_road_line_solid_detected,0,0,0,False,False,False,False,False,False,False,False,True,0.7438133846373342,1.4548363921542797,0.0,False,max_steps,,inf,,inf,inf,inf,inf,inf,inf,inf,inf,0.0,"{'ROAD_LINE_BROKEN_SINGLE_WHITE', 'ROAD_LINE_SOLID_SINGLE_WHITE'}",True,True,contact_road_line_solid_detected,False,,True,8,5,,inf,0,0,0,0,0,inf,inf,0.0,True,False,67,0,,False,False,0.0,inf,inf,inf,0.0,0,True,contact_road_line_solid_detected,,False,False,0.0,inf,inf,inf,False,0.0,,,,cost_window,-16,False
6000,1042,43,256,26679,-0.26555001735687256,0.9891031980514526,0.44999998807907104,0.18000000715255737,0.7155500054359436,-0.8091031908988953,True,True,ultra_short_horizon_emergency,ultra_short_boundary_recovery,contact_road_line_solid_detected,0,0,0,False,False,False,False,False,False,False,False,True,0.7442964320272066,1.5017470435270797,0.0,False,max_steps,,inf,,inf,inf,inf,inf,inf,inf,inf,inf,0.0,"{'ROAD_LINE_BROKEN_SINGLE_WHITE', 'ROAD_LINE_SOLID_SINGLE_WHITE'}",True,True,contact_road_line_solid_detected,False,,True,8,5,,inf,0,0,0,0,0,inf,inf,0.0,True,False,67,0,,False,False,0.0,inf,inf,inf,0.0,0,True,contact_road_line_solid_detected,,False,False,0.0,inf,inf,inf,False,0.0,,,,cost_window,-15,False
6000,1042,43,257,26680,-0.46900761127471924,0.9814586639404297,0.44999998807907104,-0.10000000149011612,0.9190075993537903,-1.0814586877822876,True,True,ultra_short_horizon_emergency,ultra_short_boundary_recovery,contact_road_line_solid_detected,0,0,0,False,False,False,False,False,False,False,False,True,0.744776281110995,1.3411232831897872,0.0,False,max_steps,,inf,,inf,inf,inf,inf,inf,inf,inf,inf,0.0,"{'ROAD_LINE_BROKEN_SINGLE_WHITE', 'ROAD_LINE_SOLID_SINGLE_WHITE'}",True,True,contact_road_line_solid_detected,False,,True,8,5,,inf,0,0,0,0,0,inf,inf,0.0,True,False,67,0,,False,False,0.0,inf,inf,inf,0.0,0,True,contact_road_line_solid_detected,,False,False,0.0,inf,inf,inf,False,0.0,,,,cost_window,-14,False
6000,1042,43,258,26681,-0.6496784090995789,0.9648107290267944,0.44999998807907104,0.18000000715255737,1.09967839717865,-0.7848107218742371,True,True,ultra_short_horizon_emergency,ultra_short_boundary_recovery,contact_road_line_solid_detected,0,0,0,False,False,False,False,False,False,False,False,True,0.7452205361432016,1.3890367567237856,0.0,False,max_steps,,inf,,inf,inf,inf,inf,inf,inf,inf,inf,0.0,"{'ROAD_LINE_BROKEN_SINGLE_WHITE', 'ROAD_LINE_SOLID_SINGLE_WHITE'}",True,True,contact_road_line_solid_detected,False,,True,8,5,,inf,0,0,0,0,0,inf,inf,0.0,True,False,67,0,,False,False,0.0,inf,inf,inf,0.0,0,True,contact_road_line_solid_detected,,False,False,0.0,inf,inf,inf,False,0.0,,,,cost_window,-13,False
6000,1042,43,259,26682,-0.6857153177261353,0.9757006168365479,0.44999998807907104,0.18000000715255737,1.1357152462005615,-0.7957006096839905,True,True,ultra_short_horizon_emergency,ultra_short_boundary_recovery,contact_road_line_solid_detected,0,0,0,False,False,False,False,False,False,False,False,True,0.7456757789043748,1.435994799555657,0.0,False,max_steps,,inf,,inf,inf,inf,inf,inf,inf,inf,inf,0.0,"{'ROAD_LINE_BROKEN_SINGLE_WHITE', 'ROAD_LINE_SOLID_SINGLE_WHITE'}",True,True,contact_road_line_solid_detected,False,,True,8,5,,inf,0,0,0,0,0,inf,inf,0.0,True,False,67,0,,False,False,0.0,inf,inf,inf,0.0,0,True,contact_road_line_solid_detected,,False,False,0.0,inf,inf,inf,False,0.0,,,,cost_window,-12,False
6000,1042,43,260,26683,-0.7484468221664429,0.9535765647888184,0.44999998807907104,0.18000000715255737,1.1984467506408691,-0.773576557636261,True,True,ultra_short_horizon_emergency,ultra_short_boundary_recovery,contact_road_line_solid_detected,0,0,0,False,False,False,False,False,False,False,False,True,0.7461436601331385,1.4830636286249295,0.0,False,max_steps,,inf,,inf,inf,inf,inf,inf,inf,inf,inf,0.0,"{'ROAD_LINE_BROKEN_SINGLE_WHITE', 'ROAD_LINE_SOLID_SINGLE_WHITE'}",True,True,contact_road_line_solid_detected,False,,True,8,5,,inf,0,0,0,0,0,inf,inf,0.0,True,False,67,0,,False,False,0.0,inf,inf,inf,0.0,0,True,contact_road_line_solid_detected,,False,False,0.0,inf,inf,inf,False,0.0,,,,cost_window,-11,False
6000,1042,43,261,26684,-0.7977453470230103,0.9713761806488037,0.44999998807907104,0.18000000715255737,1.2477452754974365,-0.7913761734962463,True,True,ultra_short_horizon_emergency,ultra_short_boundary_recovery,contact_road_line_solid_detected,0,0,0,False,False,False,False,False,False,False,False,True,0.7466239734871649,1.5301019501536817,0.0,False,max_steps,,inf,,inf,inf,inf,inf,inf,inf,inf,inf,0.0,"{'ROAD_LINE_BROKEN_SINGLE_WHITE', 'ROAD_LINE_SOLID_SINGLE_WHITE'}",True,True,contact_road_line_solid_detected,False,,True,8,5,,inf,0,0,0,0,0,inf,inf,0.0,True,False,67,0,,False,False,0.0,inf,inf,inf,0.0,0,True,contact_road_line_solid_detected,,False,False,0.0,inf,inf,inf,False,0.0,,,,cost_window,-10,False
6000,1042,43,262,26685,-0.6261593103408813,0.9850621223449707,0.44999998807907104,-0.10000000149011612,1.0761592388153076,-1.0850621461868286,True,True,ultra_short_horizon_emergency,ultra_short_boundary_recovery,contact_road_line_solid_detected,0,0,0,False,False,False,False,False,False,False,False,True,0.747100263165795,1.3694956756298564,0.0,False,max_steps,,inf,,inf,inf,inf,inf,inf,inf,inf,inf,0.0,"{'ROAD_LINE_BROKEN_SINGLE_WHITE', 'ROAD_LINE_SOLID_SINGLE_WHITE'}",True,True,contact_road_line_solid_detected,False,,True,8,5,,inf,0,0,0,0,0,inf,inf,0.0,True,False,67,0,,False,False,0.0,inf,inf,inf,0.0,0,True,contact_road_line_solid_detected,,False,False,0.0,inf,inf,inf,False,0.0,,,,cost_window,-9,False
6000,1042,43,263,26686,-0.7781110405921936,0.9859082698822021,0.44999998807907104,0.18000000715255737,1.2281110286712646,-0.8059082627296448,True,True,ultra_short_horizon_emergency,ultra_short_boundary_recovery,contact_road_line_solid_detected,0,0,0,False,False,False,False,False,False,False,False,True,0.7475409072072614,1.4173799955444117,0.0,False,max_steps,,inf,,inf,inf,inf,inf,inf,inf,inf,inf,0.0,"{'ROAD_LINE_BROKEN_SINGLE_WHITE', 'ROAD_LINE_SOLID_SINGLE_WHITE'}",True,True,contact_road_line_solid_detected,False,,True,8,5,,inf,0,0,0,0,0,inf,inf,0.0,True,False,67,0,,False,False,0.0,inf,inf,inf,0.0,0,True,contact_road_line_solid_detected,,False,False,0.0,inf,inf,inf,False,0.0,,,,cost_window,-8,False
6000,1042,43,264,26687,-0.7630707621574402,0.9932087659835815,0.44999998807907104,0.18000000715255737,1.2130707502365112,-0.8132087588310242,True,True,ultra_short_horizon_emergency,ultra_short_boundary_recovery,contact_road_line_solid_detected,0,0,0,False,False,False,False,False,False,False,False,True,0.7479915072660543,1.46428484324584,0.0,False,max_steps,,inf,,inf,inf,inf,inf,inf,inf,inf,inf,0.0,"{'ROAD_LINE_BROKEN_SINGLE_WHITE', 'ROAD_LINE_SOLID_SINGLE_WHITE'}",True,True,contact_road_line_solid_detected,False,,True,8,5,,inf,0,0,0,0,0,inf,inf,0.0,True,False,67,0,,False,False,0.0,inf,inf,inf,0.0,0,True,contact_road_line_solid_detected,,False,False,0.0,inf,inf,inf,False,0.0,,,,cost_window,-7,False
6000,1042,43,265,26688,-0.7315958738327026,0.9966907501220703,0.44999998807907104,0.18000000715255737,1.181595802307129,-0.8166907429695129,True,True,ultra_short_horizon_emergency,ultra_short_boundary_recovery,contact_road_line_solid_detected,0,0,0,False,False,False,False,False,False,False,False,True,0.7484533529817238,1.511298642627661,0.0,False,max_steps,,inf,,inf,inf,inf,inf,inf,inf,inf,inf,0.0,"{'ROAD_LINE_BROKEN_SINGLE_WHITE', 'ROAD_LINE_SOLID_SINGLE_WHITE'}",True,True,contact_road_line_solid_detected,False,,True,8,5,,inf,0,0,0,0,0,inf,inf,0.0,True,False,67,0,,False,False,0.0,inf,inf,inf,0.0,0,True,contact_road_line_solid_detected,,False,False,0.0,inf,inf,inf,False,0.0,,,,cost_window,-6,False
6000,1042,43,266,26689,-0.7038852572441101,0.9985824823379517,0.44999998807907104,-0.10000000149011612,1.1538852453231812,-1.0985825061798096,True,True,ultra_short_horizon_emergency,ultra_short_boundary_recovery,contact_road_line_solid_detected,0,0,0,False,False,False,False,False,False,False,False,True,0.748910401238267,1.350811302118093,0.0,False,max_steps,,inf,,inf,inf,inf,inf,inf,inf,inf,inf,0.0,"{'ROAD_LINE_BROKEN_SINGLE_WHITE', 'ROAD_LINE_SOLID_SINGLE_WHITE'}",True,True,contact_road_line_solid_detected,False,,True,8,5,,inf,0,0,0,0,0,inf,inf,0.0,True,False,67,0,,False,False,0.0,inf,inf,inf,0.0,0,True,contact_road_line_solid_detected,,False,False,0.0,inf,inf,inf,False,0.0,,,,cost_window,-5,False
6000,1042,43,267,26690,-0.7257338166236877,0.9942455291748047,0.44999998807907104,0.18000000715255737,1.1757338047027588,-0.8142455220222473,True,True,ultra_short_horizon_emergency,ultra_short_boundary_recovery,contact_road_line_solid_detected,0,0,0,False,False,False,False,False,False,False,False,True,0.7493323197134665,1.3987879072215987,0.0,False,max_steps,,inf,,inf,inf,inf,inf,inf,inf,inf,inf,0.0,"{'ROAD_LINE_BROKEN_SINGLE_WHITE', 'ROAD_LINE_SOLID_SINGLE_WHITE'}",True,True,contact_road_line_solid_detected,False,,True,8,5,,inf,0,0,0,0,0,inf,inf,0.0,True,False,67,0,,False,False,0.0,inf,inf,inf,0.0,0,True,contact_road_line_solid_detected,,False,False,0.0,inf,inf,inf,False,0.0,,,,cost_window,-4,False
6000,1042,43,268,26691,-0.7229199409484863,0.9941151142120361,0.44999998807907104,0.18000000715255737,1.1729199886322021,-0.8141151070594788,True,True,ultra_short_horizon_emergency,ultra_short_boundary_recovery,contact_road_line_solid_detected,0,0,0,False,False,False,False,False,False,False,False,True,0.7497634204222623,1.445759453272858,0.0,False,max_steps,,inf,,inf,inf,inf,inf,inf,inf,inf,inf,0.0,"{'ROAD_LINE_BROKEN_SINGLE_WHITE', 'ROAD_LINE_SOLID_SINGLE_WHITE'}",True,True,contact_road_line_solid_detected,False,,True,8,5,,inf,0,0,0,0,0,inf,inf,0.0,True,False,67,0,,False,False,0.0,inf,inf,inf,0.0,0,True,contact_road_line_solid_detected,,False,False,0.0,inf,inf,inf,False,0.0,,,,cost_window,-3,False
6000,1042,43,269,26692,-0.7657834887504578,0.990282416343689,0.44999998807907104,0.18000000715255737,1.2157834768295288,-0.8102824091911316,True,True,ultra_short_horizon_emergency,ultra_short_boundary_recovery,contact_road_line_solid_detected,0,0,0,False,False,False,False,False,False,False,False,True,0.7502048382474588,1.49278942466949,0.0,False,max_steps,,inf,,inf,inf,inf,inf,inf,inf,inf,inf,0.0,"{'ROAD_LINE_BROKEN_SINGLE_WHITE', 'ROAD_LINE_SOLID_SINGLE_WHITE'}",True,True,contact_road_line_solid_detected,False,,True,8,5,,inf,0,0,0,0,0,inf,inf,0.0,True,False,67,0,,False,False,0.0,inf,inf,inf,0.0,0,True,contact_road_line_solid_detected,,False,False,0.0,inf,inf,inf,False,0.0,,,,cost_window,-2,False
6000,1042,43,270,26693,-0.7941437363624573,0.9859254360198975,0.44999998807907104,0.18000000715255737,1.2441437244415283,-0.8059254288673401,True,True,ultra_short_horizon_emergency,ultra_short_boundary_recovery,contact_road_line_solid_detected,0,0,0,False,False,False,False,False,False,False,False,True,0.7506561605043996,1.5397981083099241,0.0,False,max_steps,,inf,,inf,inf,inf,inf,inf,inf,inf,inf,0.0,"{'ROAD_LINE_BROKEN_SINGLE_WHITE', 'ROAD_LINE_SOLID_SINGLE_WHITE'}",True,True,contact_road_line_solid_detected,False,,True,8,5,,inf,0,0,0,0,0,inf,inf,0.0,True,False,67,0,,False,False,0.0,inf,inf,inf,0.0,0,True,contact_road_line_solid_detected,,False,False,0.0,inf,inf,inf,False,0.0,,,,cost_window,-1,False
6000,1042,43,271,26694,-0.7983746528625488,0.9922987222671509,0.44999998807907104,-0.10000000149011612,1.2483747005462646,-1.0922987461090088,True,True,ultra_short_horizon_emergency,ultra_short_boundary_recovery,contact_road_line_solid_detected,1.0,1.0,1.0,True,True,False,False,False,False,False,False,True,0.7511020146896483,1.379175592706676,0.0,False,crash,,inf,,inf,inf,inf,inf,inf,inf,inf,inf,0.0,"{'ROAD_LINE_BROKEN_SINGLE_WHITE', 'VEHICLE', 'ROAD_LINE_SOLID_SINGLE_WHITE'}",True,True,contact_road_line_solid_detected,False,,True,8,5,,inf,0,0,0,0,0,inf,inf,0.0,True,False,67,0,,False,False,0.0,inf,inf,inf,0.0,0,True,contact_road_line_solid_detected,,False,False,0.0,inf,inf,inf,False,0.0,,,,cost_window,0,True
6000,1042,43,272,26695,-0.6671553254127502,0.9931066036224365,0.0,-0.800000011920929,0.6671553254127502,-1.7931065559387207,True,True,ultra_short_horizon_emergency,ultra_short_horizon_emergency_stop,contact_vehicle_detected,1.0,1.0,2.0,True,True,False,False,False,False,False,False,True,0.7515690705491,1.1147257628913787,0.0,False,crash,,inf,,inf,inf,inf,inf,inf,inf,inf,inf,0.0,"{'ROAD_LINE_BROKEN_SINGLE_WHITE', 'VEHICLE', 'ROAD_LINE_SOLID_SINGLE_WHITE'}",True,True,contact_vehicle_detected,False,,True,8,5,,inf,0,0,0,0,0,inf,inf,0.0,True,False,67,0,,False,False,0.0,inf,inf,inf,0.0,0,True,contact_vehicle_detected,,False,False,0.0,inf,inf,inf,False,0.0,,,,cost_window,1,False
6000,1042,43,273,26696,-0.540432333946228,0.9984924793243408,0.0,-0.800000011920929,0.540432333946228,-1.798492431640625,True,True,ultra_short_horizon_emergency,ultra_short_horizon_emergency_stop,contact_vehicle_detected,1.0,1.0,3.0,True,True,False,False,False,False,False,False,True,0.7519395581990429,1.207033366837873,0.0,False,crash,,inf,,inf,inf,inf,inf,inf,inf,inf,inf,0.0,"{'ROAD_LINE_BROKEN_SINGLE_WHITE', 'VEHICLE', 'ROAD_LINE_SOLID_SINGLE_WHITE'}",True,True,contact_vehicle_detected,False,,True,8,5,,inf,0,0,0,0,0,inf,inf,0.0,True,False,67,0,,False,False,0.0,inf,inf,inf,0.0,0,True,contact_vehicle_detected,,False,False,0.0,inf,inf,inf,False,0.0,,,,cost_window,2,False
6000,1042,43,274,26697,-0.5724982619285583,0.9990212917327881,0.0,-0.800000011920929,0.5724982619285583,-1.7990212440490723,True,True,ultra_short_horizon_emergency,ultra_short_horizon_emergency_stop,contact_vehicle_detected,1.0,1.0,4.0,True,True,False,False,False,False,False,False,True,0.752294776516713,1.1150237387176998,0.0,False,crash,,inf,,inf,inf,inf,inf,inf,inf,inf,inf,0.0,"{'ROAD_LINE_BROKEN_SINGLE_WHITE', 'VEHICLE', 'ROAD_LINE_SOLID_SINGLE_WHITE'}",True,True,contact_vehicle_detected,False,,True,8,5,,inf,0,0,0,0,0,inf,inf,0.0,True,False,67,0,,False,False,0.0,inf,inf,inf,0.0,0,True,contact_vehicle_detected,,False,False,0.0,inf,inf,inf,False,0.0,,,,cost_window,3,False
6000,1042,43,275,26698,-0.7990685701370239,0.991165041923523,0.0,-0.800000011920929,0.7990685701370239,-1.7911651134490967,True,True,ultra_short_horizon_emergency,ultra_short_horizon_emergency_stop,contact_vehicle_detected,1.0,1.0,5.0,True,True,False,False,False,False,False,False,True,0.7525655492366446,0.6835481611273516,0.0,False,crash,,inf,,inf,inf,inf,inf,inf,inf,inf,inf,0.0,"{'ROAD_LINE_BROKEN_SINGLE_WHITE', 'VEHICLE', 'ROAD_LINE_SOLID_SINGLE_WHITE'}",True,True,contact_vehicle_detected,False,,True,8,5,,inf,0,0,0,0,0,inf,inf,0.0,True,False,67,0,,False,False,0.0,inf,inf,inf,0.0,0,True,contact_vehicle_detected,,False,False,0.0,inf,inf,inf,False,0.0,,,,cost_window,4,False
6000,1042,43,276,26699,-0.9139723777770996,0.8471236228942871,0.0,-0.800000011920929,0.9139723777770996,-1.6471235752105713,True,True,ultra_short_horizon_emergency,ultra_short_horizon_emergency_stop,contact_vehicle_detected,1.0,1.0,6.0,True,True,False,False,False,False,False,False,True,0.7526833707059386,0.22593920277779114,0.0,False,crash,,inf,,inf,inf,inf,inf,inf,inf,inf,inf,0.0,"{'ROAD_LINE_BROKEN_SINGLE_WHITE', 'VEHICLE', 'ROAD_LINE_SOLID_SINGLE_WHITE'}",True,True,contact_vehicle_detected,False,,True,8,5,,inf,0,0,0,0,0,inf,inf,0.0,True,False,67,0,,False,False,0.0,inf,inf,inf,0.0,0,True,contact_vehicle_detected,,False,False,0.0,inf,inf,inf,False,0.0,,,,cost_window,5,False
6000,1042,43,277,26700,-0.9248290657997131,0.5608136653900146,0.0,-0.800000011920929,0.9248290657997131,-1.3608136177062988,True,True,ultra_short_horizon_emergency,ultra_short_horizon_emergency_stop,contact_vehicle_detected,1.0,1.0,7.0,True,True,False,False,False,False,False,False,True,0.7527154053523623,0.15666244111184235,0.0,False,crash,,inf,,inf,inf,inf,inf,inf,inf,inf,inf,0.0,"{'ROAD_LINE_BROKEN_SINGLE_WHITE', 'ROAD_LINE_SOLID_SINGLE_WHITE'}",True,True,contact_vehicle_detected,False,,True,8,5,,inf,0,0,0,0,0,inf,inf,0.0,True,False,67,0,,False,False,0.0,inf,inf,inf,0.0,0,True,contact_vehicle_detected,,False,False,0.0,inf,inf,inf,False,0.0,,,,cost_window,6,False
6000,1042,43,278,26701,-0.9285551309585571,0.4091777801513672,0.44999998807907104,-0.25,1.3785550594329834,-0.6591777801513672,True,True,ultra_short_horizon_emergency,ultra_short_boundary_recovery,contact_road_line_solid_detected,0,0,7.0,False,False,False,False,False,False,False,False,True,0.7527016835875495,0.08239266078903329,0.0,False,max_steps,,inf,,inf,inf,inf,inf,inf,inf,inf,inf,0.0,"{'ROAD_LINE_BROKEN_SINGLE_WHITE', 'ROAD_LINE_SOLID_SINGLE_WHITE'}",True,True,contact_road_line_solid_detected,False,,True,8,5,,inf,0,0,0,0,0,inf,inf,0.0,True,False,67,0,,False,False,0.0,inf,inf,inf,0.0,0,True,contact_road_line_solid_detected,,False,False,0.0,inf,inf,inf,False,0.0,,,,cost_window,7,False
6000,1042,43,279,26702,-0.9501034021377563,-0.7332042455673218,0.44999998807907104,-0.25,1.4001033306121826,0.4832042455673218,True,True,ultra_short_horizon_emergency,ultra_short_boundary_recovery,contact_road_line_solid_detected,0,0,7.0,False,False,False,False,False,False,False,False,True,0.7526888387776309,0.02806858689785243,0.0,False,max_steps,,inf,,inf,inf,inf,inf,inf,inf,inf,inf,0.0,"{'ROAD_LINE_BROKEN_SINGLE_WHITE', 'ROAD_LINE_SOLID_SINGLE_WHITE'}",True,True,contact_road_line_solid_detected,False,,True,8,5,,inf,0,0,0,0,0,inf,inf,0.0,True,False,67,0,,False,False,0.0,inf,inf,inf,0.0,0,True,contact_road_line_solid_detected,,False,False,0.0,inf,inf,inf,False,0.0,,,,cost_window,8,False
6000,1042,43,280,26703,-0.9718325734138489,-0.8572561740875244,0.44999998807907104,-0.25,1.42183256149292,0.6072561740875244,True,True,ultra_short_horizon_emergency,ultra_short_boundary_recovery,contact_road_line_solid_detected,0,0,7.0,False,False,False,False,False,False,False,False,True,0.7526813072826586,0.04579895938038967,0.0,False,max_steps,,inf,,inf,inf,inf,inf,inf,inf,inf,inf,0.0,"{'ROAD_LINE_BROKEN_SINGLE_WHITE', 'ROAD_LINE_SOLID_SINGLE_WHITE'}",True,True,contact_road_line_solid_detected,False,,True,8,5,,inf,0,0,0,0,0,inf,inf,0.0,True,False,67,0,,False,False,0.0,inf,inf,inf,0.0,0,True,contact_road_line_solid_detected,,False,False,0.0,inf,inf,inf,False,0.0,,,,cost_window,9,False
6000,1042,43,281,26704,-0.9745200276374817,-0.9481608271598816,0.44999998807907104,-0.25,1.4245200157165527,0.6981608271598816,True,True,ultra_short_horizon_emergency,ultra_short_boundary_recovery,contact_road_line_solid_detected,0,0,7.0,False,False,False,False,False,False,False,False,True,0.7526818231384785,0.03469342377769448,0.0,False,max_steps,,inf,,inf,inf,inf,inf,inf,inf,inf,inf,0.0,"{'ROAD_LINE_BROKEN_SINGLE_WHITE', 'ROAD_LINE_SOLID_SINGLE_WHITE'}",True,True,contact_road_line_solid_detected,False,,True,8,5,,inf,0,0,0,0,0,inf,inf,0.0,True,False,67,0,,False,False,0.0,inf,inf,inf,0.0,0,True,contact_road_line_solid_detected,,False,False,0.0,inf,inf,inf,False,0.0,,,,cost_window,10,False
6000,1042,43,282,26705,-0.9876953363418579,-0.9854163527488708,0.44999998807907104,-0.25,1.4376952648162842,0.7354163527488708,True,True,ultra_short_horizon_emergency,ultra_short_boundary_recovery,contact_road_line_solid_detected,1.0,1.0,8.0,True,True,False,False,False,False,False,False,True,0.7526872912101709,0.0417560887649694,0.0,False,crash,,inf,,inf,inf,inf,inf,inf,inf,inf,inf,0.0,"{'ROAD_LINE_BROKEN_SINGLE_WHITE', 'ROAD_LINE_SOLID_SINGLE_WHITE'}",True,True,contact_road_line_solid_detected,False,,True,8,5,,inf,0,0,0,0,0,inf,inf,0.0,True,False,67,0,,False,False,0.0,inf,inf,inf,0.0,0,True,contact_road_line_solid_detected,,False,False,0.0,inf,inf,inf,False,0.0,,,,cost_window,11,False
6000,1042,43,283,26706,-0.990738570690155,-0.9969872236251831,0.44999998807907104,-0.25,1.440738558769226,0.7469872236251831,True,True,ultra_short_horizon_emergency,ultra_short_boundary_recovery,contact_road_line_solid_detected,0,0,8.0,False,False,False,False,False,False,False,False,True,0.7526944100204872,0.007861684222318779,0.0,False,max_steps,,inf,,inf,inf,inf,inf,inf,inf,inf,inf,0.0,"{'ROAD_LINE_BROKEN_SINGLE_WHITE', 'ROAD_LINE_SOLID_SINGLE_WHITE'}",True,True,contact_road_line_solid_detected,False,,True,8,5,,inf,0,0,0,0,0,inf,inf,0.0,True,False,67,0,,False,False,0.0,inf,inf,inf,0.0,0,True,contact_road_line_solid_detected,,False,False,0.0,inf,inf,inf,False,0.0,,,,cost_window,12,False
6000,1042,43,284,26707,-0.9906734228134155,-0.9979742765426636,0.44999998807907104,-0.25,1.4406733512878418,0.7479742765426636,True,True,ultra_short_horizon_emergency,ultra_short_boundary_recovery,contact_road_line_solid_detected,0,0,8.0,False,False,False,False,False,False,False,False,True,0.7526951838042173,0.04356430646725936,0.0,False,max_steps,,inf,,inf,inf,inf,inf,inf,inf,inf,inf,0.0,"{'ROAD_LINE_BROKEN_SINGLE_WHITE', 'ROAD_LINE_SOLID_SINGLE_WHITE'}",True,True,contact_road_line_solid_detected,False,,True,8,5,,inf,0,0,0,0,0,inf,inf,0.0,True,False,67,0,,False,False,0.0,inf,inf,inf,0.0,0,True,contact_road_line_solid_detected,,False,False,0.0,inf,inf,inf,False,0.0,,,,cost_window,13,False
6000,1042,43,285,26708,-0.9776314496994019,-0.9939066171646118,0.44999998807907104,-0.25,1.4276313781738281,0.7439066171646118,True,True,ultra_short_horizon_emergency,ultra_short_boundary_recovery,contact_road_line_solid_detected,0,0,8.0,False,False,False,False,False,False,False,False,True,0.7526925013539532,0.03713857317630631,0.0,False,max_steps,,inf,,inf,inf,inf,inf,inf,inf,inf,inf,0.0,"{'ROAD_LINE_BROKEN_SINGLE_WHITE', 'ROAD_LINE_SOLID_SINGLE_WHITE'}",True,True,contact_road_line_solid_detected,False,,True,8,5,,inf,0,0,0,0,0,inf,inf,0.0,True,False,67,0,,False,False,0.0,inf,inf,inf,0.0,0,True,contact_road_line_solid_detected,,False,False,0.0,inf,inf,inf,False,0.0,,,,cost_window,14,False
6000,1042,43,286,26709,-0.9797472357749939,-0.9978651404380798,0.44999998807907104,0.18000000715255737,1.429747223854065,1.1778651475906372,True,True,ultra_short_horizon_emergency,ultra_short_boundary_recovery,contact_road_line_solid_detected,0,0,8.0,False,False,False,False,False,False,False,False,True,0.752689560975779,0.012381020987373086,0.0,False,max_steps,,inf,,inf,inf,inf,inf,inf,inf,inf,inf,0.0,"{'ROAD_LINE_BROKEN_SINGLE_WHITE', 'ROAD_LINE_SOLID_SINGLE_WHITE'}",True,True,contact_road_line_solid_detected,False,,True,8,5,,inf,0,0,0,0,0,inf,inf,0.0,True,False,67,0,,False,False,0.0,inf,inf,inf,0.0,0,True,contact_road_line_solid_detected,,False,False,0.0,inf,inf,inf,False,0.0,,,,cost_window,15,False
6000,1042,43,287,26710,-0.9820854663848877,-0.9937646985054016,0.44999998807907104,0.18000000715255737,1.4320855140686035,1.173764705657959,True,True,ultra_short_horizon_emergency,ultra_short_boundary_recovery,contact_road_line_solid_detected,0,0,8.0,False,False,False,False,False,False,False,False,True,0.7526952869753812,0.06097347211783551,0.0,False,max_steps,,inf,,inf,inf,inf,inf,inf,inf,inf,inf,0.0,"{'ROAD_LINE_BROKEN_SINGLE_WHITE', 'ROAD_LINE_SOLID_SINGLE_WHITE'}",True,True,contact_road_line_solid_detected,False,,True,8,5,,inf,0,0,0,0,0,inf,inf,0.0,True,False,67,0,,False,False,0.0,inf,inf,inf,0.0,0,True,contact_road_line_solid_detected,,False,False,0.0,inf,inf,inf,False,0.0,,,,cost_window,16,False
6000,1042,43,288,26711,-0.9847522974014282,-0.9945724606513977,0.44999998807907104,0.18000000715255737,1.4347522258758545,1.174572467803955,True,True,ultra_short_horizon_emergency,ultra_short_boundary_recovery,contact_road_line_solid_detected,0,0,8.0,False,False,False,False,False,False,False,False,True,0.7527131355867541,0.10948628495049542,0.0,False,max_steps,,inf,,inf,inf,inf,inf,inf,inf,inf,inf,0.0,"{'ROAD_LINE_BROKEN_SINGLE_WHITE', 'ROAD_LINE_SOLID_SINGLE_WHITE'}",True,True,contact_road_line_solid_detected,False,,True,8,5,,inf,0,0,0,0,0,inf,inf,0.0,True,False,67,0,,False,False,0.0,inf,inf,inf,0.0,0,True,contact_road_line_solid_detected,,False,False,0.0,inf,inf,inf,False,0.0,,,,cost_window,17,False
6000,1042,43,289,26712,-0.9869032502174377,-0.9963721036911011,0.44999998807907104,0.18000000715255737,1.4369032382965088,1.1763720512390137,True,True,ultra_short_horizon_emergency,ultra_short_boundary_recovery,contact_road_line_solid_detected,0,0,8.0,False,False,False,False,False,False,False,False,True,0.7527429004675696,0.15794131112772897,0.0,False,max_steps,,inf,,inf,inf,inf,inf,inf,inf,inf,inf,0.0,"{'ROAD_LINE_BROKEN_SINGLE_WHITE', 'ROAD_LINE_SOLID_SINGLE_WHITE'}",True,True,contact_road_line_solid_detected,False,,True,8,5,,inf,0,0,0,0,0,inf,inf,0.0,True,False,67,0,,False,False,0.0,inf,inf,inf,0.0,0,True,contact_road_line_solid_detected,,False,False,0.0,inf,inf,inf,False,0.0,,,,cost_window,18,False
6000,1042,43,290,26713,-0.9866105914115906,-0.9965961575508118,0.44999998807907104,0.18000000715255737,1.4366105794906616,1.1765961647033691,True,True,ultra_short_horizon_emergency,ultra_short_boundary_recovery,contact_road_line_solid_detected,0,0,8.0,False,False,False,False,False,False,False,False,True,0.7527846332034098,0.20629803559641666,0.0,False,max_steps,,inf,,inf,inf,inf,inf,inf,inf,inf,inf,0.0,"{'ROAD_LINE_BROKEN_SINGLE_WHITE', 'ROAD_LINE_SOLID_SINGLE_WHITE'}",True,True,contact_road_line_solid_detected,False,,True,8,5,,inf,0,0,0,0,0,inf,inf,0.0,True,False,67,0,,False,False,0.0,inf,inf,inf,0.0,0,True,contact_road_line_solid_detected,,False,False,0.0,inf,inf,inf,False,0.0,,,,cost_window,19,False
6000,1042,43,291,26714,-0.9821341037750244,-0.9970853328704834,0.44999998807907104,0.18000000715255737,1.4321341514587402,1.1770853996276855,True,True,ultra_short_horizon_emergency,ultra_short_boundary_recovery,contact_road_line_solid_detected,0,0,8.0,False,False,False,False,False,False,False,False,True,0.7528383337942746,0.25458662503257545,0.0,False,max_steps,,inf,,inf,inf,inf,inf,inf,inf,inf,inf,0.0,"{'ROAD_LINE_BROKEN_SINGLE_WHITE', 'ROAD_LINE_SOLID_SINGLE_WHITE'}",True,True,contact_road_line_solid_detected,False,,True,8,5,,inf,0,0,0,0,0,inf,inf,0.0,True,False,67,0,,False,False,0.0,inf,inf,inf,0.0,0,True,contact_road_line_solid_detected,,False,False,0.0,inf,inf,inf,False,0.0,,,,cost_window,20,False
6000,1043,44,92,26974,0.05920827388763428,0.7985340356826782,-0.19848130643367767,1.0,-0.25768959522247314,0.20146596431732178,True,True,predictive_recovery,right_pass,,0,0,0,False,False,False,False,False,False,False,False,True,0.21030579558375173,13.135921364622254,0.0,False,max_steps,vehicle,38.33038164711751,,inf,inf,inf,-0.241240907949404,inf,2.543456100463867,-9.985083085610395,0.18308586325333076,0.12191545853444365,{'ROAD_LINE_BROKEN_SINGLE_WHITE'},True,True,predicted_collision,False,raw_predicted_collision,True,8,0,,inf,inf,inf,inf,False,False,4.415411215544267,inf,0.7684371623458649,True,False,75,0,,True,False,0.0,8.17215774498042,inf,2.5407766266475105,0.0,vehicle_lateral_margin_violation,True,predicted_collision,,False,False,0.24115977659397472,-0.003865921979915754,inf,2.5762493103404096,True,23.713009157086248,,,,cost_window,-20,False
6000,1043,44,93,26975,0.14593946933746338,0.9086439609527588,-0.19848130643367767,-0.20000000298023224,-0.34442079067230225,-1.1086440086364746,True,True,safety_hold,safety_hold_recovery,recent_emergency_safety_hold,0,0,0,False,False,False,False,False,False,False,False,True,0.21320238975817546,12.795382369846727,0.0,False,max_steps,vehicle,37.482130275705764,,inf,inf,inf,inf,inf,inf,inf,inf,0.0,{'ROAD_LINE_BROKEN_SINGLE_WHITE'},True,True,recent_emergency_safety_hold,False,,True,7,0,,inf,inf,inf,inf,False,False,4.309664228140397,inf,1.9170493932116195,True,False,75,0,,False,False,0.9421780043459793,-2.3135509045390044,inf,2.4242733879695293,0.0,,True,safety_hold,,False,False,0.0,inf,inf,inf,False,0.0,,,,cost_window,-19,False
6000,1043,44,94,26976,0.3804280757904053,0.698375940322876,-0.19848130643367767,-0.20000000298023224,-0.5789093971252441,-0.898375928401947,True,True,safety_hold,safety_hold_recovery,recent_emergency_safety_hold,0,0,0,False,False,False,False,False,False,False,False,True,0.21602992738317994,12.442086605794104,0.0,False,max_steps,vehicle,36.63973917655872,,inf,inf,inf,inf,inf,inf,inf,inf,0.0,{'ROAD_LINE_BROKEN_SINGLE_WHITE'},True,True,recent_emergency_safety_hold,False,,True,6,0,,inf,inf,inf,inf,False,False,4.459689349570477,inf,4.867722693963266,True,False,75,0,,False,False,0.2654858171954548,-0.08495272398484932,inf,2.3666352196345684,0.0,,True,safety_hold,,False,False,0.0,inf,inf,inf,False,0.0,,,,cost_window,-18,False
6000,1043,44,95,26977,0.3174706697463989,0.5348004102706909,-0.017416758462786674,1.0,-0.33488741517066956,0.4651995897293091,True,True,predictive_recovery,right_pass,,0,0,0,False,False,False,False,False,False,False,False,True,0.21880583790457986,12.685346876193307,0.0,False,max_steps,vehicle,36.116868834938586,,inf,inf,inf,2.4671694543019718,inf,2.3816352937717,-6.892546624750413,-0.1686609431140993,0.09276350386520058,{'ROAD_LINE_BROKEN_SINGLE_WHITE'},True,True,predicted_collision,False,raw_predicted_collision,True,8,0,,inf,inf,inf,inf,False,False,4.627417163321858,inf,3.9499975677841537,True,False,75,0,,True,False,0.0,9.346201132284929,inf,2.3802617951045417,0.0,vehicle_lateral_margin_violation,True,predicted_collision,,False,False,0.0,2.5835186075772145,inf,2.4157344787974413,True,47.19456379845475,,,,cost_window,-17,False
6000,1043,44,96,26978,0.3690524101257324,0.8332514762878418,0.05756233632564545,1.0,-0.3114900588989258,0.1667485237121582,True,True,predictive_recovery,right_pass,,0,0,0,False,False,False,False,False,False,False,False,True,0.2216313070544974,12.94686326111525,0.0,False,max_steps,vehicle,35.35636191739548,,inf,inf,inf,-0.7437302975223936,inf,2.4472527492140785,-10.456819860016562,-0.11598458686087953,0.13836410011371886,{'ROAD_LINE_BROKEN_SINGLE_WHITE'},True,True,predicted_collision,False,raw_predicted_collision,True,8,0,,inf,inf,inf,inf,False,False,4.434845641271114,inf,4.681557837940071,True,False,75,0,,True,False,0.0,9.573750725780728,inf,2.446643249572316,0.0,vehicle_lateral_margin_violation,True,predicted_collision,,False,False,0.3860964312009235,-0.48698810400307835,inf,2.4821159332652143,True,25.361253034139125,,,,cost_window,-16,False
6000,1043,44,97,26979,0.3243751525878906,0.648970365524292,0.07920015603303909,1.0,-0.24517500400543213,0.351029634475708,True,True,predictive_recovery,right_pass,,0,0,0,False,False,False,False,False,False,False,False,True,0.22451779621947995,13.21834164002611,0.0,False,max_steps,vehicle,34.58751202232948,,inf,inf,inf,-0.271578337481035,inf,2.5165018005977076,-11.785628992898776,-0.05297033275873497,0.17370902673797706,{'ROAD_LINE_BROKEN_SINGLE_WHITE'},True,True,predicted_collision,False,raw_predicted_collision,True,8,0,,inf,inf,inf,inf,False,False,4.252341376902132,inf,4.199640745858814,True,False,75,0,,True,False,0.0,9.462578361030824,inf,2.516501800597705,0.0,vehicle_lateral_margin_violation,True,predicted_collision,,False,False,0.23316052052621755,0.022798264912608168,inf,2.551974484290605,True,26.916137453844016,,,,cost_window,-15,False
6000,1043,44,98,26980,0.39166462421417236,0.6215441226959229,0.0602458156645298,1.0,-0.33141881227493286,0.37845587730407715,True,True,predictive_recovery,right_pass,,0,0,0,False,False,False,False,False,False,False,False,True,0.22746711955390705,13.498483359442778,0.0,False,max_steps,vehicle,33.80501905776821,,inf,inf,inf,-0.7964762254846862,inf,2.570703880370657,-8.527679954250427,-0.18138735053169208,0.103969159127978,{'ROAD_LINE_BROKEN_SINGLE_WHITE'},True,True,predicted_collision,False,raw_predicted_collision,True,8,0,,inf,inf,inf,inf,False,False,4.087848293652554,inf,5.177156811175373,True,False,75,0,,True,False,0.0,8.61684280167837,inf,2.5707038803706523,0.0,vehicle_lateral_margin_violation,True,predicted_collision,,False,False,0.36104344860772203,-0.40347816202574016,inf,2.606176564063554,True,28.646444484107647,,,,cost_window,-14,False
6000,1043,44,99,26981,0.36915457248687744,0.597373366355896,0.0602458156645298,-0.20000000298023224,-0.30890876054763794,-0.797373354434967,True,True,safety_hold,safety_hold_recovery,recent_emergency_safety_hold,0,0,0,False,False,False,False,False,False,False,False,True,0.23044401125301758,13.117306115661112,0.0,False,max_steps,vehicle,33.00792508914923,,inf,inf,inf,inf,inf,inf,inf,inf,0.0,{'ROAD_LINE_BROKEN_SINGLE_WHITE'},True,True,recent_emergency_safety_hold,False,,True,7,0,,inf,inf,inf,inf,False,False,3.928225787563075,inf,4.983026853776328,True,False,75,0,,False,False,1.0929074626081876,-2.1032429830696566,inf,2.59972800451616,0.0,,True,safety_hold,,False,False,0.0,inf,inf,inf,False,0.0,,,,cost_window,-13,False
6000,1043,44,100,26982,0.46776318550109863,0.2364952564239502,-0.005404478870332241,1.0,-0.47316765785217285,0.7635047435760498,True,True,predictive_recovery,right_pass,,0,0,0,False,False,False,False,False,False,False,False,True,0.23337714283573946,13.397587932849385,0.0,False,max_steps,vehicle,32.21189942415348,,inf,inf,inf,2.4112392079706146,inf,2.6034530563960456,-5.002850485138932,-0.12240458669498233,0.06743263019873286,{'ROAD_LINE_BROKEN_SINGLE_WHITE'},True,True,predicted_collision,False,raw_predicted_collision,True,8,0,,inf,inf,inf,inf,False,False,4.10164973493948,inf,6.135792893854684,True,False,75,0,,True,False,0.0,10.176916763634368,inf,2.603453056396044,0.0,vehicle_lateral_margin_violation,True,predicted_collision,,False,False,0.0,2.6962543671166723,inf,2.6389257400889448,True,51.38814938263279,,,,cost_window,-12,False
6000,1043,44,101,26983,0.5430030822753906,0.7768740653991699,-0.027949970215559006,1.0,-0.5709530711174011,0.22312593460083008,True,True,predictive_recovery,right_pass,,0,0,0,False,False,False,False,False,False,False,False,True,0.23636671666079295,13.676632609373707,0.0,False,max_steps,vehicle,30.95921023193418,,inf,inf,inf,-1.0766287264157963,inf,2.588922397674122,-11.248315083714246,-0.11005447025741555,0.16271415780079806,{'ROAD_LINE_BROKEN_SINGLE_WHITE'},True,True,predicted_collision_within_2s,False,raw_predicted_collision,True,8,0,,inf,inf,inf,inf,False,False,3.930975351475176,inf,7.274931542592795,True,False,75,0,,True,False,0.0,8.965305942552137,inf,2.588922397674119,0.0,vehicle_lateral_margin_violation,True,predicted_collision_within_2s,,False,False,0.6059072774025003,-0.5426070180579528,inf,2.624395081367021,True,31.36000442598356,,,,cost_window,-11,False
6000,1043,44,102,26984,0.5362653732299805,0.6685857772827148,-0.027949970215559006,-0.20000000298023224,-0.564215362071991,-0.8685857653617859,True,True,safety_hold,safety_hold_recovery,recent_emergency_safety_hold,0,0,0,False,False,False,False,False,False,False,False,True,0.23938328239025972,13.297272761879771,0.0,False,max_steps,vehicle,29.61394198242246,,inf,inf,inf,inf,inf,inf,inf,inf,0.0,{'ROAD_LINE_BROKEN_SINGLE_WHITE'},True,True,recent_emergency_safety_hold,False,,True,7,0,,inf,inf,inf,inf,False,False,3.7569686467221515,inf,7.3343044907951125,True,False,75,0,,False,False,1.3983954143852166,-1.8507785972956614,inf,2.578217880309617,0.0,,True,safety_hold,,False,False,0.0,inf,inf,inf,False,0.0,,,,cost_window,-10,False
6000,1043,44,103,26985,0.6266911029815674,0.38272273540496826,0.0,-0.800000011920929,-0.6266911029815674,-1.182722806930542,True,True,ultra_short_horizon_emergency,ultra_short_horizon_emergency_stop,vehicle_collision_step_3,0,0,0,False,False,False,False,False,False,False,False,True,0.2422760278446446,12.180171256646908,0.0,False,max_steps,,inf,,inf,inf,inf,inf,inf,inf,inf,inf,0.0,{'ROAD_LINE_BROKEN_SINGLE_WHITE'},True,True,vehicle_collision_step_3,False,,True,8,0,,inf,0,0,0,0,0,inf,inf,0.0,True,False,75,0,,False,False,0.0,inf,inf,inf,0.0,0,True,vehicle_collision_step_3,,False,False,0.0,inf,inf,inf,False,0.0,,,,cost_window,-9,False
6000,1043,44,104,26986,0.6921770572662354,0.21557092666625977,0.0,-0.800000011920929,-0.6921770572662354,-1.015570878982544,True,True,ultra_short_horizon_emergency,ultra_short_horizon_emergency_stop,vehicle_collision_step_3,0,0,0,False,False,False,False,False,False,False,False,True,0.2449380535532655,11.167243034818933,0.0,False,max_steps,,inf,,inf,inf,inf,inf,inf,inf,inf,inf,0.0,{'ROAD_LINE_BROKEN_SINGLE_WHITE'},True,True,vehicle_collision_step_3,False,,True,8,0,,inf,0,0,0,0,0,inf,inf,0.0,True,False,75,0,,False,False,0.0,inf,inf,inf,0.0,0,True,vehicle_collision_step_3,,False,False,0.0,inf,inf,inf,False,0.0,,,,cost_window,-8,False
6000,1043,44,105,26987,0.7280139923095703,0.1328425407409668,0.0,-0.800000011920929,-0.7280139923095703,-0.9328425526618958,True,True,ultra_short_horizon_emergency,ultra_short_horizon_emergency_stop,vehicle_collision_step_3,0,0,0,False,False,False,False,False,False,False,False,True,0.2473736829681484,10.126485103074868,0.0,False,max_steps,,inf,,inf,inf,inf,inf,inf,inf,inf,inf,0.0,{'ROAD_LINE_BROKEN_SINGLE_WHITE'},True,True,vehicle_collision_step_3,False,,True,8,0,,inf,0,0,0,0,0,inf,inf,0.0,True,False,75,0,,False,False,0.0,inf,inf,inf,0.0,0,True,vehicle_collision_step_3,,False,False,0.0,inf,inf,inf,False,0.0,,,,cost_window,-7,False
6000,1043,44,106,26988,0.6704667806625366,0.13559365272521973,0.0,-0.800000011920929,-0.6704667806625366,-0.9355936646461487,True,True,ultra_short_horizon_emergency,ultra_short_horizon_emergency_stop,high_speed_approach_True,0,0,0,False,False,False,False,False,False,False,False,True,0.24957659198103566,9.056075960216212,0.0,False,max_steps,,inf,,inf,inf,inf,inf,inf,inf,inf,inf,0.0,{'ROAD_LINE_BROKEN_SINGLE_WHITE'},True,True,high_speed_approach_True,False,,True,8,0,,inf,0,0,0,0,0,inf,inf,0.0,True,False,75,0,,False,False,0.0,inf,inf,inf,0.0,0,True,high_speed_approach_True,,False,False,0.0,inf,inf,inf,False,0.0,,,,cost_window,-6,False
6000,1043,44,107,26989,0.7492668628692627,0.3223205804824829,0.0,-0.800000011920929,-0.7492668628692627,-1.1223206520080566,True,True,ultra_short_horizon_emergency,ultra_short_horizon_emergency_stop,high_speed_approach_True,0,0,0,False,False,False,False,False,False,False,False,True,0.2515408973062292,7.974469853016615,0.0,False,max_steps,,inf,,inf,inf,inf,inf,inf,inf,inf,inf,0.0,{'ROAD_LINE_BROKEN_SINGLE_WHITE'},True,True,high_speed_approach_True,False,,True,8,0,,inf,0,0,0,0,0,inf,inf,0.0,True,False,75,0,,False,False,0.0,inf,inf,inf,0.0,0,True,high_speed_approach_True,,False,False,0.0,inf,inf,inf,False,0.0,,,,cost_window,-5,False
6000,1043,44,108,26990,0.7849072217941284,0.3891146183013916,0.0,-0.800000011920929,-0.7849072217941284,-1.1891145706176758,True,True,ultra_short_horizon_emergency,ultra_short_horizon_emergency_stop,vehicle_collision_step_1,0,0,0,False,False,False,False,False,False,False,False,True,0.2532648017440632,6.893173735363934,0.0,False,max_steps,,inf,,inf,inf,inf,inf,inf,inf,inf,inf,0.0,{'ROAD_LINE_BROKEN_SINGLE_WHITE'},True,True,vehicle_collision_step_1,False,,True,8,0,,inf,0,0,0,0,0,inf,inf,0.0,True,False,75,0,,False,False,0.0,inf,inf,inf,0.0,0,True,vehicle_collision_step_1,,False,False,0.0,inf,inf,inf,False,0.0,,,,cost_window,-4,False
6000,1043,44,109,26991,0.7190496921539307,0.05121910572052002,0.0,-0.800000011920929,-0.7190496921539307,-0.851219117641449,True,True,ultra_short_horizon_emergency,ultra_short_horizon_emergency_stop,vehicle_collision_step_1,0,0,0,False,False,False,False,False,False,False,False,True,0.2547485257058175,5.814082997424658,0.0,False,max_steps,,inf,,inf,inf,inf,inf,inf,inf,inf,inf,0.0,{'ROAD_LINE_BROKEN_SINGLE_WHITE'},True,True,vehicle_collision_step_1,False,,True,8,0,,inf,0,0,0,0,0,inf,inf,0.0,True,False,75,0,,False,False,0.0,inf,inf,inf,0.0,0,True,vehicle_collision_step_1,,False,False,0.0,inf,inf,inf,False,0.0,,,,cost_window,-3,False
6000,1043,44,110,26992,0.8566029071807861,-0.00640416145324707,0.0,-0.800000011920929,-0.8566029071807861,-0.7935958504676819,True,True,ultra_short_horizon_emergency,ultra_short_horizon_emergency_stop,vehicle_collision_step_1,0,0,0,False,False,False,False,False,False,False,False,True,0.25599251001405166,4.735606256138552,0.0,False,max_steps,,inf,,inf,inf,inf,inf,inf,inf,inf,inf,0.0,{'ROAD_LINE_BROKEN_SINGLE_WHITE'},True,True,vehicle_collision_step_1,False,,True,8,0,,inf,0,0,0,0,0,inf,inf,0.0,True,False,75,0,,False,False,0.0,inf,inf,inf,0.0,0,True,vehicle_collision_step_1,,False,False,0.0,inf,inf,inf,False,0.0,,,,cost_window,-2,False
6000,1043,44,111,26993,0.8710343837738037,-0.04070192575454712,0.0,-0.800000011920929,-0.8710343837738037,-0.7592980861663818,True,True,ultra_short_horizon_emergency,ultra_short_horizon_emergency_stop,vehicle_collision_step_1,0,0,0,False,False,False,False,False,False,False,False,True,0.25699685639704856,3.6571445337898187,0.0,False,max_steps,,inf,,inf,inf,inf,inf,inf,inf,inf,inf,0.0,{'ROAD_LINE_BROKEN_SINGLE_WHITE'},True,True,vehicle_collision_step_1,False,,True,8,0,,inf,0,0,0,0,0,inf,inf,0.0,True,False,75,0,,False,False,0.0,inf,inf,inf,0.0,0,True,vehicle_collision_step_1,,False,False,0.0,inf,inf,inf,False,0.0,,,,cost_window,-1,False
6000,1043,44,112,26994,0.9146956205368042,0.5215897560119629,0.0,-0.800000011920929,-0.9146956205368042,-1.321589708328247,True,True,ultra_short_horizon_emergency,ultra_short_horizon_emergency_stop,vehicle_collision_step_1,1.0,1.0,1.0,True,False,True,False,False,False,False,False,True,0.25776154790009437,2.5784608553765915,0.0,False,crash,,inf,,inf,inf,inf,inf,inf,inf,inf,inf,0.0,"{'TRAFFIC_BARRIER', 'ROAD_LINE_BROKEN_SINGLE_WHITE'}",True,True,vehicle_collision_step_1,False,,True,8,0,,inf,0,0,0,0,0,inf,inf,0.0,True,False,75,0,,False,False,0.0,inf,inf,inf,0.0,0,True,vehicle_collision_step_1,,False,False,0.0,inf,inf,inf,False,0.0,,,,cost_window,0,True
6000,1043,44,113,26995,0.917210578918457,0.7800471782684326,0.5,0.44999998807907104,-0.41721057891845703,-0.3300471901893616,True,True,contact_escape,traffic_object_contact_escape,contact_traffic_barrier_detected,1.0,1.0,2.0,True,False,True,False,False,False,False,False,True,0.25833704175153965,2.537919219845312,0.0,False,crash,,inf,,inf,inf,inf,inf,inf,inf,inf,inf,0.0,"{'TRAFFIC_BARRIER', 'ROAD_LINE_BROKEN_SINGLE_WHITE'}",True,True,contact_traffic_barrier_detected,False,,True,8,1,,inf,0,0,0,0,0,inf,inf,0.0,False,True,75,0,,False,False,0.0,inf,inf,inf,0.0,0,True,contact_traffic_barrier_detected,,False,False,0.0,inf,inf,inf,False,0.0,,,,cost_window,1,False
6000,1043,44,114,26996,0.9002156257629395,0.984243631362915,0.5,0.44999998807907104,-0.40021562576293945,-0.534243643283844,True,True,contact_escape,traffic_object_contact_escape,contact_traffic_barrier_detected,1.0,1.0,3.0,True,False,True,False,False,False,False,False,True,0.2588936480517811,2.6113658609641495,0.0,False,crash,,inf,,inf,inf,inf,inf,inf,inf,inf,inf,0.0,"{'TRAFFIC_BARRIER', 'ROAD_LINE_BROKEN_SINGLE_WHITE'}",True,True,contact_traffic_barrier_detected,False,,True,8,2,,inf,0,0,0,0,0,inf,inf,0.0,False,True,75,0,,False,False,0.0,inf,inf,inf,0.0,0,True,contact_traffic_barrier_detected,,False,False,0.0,inf,inf,inf,False,0.0,,,,cost_window,2,False
6000,1043,44,115,26997,0.9112226963043213,0.9897990226745605,0.5,0.44999998807907104,-0.4112226963043213,-0.5397990345954895,True,True,contact_escape,traffic_object_contact_escape,contact_traffic_barrier_detected,1.0,1.0,4.0,True,False,True,False,False,False,False,False,True,0.2594614275084349,2.744761547728227,0.0,False,crash,,inf,,inf,inf,inf,inf,inf,inf,inf,inf,0.0,"{'TRAFFIC_BARRIER', 'ROAD_LINE_BROKEN_SINGLE_WHITE'}",True,True,contact_traffic_barrier_detected,False,,True,8,3,,inf,0,0,0,0,0,inf,inf,0.0,False,True,75,0,,False,False,0.0,inf,inf,inf,0.0,0,True,contact_traffic_barrier_detected,,False,False,0.0,inf,inf,inf,False,0.0,,,,cost_window,3,False
6000,1043,44,116,26998,0.7676358222961426,0.9978311061859131,0.5,0.44999998807907104,-0.2676358222961426,-0.547831118106842,True,True,contact_escape,traffic_object_contact_escape,contact_traffic_barrier_detected,1.0,1.0,5.0,True,False,True,False,False,False,False,False,True,0.2600531978851545,2.867723009194892,0.0,False,crash,,inf,,inf,inf,inf,inf,inf,inf,inf,inf,0.0,"{'TRAFFIC_BARRIER', 'ROAD_LINE_BROKEN_SINGLE_WHITE'}",True,True,contact_traffic_barrier_detected,False,,True,8,4,,inf,0,0,0,0,0,inf,inf,0.0,False,True,75,0,,False,False,0.0,inf,inf,inf,0.0,0,True,contact_traffic_barrier_detected,,False,False,0.0,inf,inf,inf,False,0.0,,,,cost_window,4,False
6000,1043,44,117,26999,0.6520252227783203,0.9992852210998535,0.5,0.44999998807907104,-0.1520252227783203,-0.5492852330207825,True,True,contact_escape,traffic_object_contact_escape,contact_traffic_barrier_detected,1.0,1.0,6.0,True,False,True,False,False,False,False,False,True,0.26066577169574046,2.985645162763871,0.0,False,crash,,inf,,inf,inf,inf,inf,inf,inf,inf,inf,0.0,"{'TRAFFIC_BARRIER', 'ROAD_LINE_BROKEN_SINGLE_WHITE'}",True,True,contact_traffic_barrier_detected,False,,True,8,5,,inf,0,0,0,0,0,inf,inf,0.0,False,True,75,0,,False,False,0.0,inf,inf,inf,0.0,0,True,contact_traffic_barrier_detected,,False,False,0.0,inf,inf,inf,False,0.0,,,,cost_window,5,False
6000,1043,44,118,27000,0.4659916162490845,0.9987736940383911,0.4659916162490845,0.44999998807907104,0.0,-0.5487737059593201,True,True,contact_escape,traffic_object_contact_escape,contact_traffic_barrier_detected,1.0,1.0,7.0,True,False,True,False,False,False,False,False,True,0.26129636836712494,3.1101524582511617,0.0,False,crash,,inf,,inf,inf,inf,inf,inf,inf,inf,inf,0.0,"{'TRAFFIC_BARRIER', 'ROAD_LINE_BROKEN_SINGLE_WHITE'}",True,True,contact_traffic_barrier_detected,False,,True,8,5,,inf,0,0,0,0,0,inf,inf,0.0,False,True,75,0,,False,False,0.0,inf,inf,inf,0.0,0,True,contact_traffic_barrier_detected,,False,False,0.0,inf,inf,inf,False,0.0,,,,cost_window,6,False
6000,1043,44,119,27001,-0.12697923183441162,0.9966347217559814,-0.12697923183441162,0.20000000298023224,0.0,-0.7966347336769104,True,True,contact_escape,traffic_object_contact_escape,contact_traffic_barrier_detected,1.0,1.0,8.0,True,False,True,False,False,False,False,False,True,0.2619452591747293,3.075382148384284,0.0,False,crash,,inf,,inf,inf,inf,inf,inf,inf,inf,inf,0.0,"{'TRAFFIC_BARRIER', 'ROAD_LINE_BROKEN_SINGLE_WHITE'}",True,True,contact_traffic_barrier_detected,False,,True,8,5,,inf,0,0,0,0,0,inf,inf,0.0,False,True,75,0,,False,False,0.0,inf,inf,inf,0.0,0,True,contact_traffic_barrier_detected,,False,False,0.0,inf,inf,inf,False,0.0,,,,cost_window,7,False
6000,1043,44,120,27002,0.006108403205871582,0.9932519197463989,-0.12697923183441162,0.20000000298023224,-0.1330876350402832,-0.7932519316673279,True,True,contact_escape,traffic_object_contact_escape,contact_traffic_barrier_detected,1.0,1.0,9.0,True,False,True,False,False,False,False,False,True,0.26261315621653414,3.112992367507719,0.0,False,crash,,inf,,inf,inf,inf,inf,inf,inf,inf,inf,0.0,"{'TRAFFIC_BARRIER', 'ROAD_LINE_BROKEN_SINGLE_WHITE'}",True,True,contact_traffic_barrier_detected,False,,True,8,5,,inf,0,0,0,0,0,inf,inf,0.0,False,True,75,0,,False,False,0.0,inf,inf,inf,0.0,0,True,contact_traffic_barrier_detected,,False,False,0.0,inf,inf,inf,False,0.0,,,,cost_window,8,False
6000,1043,44,121,27003,-0.2391601800918579,0.9755523204803467,-0.2391601800918579,0.20000000298023224,0.0,-0.7755523324012756,True,True,contact_escape,traffic_object_contact_escape,contact_traffic_barrier_detected,1.0,1.0,10.0,True,False,True,False,False,False,False,False,True,0.2632973467383272,3.1484755807462927,0.0,False,crash,,inf,,inf,inf,inf,inf,inf,inf,inf,inf,0.0,"{'TRAFFIC_BARRIER', 'ROAD_LINE_BROKEN_SINGLE_WHITE'}",True,True,contact_traffic_barrier_detected,False,,True,8,5,,inf,0,0,0,0,0,inf,inf,0.0,False,True,75,0,,False,False,0.0,inf,inf,inf,0.0,0,True,contact_traffic_barrier_detected,,False,False,0.0,inf,inf,inf,False,0.0,,,,cost_window,9,False
6000,1043,44,122,27004,-0.31614577770233154,0.9445061683654785,-0.31614577770233154,0.20000000298023224,0.0,-0.7445061802864075,True,True,contact_escape,traffic_object_contact_escape,contact_traffic_barrier_detected,1.0,1.0,11.0,True,False,True,False,False,False,False,False,True,0.2639945076161983,3.1856841899205097,0.0,False,crash,,inf,,inf,inf,inf,inf,inf,inf,inf,inf,0.0,"{'TRAFFIC_BARRIER', 'ROAD_LINE_BROKEN_SINGLE_WHITE'}",True,True,contact_traffic_barrier_detected,False,,True,8,5,,inf,0,0,0,0,0,inf,inf,0.0,False,True,75,0,,False,False,0.0,inf,inf,inf,0.0,0,True,contact_traffic_barrier_detected,,False,False,0.0,inf,inf,inf,False,0.0,,,,cost_window,10,False
6000,1043,44,123,27005,-0.5598384141921997,0.9855611324310303,-0.5,0.20000000298023224,0.05983841419219971,-0.7855611443519592,True,True,contact_escape,traffic_object_contact_escape,contact_traffic_barrier_detected,1.0,1.0,12.0,True,False,True,False,False,False,False,False,True,0.2646997898019927,3.1804135667758713,0.0,False,crash,,inf,,inf,inf,inf,inf,inf,inf,inf,inf,0.0,"{'TRAFFIC_BARRIER', 'ROAD_LINE_BROKEN_SINGLE_WHITE'}",True,True,contact_traffic_barrier_detected,False,,True,8,5,,inf,0,0,0,0,0,inf,inf,0.0,False,True,75,0,,False,False,0.0,inf,inf,inf,0.0,0,True,contact_traffic_barrier_detected,,False,False,0.0,inf,inf,inf,False,0.0,,,,cost_window,11,False
6000,1043,44,124,27006,-0.2098284363746643,0.9807500839233398,-0.2098284363746643,0.20000000298023224,0.0,-0.7807500958442688,True,True,contact_escape,traffic_object_contact_escape,contact_traffic_barrier_detected,1.0,1.0,13.0,True,False,True,False,False,False,False,False,True,0.26540944630395463,3.2447199060849266,0.0,False,crash,,inf,,inf,inf,inf,inf,inf,inf,inf,inf,0.0,"{'TRAFFIC_BARRIER', 'ROAD_LINE_BROKEN_SINGLE_WHITE'}",True,True,contact_traffic_barrier_detected,False,,True,8,5,,inf,0,0,0,0,0,inf,inf,0.0,False,True,75,0,,False,False,0.0,inf,inf,inf,0.0,0,True,contact_traffic_barrier_detected,,False,False,0.0,inf,inf,inf,False,0.0,,,,cost_window,12,False
6000,1043,44,125,27007,-0.0002307891845703125,0.9773440361022949,-0.2098284363746643,0.20000000298023224,-0.209597647190094,-0.7773440480232239,True,True,contact_escape,traffic_object_contact_escape,contact_traffic_barrier_detected,1.0,1.0,14.0,True,False,True,False,False,False,False,False,True,0.2661330904448242,3.3051754208446993,0.0,False,crash,,inf,,inf,inf,inf,inf,inf,inf,inf,inf,0.0,"{'TRAFFIC_BARRIER', 'ROAD_LINE_BROKEN_SINGLE_WHITE'}",True,True,contact_traffic_barrier_detected,False,,True,8,5,,inf,0,0,0,0,0,inf,inf,0.0,False,True,75,0,,False,False,0.0,inf,inf,inf,0.0,0,True,contact_traffic_barrier_detected,,False,False,0.0,inf,inf,inf,False,0.0,,,,cost_window,13,False
6000,1043,44,126,27008,-0.32149171829223633,0.9641661643981934,-0.32149171829223633,0.20000000298023224,0.0,-0.7641661763191223,True,True,contact_escape,traffic_object_contact_escape,contact_traffic_barrier_detected,1.0,1.0,15.0,True,False,True,False,False,False,False,False,True,0.26686851811180384,3.3415042114693314,0.0,False,crash,,inf,,inf,inf,inf,inf,inf,inf,inf,inf,0.0,"{'TRAFFIC_BARRIER', 'ROAD_LINE_BROKEN_SINGLE_WHITE'}",True,True,contact_traffic_barrier_detected,False,,True,8,5,,inf,0,0,0,0,0,inf,inf,0.0,False,True,75,0,,False,False,0.0,inf,inf,inf,0.0,0,True,contact_traffic_barrier_detected,,False,False,0.0,inf,inf,inf,False,0.0,,,,cost_window,14,False
6000,1043,44,127,27009,-0.11117017269134521,0.9836461544036865,-0.11117017269134521,0.20000000298023224,0.0,-0.7836461663246155,True,True,contact_escape,traffic_object_contact_escape,contact_traffic_barrier_detected,1.0,1.0,16.0,True,False,True,False,False,False,False,False,True,0.2676135421468098,3.4009640242665204,0.0,False,crash,,inf,,inf,inf,inf,inf,inf,inf,inf,inf,0.0,"{'TRAFFIC_BARRIER', 'ROAD_LINE_BROKEN_SINGLE_WHITE'}",True,True,contact_traffic_barrier_detected,False,,True,8,5,,inf,0,0,0,0,0,inf,inf,0.0,False,True,75,0,,False,False,0.0,inf,inf,inf,0.0,0,True,contact_traffic_barrier_detected,,False,False,0.0,inf,inf,inf,False,0.0,,,,cost_window,15,False
6000,1043,44,128,27010,-0.08211123943328857,0.9699077606201172,-0.08211123943328857,0.20000000298023224,0.0,-0.7699077725410461,True,True,contact_escape,traffic_object_contact_escape,contact_traffic_barrier_detected,0,0,16.0,False,False,False,False,False,False,False,False,True,0.2683757752163507,3.4804579527652524,0.0,False,max_steps,,inf,,inf,inf,inf,inf,inf,inf,inf,inf,0.0,{'ROAD_LINE_BROKEN_SINGLE_WHITE'},True,True,contact_traffic_barrier_detected,False,,True,8,5,,inf,0,0,0,0,0,inf,inf,0.0,False,True,75,0,,False,False,0.0,inf,inf,inf,0.0,0,True,contact_traffic_barrier_detected,,False,False,0.0,inf,inf,inf,False,0.0,,,,cost_window,16,False
6000,1043,44,129,27011,-0.03216928243637085,0.9831206798553467,0.0,-0.800000011920929,0.03216928243637085,-1.7831206321716309,True,True,ultra_short_horizon_emergency,ultra_short_horizon_emergency_stop,vehicle_collision_step_1,0,0,16.0,False,False,False,False,False,False,False,False,True,0.26907581839557243,2.285917221335093,0.0,False,max_steps,,inf,,inf,inf,inf,inf,inf,inf,inf,inf,0.0,{'ROAD_LINE_BROKEN_SINGLE_WHITE'},True,True,vehicle_collision_step_1,False,,True,8,4,,inf,0,0,0,0,0,inf,inf,0.0,True,False,75,0,,False,False,0.0,inf,inf,inf,0.0,0,True,vehicle_collision_step_1,,False,False,0.0,inf,inf,inf,False,0.0,,,,cost_window,17,False
6000,1043,44,130,27012,0.24899280071258545,0.9812731742858887,0.0,-0.800000011920929,-0.24899280071258545,-1.7812731266021729,True,True,ultra_short_horizon_emergency,ultra_short_horizon_emergency_stop,vehicle_collision_step_1,0,0,16.0,False,False,False,False,False,False,False,False,True,0.2695385973094928,1.2693859007748503,0.0,False,max_steps,,inf,,inf,inf,inf,inf,inf,inf,inf,inf,0.0,{'ROAD_LINE_BROKEN_SINGLE_WHITE'},True,True,vehicle_collision_step_1,False,,True,8,3,,inf,0,0,0,0,0,inf,inf,0.0,True,False,75,0,,False,False,0.0,inf,inf,inf,0.0,0,True,vehicle_collision_step_1,,False,False,0.0,inf,inf,inf,False,0.0,,,,cost_window,18,False
6000,1043,44,131,27013,0.4374427795410156,0.9846794605255127,0.0,-0.800000011920929,-0.4374427795410156,-1.7846794128417969,True,True,ultra_short_horizon_emergency,ultra_short_horizon_emergency_stop,vehicle_collision_step_1,0,0,16.0,False,False,False,False,False,False,False,False,True,0.26977442042411887,0.22987640552912794,0.0,False,max_steps,,inf,,inf,inf,inf,inf,inf,inf,inf,inf,0.0,{'ROAD_LINE_BROKEN_SINGLE_WHITE'},True,True,vehicle_collision_step_1,False,,True,8,2,,inf,0,0,0,0,0,inf,inf,0.0,True,False,75,0,,False,False,0.0,inf,inf,inf,0.0,0,True,vehicle_collision_step_1,,False,False,0.0,inf,inf,inf,False,0.0,,,,cost_window,19,False
6000,1043,44,132,27014,0.46263587474823,0.9895449876785278,0.0,-0.800000011920929,-0.46263587474823,-1.7895450592041016,True,True,ultra_short_horizon_emergency,ultra_short_horizon_emergency_stop,vehicle_collision_step_1,0,0,16.0,False,False,False,False,False,False,False,False,True,0.2698006493664099,0.042033059889429666,0.0,False,max_steps,,inf,,inf,inf,inf,inf,inf,inf,inf,inf,0.0,{'ROAD_LINE_BROKEN_SINGLE_WHITE'},True,True,vehicle_collision_step_1,False,,True,8,1,,inf,0,0,0,0,0,inf,inf,0.0,True,False,75,0,,False,False,0.0,inf,inf,inf,0.0,0,True,vehicle_collision_step_1,,False,False,0.0,inf,inf,inf,False,0.0,,,,cost_window,20,False
6000,1044,45,145,27391,0.17316877841949463,0.9941656589508057,0.0,-0.800000011920929,-0.17316877841949463,-1.7941656112670898,True,True,ultra_short_horizon_emergency,ultra_short_horizon_emergency_stop,vehicle_collision_step_1,0,0,0,False,False,False,False,False,False,False,False,True,0.3557807108436138,0.16807948390890295,0.0,False,max_steps,,inf,,inf,inf,inf,inf,inf,inf,inf,inf,0.0,{'ROAD_LINE_BROKEN_SINGLE_WHITE'},True,True,vehicle_collision_step_1,False,,True,8,0,,inf,0,0,0,0,0,inf,inf,0.0,True,False,82,0,,False,False,0.0,inf,inf,inf,0.0,0,True,vehicle_collision_step_1,,False,False,0.0,inf,inf,inf,False,0.0,,,,cost_window,-20,False
6000,1044,45,146,27392,0.19378960132598877,0.9949607849121094,0.0,-0.800000011920929,-0.19378960132598877,-1.7949607372283936,True,True,ultra_short_horizon_emergency,ultra_short_horizon_emergency_stop,vehicle_collision_step_1,0,0,0,False,False,False,False,False,False,False,False,True,0.35576161925822763,0.18380488878621423,0.0,False,max_steps,,inf,,inf,inf,inf,inf,inf,inf,inf,inf,0.0,{'ROAD_LINE_BROKEN_SINGLE_WHITE'},True,True,vehicle_collision_step_1,False,,True,8,0,,inf,0,0,0,0,0,inf,inf,0.0,True,False,82,0,,False,False,0.0,inf,inf,inf,0.0,0,True,vehicle_collision_step_1,,False,False,0.0,inf,inf,inf,False,0.0,,,,cost_window,-19,False
6000,1044,45,147,27393,0.17300474643707275,0.9941210746765137,0.0,-0.800000011920929,-0.17300474643707275,-1.7941210269927979,True,True,ultra_short_horizon_emergency,ultra_short_horizon_emergency_stop,vehicle_collision_step_1,0,0,0,False,False,False,False,False,False,False,False,True,0.3557581136484353,0.09837295123476816,0.0,False,max_steps,,inf,,inf,inf,inf,inf,inf,inf,inf,inf,0.0,{'ROAD_LINE_BROKEN_SINGLE_WHITE'},True,True,vehicle_collision_step_1,False,,True,8,0,,inf,0,0,0,0,0,inf,inf,0.0,True,False,82,0,,False,False,0.0,inf,inf,inf,0.0,0,True,vehicle_collision_step_1,,False,False,0.0,inf,inf,inf,False,0.0,,,,cost_window,-18,False
6000,1044,45,148,27394,0.17297124862670898,0.9942601919174194,0.0,-0.800000011920929,-0.17297124862670898,-1.7942602634429932,True,True,ultra_short_horizon_emergency,ultra_short_horizon_emergency_stop,vehicle_collision_step_1,0,0,0,False,False,False,False,False,False,False,False,True,0.35572407984399823,0.22241121728351737,0.0,False,max_steps,,inf,,inf,inf,inf,inf,inf,inf,inf,inf,0.0,{'ROAD_LINE_BROKEN_SINGLE_WHITE'},True,True,vehicle_collision_step_1,False,,True,8,0,,inf,0,0,0,0,0,inf,inf,0.0,True,False,82,0,,False,False,0.0,inf,inf,inf,0.0,0,True,vehicle_collision_step_1,,False,False,0.0,inf,inf,inf,False,0.0,,,,cost_window,-17,False
6000,1044,45,149,27395,0.21515893936157227,0.9933545589447021,0.0,-0.800000011920929,-0.21515893936157227,-1.7933545112609863,True,True,ultra_short_horizon_emergency,ultra_short_horizon_emergency_stop,vehicle_collision_step_1,0,0,0,False,False,False,False,False,False,False,False,True,0.3557120102819356,0.12353876546373332,0.0,False,max_steps,,inf,,inf,inf,inf,inf,inf,inf,inf,inf,0.0,{'ROAD_LINE_BROKEN_SINGLE_WHITE'},True,True,vehicle_collision_step_1,False,,True,8,0,,inf,0,0,0,0,0,inf,inf,0.0,True,False,82,0,,False,False,0.0,inf,inf,inf,0.0,0,True,vehicle_collision_step_1,,False,False,0.0,inf,inf,inf,False,0.0,,,,cost_window,-16,False
6000,1044,45,150,27396,0.22322654724121094,0.9933208227157593,0.0,-0.800000011920929,-0.22322654724121094,-1.793320894241333,True,True,ultra_short_horizon_emergency,ultra_short_horizon_emergency_stop,vehicle_collision_step_1,0,0,0,False,False,False,False,False,False,False,False,True,0.35567992236874957,0.22503734999857214,0.0,False,max_steps,,inf,,inf,inf,inf,inf,inf,inf,inf,inf,0.0,{'ROAD_LINE_BROKEN_SINGLE_WHITE'},True,True,vehicle_collision_step_1,False,,True,8,0,,inf,0,0,0,0,0,inf,inf,0.0,True,False,82,0,,False,False,0.0,inf,inf,inf,0.0,0,True,vehicle_collision_step_1,,False,False,0.0,inf,inf,inf,False,0.0,,,,cost_window,-15,False
6000,1044,45,151,27397,0.13444387912750244,0.990003228187561,0.0,-0.800000011920929,-0.13444387912750244,-1.7900032997131348,True,True,ultra_short_horizon_emergency,ultra_short_horizon_emergency_stop,vehicle_collision_step_1,0,0,0,False,False,False,False,False,False,False,False,True,0.35566838153998476,0.12350049962857777,0.0,False,max_steps,,inf,,inf,inf,inf,inf,inf,inf,inf,inf,0.0,{'ROAD_LINE_BROKEN_SINGLE_WHITE'},True,True,vehicle_collision_step_1,False,,True,8,0,,inf,0,0,0,0,0,inf,inf,0.0,True,False,82,0,,False,False,0.0,inf,inf,inf,0.0,0,True,vehicle_collision_step_1,,False,False,0.0,inf,inf,inf,False,0.0,,,,cost_window,-14,False
6000,1044,45,152,27398,0.17430448532104492,0.9923522472381592,0.0,-0.800000011920929,-0.17430448532104492,-1.7923521995544434,True,True,ultra_short_horizon_emergency,ultra_short_horizon_emergency_stop,vehicle_collision_step_1,0,0,0,False,False,False,False,False,False,False,False,True,0.35563696979455856,0.2395923007046648,0.0,False,max_steps,,inf,,inf,inf,inf,inf,inf,inf,inf,inf,0.0,{'ROAD_LINE_BROKEN_SINGLE_WHITE'},True,True,vehicle_collision_step_1,False,,True,8,0,,inf,0,0,0,0,0,inf,inf,0.0,True,False,82,0,,False,False,0.0,inf,inf,inf,0.0,0,True,vehicle_collision_step_1,,False,False,0.0,inf,inf,inf,False,0.0,,,,cost_window,-13,False
6000,1044,45,153,27399,0.1746978759765625,0.9920558929443359,0.1746978759765625,0.2199999988079071,0.0,-0.7720558643341064,True,True,vehicle_deadlock_escape,vehicle_deadlock_escape,vehicle_collision_step_1,0,0,0,False,False,False,False,False,False,False,False,True,0.35558340096377566,0.17354338517342646,0.0,False,max_steps,,inf,,inf,inf,inf,inf,inf,inf,inf,inf,0.0,{'ROAD_LINE_BROKEN_SINGLE_WHITE'},True,True,vehicle_collision_step_1,False,,True,8,0,,inf,0,0,0,0,True,inf,inf,0.0,True,False,82,0,,False,False,0.0,inf,inf,inf,0.0,0,True,vehicle_collision_step_1,,False,False,0.0,inf,inf,inf,False,0.0,,,,cost_window,-12,False
6000,1044,45,154,27400,0.2021239995956421,0.9968695640563965,0.2021239995956421,0.2199999988079071,0.0,-0.776869535446167,True,True,vehicle_deadlock_escape,vehicle_deadlock_escape,vehicle_collision_step_1,0,0,0,False,False,False,False,False,False,False,False,True,0.3555275474263681,0.10871323055603294,0.0,False,max_steps,,inf,,inf,inf,inf,inf,inf,inf,inf,inf,0.0,{'ROAD_LINE_BROKEN_SINGLE_WHITE'},True,True,vehicle_collision_step_1,False,,True,8,0,,inf,0,0,0,0,True,inf,inf,0.0,True,False,82,0,,False,False,0.0,inf,inf,inf,0.0,0,True,vehicle_collision_step_1,,False,False,0.0,inf,inf,inf,False,0.0,,,,cost_window,-11,False
6000,1044,45,155,27401,0.13756811618804932,0.9949021339416504,0.13756811618804932,0.2199999988079071,0.0,-0.7749021053314209,True,True,vehicle_deadlock_escape,vehicle_deadlock_escape,vehicle_collision_step_1,0,0,0,False,False,False,False,False,False,False,False,True,0.3554943114733777,0.044132540698974806,0.0,False,max_steps,,inf,,inf,inf,inf,inf,inf,inf,inf,inf,0.0,{'ROAD_LINE_BROKEN_SINGLE_WHITE'},True,True,vehicle_collision_step_1,False,,True,8,0,,inf,0,0,0,0,True,inf,inf,0.0,True,False,82,0,,False,False,0.0,inf,inf,inf,0.0,0,True,vehicle_collision_step_1,,False,False,0.0,inf,inf,inf,False,0.0,,,,cost_window,-10,False
6000,1044,45,156,27402,0.13211941719055176,0.9950523376464844,0.13211941719055176,0.2199999988079071,0.0,-0.7750523090362549,True,True,vehicle_deadlock_escape,vehicle_deadlock_escape,vehicle_collision_step_1,0,0,0,False,False,False,False,False,False,False,False,True,0.3554834633021452,0.020480727698756834,0.0,False,max_steps,,inf,,inf,inf,inf,inf,inf,inf,inf,inf,0.0,{'ROAD_LINE_BROKEN_SINGLE_WHITE'},True,True,vehicle_collision_step_1,False,,True,8,0,,inf,0,0,0,0,True,inf,inf,0.0,True,False,82,0,,False,False,0.0,inf,inf,inf,0.0,0,True,vehicle_collision_step_1,,False,False,0.0,inf,inf,inf,False,0.0,,,,cost_window,-9,False
6000,1044,45,157,27403,0.13209545612335205,0.9950717687606812,0.13209545612335205,0.2199999988079071,0.0,-0.7750717401504517,True,True,vehicle_deadlock_escape,vehicle_deadlock_escape,vehicle_collision_step_1,0,0,0,False,False,False,False,False,False,False,False,True,0.35549510266438267,0.08509861929735477,0.0,False,max_steps,,inf,,inf,inf,inf,inf,inf,inf,inf,inf,0.0,{'ROAD_LINE_BROKEN_SINGLE_WHITE'},True,True,vehicle_collision_step_1,False,,True,8,0,,inf,0,0,0,0,True,inf,inf,0.0,True,False,82,0,,False,False,0.0,inf,inf,inf,0.0,0,True,vehicle_collision_step_1,,False,False,0.0,inf,inf,inf,False,0.0,,,,cost_window,-8,False
6000,1044,45,158,27404,0.13196015357971191,0.9949560165405273,0.13196015357971191,0.2199999988079071,0.0,-0.7749559879302979,True,True,vehicle_deadlock_escape,vehicle_deadlock_escape,vehicle_collision_step_1,0,0,0,False,False,False,False,False,False,False,False,True,0.3555292926766219,0.14971502959039118,0.0,False,max_steps,,inf,,inf,inf,inf,inf,inf,inf,inf,inf,0.0,{'ROAD_LINE_BROKEN_SINGLE_WHITE'},True,True,vehicle_collision_step_1,False,,True,8,0,,inf,0,0,0,0,True,inf,inf,0.0,True,False,82,0,,False,False,0.0,inf,inf,inf,0.0,0,True,vehicle_collision_step_1,,False,False,0.0,inf,inf,inf,False,0.0,,,,cost_window,-7,False
6000,1044,45,159,27405,0.13067567348480225,0.9948217868804932,0.13067567348480225,0.2199999988079071,0.0,-0.7748217582702637,True,True,vehicle_deadlock_escape,vehicle_deadlock_escape,vehicle_collision_step_1,0,0,0,False,False,False,False,False,False,False,False,True,0.3555860392687279,0.21433468143937665,0.0,False,max_steps,,inf,,inf,inf,inf,inf,inf,inf,inf,inf,0.0,{'ROAD_LINE_BROKEN_SINGLE_WHITE'},True,True,vehicle_collision_step_1,False,,True,8,0,,inf,0,0,0,0,True,inf,inf,0.0,True,False,82,0,,False,False,0.0,inf,inf,inf,0.0,0,True,vehicle_collision_step_1,,False,False,0.0,inf,inf,inf,False,0.0,,,,cost_window,-6,False
6000,1044,45,160,27406,0.197381854057312,0.9968438148498535,0.197381854057312,0.2199999988079071,0.0,-0.776843786239624,True,True,vehicle_deadlock_escape,vehicle_deadlock_escape,vehicle_collision_step_1,0,0,0,False,False,False,False,False,False,False,False,True,0.35566510183430255,0.27840317581130253,0.0,False,max_steps,,inf,,inf,inf,inf,inf,inf,inf,inf,inf,0.0,{'ROAD_LINE_BROKEN_SINGLE_WHITE'},True,True,vehicle_collision_step_1,False,,True,8,0,,inf,0,0,0,0,True,inf,inf,0.0,True,False,82,0,,False,False,0.0,inf,inf,inf,0.0,0,True,vehicle_collision_step_1,,False,False,0.0,inf,inf,inf,False,0.0,,,,cost_window,-5,False
6000,1044,45,161,27407,0.1544191837310791,0.9964754581451416,0.1544191837310791,0.2199999988079071,0.0,-0.7764754295349121,True,True,vehicle_deadlock_escape,vehicle_deadlock_escape,vehicle_collision_step_1,0,0,0,False,False,False,False,False,False,False,False,True,0.35576629695361484,0.3430872287406754,0.0,False,max_steps,,inf,,inf,inf,inf,inf,inf,inf,inf,inf,0.0,{'ROAD_LINE_BROKEN_SINGLE_WHITE'},True,True,vehicle_collision_step_1,False,,True,8,0,,inf,0,0,0,0,True,inf,inf,0.0,True,False,82,0,,False,False,0.0,inf,inf,inf,0.0,0,True,vehicle_collision_step_1,,False,False,0.0,inf,inf,inf,False,0.0,,,,cost_window,-4,False
6000,1044,45,162,27408,0.18296241760253906,0.997758150100708,0.18296241760253906,0.2199999988079071,0.0,-0.7777581214904785,True,True,vehicle_deadlock_escape,vehicle_deadlock_escape,vehicle_collision_step_1,0,0,0,False,False,False,False,False,False,False,False,True,0.35588996181680244,0.40740268425099097,0.0,False,max_steps,,inf,,inf,inf,inf,inf,inf,inf,inf,inf,0.0,{'ROAD_LINE_BROKEN_SINGLE_WHITE'},True,True,vehicle_collision_step_1,False,,True,8,0,,inf,0,0,0,0,True,inf,inf,0.0,True,False,82,0,,False,False,0.0,inf,inf,inf,0.0,0,True,vehicle_collision_step_1,,False,False,0.0,inf,inf,inf,False,0.0,,,,cost_window,-3,False
6000,1044,45,163,27409,0.13653802871704102,0.9986116886138916,0.13653802871704102,0.2199999988079071,0.0,-0.7786116600036621,True,True,vehicle_deadlock_escape,vehicle_deadlock_escape,vehicle_collision_step_1,0,0,0,False,False,False,False,False,False,False,False,True,0.35603600089611653,0.4722138281019262,0.0,False,max_steps,,inf,,inf,inf,inf,inf,inf,inf,inf,inf,0.0,{'ROAD_LINE_BROKEN_SINGLE_WHITE'},True,True,vehicle_collision_step_1,False,,True,8,0,,inf,0,0,0,0,True,inf,inf,0.0,True,False,82,0,,False,False,0.0,inf,inf,inf,0.0,0,True,vehicle_collision_step_1,,False,False,0.0,inf,inf,inf,False,0.0,,,,cost_window,-2,False
6000,1044,45,164,27410,0.18636107444763184,0.9989891052246094,0.18636107444763184,0.2199999988079071,0.0,-0.7789890766143799,True,True,vehicle_deadlock_escape,vehicle_deadlock_escape,vehicle_collision_step_1,0,0,0,False,False,False,False,False,False,False,False,True,0.35620451670516157,0.5362105226989687,0.0,False,max_steps,,inf,,inf,inf,inf,inf,inf,inf,inf,inf,0.0,{'ROAD_LINE_BROKEN_SINGLE_WHITE'},True,True,vehicle_collision_step_1,False,,True,8,0,,inf,0,0,0,0,True,inf,inf,0.0,True,False,82,0,,False,False,0.0,inf,inf,inf,0.0,0,True,vehicle_collision_step_1,,False,False,0.0,inf,inf,inf,False,0.0,,,,cost_window,-1,False
6000,1044,45,165,27411,0.0024559497833251953,0.9984372854232788,0.18636107444763184,0.2199999988079071,0.18390512466430664,-0.7784372568130493,True,True,vehicle_deadlock_escape,vehicle_deadlock_escape,vehicle_collision_step_1,1.0,1.0,1.0,True,False,True,False,False,False,False,False,True,0.35639479124262663,0.6005685665582582,0.0,False,crash,,inf,,inf,inf,inf,inf,inf,inf,inf,inf,0.0,"{'ROAD_LINE_BROKEN_SINGLE_WHITE', 'TRAFFIC_CONE'}",True,True,vehicle_collision_step_1,False,,True,8,0,,inf,0,0,0,0,True,inf,inf,0.0,True,False,82,0,,False,False,0.0,inf,inf,inf,0.0,0,True,vehicle_collision_step_1,,False,False,0.0,inf,inf,inf,False,0.0,,,,cost_window,0,True
6000,1044,45,166,27412,0.15515077114105225,0.9994279146194458,0.15515077114105225,0.44999998807907104,0.0,-0.5494279265403748,True,True,contact_escape,traffic_object_contact_escape,contact_traffic_cone_detected,1.0,1.0,2.0,True,False,True,False,False,False,False,False,True,0.35661298686276194,0.7329503389375898,0.0,False,crash,,inf,,inf,inf,inf,inf,inf,inf,inf,inf,0.0,"{'ROAD_LINE_BROKEN_SINGLE_WHITE', 'TRAFFIC_CONE'}",True,True,contact_traffic_cone_detected,False,,True,8,1,,inf,0,0,0,0,0,inf,inf,0.0,False,True,82,0,,False,False,0.0,inf,inf,inf,0.0,0,True,contact_traffic_cone_detected,,False,False,0.0,inf,inf,inf,False,0.0,,,,cost_window,1,False
6000,1044,45,167,27413,0.10155689716339111,0.9994090795516968,0.10155689716339111,0.44999998807907104,0.0,-0.5494090914726257,True,True,contact_escape,traffic_object_contact_escape,contact_traffic_cone_detected,1.0,1.0,3.0,True,False,True,False,False,False,False,False,True,0.35687681519650843,0.8655758261725064,0.0,False,crash,,inf,,inf,inf,inf,inf,inf,inf,inf,inf,0.0,"{'ROAD_LINE_BROKEN_SINGLE_WHITE', 'TRAFFIC_CONE'}",True,True,contact_traffic_cone_detected,False,,True,8,2,,inf,0,0,0,0,0,inf,inf,0.0,False,True,82,0,,False,False,0.0,inf,inf,inf,0.0,0,True,contact_traffic_cone_detected,,False,False,0.0,inf,inf,inf,False,0.0,,,,cost_window,2,False
6000,1044,45,168,27414,0.028997421264648438,0.9991248846054077,0.10155689716339111,0.44999998807907104,0.07255947589874268,-0.5491248965263367,True,True,contact_escape,traffic_object_contact_escape,contact_traffic_cone_detected,1.0,1.0,4.0,True,False,True,False,False,False,False,False,True,0.3571875440176245,0.9979768170416835,0.0,False,crash,,inf,,inf,inf,inf,inf,inf,inf,inf,inf,0.0,"{'ROAD_LINE_BROKEN_SINGLE_WHITE', 'TRAFFIC_CONE'}",True,True,contact_traffic_cone_detected,False,,True,8,3,,inf,0,0,0,0,0,inf,inf,0.0,False,True,82,0,,False,False,0.0,inf,inf,inf,0.0,0,True,contact_traffic_cone_detected,,False,False,0.0,inf,inf,inf,False,0.0,,,,cost_window,3,False
6000,1044,45,169,27415,-0.02101844549179077,0.9979095458984375,0.10155689716339111,0.44999998807907104,0.12257534265518188,-0.5479095578193665,True,True,contact_escape,traffic_object_contact_escape,contact_traffic_cone_detected,1.0,1.0,5.0,True,False,True,False,False,False,False,False,True,0.3575443604469613,1.130240719220555,0.0,False,crash,,inf,,inf,inf,inf,inf,inf,inf,inf,inf,0.0,"{'ROAD_LINE_BROKEN_SINGLE_WHITE', 'TRAFFIC_CONE'}",True,True,contact_traffic_cone_detected,False,,True,8,4,,inf,0,0,0,0,0,inf,inf,0.0,False,True,82,0,,False,False,0.0,inf,inf,inf,0.0,0,True,contact_traffic_cone_detected,,False,False,0.0,inf,inf,inf,False,0.0,,,,cost_window,4,False
6000,1044,45,170,27416,0.007669210433959961,0.9931702613830566,0.10155689716339111,0.44999998807907104,0.09388768672943115,-0.5431702733039856,True,True,contact_escape,traffic_object_contact_escape,contact_traffic_cone_detected,1.0,1.0,6.0,True,False,True,False,False,False,False,False,True,0.3579469959346984,1.262483342507617,0.0,False,crash,,inf,,inf,inf,inf,inf,inf,inf,inf,inf,0.0,"{'ROAD_LINE_BROKEN_SINGLE_WHITE', 'TRAFFIC_CONE'}",True,True,contact_traffic_cone_detected,False,,True,8,5,,inf,0,0,0,0,0,inf,inf,0.0,False,True,82,0,,False,False,0.0,inf,inf,inf,0.0,0,True,contact_traffic_cone_detected,,False,False,0.0,inf,inf,inf,False,0.0,,,,cost_window,5,False
6000,1044,45,171,27417,0.23210549354553223,0.9959888458251953,0.23210549354553223,0.44999998807907104,0.0,-0.5459888577461243,True,True,contact_escape,traffic_object_contact_escape,contact_traffic_cone_detected,1.0,1.0,7.0,True,False,True,False,False,False,False,False,True,0.3583925623103168,1.387638943374246,0.0,False,crash,,inf,,inf,inf,inf,inf,inf,inf,inf,inf,0.0,"{'ROAD_LINE_BROKEN_SINGLE_WHITE', 'TRAFFIC_CONE'}",True,True,contact_traffic_cone_detected,False,,True,8,5,,inf,0,0,0,0,0,inf,inf,0.0,False,True,82,0,,False,False,0.0,inf,inf,inf,0.0,0,True,contact_traffic_cone_detected,,False,False,0.0,inf,inf,inf,False,0.0,,,,cost_window,6,False
6000,1044,45,172,27418,0.041536927223205566,0.9985830783843994,0.23210549354553223,0.44999998807907104,0.19056856632232666,-0.5485830903053284,True,True,contact_escape,traffic_object_contact_escape,contact_traffic_cone_detected,1.0,1.0,8.0,True,False,True,False,False,False,False,False,True,0.3588773726581085,1.5177190225762214,0.0,False,crash,,inf,,inf,inf,inf,inf,inf,inf,inf,inf,0.0,"{'ROAD_LINE_BROKEN_SINGLE_WHITE', 'TRAFFIC_CONE'}",True,True,contact_traffic_cone_detected,False,,True,8,5,,inf,0,0,0,0,0,inf,inf,0.0,False,True,82,0,,False,False,0.0,inf,inf,inf,0.0,0,True,contact_traffic_cone_detected,,False,False,0.0,inf,inf,inf,False,0.0,,,,cost_window,7,False
6000,1044,45,173,27419,-0.0321614146232605,0.9991650581359863,0.23210549354553223,0.44999998807907104,0.2642669081687927,-0.5491650700569153,True,True,contact_escape,traffic_object_contact_escape,contact_traffic_cone_detected,1.0,1.0,9.0,True,False,True,False,False,False,False,False,True,0.3594043094625589,1.6487446643366643,0.0,False,crash,,inf,,inf,inf,inf,inf,inf,inf,inf,inf,0.0,"{'ROAD_LINE_BROKEN_SINGLE_WHITE', 'TRAFFIC_CONE'}",True,True,contact_traffic_cone_detected,False,,True,8,5,,inf,0,0,0,0,0,inf,inf,0.0,False,True,82,0,,False,False,0.0,inf,inf,inf,0.0,0,True,contact_traffic_cone_detected,,False,False,0.0,inf,inf,inf,False,0.0,,,,cost_window,8,False
6000,1044,45,174,27420,-0.17661052942276,0.9982062578201294,-0.17661052942276,0.44999998807907104,0.0,-0.5482062697410583,True,True,contact_escape,traffic_object_contact_escape,contact_traffic_cone_detected,1.0,1.0,10.0,True,False,True,False,False,False,False,False,True,0.3599776241911095,1.7470366583693007,0.0,False,crash,,inf,,inf,inf,inf,inf,inf,inf,inf,inf,0.0,"{'ROAD_LINE_BROKEN_SINGLE_WHITE', 'TRAFFIC_CONE'}",True,True,contact_traffic_cone_detected,False,,True,8,5,,inf,0,0,0,0,0,inf,inf,0.0,False,True,82,0,,False,False,0.0,inf,inf,inf,0.0,0,True,contact_traffic_cone_detected,,False,False,0.0,inf,inf,inf,False,0.0,,,,cost_window,9,False
6000,1044,45,175,27421,-0.1937098503112793,0.9985160827636719,-0.1937098503112793,0.44999998807907104,0.0,-0.5485160946846008,True,True,contact_escape,traffic_object_contact_escape,contact_traffic_cone_detected,1.0,1.0,11.0,True,False,True,False,False,False,False,False,True,0.36060222157074445,1.872937705949891,0.0,False,crash,,inf,,inf,inf,inf,inf,inf,inf,inf,inf,0.0,"{'ROAD_LINE_BROKEN_SINGLE_WHITE', 'TRAFFIC_CONE'}",True,True,contact_traffic_cone_detected,False,,True,8,5,,inf,0,0,0,0,0,inf,inf,0.0,False,True,82,0,,False,False,0.0,inf,inf,inf,0.0,0,True,contact_traffic_cone_detected,,False,False,0.0,inf,inf,inf,False,0.0,,,,cost_window,10,False
6000,1044,45,176,27422,-0.4600409269332886,0.9942951202392578,-0.4600409269332886,0.44999998807907104,0.0,-0.5442951321601868,True,True,contact_escape,traffic_object_contact_escape,contact_traffic_cone_detected,1.0,1.0,12.0,True,False,True,False,False,False,False,False,True,0.36127227814508706,1.9584919678065036,0.0,False,crash,,inf,,inf,inf,inf,inf,inf,inf,inf,inf,0.0,"{'ROAD_LINE_BROKEN_SINGLE_WHITE', 'TRAFFIC_CONE'}",True,True,contact_traffic_cone_detected,False,,True,8,5,,inf,0,0,0,0,0,inf,inf,0.0,False,True,82,0,,False,False,0.0,inf,inf,inf,0.0,0,True,contact_traffic_cone_detected,,False,False,0.0,inf,inf,inf,False,0.0,,,,cost_window,11,False
6000,1044,45,177,27423,-0.1861928105354309,0.9953944683074951,-0.1861928105354309,0.44999998807907104,0.0,-0.5453944802284241,True,True,contact_escape,traffic_object_contact_escape,contact_traffic_cone_detected,1.0,1.0,13.0,True,False,True,False,False,False,False,False,True,0.3619818581964077,2.092247287700171,0.0,False,crash,,inf,,inf,inf,inf,inf,inf,inf,inf,inf,0.0,"{'ROAD_LINE_BROKEN_SINGLE_WHITE', 'TRAFFIC_CONE'}",True,True,contact_traffic_cone_detected,False,,True,8,5,,inf,0,0,0,0,0,inf,inf,0.0,False,True,82,0,,False,False,0.0,inf,inf,inf,0.0,0,True,contact_traffic_cone_detected,,False,False,0.0,inf,inf,inf,False,0.0,,,,cost_window,12,False
6000,1044,45,178,27424,-0.29899609088897705,0.9916658401489258,-0.29899609088897705,0.44999998807907104,0.0,-0.5416658520698547,True,True,contact_escape,traffic_object_contact_escape,contact_traffic_cone_detected,1.0,1.0,14.0,True,False,True,False,False,False,False,False,True,0.3627370788427715,2.2170307895527155,0.0,False,crash,,inf,,inf,inf,inf,inf,inf,inf,inf,inf,0.0,"{'ROAD_LINE_BROKEN_SINGLE_WHITE', 'TRAFFIC_CONE'}",True,True,contact_traffic_cone_detected,False,,True,8,5,,inf,0,0,0,0,0,inf,inf,0.0,False,True,82,0,,False,False,0.0,inf,inf,inf,0.0,0,True,contact_traffic_cone_detected,,False,False,0.0,inf,inf,inf,False,0.0,,,,cost_window,13,False
6000,1044,45,179,27425,0.10044467449188232,0.9986169338226318,0.10044467449188232,0.44999998807907104,0.0,-0.5486169457435608,True,True,contact_escape,traffic_object_contact_escape,contact_traffic_cone_detected,1.0,1.0,15.0,True,False,True,False,False,False,False,False,True,0.36353078094338603,2.3168276703266137,0.0,False,crash,,inf,,inf,inf,inf,inf,inf,inf,inf,inf,0.0,"{'ROAD_LINE_BROKEN_SINGLE_WHITE', 'TRAFFIC_CONE'}",True,True,contact_traffic_cone_detected,False,,True,8,5,,inf,0,0,0,0,0,inf,inf,0.0,False,True,82,0,,False,False,0.0,inf,inf,inf,0.0,0,True,contact_traffic_cone_detected,,False,False,0.0,inf,inf,inf,False,0.0,,,,cost_window,14,False
6000,1044,45,180,27426,-0.14996016025543213,0.999809741973877,-0.14996016025543213,0.44999998807907104,0.0,-0.5498097538948059,True,True,contact_escape,traffic_object_contact_escape,contact_traffic_cone_detected,1.0,1.0,16.0,True,False,True,False,False,False,False,False,True,0.364358101359153,2.4365965500332742,0.0,False,crash,,inf,,inf,inf,inf,inf,inf,inf,inf,inf,0.0,"{'ROAD_LINE_BROKEN_SINGLE_WHITE', 'TRAFFIC_CONE'}",True,True,contact_traffic_cone_detected,False,,True,8,5,,inf,0,0,0,0,0,inf,inf,0.0,False,True,82,0,,False,False,0.0,inf,inf,inf,0.0,0,True,contact_traffic_cone_detected,,False,False,0.0,inf,inf,inf,False,0.0,,,,cost_window,15,False
6000,1044,45,181,27427,-0.26116645336151123,0.9970567226409912,-0.26116645336151123,0.44999998807907104,0.0,-0.5470567345619202,True,True,contact_escape,traffic_object_contact_escape,contact_traffic_cone_detected,1.0,1.0,17.0,True,False,True,False,False,False,False,False,True,0.36523323537164315,2.5508780620464417,0.0,False,crash,,inf,,inf,inf,inf,inf,inf,inf,inf,inf,0.0,"{'ROAD_LINE_BROKEN_SINGLE_WHITE', 'TRAFFIC_CONE'}",True,True,contact_traffic_cone_detected,False,,True,8,5,,inf,0,0,0,0,0,inf,inf,0.0,False,True,82,0,,False,False,0.0,inf,inf,inf,0.0,0,True,contact_traffic_cone_detected,,False,False,0.0,inf,inf,inf,False,0.0,,,,cost_window,16,False
6000,1044,45,182,27428,-0.4635953903198242,0.9651651382446289,-0.4635953903198242,0.44999998807907104,0.0,-0.5151651501655579,True,True,contact_escape,traffic_object_contact_escape,contact_traffic_cone_detected,0,0,17.0,False,False,False,False,False,False,False,False,True,0.36614924202132326,2.6300455027941703,0.0,False,max_steps,,inf,,inf,inf,inf,inf,inf,inf,inf,inf,0.0,{'ROAD_LINE_BROKEN_SINGLE_WHITE'},True,True,contact_traffic_cone_detected,False,,True,8,5,,inf,0,0,0,0,0,inf,inf,0.0,False,True,82,0,,False,False,0.0,inf,inf,inf,0.0,0,True,contact_traffic_cone_detected,,False,False,0.0,inf,inf,inf,False,0.0,,,,cost_window,17,False
6000,1044,45,183,27429,-0.4290527105331421,0.9934676885604858,-0.4635953903198242,-0.20000000298023224,-0.03454267978668213,-1.1934677362442017,True,True,safety_hold,safety_hold_recovery,recent_emergency_safety_hold,0,0,17.0,False,False,False,False,False,False,False,False,True,0.36704419168511565,2.1195598837559677,0.0,False,max_steps,,inf,,inf,inf,inf,inf,inf,inf,inf,inf,0.0,{'ROAD_LINE_BROKEN_SINGLE_WHITE'},True,True,recent_emergency_safety_hold,False,,True,7,4,TRAFFIC_CONE,10.752258961679757,-12.791519661633888,2.737648693458549,inf,False,False,inf,inf,0.0,True,False,82,0,,False,False,0.0,inf,11.495343677318047,2.486627593850842,0.0,,True,safety_hold,,False,False,0.0,inf,inf,inf,False,0.0,,,,cost_window,18,False
6000,1044,45,184,27430,-0.14725685119628906,0.9973573684692383,-0.4635953903198242,-0.20000000298023224,-0.31633853912353516,-1.197357416152954,True,True,safety_hold,safety_hold_recovery,recent_emergency_safety_hold,0,0,17.0,False,False,False,False,False,False,False,False,True,0.3677642651479275,1.619844123388373,0.0,False,max_steps,,inf,,inf,inf,inf,inf,inf,inf,inf,inf,0.0,{'ROAD_LINE_BROKEN_SINGLE_WHITE'},True,True,recent_emergency_safety_hold,False,,True,6,3,TRAFFIC_CONE,11.001177810915813,-13.142694163344405,2.4029363916425583,inf,False,False,inf,inf,0.0,True,False,82,0,,False,False,0.0,inf,11.618128823416644,2.4993883227443514,0.0,,True,safety_hold,,False,False,0.0,inf,inf,inf,False,0.0,,,,cost_window,19,False
6000,1044,45,185,27431,-0.10269433259963989,0.9992823600769043,-0.4635953903198242,-0.20000000298023224,-0.3609010577201843,-1.1992824077606201,True,True,safety_hold,safety_hold_recovery,recent_emergency_safety_hold,0,0,17.0,False,False,False,False,False,False,False,False,True,0.36830493938585596,1.1222685767450742,0.0,False,max_steps,,inf,,inf,inf,inf,inf,inf,inf,inf,inf,0.0,{'ROAD_LINE_BROKEN_SINGLE_WHITE'},True,True,recent_emergency_safety_hold,False,,True,5,2,TRAFFIC_CONE,11.202820671389054,-13.427939949910122,2.08796636984034,inf,False,False,inf,inf,0.0,True,False,82,0,,False,False,0.0,inf,11.696189883332755,2.518633275296485,0.0,,True,safety_hold,,False,False,0.0,inf,inf,inf,False,0.0,,,,cost_window,20,False
6000,1049,50,75,30124,-0.5205106139183044,0.6806714534759521,0.25,-0.3499999940395355,0.7705106139183044,-1.03067147731781,True,True,safety_hold,safety_hold_recovery,recent_emergency_safety_hold,0,0,0,False,False,False,False,False,False,False,False,True,0.20721499777356286,11.860051546442522,0.0,False,max_steps,,inf,,inf,inf,inf,inf,inf,inf,inf,inf,0.0,{'ROAD_LINE_BROKEN_SINGLE_WHITE'},True,True,recent_emergency_safety_hold,False,,True,6,0,,inf,inf,inf,inf,False,False,9.560105823151194,inf,6.3740916656106945,True,False,70,0,,False,False,0.0,29.534269756306767,inf,1.287417900052302,0.0,,True,safety_hold,,False,False,0.0,inf,inf,inf,False,0.0,,,,cost_window,-20,False
6000,1049,50,76,30125,-0.6414560675621033,0.5903844833374023,0.25,-0.3499999940395355,0.8914560675621033,-0.9403845071792603,True,True,safety_hold,safety_hold_recovery,recent_emergency_safety_hold,0,0,0,False,False,False,False,False,False,False,False,True,0.21051650522025514,11.481964444986126,0.0,False,max_steps,,inf,,inf,inf,inf,inf,inf,inf,inf,inf,0.0,{'ROAD_LINE_BROKEN_SINGLE_WHITE'},True,True,recent_emergency_safety_hold,False,,True,5,0,,inf,inf,inf,inf,False,False,9.490266415127632,inf,7.607702026064862,True,False,70,0,,False,False,0.0,31.28469211104428,inf,1.700096637178802,0.0,,True,safety_hold,,False,False,0.0,inf,inf,inf,False,0.0,,,,cost_window,-19,False
6000,1049,50,77,30126,-0.734370768070221,0.4516029357910156,0.25,-0.3499999940395355,0.984370768070221,-0.8016029596328735,True,True,safety_hold,safety_hold_recovery,recent_emergency_safety_hold,0,0,0,False,False,False,False,False,False,False,False,True,0.2135231474196841,11.111415939030888,0.0,False,max_steps,,inf,,inf,inf,inf,inf,inf,inf,inf,inf,0.0,{'ROAD_LINE_BROKEN_SINGLE_WHITE'},True,True,recent_emergency_safety_hold,False,,True,4,0,,inf,inf,inf,inf,False,False,9.248312411193469,inf,8.432019048419429,True,False,70,0,,False,False,0.0,36.08026817839179,inf,2.226028153279596,0.0,,True,safety_hold,,False,False,0.0,inf,inf,inf,False,0.0,,,,cost_window,-18,False
6000,1049,50,78,30127,-0.8166099190711975,0.2875039577484131,0.25,-0.3499999940395355,1.0666098594665527,-0.637503981590271,True,True,safety_hold,safety_hold_recovery,recent_emergency_safety_hold,0,0,0,False,False,False,False,False,False,False,False,True,0.21622416410460463,10.74557882823177,0.0,False,max_steps,,inf,,inf,inf,inf,inf,inf,inf,inf,inf,0.0,set(),True,True,recent_emergency_safety_hold,False,,True,3,0,,inf,inf,inf,inf,False,False,8.765239787981862,inf,9.073692470738427,True,False,70,0,,False,False,0.0,38.88618382722676,inf,2.7965039769279065,0.0,,True,safety_hold,,False,False,0.0,inf,inf,inf,False,0.0,,,,cost_window,-17,False
6000,1049,50,79,30128,-0.8773412108421326,0.09131741523742676,-0.8773412108421326,0.09131741523742676,0.0,0.0,True,False,inactive_raw_action,raw_action_safe,low_risk_verified_passthrough,0,0,0,False,False,False,False,False,False,False,False,True,0.2186635384269254,10.447487295215563,0.0,False,max_steps,,inf,,inf,inf,inf,inf,inf,inf,inf,inf,0.0,{'ROAD_LINE_BROKEN_SINGLE_WHITE'},False,False,,True,,True,3,0,,inf,inf,inf,inf,False,False,7.938546329020777,inf,9.427539140360444,False,False,70,-1,,False,False,0.0,42.29858343546173,inf,3.4694931264612214,0.0,,False,low_risk_verified,,False,False,0.0,inf,inf,inf,False,0.0,,,,cost_window,-16,False
6000,1049,50,80,30129,-0.9515589475631714,-0.28864777088165283,-0.9515589475631714,-0.28864777088165283,0.0,0.0,True,False,inactive_raw_action,raw_action_safe,low_risk_verified_passthrough,0,0,0,False,False,False,False,False,False,False,False,True,0.2209828615418981,9.984511325122742,0.0,False,max_steps,,inf,,inf,inf,inf,inf,inf,inf,inf,inf,0.0,{'ROAD_LINE_BROKEN_SINGLE_WHITE'},False,False,,True,,False,0,0,,inf,inf,inf,inf,False,False,6.695322629655085,inf,0.0,False,False,70,-1,,False,False,0.0,48.56593397953339,inf,3.2606846123392565,0.0,,False,low_risk_verified,,False,False,0.0,inf,inf,inf,False,0.0,,,,cost_window,-15,False
6000,1049,50,81,30130,-0.9827153086662292,-0.8655442595481873,-0.9827153086662292,-0.8655442595481873,0.0,0.0,True,False,inactive_raw_action,raw_action_safe,low_risk_verified_passthrough,0,0,0,False,False,False,False,False,False,False,False,True,0.22315363259390805,9.193363651765427,0.0,False,max_steps,,inf,,inf,inf,inf,inf,inf,inf,inf,inf,0.0,{'ROAD_LINE_BROKEN_SINGLE_WHITE'},False,False,,True,,False,0,0,,inf,inf,inf,inf,False,False,6.826063733344603,inf,0.0,False,False,70,-1,,False,False,0.0,49.05882225241486,inf,2.591668637508272,0.0,,False,low_risk_verified,,False,False,0.0,inf,inf,inf,False,0.0,,,,cost_window,-14,False
6000,1049,50,82,30131,-0.9895057082176208,-0.950641393661499,-0.9895057082176208,-0.950641393661499,0.0,0.0,True,False,inactive_raw_action,raw_action,raw_action_safe_or_candidate_not_better,0,0,0,False,False,False,False,False,False,False,False,True,0.22516171516849046,8.32095795790093,0.0,False,max_steps,,inf,,inf,inf,inf,49.66512022203763,inf,0.9439364970065417,inf,inf,0.0,{'ROAD_LINE_BROKEN_SINGLE_WHITE'},False,False,,False,route_deviation_rising,False,0,0,,inf,inf,inf,inf,False,False,12.523165013122384,inf,0.0,False,False,70,0,,False,False,0.0,49.82500679810545,inf,1.9439364970065416,0.0,,False,raw_action_safe_or_candidate_not_better,,False,False,0.0,49.66512022203763,inf,1.9439364970065416,False,41.7852366540889,,,,cost_window,-13,False
6000,1049,50,83,30132,-0.9845835566520691,-0.8407478332519531,-0.9845835566520691,-0.8407478332519531,0.0,0.0,True,False,inactive_raw_action,raw_action_safe,low_risk_verified_passthrough,0,0,0,False,False,False,False,False,False,False,False,True,0.22702875592772231,7.46779123328022,0.0,False,max_steps,,inf,,inf,inf,inf,inf,inf,inf,inf,inf,0.0,{'ROAD_LINE_BROKEN_SINGLE_WHITE'},False,False,,True,,False,0,0,,inf,inf,inf,inf,False,False,inf,inf,0.0,False,False,70,-1,,False,False,0.0,50.44963371457416,inf,1.3785196600205913,0.0,,False,low_risk_verified,,False,False,0.0,inf,inf,inf,False,0.0,,,,cost_window,-12,False
6000,1049,50,84,30133,-0.9783593416213989,-0.5724614262580872,-0.9783593416213989,-0.5724614262580872,0.0,0.0,True,False,inactive_raw_action,raw_action,raw_action_safe_or_candidate_not_better,0,0,0,False,False,False,False,False,False,False,False,True,0.22877844848534412,6.720985486903119,0.0,False,max_steps,,inf,,inf,inf,inf,50.89226910934828,inf,0.887302455967698,inf,inf,0.0,"{'ROAD_LINE_SOLID_SINGLE_YELLOW', 'ROAD_LINE_BROKEN_SINGLE_WHITE'}",False,False,,False,boundary_margin_uncertain_or_low,False,0,0,,inf,inf,inf,inf,False,False,inf,inf,0.0,False,False,70,0,,False,False,0.6761852641937982,51.04701693237654,inf,0.887302455967698,0.0,,False,raw_action_safe_or_candidate_not_better,,False,False,0.6761852641938073,50.89226910934828,inf,0.887302455967698,False,16.76736324024904,,,,cost_window,-11,False
6000,1049,50,85,30134,-0.9703036546707153,-0.08959096670150757,-0.44999998807907104,-0.3499999940395355,0.5203036665916443,-0.26040902733802795,True,True,ultra_short_horizon_emergency,ultra_short_boundary_recovery,contact_road_line_solid_detected,0,0,0,False,False,False,False,False,False,False,False,True,0.23043152580304413,6.145798217608687,0.0,False,max_steps,,inf,,inf,inf,inf,inf,inf,inf,inf,inf,0.0,"{'ROAD_LINE_SOLID_SINGLE_YELLOW', 'ROAD_LINE_BROKEN_SINGLE_WHITE'}",True,True,contact_road_line_solid_detected,False,,True,8,1,,inf,0,0,0,0,0,inf,inf,0.0,True,False,70,0,,False,False,0.0,inf,inf,inf,0.0,0,True,contact_road_line_solid_detected,,False,False,0.0,inf,inf,inf,False,0.0,,,,cost_window,-10,False
6000,1049,50,86,30135,-0.9491126537322998,0.5019268989562988,-0.44999998807907104,-0.3499999940395355,0.49911266565322876,-0.8519269227981567,True,True,ultra_short_horizon_emergency,ultra_short_boundary_recovery,contact_road_line_solid_detected,0,0,0,False,False,False,False,False,False,False,False,True,0.2319903732626706,5.5659845839838376,0.0,False,max_steps,,inf,,inf,inf,inf,inf,inf,inf,inf,inf,0.0,{'ROAD_LINE_SOLID_SINGLE_YELLOW'},True,True,contact_road_line_solid_detected,False,,True,8,2,,inf,0,0,0,0,0,inf,inf,0.0,True,False,70,0,,False,False,0.0,inf,inf,inf,0.0,0,True,contact_road_line_solid_detected,,False,False,0.0,inf,inf,inf,False,0.0,,,,cost_window,-9,False
6000,1049,50,87,30136,-0.9398669004440308,0.6706299781799316,0.44999998807907104,-0.3499999940395355,1.389866828918457,-1.0206300020217896,True,True,ultra_short_horizon_emergency,ultra_short_boundary_recovery,contact_road_line_solid_detected,0,0,0,False,False,False,False,False,False,False,False,True,0.23341766903262975,5.0031098456771,0.0,False,max_steps,,inf,,inf,inf,inf,inf,inf,inf,inf,inf,0.0,{'ROAD_LINE_SOLID_SINGLE_YELLOW'},True,True,contact_road_line_solid_detected,False,,True,8,3,,inf,0,0,0,0,0,inf,inf,0.0,True,False,70,0,,False,False,0.0,inf,inf,inf,0.0,0,True,contact_road_line_solid_detected,,False,False,0.0,inf,inf,inf,False,0.0,,,,cost_window,-8,False
6000,1049,50,88,30137,-0.9066288471221924,0.8036894798278809,0.44999998807907104,-0.3499999940395355,1.3566288948059082,-1.1536895036697388,True,True,ultra_short_horizon_emergency,ultra_short_boundary_recovery,contact_road_line_solid_detected,0,0,0,False,False,False,False,False,False,False,False,True,0.2346590537924443,4.414319455021426,0.0,False,max_steps,,inf,,inf,inf,inf,inf,inf,inf,inf,inf,0.0,{'ROAD_LINE_SOLID_SINGLE_YELLOW'},True,True,contact_road_line_solid_detected,False,,True,8,4,,inf,0,0,0,0,0,inf,inf,0.0,True,False,70,0,,False,False,0.0,inf,inf,inf,0.0,0,True,contact_road_line_solid_detected,,False,False,0.0,inf,inf,inf,False,0.0,,,,cost_window,-7,False
6000,1049,50,89,30138,-0.9417150616645813,0.5083929300308228,0.44999998807907104,-0.3499999940395355,1.3917150497436523,-0.8583929538726807,True,True,ultra_short_horizon_emergency,ultra_short_boundary_recovery,contact_road_line_solid_detected,0,0,0,False,False,False,False,False,False,False,False,True,0.23568761640248195,3.761719025978008,0.0,False,max_steps,,inf,,inf,inf,inf,inf,inf,inf,inf,inf,0.0,{'ROAD_LINE_SOLID_SINGLE_YELLOW'},True,True,contact_road_line_solid_detected,False,,True,8,5,,inf,0,0,0,0,0,inf,inf,0.0,True,False,70,0,,False,False,0.0,inf,inf,inf,0.0,0,True,contact_road_line_solid_detected,,False,False,0.0,inf,inf,inf,False,0.0,,,,cost_window,-6,False
6000,1049,50,90,30139,-0.9556097388267517,0.3659862279891968,0.44999998807907104,-0.3499999940395355,1.4056097269058228,-0.7159862518310547,True,True,ultra_short_horizon_emergency,ultra_short_boundary_recovery,contact_road_line_solid_detected,0,0,0,False,False,False,False,False,False,False,False,True,0.23649413849395953,3.1518506695918616,0.0,False,max_steps,,inf,,inf,inf,inf,inf,inf,inf,inf,inf,0.0,{'ROAD_LINE_SOLID_SINGLE_YELLOW'},True,True,contact_road_line_solid_detected,False,,True,8,5,,inf,0,0,0,0,0,inf,inf,0.0,True,False,70,0,,False,False,0.0,inf,inf,inf,0.0,0,True,contact_road_line_solid_detected,,False,False,0.0,inf,inf,inf,False,0.0,,,,cost_window,-5,False
6000,1049,50,91,30140,-0.9486210346221924,0.6203211545944214,0.44999998807907104,-0.3499999940395355,1.3986210823059082,-0.9703211784362793,True,True,ultra_short_horizon_emergency,ultra_short_boundary_recovery,contact_road_line_solid_detected,0,0,0,False,False,False,False,False,False,False,False,True,0.23713033817396878,2.5685680264831765,0.0,False,max_steps,,inf,,inf,inf,inf,inf,inf,inf,inf,inf,0.0,{'ROAD_LINE_SOLID_SINGLE_YELLOW'},True,True,contact_road_line_solid_detected,False,,True,8,5,,inf,0,0,0,0,0,inf,inf,0.0,True,False,70,0,,False,False,0.0,inf,inf,inf,0.0,0,True,contact_road_line_solid_detected,,False,False,0.0,inf,inf,inf,False,0.0,,,,cost_window,-4,False
6000,1049,50,92,30141,-0.9560772180557251,0.5988816022872925,0.44999998807907104,-0.3499999940395355,1.4060771465301514,-0.9488816261291504,True,True,ultra_short_horizon_emergency,ultra_short_boundary_recovery,contact_road_line_solid_detected,0,0,0,False,False,False,False,False,False,False,False,True,0.2376242471045802,1.991583059248876,0.0,False,max_steps,,inf,,inf,inf,inf,inf,inf,inf,inf,inf,0.0,{'ROAD_LINE_SOLID_SINGLE_YELLOW'},True,True,contact_road_line_solid_detected,False,,True,8,5,,inf,0,0,0,0,0,inf,inf,0.0,True,False,70,0,,False,False,0.0,inf,inf,inf,0.0,0,True,contact_road_line_solid_detected,,False,False,0.0,inf,inf,inf,False,0.0,,,,cost_window,-3,False
6000,1049,50,93,30142,-0.9650935530662537,0.5005438327789307,0.44999998807907104,-0.10000000149011612,1.4150935411453247,-0.6005438566207886,True,True,ultra_short_horizon_emergency,ultra_short_boundary_recovery,contact_road_line_solid_detected,0,0,0,False,False,False,False,False,False,False,False,True,0.2380099735930966,1.827518654099401,0.0,False,max_steps,,inf,,inf,inf,inf,inf,inf,inf,inf,inf,0.0,{'ROAD_LINE_SOLID_SINGLE_YELLOW'},True,True,contact_road_line_solid_detected,False,,True,8,5,,inf,0,0,0,0,0,inf,inf,0.0,True,False,70,0,,False,False,0.0,inf,inf,inf,0.0,0,True,contact_road_line_solid_detected,,False,False,0.0,inf,inf,inf,False,0.0,,,,cost_window,-2,False
6000,1049,50,94,30143,-0.9718347191810608,0.4381375312805176,0.44999998807907104,-0.10000000149011612,1.4218347072601318,-0.5381375551223755,True,True,ultra_short_horizon_emergency,ultra_short_boundary_recovery,contact_road_line_solid_detected,0,0,0,False,False,False,False,False,False,False,False,True,0.23835050401039887,1.6624810263954777,0.0,False,max_steps,,inf,,inf,inf,inf,inf,inf,inf,inf,inf,0.0,{'ROAD_LINE_SOLID_SINGLE_YELLOW'},True,True,contact_road_line_solid_detected,False,,True,8,5,,inf,0,0,0,0,0,inf,inf,0.0,True,False,70,0,,False,False,0.0,inf,inf,inf,0.0,0,True,contact_road_line_solid_detected,,False,False,0.0,inf,inf,inf,False,0.0,,,,cost_window,-1,False
6000,1049,50,95,30144,-0.9764446020126343,0.31332671642303467,0.44999998807907104,-0.10000000149011612,1.4264445304870605,-0.4133267104625702,True,True,ultra_short_horizon_emergency,ultra_short_boundary_recovery,contact_road_line_solid_detected,1.0,1.0,1.0,False,False,False,False,False,False,True,True,True,0.23864992198733298,1.4979594482781051,0.0,True,out_of_road,,inf,,inf,inf,inf,inf,inf,inf,inf,inf,0.0,{'ROAD_LINE_SOLID_SINGLE_YELLOW'},True,True,contact_road_line_solid_detected,False,,True,8,5,,inf,0,0,0,0,0,inf,inf,0.0,True,False,70,0,,False,False,0.0,inf,inf,inf,0.0,0,True,contact_road_line_solid_detected,,False,False,0.0,inf,inf,inf,False,0.0,,,,cost_window,0,True
ckpt_index,env_id,episode,step,global_step,raw_action_steer,raw_action_throttle,safe_action_steer,safe_action_throttle,action_delta_steer,action_delta_throttle,filter_enabled,filter_intervened,recovery_mode,selected_candidate_type,fallback_reason,cost,step_cost,episode_cost_so_far,crash,crash_vehicle,crash_object,crash_sidewalk,crash_building,crash_human,out_of_road,out_of_route,on_lane,route_completion,velocity,reward,done,done_reason,front_blocking_object_type,front_blocking_object_distance,nearest_object_type,nearest_object_distance,nearest_traffic_object_distance,front_traffic_object_distance,min_vehicle_margin,min_static_margin,min_boundary_margin,rss_longitudinal_margin,rss_lateral_margin,rss_risk_score,contact_results,actual_action_modified,hard_risk,hard_risk_reason,low_risk_gate_passed,low_risk_gate_rejected_reason,safety_hold_active,safety_hold_remaining,recent_contact_steps,nearest_static_object_type,nearest_static_object_distance,nearest_static_forward_distance,nearest_static_lateral_gap,front_static_blocking_distance,static_distance_immediate_risk,deadlock_escape_candidate,ttc_vehicle_min,ttc_static_min,boundary_closing_rate,pre_contact_intervention,post_contact_intervention,first_risk_detected_step,risk_to_intervention_delay,intervention_to_first_cost_delay,raw_predicted_collision,raw_predicted_out_of_road,raw_predicted_cost_risk,raw_min_vehicle_margin,raw_min_static_margin,raw_min_boundary_margin,raw_deadlock_risk,raw_failure_reason,allow_intervention,intervention_reason,intervention_rejected_reason,candidate_predicted_collision,candidate_predicted_out_of_road,candidate_predicted_cost_risk,candidate_min_vehicle_margin,candidate_min_static_margin,candidate_min_boundary_margin,vehicle_margin_worse,intervention_score_gain,exception_type,exception_message,exception_traceback,event_type,window_relative_step,is_first_cost_event
6000,1002,3,211,2030,-0.8049644827842712,-0.9556531310081482,-0.8049644827842712,-0.9556531310081482,0.0,0.0,True,False,inactive_raw_action,raw_action,raw_action_safe_or_candidate_not_better,0,0,0,False,False,False,False,False,False,False,False,True,0.6873194707010094,14.039850274170126,0.0,False,max_steps,,inf,,inf,inf,inf,2.5137717602522653,inf,2.7927784215262936,inf,inf,0.0,{'ROAD_LINE_BROKEN_SINGLE_WHITE'},False,False,,False,raw_predicted_collision,False,0,0,,inf,inf,inf,inf,False,False,1.330167752095527,inf,0.0,False,False,73,0,,True,False,0.0,2.7014516650923786,inf,2.773102495600352,0.0,vehicle_lateral_margin_violation,False,raw_action_safe_or_candidate_not_better,candidate_not_better,False,False,0.0,2.5137717602522653,inf,2.7927784215262936,False,5.265052572282222,,,,cost_window,-20,False
6000,1002,3,212,2031,-0.7966985106468201,-0.9586120843887329,-0.7966985106468201,-0.9586120843887329,0.0,0.0,True,False,inactive_raw_action,raw_action,raw_action_safe_or_candidate_not_better,0,0,0,False,False,False,False,False,False,False,False,True,0.6909925835504518,13.404107881137403,0.0,False,max_steps,,inf,,inf,inf,inf,2.704594893101405,inf,2.7437466063671727,inf,inf,0.0,{'ROAD_LINE_BROKEN_SINGLE_WHITE'},False,False,,False,raw_predicted_collision,False,0,0,,inf,inf,inf,inf,False,False,1.435535307799335,inf,0.0,False,False,73,0,,True,False,0.0,2.8426422785254624,inf,2.7240706804412373,0.0,vehicle_lateral_margin_violation,False,raw_action_safe_or_candidate_not_better,candidate_not_better,False,False,0.0,2.704594893101405,inf,2.7437466063671727,False,5.544699557175878,,,,cost_window,-19,False
6000,1002,3,213,2032,-0.6451677083969116,-0.8338291049003601,-0.6451677083969116,-0.8338291049003601,0.0,0.0,True,False,inactive_raw_action,raw_action,raw_action_safe_or_candidate_not_better,0,0,0,False,False,False,False,False,False,False,False,True,0.6945028391959702,12.854455831396127,0.0,False,max_steps,,inf,,inf,inf,inf,2.862060135180393,inf,2.752045148391647,inf,inf,0.0,{'ROAD_LINE_BROKEN_SINGLE_WHITE'},False,False,,False,raw_predicted_collision,False,0,0,,inf,inf,inf,inf,False,False,1.5675071024536265,inf,0.0,False,False,73,0,,True,False,0.0,3.000147977710878,inf,2.7323692224657177,0.0,vehicle_lateral_margin_violation,False,raw_action_safe_or_candidate_not_better,candidate_not_better,False,False,0.0,2.862060135180393,inf,2.752045148391647,False,3.0212360323477654,,,,cost_window,-18,False
6000,1002,3,214,2033,-0.42253047227859497,-0.42501282691955566,-0.42253047227859497,-0.42501282691955566,0.0,0.0,True,False,inactive_raw_action,raw_action,raw_action_safe_or_candidate_not_better,0,0,0,False,False,False,False,False,False,False,False,True,0.6978768970678222,12.504197047161348,0.0,False,max_steps,,inf,,inf,inf,inf,0.31877957594720563,inf,2.7791871527131744,inf,inf,0.0,{'ROAD_LINE_BROKEN_SINGLE_WHITE'},False,False,,False,raw_predicted_collision,False,0,0,,inf,inf,inf,inf,False,False,1.7157621915165489,inf,0.0,False,False,73,0,,True,False,0.0,2.4511990405634116,inf,2.759511226787248,0.0,vehicle_lateral_margin_violation,False,raw_action_safe_or_candidate_not_better,vehicle_margin_worse,False,False,0.3244498817895929,0.31877957594720563,inf,2.7791871527131744,True,-17.074802142647293,,,,cost_window,-17,False
6000,1002,3,215,2034,-0.04524850845336914,0.9282492399215698,-0.04524850845336914,0.9282492399215698,0.0,0.0,True,False,inactive_raw_action,raw_action,raw_action_safe_or_candidate_not_better,0,0,0,False,False,False,False,False,False,False,False,True,0.7011862285668533,12.677550880712944,0.0,False,max_steps,,inf,,inf,inf,inf,-3.6653750417628554,inf,1.8630231113430118,inf,inf,0.0,{'ROAD_LINE_BROKEN_SINGLE_WHITE'},False,False,,False,vehicle_margin_uncertain_or_low,False,0,0,,inf,inf,inf,inf,False,False,1.8223423055724501,inf,0.0,False,False,73,0,,False,False,3.5870477070384372,-1.535461501484983,inf,2.861924914938028,0.0,,False,raw_action_safe_or_candidate_not_better,vehicle_margin_worse,False,False,3.4311479966393983,-1.982223690850911,inf,2.881600840863958,True,-6.075825921000593,,,,cost_window,-16,False
6000,1002,3,216,2035,-0.12441426515579224,0.961453914642334,-0.12441426515579224,0.961453914642334,0.0,0.0,True,False,inactive_raw_action,raw_action,raw_action_safe_or_candidate_not_better,0,0,0,False,False,False,False,False,False,False,False,True,0.7045276009835556,12.804725518654587,0.0,False,max_steps,,inf,,inf,inf,inf,-3.4634866079568174,inf,1.977442286797464,inf,inf,0.0,{'ROAD_LINE_BROKEN_SINGLE_WHITE'},False,False,,False,vehicle_margin_uncertain_or_low,False,0,0,,inf,inf,inf,inf,False,False,1.7082836551735934,inf,0.0,False,False,73,0,,False,False,3.557485649060096,-1.531885053946345,inf,2.9763440903924816,0.0,,False,raw_action_safe_or_candidate_not_better,vehicle_margin_worse,False,False,3.557527362144141,-1.907961643779441,inf,2.996020016318415,True,-5.968907267205992,,,,cost_window,-15,False
6000,1002,3,217,2036,-0.059211790561676025,0.8592212200164795,-0.059211790561676025,0.8592212200164795,0.0,0.0,True,False,inactive_raw_action,raw_action,raw_action_safe_or_candidate_not_better,0,0,0,False,False,False,False,False,False,False,False,True,0.7079003891811305,13.031983311720992,0.0,False,max_steps,,inf,,inf,inf,inf,-3.234024543673465,inf,3.147022647851762,inf,inf,0.0,set(),False,False,,False,vehicle_margin_uncertain_or_low,False,0,0,,inf,inf,inf,inf,False,False,1.5989371213224663,inf,0.0,False,False,73,0,,False,False,3.6723427433338465,-1.6570400370444869,inf,3.147022647851762,0.0,,False,raw_action_safe_or_candidate_not_better,vehicle_margin_worse,False,False,3.659820609640707,-2.027464773663904,inf,3.1666985737777043,True,-2.7328562224994357,,,,cost_window,-14,False
6000,1002,3,218,2037,0.09260821342468262,0.7514092922210693,0.09260821342468262,0.7514092922210693,0.0,0.0,True,False,inactive_raw_action,raw_action,raw_action_safe_or_candidate_not_better,0,0,0,False,False,False,False,False,False,False,False,True,0.7113360820087201,13.170653476739794,0.0,False,max_steps,,inf,,inf,inf,inf,-3.0901744913991678,inf,2.3681205716140017,inf,inf,0.0,set(),False,False,,False,vehicle_margin_uncertain_or_low,False,0,0,,inf,inf,inf,inf,False,False,1.4507184439919167,inf,1.20686869187876,False,False,73,0,,False,False,3.821378484090664,-1.732297169193159,inf,3.3670223752090362,0.0,,False,raw_action_safe_or_candidate_not_better,candidate_not_better,False,False,3.821378484090664,-1.732297169193159,inf,3.3670223752090362,False,-0.35457965484074805,,,,cost_window,-13,False
6000,1002,3,219,2038,0.09815585613250732,0.5189716815948486,0.0,-0.800000011920929,-0.09815585613250732,-1.3189716339111328,True,True,ultra_short_horizon_emergency,ultra_short_horizon_emergency_stop,static_collision_step_3,0,0,0,False,False,False,False,False,False,False,False,True,0.714755390518861,12.096811549423142,0.0,False,max_steps,,inf,,inf,inf,inf,inf,inf,inf,inf,inf,0.0,set(),True,True,static_collision_step_3,False,,True,8,0,,inf,0,0,0,0,0,inf,inf,0.0,True,False,73,0,,False,False,0.0,inf,inf,inf,0.0,0,True,static_collision_step_3,,False,False,0.0,inf,inf,inf,False,0.0,,,,cost_window,-12,False
6000,1002,3,220,2039,-0.19156455993652344,-0.34618836641311646,0.0,-0.800000011920929,0.19156455993652344,-0.4538116455078125,True,True,ultra_short_horizon_emergency,ultra_short_horizon_emergency_stop,static_collision_step_3,0,0,0,False,False,False,False,False,False,False,False,True,0.7179359076821498,11.203056066906456,0.0,False,max_steps,,inf,,inf,inf,inf,inf,inf,inf,inf,inf,0.0,set(),True,True,static_collision_step_3,False,,True,8,0,,inf,0,0,0,0,0,inf,inf,0.0,True,False,73,0,,False,False,0.0,inf,inf,inf,0.0,0,True,static_collision_step_3,,False,False,0.0,inf,inf,inf,False,0.0,,,,cost_window,-11,False
6000,1002,3,221,2040,0.021369218826293945,-0.5890376567840576,0.0,-0.800000011920929,-0.021369218826293945,-0.21096235513687134,True,True,ultra_short_horizon_emergency,ultra_short_horizon_emergency_stop,static_collision_step_3,0,0,0,False,False,False,False,False,False,False,False,True,0.720890110521971,10.27862070706205,0.0,False,max_steps,,inf,,inf,inf,inf,inf,inf,inf,inf,inf,0.0,set(),True,True,static_collision_step_3,False,,True,8,0,,inf,0,0,0,0,0,inf,inf,0.0,True,False,73,0,,False,False,0.0,inf,inf,inf,0.0,0,True,static_collision_step_3,,False,False,0.0,inf,inf,inf,False,0.0,,,,cost_window,-10,False
6000,1002,3,222,2041,-0.14508986473083496,-0.5881208777427673,0.0,-0.800000011920929,0.14508986473083496,-0.21187913417816162,True,True,ultra_short_horizon_emergency,ultra_short_horizon_emergency_stop,static_collision_step_3,0,0,0,False,False,False,False,False,False,False,False,True,0.7236043732777931,9.318227678181511,0.0,False,max_steps,,inf,,inf,inf,inf,inf,inf,inf,inf,inf,0.0,set(),True,True,static_collision_step_3,False,,True,8,0,,inf,0,0,0,0,0,inf,inf,0.0,True,False,73,0,,False,False,0.0,inf,inf,inf,0.0,0,True,static_collision_step_3,,False,False,0.0,inf,inf,inf,False,0.0,,,,cost_window,-9,False
6000,1002,3,223,2042,-0.22070837020874023,-0.8427554965019226,0.0,-0.800000011920929,0.22070837020874023,0.04275548458099365,True,True,ultra_short_horizon_emergency,ultra_short_horizon_emergency_stop,high_speed_approach_False,0,0,0,False,False,False,False,False,False,False,False,True,0.7260658541632918,8.34388970197862,0.0,False,max_steps,,inf,,inf,inf,inf,inf,inf,inf,inf,inf,0.0,set(),True,True,high_speed_approach_False,False,,True,8,0,,inf,0,0,0,0,0,inf,inf,0.0,True,False,73,0,,False,False,0.0,inf,inf,inf,0.0,0,True,high_speed_approach_False,,False,False,0.0,inf,inf,inf,False,0.0,,,,cost_window,-8,False
6000,1002,3,224,2043,-0.3131674528121948,-0.8779590129852295,0.0,-0.800000011920929,0.3131674528121948,0.07795900106430054,True,True,ultra_short_horizon_emergency,ultra_short_horizon_emergency_stop,high_speed_approach_False,0,0,0,False,False,False,False,False,False,False,False,True,0.7282686501671766,7.370422284695616,0.0,False,max_steps,,inf,,inf,inf,inf,inf,inf,inf,inf,inf,0.0,set(),True,True,high_speed_approach_False,False,,True,8,0,,inf,0,0,0,0,0,inf,inf,0.0,True,False,73,0,,False,False,0.0,inf,inf,inf,0.0,0,True,high_speed_approach_False,,False,False,0.0,inf,inf,inf,False,0.0,,,,cost_window,-7,False
6000,1002,3,225,2044,-0.37815988063812256,-0.8946646451950073,0.0,-0.800000011920929,0.37815988063812256,0.09466463327407837,True,True,ultra_short_horizon_emergency,ultra_short_horizon_emergency_stop,high_speed_approach_False,0,0,0,False,False,False,False,False,False,False,False,True,0.7302110163435629,6.398817647129256,0.0,False,max_steps,,inf,,inf,inf,inf,inf,inf,inf,inf,inf,0.0,set(),True,True,high_speed_approach_False,False,,True,8,0,,inf,0,0,0,0,0,inf,inf,0.0,True,False,73,0,,False,False,0.0,inf,inf,inf,0.0,0,True,high_speed_approach_False,,False,False,0.0,inf,inf,inf,False,0.0,,,,cost_window,-6,False
6000,1002,3,226,2045,-0.33092188835144043,-0.8560392260551453,0.0,-0.800000011920929,0.33092188835144043,0.05603921413421631,True,True,ultra_short_horizon_emergency,ultra_short_horizon_emergency_stop,static_collision_step_1,0,0,0,False,False,False,False,False,False,False,False,True,0.7318918837432595,5.42759964398008,0.0,False,max_steps,,inf,,inf,inf,inf,inf,inf,inf,inf,inf,0.0,set(),True,True,static_collision_step_1,False,,True,8,0,,inf,0,0,0,0,0,inf,inf,0.0,True,False,73,0,,False,False,0.0,inf,inf,inf,0.0,0,True,static_collision_step_1,,False,False,0.0,inf,inf,inf,False,0.0,,,,cost_window,-5,False
6000,1002,3,227,2046,-0.3468456268310547,-0.7583690285682678,0.0,-0.800000011920929,0.3468456268310547,-0.04163098335266113,True,True,ultra_short_horizon_emergency,ultra_short_horizon_emergency_stop,static_collision_step_1,0,0,0,False,False,False,False,False,False,False,False,True,0.7333103716691693,4.45650095368993,0.0,False,max_steps,,inf,,inf,inf,inf,inf,inf,inf,inf,inf,0.0,set(),True,True,static_collision_step_1,False,,True,8,0,,inf,0,0,0,0,0,inf,inf,0.0,True,False,73,0,,False,False,0.0,inf,inf,inf,0.0,0,True,static_collision_step_1,,False,False,0.0,inf,inf,inf,False,0.0,,,,cost_window,-4,False
6000,1002,3,228,2047,-0.32234275341033936,-0.7804973721504211,0.0,-0.800000011920929,0.32234275341033936,-0.019502639770507812,True,True,ultra_short_horizon_emergency,ultra_short_horizon_emergency_stop,static_collision_step_1,0,0,0,False,False,False,False,False,False,False,False,True,0.7344659848914685,3.48519035463814,0.0,False,max_steps,,inf,,inf,inf,inf,inf,inf,inf,inf,inf,0.0,set(),True,True,static_collision_step_1,False,,True,8,0,,inf,0,0,0,0,0,inf,inf,0.0,True,False,73,0,,False,False,0.0,inf,inf,inf,0.0,0,True,static_collision_step_1,,False,False,0.0,inf,inf,inf,False,0.0,,,,cost_window,-3,False
6000,1002,3,229,2048,-0.4105275869369507,-0.6124125719070435,0.0,-0.800000011920929,0.4105275869369507,-0.1875874400138855,True,True,ultra_short_horizon_emergency,ultra_short_horizon_emergency_stop,static_collision_step_1,0,0,0,False,False,False,False,False,False,False,False,True,0.7353583909118225,2.5136092747635375,0.0,False,max_steps,,inf,,inf,inf,inf,inf,inf,inf,inf,inf,0.0,set(),True,True,static_collision_step_1,False,,True,8,0,,inf,0,0,0,0,0,inf,inf,0.0,True,False,73,0,,False,False,0.0,inf,inf,inf,0.0,0,True,static_collision_step_1,,False,False,0.0,inf,inf,inf,False,0.0,,,,cost_window,-2,False
6000,1002,3,230,2049,-0.2264736294746399,-0.5906946063041687,0.0,-0.800000011920929,0.2264736294746399,-0.20930540561676025,True,True,ultra_short_horizon_emergency,ultra_short_horizon_emergency_stop,static_collision_step_1,0,0,0,False,False,False,False,False,False,False,False,True,0.735987370902095,1.541947661233522,0.0,False,max_steps,,inf,,inf,inf,inf,inf,inf,inf,inf,inf,0.0,set(),True,True,static_collision_step_1,False,,True,8,0,,inf,0,0,0,0,0,inf,inf,0.0,True,False,73,0,,False,False,0.0,inf,inf,inf,0.0,0,True,static_collision_step_1,,False,False,0.0,inf,inf,inf,False,0.0,,,,cost_window,-1,False
6000,1002,3,231,2050,-0.2908722162246704,-0.38381606340408325,0.0,-0.800000011920929,0.2908722162246704,-0.4161839485168457,True,True,ultra_short_horizon_emergency,ultra_short_horizon_emergency_stop,static_collision_step_1,1.0,1.0,1.0,True,False,True,False,False,False,False,False,True,0.7363526008936928,0.566654836455516,0.0,False,crash,,inf,,inf,inf,inf,inf,inf,inf,inf,inf,0.0,{'TRAFFIC_BARRIER'},True,True,static_collision_step_1,False,,True,8,0,,inf,0,0,0,0,0,inf,inf,0.0,True,False,73,0,,False,False,0.0,inf,inf,inf,0.0,0,True,static_collision_step_1,,False,False,0.0,inf,inf,inf,False,0.0,,,,cost_window,0,True
6000,1002,3,232,2051,-0.25511956214904785,-0.39998042583465576,-0.25511956214904785,0.25,0.0,0.6499804258346558,True,True,contact_escape,traffic_object_contact_escape,contact_traffic_barrier_detected,1.0,1.0,2.0,True,False,True,False,False,False,False,False,True,0.7365203108788332,0.626575287243893,0.0,False,crash,,inf,,inf,inf,inf,inf,inf,inf,inf,inf,0.0,{'TRAFFIC_BARRIER'},True,True,contact_traffic_barrier_detected,False,,True,8,1,,inf,0,0,0,0,0,inf,inf,0.0,False,True,73,0,,False,False,0.0,inf,inf,inf,0.0,0,True,contact_traffic_barrier_detected,,False,False,0.0,inf,inf,inf,False,0.0,,,,cost_window,1,False
6000,1002,3,233,2052,-0.37310218811035156,0.3107506036758423,-0.37310218811035156,0.3107506036758423,0.0,0.0,True,False,contact_escape,traffic_object_contact_escape,contact_traffic_barrier_detected,1.0,1.0,3.0,True,False,True,False,False,False,False,False,True,0.7366913238659533,0.689572893125273,0.0,False,crash,,inf,,inf,inf,inf,inf,inf,inf,inf,inf,0.0,{'TRAFFIC_BARRIER'},False,True,contact_traffic_barrier_detected,False,,True,8,2,,inf,0,0,0,0,0,inf,inf,0.0,False,True,73,0,,False,False,0.0,inf,inf,inf,0.0,0,True,contact_traffic_barrier_detected,,False,False,0.0,inf,inf,inf,False,0.0,,,,cost_window,2,False
6000,1002,3,234,2053,-0.3490791320800781,0.300991415977478,-0.3490791320800781,0.300991415977478,0.0,0.0,True,False,contact_escape,traffic_object_contact_escape,contact_traffic_barrier_detected,1.0,1.0,4.0,True,False,True,False,False,False,False,False,True,0.7368795187567148,0.7627400575519808,0.0,False,crash,,inf,,inf,inf,inf,inf,inf,inf,inf,inf,0.0,{'TRAFFIC_BARRIER'},False,True,contact_traffic_barrier_detected,False,,True,8,3,,inf,0,0,0,0,0,inf,inf,0.0,False,True,73,0,,False,False,0.0,inf,inf,inf,0.0,0,True,contact_traffic_barrier_detected,,False,False,0.0,inf,inf,inf,False,0.0,,,,cost_window,3,False
6000,1002,3,235,2054,-0.5189157724380493,-0.4304158687591553,-0.5,0.25,0.018915772438049316,0.6804158687591553,True,True,contact_escape,traffic_object_contact_escape,contact_traffic_barrier_detected,1.0,1.0,5.0,True,False,True,False,False,False,False,False,True,0.737085009250496,0.8118788941616627,0.0,False,crash,,inf,,inf,inf,inf,inf,inf,inf,inf,inf,0.0,{'TRAFFIC_BARRIER'},True,True,contact_traffic_barrier_detected,False,,True,8,4,,inf,0,0,0,0,0,inf,inf,0.0,False,True,73,0,,False,False,0.0,inf,inf,inf,0.0,0,True,contact_traffic_barrier_detected,,False,False,0.0,inf,inf,inf,False,0.0,,,,cost_window,4,False
6000,1002,3,236,2055,-0.5617365837097168,-0.35968536138534546,-0.5,0.25,0.0617365837097168,0.6096853613853455,True,True,contact_escape,traffic_object_contact_escape,contact_traffic_barrier_detected,1.0,1.0,6.0,True,False,True,False,False,False,False,False,True,0.7373027261516031,0.8659803755275134,0.0,False,crash,,inf,,inf,inf,inf,inf,inf,inf,inf,inf,0.0,{'TRAFFIC_BARRIER'},True,True,contact_traffic_barrier_detected,False,,True,8,5,,inf,0,0,0,0,0,inf,inf,0.0,False,True,73,0,,False,False,0.0,inf,inf,inf,0.0,0,True,contact_traffic_barrier_detected,,False,False,0.0,inf,inf,inf,False,0.0,,,,cost_window,5,False
6000,1002,3,237,2056,-0.6102360486984253,-0.290094792842865,-0.5,0.25,0.11023604869842529,0.540094792842865,True,True,contact_escape,traffic_object_contact_escape,contact_traffic_barrier_detected,1.0,1.0,7.0,True,False,True,False,False,False,False,False,True,0.7375339896263973,0.9205719454794067,0.0,False,crash,,inf,,inf,inf,inf,inf,inf,inf,inf,inf,0.0,{'TRAFFIC_BARRIER'},True,True,contact_traffic_barrier_detected,False,,True,8,5,,inf,0,0,0,0,0,inf,inf,0.0,False,True,73,0,,False,False,0.0,inf,inf,inf,0.0,0,True,contact_traffic_barrier_detected,,False,False,0.0,inf,inf,inf,False,0.0,,,,cost_window,6,False
6000,1002,3,238,2057,-0.404715359210968,0.0002868175506591797,-0.404715359210968,0.25,0.0,0.24971318244934082,True,True,contact_escape,traffic_object_contact_escape,contact_traffic_barrier_detected,1.0,1.0,8.0,True,False,True,False,False,False,False,False,True,0.7377801392754699,0.9803840097686042,0.0,False,crash,,inf,,inf,inf,inf,inf,inf,inf,inf,inf,0.0,{'TRAFFIC_BARRIER'},True,True,contact_traffic_barrier_detected,False,,True,8,5,,inf,0,0,0,0,0,inf,inf,0.0,False,True,73,0,,False,False,0.0,inf,inf,inf,0.0,0,True,contact_traffic_barrier_detected,,False,False,0.0,inf,inf,inf,False,0.0,,,,cost_window,7,False
6000,1002,3,239,2058,-0.22662925720214844,0.33757030963897705,-0.22662925720214844,0.33757030963897705,0.0,0.0,True,False,contact_escape,traffic_object_contact_escape,contact_traffic_barrier_detected,1.0,1.0,9.0,True,False,True,False,False,False,False,False,True,0.7380455821127682,1.0644120912722141,0.0,False,crash,,inf,,inf,inf,inf,inf,inf,inf,inf,inf,0.0,"{'TRAFFIC_BARRIER', 'ROAD_LINE_BROKEN_SINGLE_WHITE'}",False,True,contact_traffic_barrier_detected,False,,True,8,5,,inf,0,0,0,0,0,inf,inf,0.0,False,True,73,0,,False,False,0.0,inf,inf,inf,0.0,0,True,contact_traffic_barrier_detected,,False,False,0.0,inf,inf,inf,False,0.0,,,,cost_window,8,False
6000,1002,3,240,2059,-0.3819892406463623,0.20875096321105957,-0.3819892406463623,0.25,0.0,0.04124903678894043,True,True,contact_escape,traffic_object_contact_escape,contact_traffic_barrier_detected,1.0,1.0,10.0,True,False,True,False,False,False,False,False,True,0.7383319240913976,1.1129345585421193,0.0,False,crash,,inf,,inf,inf,inf,inf,inf,inf,inf,inf,0.0,"{'TRAFFIC_BARRIER', 'ROAD_LINE_BROKEN_SINGLE_WHITE'}",True,True,contact_traffic_barrier_detected,False,,True,8,5,,inf,0,0,0,0,0,inf,inf,0.0,False,True,73,0,,False,False,0.0,inf,inf,inf,0.0,0,True,contact_traffic_barrier_detected,,False,False,0.0,inf,inf,inf,False,0.0,,,,cost_window,9,False
6000,1002,3,241,2060,-0.47522103786468506,-0.2298368215560913,-0.47522103786468506,0.25,0.0,0.4798368215560913,True,True,contact_escape,traffic_object_contact_escape,contact_traffic_barrier_detected,1.0,1.0,11.0,True,False,True,False,False,False,False,False,True,0.738628587899449,1.1564663356368097,0.0,False,crash,,inf,,inf,inf,inf,inf,inf,inf,inf,inf,0.0,"{'TRAFFIC_BARRIER', 'ROAD_LINE_BROKEN_SINGLE_WHITE'}",True,True,contact_traffic_barrier_detected,False,,True,8,5,,inf,0,0,0,0,0,inf,inf,0.0,False,True,73,0,,False,False,0.0,inf,inf,inf,0.0,0,True,contact_traffic_barrier_detected,,False,False,0.0,inf,inf,inf,False,0.0,,,,cost_window,10,False
6000,1002,3,242,2061,-0.6572049856185913,-0.7484880089759827,-0.5,0.25,0.1572049856185913,0.9984880089759827,True,True,contact_escape,traffic_object_contact_escape,contact_traffic_barrier_detected,1.0,1.0,12.0,True,False,True,False,False,False,False,False,True,0.73893393595219,1.2040717056935748,0.0,False,crash,,inf,,inf,inf,inf,inf,inf,inf,inf,inf,0.0,"{'TRAFFIC_BARRIER', 'ROAD_LINE_BROKEN_SINGLE_WHITE'}",True,True,contact_traffic_barrier_detected,False,,True,8,5,,inf,0,0,0,0,0,inf,inf,0.0,False,True,73,0,,False,False,0.0,inf,inf,inf,0.0,0,True,contact_traffic_barrier_detected,,False,False,0.0,inf,inf,inf,False,0.0,,,,cost_window,11,False
6000,1002,3,243,2062,-0.8306944966316223,-0.8864910006523132,-0.5,0.25,0.3306944966316223,1.136491060256958,True,True,contact_escape,traffic_object_contact_escape,contact_traffic_barrier_detected,1.0,1.0,13.0,True,False,True,False,False,False,False,False,True,0.7392547906228591,1.3149513034612934,0.0,False,crash,,inf,,inf,inf,inf,inf,inf,inf,inf,inf,0.0,"{'TRAFFIC_BARRIER', 'ROAD_LINE_BROKEN_SINGLE_WHITE'}",True,True,contact_traffic_barrier_detected,False,,True,8,5,,inf,0,0,0,0,0,inf,inf,0.0,False,True,73,0,,False,False,0.0,inf,inf,inf,0.0,0,True,contact_traffic_barrier_detected,,False,False,0.0,inf,inf,inf,False,0.0,,,,cost_window,12,False
6000,1002,3,244,2063,-0.5437213182449341,0.017969131469726562,-0.5,0.25,0.04372131824493408,0.23203086853027344,True,True,contact_escape,traffic_object_contact_escape,contact_traffic_barrier_detected,1.0,1.0,14.0,True,False,True,False,False,False,False,False,True,0.7395979214022431,1.383043436301331,0.0,False,crash,,inf,,inf,inf,inf,inf,inf,inf,inf,inf,0.0,"{'TRAFFIC_BARRIER', 'ROAD_LINE_BROKEN_SINGLE_WHITE'}",True,True,contact_traffic_barrier_detected,False,,True,8,5,,inf,0,0,0,0,0,inf,inf,0.0,False,True,73,0,,False,False,0.0,inf,inf,inf,0.0,0,True,contact_traffic_barrier_detected,,False,False,0.0,inf,inf,inf,False,0.0,,,,cost_window,13,False
6000,1002,3,245,2064,-0.5708880424499512,-0.17169392108917236,-0.5,0.25,0.07088804244995117,0.42169392108917236,True,True,contact_escape,traffic_object_contact_escape,contact_traffic_barrier_detected,1.0,1.0,15.0,True,False,True,False,False,False,False,False,True,0.739958310935233,1.4482658323846536,0.0,False,crash,,inf,,inf,inf,inf,inf,inf,inf,inf,inf,0.0,"{'TRAFFIC_BARRIER', 'ROAD_LINE_BROKEN_SINGLE_WHITE'}",True,True,contact_traffic_barrier_detected,False,,True,8,5,,inf,0,0,0,0,0,inf,inf,0.0,False,True,73,0,,False,False,0.0,inf,inf,inf,0.0,0,True,contact_traffic_barrier_detected,,False,False,0.0,inf,inf,inf,False,0.0,,,,cost_window,14,False
6000,1002,3,246,2065,-0.598867654800415,0.5190248489379883,-0.5,0.44999998807907104,0.09886765480041504,-0.06902486085891724,True,True,contact_escape,traffic_object_contact_escape,contact_traffic_barrier_detected,1.0,1.0,16.0,True,False,True,False,False,False,False,False,True,0.7403369457417375,1.566214351872936,0.0,False,crash,,inf,,inf,inf,inf,inf,inf,inf,inf,inf,0.0,"{'TRAFFIC_BARRIER', 'ROAD_LINE_BROKEN_SINGLE_WHITE'}",True,True,contact_traffic_barrier_detected,False,,True,8,5,,inf,0,0,0,0,0,inf,inf,0.0,False,True,73,0,,False,False,0.0,inf,inf,inf,0.0,0,True,contact_traffic_barrier_detected,,False,False,0.0,inf,inf,inf,False,0.0,,,,cost_window,15,False
6000,1002,3,247,2066,-0.4626123905181885,0.9579393863677979,-0.4626123905181885,0.44999998807907104,0.0,-0.5079393982887268,True,True,contact_escape,traffic_object_contact_escape,contact_traffic_barrier_detected,1.0,1.0,17.0,True,False,True,False,False,False,False,False,True,0.7407438371630559,1.6879257299947674,0.0,False,crash,,inf,,inf,inf,inf,inf,inf,inf,inf,inf,0.0,"{'TRAFFIC_BARRIER', 'ROAD_LINE_BROKEN_SINGLE_WHITE'}",True,True,contact_traffic_barrier_detected,False,,True,8,5,,inf,0,0,0,0,0,inf,inf,0.0,False,True,73,0,,False,False,0.0,inf,inf,inf,0.0,0,True,contact_traffic_barrier_detected,,False,False,0.0,inf,inf,inf,False,0.0,,,,cost_window,16,False
6000,1002,3,248,2067,-0.3590541481971741,0.9488515853881836,-0.3590541481971741,0.44999998807907104,0.0,-0.49885159730911255,True,True,contact_escape,traffic_object_contact_escape,contact_traffic_barrier_detected,1.0,1.0,18.0,True,False,True,False,False,False,False,False,True,0.741183154622267,1.8158067301723537,0.0,False,crash,,inf,,inf,inf,inf,inf,inf,inf,inf,inf,0.0,"{'TRAFFIC_BARRIER', 'ROAD_LINE_BROKEN_SINGLE_WHITE'}",True,True,contact_traffic_barrier_detected,False,,True,8,5,,inf,0,0,0,0,0,inf,inf,0.0,False,True,73,0,,False,False,0.0,inf,inf,inf,0.0,0,True,contact_traffic_barrier_detected,,False,False,0.0,inf,inf,inf,False,0.0,,,,cost_window,17,False
6000,1002,3,249,2068,-0.26929348707199097,0.9592434167861938,-0.26929348707199097,0.44999998807907104,0.0,-0.5092434287071228,True,True,contact_escape,traffic_object_contact_escape,contact_traffic_barrier_detected,1.0,1.0,19.0,True,False,True,False,False,False,False,False,True,0.7416591888104794,1.9435811286990874,0.0,False,crash,,inf,,inf,inf,inf,inf,inf,inf,inf,inf,0.0,"{'TRAFFIC_BARRIER', 'ROAD_LINE_BROKEN_SINGLE_WHITE'}",True,True,contact_traffic_barrier_detected,False,,True,8,5,,inf,0,0,0,0,0,inf,inf,0.0,False,True,73,0,,False,False,0.0,inf,inf,inf,0.0,0,True,contact_traffic_barrier_detected,,False,False,0.0,inf,inf,inf,False,0.0,,,,cost_window,18,False
6000,1002,3,250,2069,-0.027351438999176025,0.9696838855743408,-0.26929348707199097,0.44999998807907104,-0.24194204807281494,-0.5196838974952698,True,True,contact_escape,traffic_object_contact_escape,contact_traffic_barrier_detected,1.0,1.0,20.0,True,False,True,False,False,False,False,False,True,0.7421707153117284,2.067218965637596,0.0,False,crash,,inf,,inf,inf,inf,inf,inf,inf,inf,inf,0.0,"{'TRAFFIC_BARRIER', 'ROAD_LINE_BROKEN_SINGLE_WHITE'}",True,True,contact_traffic_barrier_detected,False,,True,8,5,,inf,0,0,0,0,0,inf,inf,0.0,False,True,73,0,,False,False,0.0,inf,inf,inf,0.0,0,True,contact_traffic_barrier_detected,,False,False,0.0,inf,inf,inf,False,0.0,,,,cost_window,19,False
6000,1002,3,251,2070,0.3175044059753418,0.9986257553100586,0.3175044059753418,0.44999998807907104,0.0,-0.5486257672309875,True,True,contact_escape,traffic_object_contact_escape,contact_traffic_barrier_detected,1.0,1.0,21.0,True,False,True,False,False,False,False,False,True,0.7427133367021804,2.0912141992754965,0.0,False,crash,,inf,,inf,inf,inf,inf,inf,inf,inf,inf,0.0,"{'TRAFFIC_BARRIER', 'ROAD_LINE_BROKEN_SINGLE_WHITE'}",True,True,contact_traffic_barrier_detected,False,,True,8,5,,inf,0,0,0,0,0,inf,inf,0.0,False,True,73,0,,False,False,0.0,inf,inf,inf,0.0,0,True,contact_traffic_barrier_detected,,False,False,0.0,inf,inf,inf,False,0.0,,,,cost_window,20,False
6000,1004,5,145,2741,0.12445724010467529,0.973443865776062,-0.02627863548696041,0.25,-0.15073587000370026,-0.723443865776062,True,True,predictive_recovery,right_pass,,0,0,0,False,False,False,False,False,False,False,False,True,0.3281813717402101,12.898646978724772,0.0,False,max_steps,,inf,,inf,inf,inf,-0.9776328311298403,inf,1.896275649408043,inf,1.0015055056129167,0.0,{'ROAD_LINE_BROKEN_SINGLE_WHITE'},True,True,vehicle_ttc,False,vehicle_margin_uncertain_or_low,False,0,0,,inf,inf,inf,inf,False,False,0.9872016005409409,inf,1.5963702610052533,True,False,90,-22,,False,False,1.393869673407409,-0.7101914541186449,inf,2.8962756494080426,0.0,,True,vehicle_ttc,,False,False,1.6258118395930536,-0.8661161403853415,inf,2.915951575333969,False,-22.416749384429444,,,,cost_window,-20,False
6000,1004,5,146,2742,0.24255657196044922,0.8986620903015137,-0.017072470858693123,0.25,-0.2596290409564972,-0.6486620903015137,True,True,predictive_recovery,right_pass,,0,0,0,False,False,False,False,False,False,False,False,True,0.33071653120899075,12.972778938528078,0.0,False,max_steps,,inf,,inf,inf,inf,-0.9315798413277347,inf,1.8855471535600379,inf,1.0126829781875246,0.0,{'ROAD_LINE_BROKEN_SINGLE_WHITE'},True,True,vehicle_ttc,False,vehicle_margin_uncertain_or_low,False,0,0,,inf,inf,inf,inf,False,False,0.8793155523616104,inf,3.128651594087486,True,False,90,-22,,False,False,1.3620054242584372,-0.7007470856361575,inf,2.885547153560038,0.0,,True,vehicle_ttc,,False,False,1.5701808687781322,-0.8567795058091079,inf,2.9052230794859635,False,-21.871283220368454,,,,cost_window,-19,False
6000,1004,5,147,2743,0.19707107543945312,0.9008361101150513,-0.00639603054150939,0.25,-0.20346710085868835,-0.6508361101150513,True,True,predictive_recovery,right_pass,,0,0,0,False,False,False,False,False,False,False,False,True,0.33326617011245907,13.047074312728917,0.0,False,max_steps,,inf,,inf,inf,inf,-0.8632026092216671,inf,1.8884080096085016,inf,1.0103539190944213,0.0,{'ROAD_LINE_BROKEN_SINGLE_WHITE'},True,True,vehicle_ttc,False,vehicle_margin_uncertain_or_low,False,0,0,,inf,inf,inf,inf,False,False,0.773593263887883,inf,2.5565594968540157,True,False,90,-22,,False,False,1.3826990330153426,-0.6459610621206702,inf,2.888408009608501,0.0,,True,vehicle_ttc,,False,False,1.5224854312564553,-0.7999383807193663,inf,2.9080839355344277,False,-21.71791732545497,,,,cost_window,-18,False
6000,1004,5,148,2744,0.03507280349731445,0.9644510746002197,0.001521965372376144,0.25,-0.03355083987116814,-0.7144510746002197,True,True,predictive_recovery,right_pass,,0,0,0,False,False,False,False,False,False,False,False,True,0.3358303455682548,13.121244277419047,0.0,False,max_steps,,inf,,inf,inf,inf,-0.8522007304402308,inf,1.897784370264393,inf,1.1462017039613968,0.0,{'ROAD_LINE_BROKEN_SINGLE_WHITE'},True,True,vehicle_ttc,False,vehicle_margin_uncertain_or_low,False,0,0,,inf,inf,inf,inf,False,False,0.6677700360934758,inf,0.4575974735852003,True,False,90,-22,,False,False,1.3537511930132986,-0.700973028393908,inf,2.8977843702643935,0.0,,True,vehicle_ttc,,False,False,1.4890721106689697,-0.774754180878511,inf,2.917460296190319,False,-22.617432484987006,,,,cost_window,-17,False
6000,1004,5,149,2745,-0.15095365047454834,0.9343135356903076,0.005022712517529726,0.25,0.15597636997699738,-0.6843135356903076,True,True,predictive_recovery,right_pass,,0,0,0,False,False,False,False,False,False,False,False,True,0.338409100463318,13.195380847208451,0.0,False,max_steps,,inf,,inf,inf,inf,-0.8969975178042882,inf,1.9096049582875345,inf,1.134943160819882,0.0,{'ROAD_LINE_BROKEN_SINGLE_WHITE'},True,True,vehicle_ttc,False,vehicle_margin_uncertain_or_low,False,0,0,,inf,inf,inf,inf,False,False,0.5608658455299951,inf,0.0,True,False,90,-22,,False,False,1.2688318376914154,-0.7274037135383367,inf,2.909604958287534,0.0,,True,vehicle_ttc,,False,False,1.3988133460362175,-0.8014472051454185,inf,2.9292808842134606,False,-22.971823222133636,,,,cost_window,-16,False
6000,1004,5,150,2746,-0.049997031688690186,0.711714506149292,0.004912704695016146,0.25,0.054909735918045044,-0.461714506149292,True,True,predictive_recovery,right_pass,,0,0,0,False,False,False,False,False,False,False,False,True,0.34100242698578725,13.269560011096589,0.0,False,max_steps,,inf,,inf,inf,inf,-1.037349870069681,inf,1.9210289145438693,inf,1.1240537303552423,0.0,{'ROAD_LINE_BROKEN_SINGLE_WHITE'},True,True,vehicle_ttc,False,vehicle_margin_uncertain_or_low,False,0,0,,inf,inf,inf,inf,False,False,0.45344719232863184,inf,0.0,True,False,90,-22,,False,False,1.1718243389541318,-0.6929978540413995,inf,2.9210289145438693,0.0,,True,vehicle_ttc,,False,False,1.2480058878023912,-0.7662630076952324,inf,2.940704840469795,False,-21.52672665395592,,,,cost_window,-15,False
6000,1004,5,151,2747,0.05293262004852295,0.9517370462417603,0.0029799463227391243,0.25,-0.0499526746571064,-0.7017370462417603,True,True,predictive_recovery,right_pass,,0,0,0,False,False,False,False,False,False,False,False,True,0.3436103697370232,13.343769654644403,0.0,False,max_steps,,inf,,inf,inf,inf,-1.117091123771452,inf,1.9308044665308812,inf,1.1147738256627007,0.0,{'ROAD_LINE_BROKEN_SINGLE_WHITE'},True,True,vehicle_ttc,False,vehicle_margin_uncertain_or_low,False,0,0,,inf,inf,inf,inf,False,False,0.34663300043990414,inf,0.7023925782784497,True,False,90,-22,,False,False,1.0849945363700377,-0.7367841697712372,inf,2.9308044665308812,0.0,,True,vehicle_ttc,,False,False,1.1511873040596203,-0.7563960753307963,inf,2.950480392456807,False,-24.598924879490703,,,,cost_window,-14,False
6000,1004,5,152,2748,0.10086655616760254,0.8870260715484619,0.0008514051442034543,0.25,-0.10001514852046967,-0.6370260715484619,True,True,predictive_recovery,right_pass,,0,0,0,False,False,False,False,False,False,False,False,True,0.3462328880215959,13.417980979832718,0.0,False,max_steps,,inf,,inf,inf,inf,-1.2302452696980648,inf,1.9388815078234996,inf,1.1071347961277749,0.0,{'ROAD_LINE_BROKEN_SINGLE_WHITE'},True,True,vehicle_ttc,False,vehicle_margin_uncertain_or_low,False,0,0,,inf,inf,inf,inf,False,False,0.24137949442664505,inf,1.34594009135774,True,False,90,-22,,False,False,0.9477010020369874,-0.7554978744421144,inf,2.9388815078234996,0.0,,True,vehicle_ttc,,False,False,1.0107674651084935,-0.775159540584327,inf,2.958557433749426,False,-24.983751078942163,,,,cost_window,-13,False
6000,1004,5,153,2749,0.14685332775115967,0.9386594295501709,-0.0005532047944143414,0.25,-0.14740653336048126,-0.6886594295501709,True,True,predictive_recovery,right_pass,,0,0,0,False,False,False,False,False,False,False,False,True,0.3488699876496912,13.492181658680439,0.0,False,max_steps,,inf,,inf,inf,inf,-1.2610935468199953,inf,1.9459360310980327,inf,1.1004480567281942,0.0,set(),True,True,vehicle_ttc,False,vehicle_margin_uncertain_or_low,False,0,0,,inf,inf,inf,inf,False,False,0.1381658146680635,inf,1.9704751585902007,True,False,90,-22,,False,False,0.762166521335873,-0.7113739585501788,inf,2.9459360310980327,0.0,,True,vehicle_ttc,,False,False,0.8218709201071699,-0.7308052724170162,inf,2.965611957023959,False,-27.038193471498957,,,,cost_window,-12,False
6000,1004,5,154,2750,-0.07183182239532471,0.9460715055465698,-0.0010320857400074601,0.25,0.07079973816871643,-0.6960715055465698,True,True,predictive_recovery,right_pass,,0,0,0,False,False,False,False,False,False,False,False,True,0.35152160907816926,13.56638410640203,0.0,False,max_steps,,inf,,inf,inf,inf,-1.376294052214412,inf,1.952694266935333,inf,1.0939936730560835,0.0,set(),True,True,vehicle_ttc,False,vehicle_margin_uncertain_or_low,False,0,0,,inf,inf,inf,inf,False,False,0.03702268264780522,inf,0.0,True,False,90,-22,,False,False,0.6462365740079471,-0.6043659787374311,inf,2.952694266935333,0.0,,True,vehicle_ttc,,False,False,0.6705342067523501,-0.6233016061753558,inf,2.9723701928612587,False,-28.02931417123903,,,,cost_window,-11,False
6000,1004,5,155,2751,0.29274797439575195,0.9746003150939941,0.29274797439575195,0.9746003150939941,0.0,0.0,True,False,inactive_raw_action,raw_action,raw_action_safe_or_candidate_not_better,0,0,0,False,False,False,False,False,False,False,False,True,0.35418795696734223,13.650142611643535,0.0,False,max_steps,,inf,,inf,inf,inf,-1.385020130418945,inf,1.9596791599001855,inf,inf,0.0,set(),False,False,,False,vehicle_margin_uncertain_or_low,False,0,0,,inf,inf,inf,inf,False,False,2.9126793919911522,inf,3.9715314670239175,False,False,90,-22,,False,False,0.5013919519312656,-0.43677449776945565,inf,2.9596791599001855,0.0,,False,raw_action_safe_or_candidate_not_better,cost_risk_increased,False,False,0.524356173315464,-0.4549946503049762,inf,2.979355085826111,False,-29.53652241239712,,,,cost_window,-10,False
6000,1004,5,156,2752,0.11093926429748535,0.6538045406341553,0.11093926429748535,0.6538045406341553,0.0,0.0,True,False,inactive_raw_action,raw_action,raw_action_safe_or_candidate_not_better,0,0,0,False,False,False,False,False,False,False,False,True,0.35687310377870896,13.824678247359461,0.0,False,max_steps,,inf,,inf,inf,inf,-1.4975932950376536,inf,1.9557719038469297,inf,inf,0.0,{'ROAD_LINE_BROKEN_SINGLE_WHITE'},False,False,,False,vehicle_margin_uncertain_or_low,False,0,0,,inf,inf,inf,inf,False,False,2.7588984611310376,inf,1.514336778891489,False,False,90,-22,,False,False,0.3205454935378445,-0.2014337051694577,inf,2.9557719038469297,0.0,,False,raw_action_safe_or_candidate_not_better,cost_risk_increased,False,False,0.34214740060389465,-0.2187876831318354,inf,2.9754478297728553,False,-27.81626170840881,,,,cost_window,-9,False
6000,1004,5,157,2753,-0.3764420747756958,0.9574086666107178,-0.3764420747756958,0.9574086666107178,0.0,0.0,True,False,inactive_raw_action,raw_action,raw_action_safe_or_candidate_not_better,0,0,0,False,False,False,False,False,False,False,False,True,0.35958234951633095,13.862476210035682,0.0,False,max_steps,,inf,,inf,inf,inf,-1.4774827382049587,inf,1.9060519799047593,inf,inf,0.0,{'ROAD_LINE_BROKEN_SINGLE_WHITE'},False,False,,False,vehicle_margin_uncertain_or_low,False,0,0,,inf,inf,inf,inf,False,False,2.631159174008994,inf,0.0,False,False,90,-22,,False,False,0.19888062959104144,0.1370645680298619,inf,2.9060519799047593,0.0,,False,raw_action_safe_or_candidate_not_better,cost_risk_increased,False,False,0.2038043494603884,0.12065216846537208,inf,2.925727905830685,False,-31.821393267086208,,,,cost_window,-8,False
6000,1004,5,158,2754,-0.5360789895057678,-0.5973589420318604,-0.5360789895057678,-0.5973589420318604,0.0,0.0,True,False,inactive_raw_action,raw_action,raw_action_safe_or_candidate_not_better,0,0,0,False,False,False,False,False,False,False,False,True,0.36225737789125834,13.0029652720164,0.0,False,max_steps,,inf,,inf,inf,inf,-1.480647577521951,inf,1.823181364377302,inf,inf,0.0,{'ROAD_LINE_BROKEN_SINGLE_WHITE'},False,False,,False,vehicle_margin_uncertain_or_low,False,0,0,,inf,inf,inf,inf,False,False,2.5447376261210124,inf,0.0,False,False,90,-22,,False,False,0.131812305514988,0.3606256482833734,inf,2.823181364377302,0.0,,False,raw_action_safe_or_candidate_not_better,candidate_not_better,False,False,0.09863511762613093,0.4712162745795636,inf,2.823181364377302,False,16.5042202688184,,,,cost_window,-7,False
6000,1004,5,159,2755,-0.5930324792861938,-0.5659615397453308,-0.5930324792861938,-0.5659615397453308,0.0,0.0,True,False,inactive_raw_action,raw_action,raw_action_safe_or_candidate_not_better,0,0,0,False,False,False,False,False,False,False,False,True,0.36477977494617014,12.227645473139797,0.0,False,max_steps,,inf,,inf,inf,inf,-1.320739025448591,inf,1.765592600897992,inf,inf,0.0,{'ROAD_LINE_BROKEN_SINGLE_WHITE'},False,False,,False,vehicle_margin_uncertain_or_low,False,0,0,,inf,inf,inf,inf,False,False,2.663928737093449,inf,0.0,False,False,90,-22,,False,False,0.223703565324719,0.566827554647463,inf,2.765592600897992,0.0,,False,raw_action_safe_or_candidate_not_better,candidate_not_better,False,False,0.0269802418319794,0.7100658605600687,inf,2.765592600897992,False,19.22072943179745,,,,cost_window,-6,False
6000,1004,5,160,2756,0.3768038749694824,0.9781091213226318,0.3768038749694824,0.9781091213226318,0.0,0.0,True,False,inactive_raw_action,raw_action,raw_action_safe_or_candidate_not_better,0,0,0,False,False,False,False,False,False,False,False,True,0.3671843414901367,12.223760092682285,0.0,False,max_steps,,inf,,inf,inf,inf,-1.2702277899363117,inf,1.758261656996999,inf,inf,0.0,{'ROAD_LINE_BROKEN_SINGLE_WHITE'},False,False,,False,vehicle_margin_uncertain_or_low,False,0,0,,inf,inf,inf,inf,False,False,2.757842149284533,inf,4.607424196032126,False,False,90,-22,,False,False,0.0,0.9431067607633894,inf,2.7582616569969995,0.0,,False,raw_action_safe_or_candidate_not_better,candidate_not_better,False,False,0.0,0.9431067607633894,inf,2.7582616569969995,False,-14.1245966180836,,,,cost_window,-5,False
6000,1004,5,161,2757,0.03485274314880371,0.9397646188735962,0.03485274314880371,0.9397646188735962,0.0,0.0,True,False,inactive_raw_action,raw_action,raw_action_safe_or_candidate_not_better,0,0,0,False,False,False,False,False,False,False,False,True,0.3695968953928373,12.500843298219742,0.0,False,max_steps,,inf,,inf,inf,inf,-1.340833486994255,inf,1.7852280012663817,inf,inf,0.0,{'ROAD_LINE_BROKEN_SINGLE_WHITE'},False,False,,False,vehicle_margin_uncertain_or_low,False,0,0,,inf,inf,inf,inf,False,False,2.57445036784811,inf,0.42603157082285276,False,False,90,-22,,False,False,0.0,1.1898745199512302,inf,2.7852280012663813,0.0,,False,raw_action_safe_or_candidate_not_better,candidate_not_better,False,False,0.0,1.1898745199512302,inf,2.7852280012663813,False,-12.506879740176103,,,,cost_window,-4,False
6000,1004,5,162,2758,0.22264647483825684,0.8314709663391113,0.22264647483825684,0.8314709663391113,0.0,0.0,True,False,inactive_raw_action,raw_action,raw_action_safe_or_candidate_not_better,0,0,0,False,False,False,False,False,False,False,False,True,0.3720531966907655,12.6053280562226,0.0,False,max_steps,,inf,,inf,inf,inf,-1.380297103622707,inf,1.7830779655210125,inf,inf,0.0,{'ROAD_LINE_BROKEN_SINGLE_WHITE'},False,False,,False,vehicle_margin_uncertain_or_low,False,0,0,,inf,inf,inf,inf,False,False,2.3368741007654483,inf,2.7832686928540733,False,False,90,-22,,False,False,0.0,1.525064410068763,inf,2.7830779655210125,0.0,,False,raw_action_safe_or_candidate_not_better,candidate_not_better,False,False,0.0,1.525064410068763,inf,2.7830779655210125,False,-10.420622047569239,,,,cost_window,-3,False
6000,1004,5,163,2759,-0.2857898473739624,0.989417552947998,-0.2857898473739624,0.989417552947998,0.0,0.0,True,False,inactive_raw_action,raw_action,raw_action_safe_or_candidate_not_better,0,0,0,False,False,False,False,False,False,False,False,True,0.37452913555658107,12.689906906690583,0.0,False,max_steps,,inf,,inf,inf,inf,-1.428645928705805,inf,1.7630537511146742,inf,inf,0.0,{'ROAD_LINE_BROKEN_SINGLE_WHITE'},False,False,,False,vehicle_margin_uncertain_or_low,False,0,0,,inf,inf,inf,inf,False,False,2.1621179613557175,inf,0.0,False,False,90,-22,,False,False,0.0,1.870772022273591,inf,2.763053751114674,0.0,,False,raw_action_safe_or_candidate_not_better,candidate_not_better,False,False,0.0,1.8580592300600638,inf,2.7827296770406007,False,-11.587895932812998,,,,cost_window,-2,False
6000,1004,5,164,2760,0.058840036392211914,0.9953360557556152,0.058840036392211914,0.9953360557556152,0.0,0.0,True,False,inactive_raw_action,raw_action,raw_action_safe_or_candidate_not_better,0,0,0,False,False,False,False,False,False,False,False,True,0.377030625728981,12.963854357639415,0.0,False,max_steps,,inf,,inf,inf,inf,-1.3604873332596927,inf,2.717765526443856,inf,inf,0.0,{'ROAD_LINE_BROKEN_SINGLE_WHITE'},False,False,,False,vehicle_margin_uncertain_or_low,False,0,0,,inf,inf,inf,inf,False,False,1.8970741966936278,inf,0.7466745842034552,False,False,90,-22,,False,False,0.0,2.246745679186373,inf,2.717765526443856,0.0,,False,raw_action_safe_or_candidate_not_better,candidate_not_better,False,False,0.0,2.234565185653851,inf,2.7374414523697825,False,-11.220782706459232,,,,cost_window,-1,False
6000,1004,5,165,2761,0.2192549705505371,0.9517781734466553,0.2192549705505371,0.9517781734466553,0.0,0.0,True,False,inactive_raw_action,raw_action,raw_action_safe_or_candidate_not_better,1.0,1.0,1.0,True,False,True,False,False,False,False,False,True,0.3795742895369657,13.0838019070212,0.0,False,crash,,inf,,inf,inf,inf,-1.4327122426336985,inf,1.6805741132323306,inf,inf,0.0,"{'ROAD_LINE_BROKEN_SINGLE_WHITE', 'TRAFFIC_CONE'}",False,False,,False,vehicle_margin_uncertain_or_low,False,0,0,,inf,inf,inf,inf,False,False,1.5808227633755705,inf,2.842389505405682,False,False,90,-22,,False,False,0.0,2.6746079501950457,inf,2.6805741132323306,0.0,,False,raw_action_safe_or_candidate_not_better,candidate_not_better,False,False,0.0,2.6630067124843815,inf,2.7002500391582562,False,-10.446356219721736,,,,cost_window,0,True
6000,1004,5,166,2762,0.11469638347625732,0.9902211427688599,0.11469638347625732,-0.15000000596046448,0.0,-1.140221118927002,True,True,contact_escape,traffic_object_contact_escape,contact_traffic_cone_detected,1.0,1.0,2.0,True,False,True,False,False,False,False,False,True,0.3821106153376932,12.673941761082313,0.0,False,crash,,inf,,inf,inf,inf,inf,inf,inf,inf,inf,0.0,"{'ROAD_LINE_BROKEN_SINGLE_WHITE', 'TRAFFIC_CONE'}",True,True,contact_traffic_cone_detected,False,,True,8,1,,inf,0,0,0,0,0,inf,inf,0.0,False,True,90,-22,,False,False,0.0,inf,inf,inf,0.0,0,True,contact_traffic_cone_detected,,False,False,0.0,inf,inf,inf,False,0.0,,,,cost_window,1,False
6000,1004,5,167,2763,-0.1079137921333313,0.9932537078857422,-0.1079137921333313,-0.15000000596046448,0.0,-1.1432536840438843,True,True,contact_escape,traffic_object_contact_escape,contact_traffic_cone_detected,1.0,1.0,3.0,True,False,True,False,False,False,False,False,True,0.38456903463533976,12.318851311298154,0.0,False,crash,,inf,,inf,inf,inf,inf,inf,inf,inf,inf,0.0,"{'ROAD_LINE_BROKEN_SINGLE_WHITE', 'TRAFFIC_CONE'}",True,True,contact_traffic_cone_detected,False,,True,8,2,,inf,0,0,0,0,0,inf,inf,0.0,False,True,90,-22,,False,False,0.0,inf,inf,inf,0.0,0,True,contact_traffic_cone_detected,,False,False,0.0,inf,inf,inf,False,0.0,,,,cost_window,2,False
6000,1004,5,168,2764,-0.27093321084976196,0.6616133451461792,-0.27093321084976196,-0.15000000596046448,0.0,-0.8116133213043213,True,True,contact_escape,traffic_object_contact_escape,contact_traffic_cone_detected,1.0,1.0,4.0,True,False,True,False,False,False,False,False,True,0.3869637822217366,11.943299757450358,0.0,False,crash,,inf,,inf,inf,inf,inf,inf,inf,inf,inf,0.0,"{'ROAD_LINE_BROKEN_SINGLE_WHITE', 'TRAFFIC_CONE'}",True,True,contact_traffic_cone_detected,False,,True,8,3,,inf,0,0,0,0,0,inf,inf,0.0,False,True,90,-22,,False,False,0.0,inf,inf,inf,0.0,0,True,contact_traffic_cone_detected,,False,False,0.0,inf,inf,inf,False,0.0,,,,cost_window,3,False
6000,1004,5,169,2765,-0.49231231212615967,0.8367267847061157,-0.49231231212615967,-0.15000000596046448,0.0,-0.9867267608642578,True,True,contact_escape,traffic_object_contact_escape,contact_traffic_cone_detected,0,0,4.0,False,False,False,False,False,False,False,False,True,0.38929018107649777,11.540396014658185,0.0,False,max_steps,,inf,,inf,inf,inf,inf,inf,inf,inf,inf,0.0,{'ROAD_LINE_BROKEN_SINGLE_WHITE'},True,True,contact_traffic_cone_detected,False,,True,8,4,,inf,0,0,0,0,0,inf,inf,0.0,False,True,90,-22,,False,False,0.0,inf,inf,inf,0.0,0,True,contact_traffic_cone_detected,,False,False,0.0,inf,inf,inf,False,0.0,,,,cost_window,4,False
6000,1004,5,170,2766,-0.5396988391876221,0.9450430870056152,-0.09080173075199127,0.25,0.448897123336792,-0.6950430870056152,True,True,predictive_recovery,right_pass,,0,0,4.0,False,False,False,False,False,False,False,False,True,0.3915626971238007,11.622887657600161,0.0,False,max_steps,,inf,,inf,inf,inf,-0.9391030186805454,inf,1.1862783764692701,inf,2.1410143543431968,0.0,{'ROAD_LINE_BROKEN_SINGLE_WHITE'},True,True,vehicle_ttc,False,recent_contact,True,7,4,,inf,inf,inf,inf,False,False,0.48391552169197377,inf,0.0,True,False,90,-22,,False,False,0.0,4.375868911007936,inf,2.18627837646927,0.0,,True,vehicle_ttc,,False,False,0.0,4.365330537470793,inf,2.2059543023951957,False,-10.33544272928171,,,,cost_window,5,False
6000,1004,5,171,2767,-0.0015915632247924805,0.9666013717651367,-0.020328432321548462,0.25,-0.01873686909675598,-0.7166013717651367,True,True,predictive_recovery,right_pass,,0,0,4.0,False,False,False,False,False,False,False,False,True,0.3938466989041428,11.699157517116213,0.0,False,max_steps,,inf,,inf,inf,inf,-0.942848831583091,inf,1.1992496612720802,inf,2.12776374424714,0.0,{'ROAD_LINE_BROKEN_SINGLE_WHITE'},True,True,vehicle_ttc,False,recent_contact,True,6,3,,inf,inf,inf,inf,False,False,0.2931675945466354,inf,0.0,True,False,90,-22,,False,False,0.0,4.661804197281871,inf,2.19924966127208,0.0,,True,vehicle_ttc,,False,False,0.0,4.651602223290148,inf,2.218925587198006,False,-10.407420588341083,,,,cost_window,6,False
6000,1004,5,172,2768,-0.10442924499511719,0.17966604232788086,0.021344689652323723,0.17966604232788086,0.12577393651008606,0.0,True,True,predictive_recovery,right_pass,,0,0,4.0,False,False,False,False,False,False,False,False,True,0.39614429624934955,11.749972921303623,0.0,False,max_steps,,inf,,inf,inf,inf,-0.9978268842776892,inf,1.2301497480760362,inf,2.09658433214993,0.0,"{'ROAD_LINE_BROKEN_SINGLE_WHITE', 'ROAD_LINE_SOLID_SINGLE_WHITE'}",True,True,vehicle_ttc,False,recent_contact,True,5,2,,inf,inf,inf,inf,False,False,0.13958237961101697,inf,0.0,True,False,90,-22,,False,False,0.0,4.946176206153401,inf,2.230149748076036,0.0,,True,vehicle_ttc,,False,False,0.0,4.936325081863542,inf,2.2498256740019618,False,-4.944583961982225,,,,cost_window,7,False
6000,1004,5,173,2769,0.2959434986114502,0.9744722843170166,-0.44999998807907104,-0.3499999940395355,-0.7459434866905212,-1.3244723081588745,True,True,ultra_short_horizon_emergency,ultra_short_boundary_recovery,contact_road_line_solid_detected,0,0,4.0,False,False,False,False,False,False,False,False,True,0.3984171748894899,11.089546003681361,0.0,False,max_steps,,inf,,inf,inf,inf,inf,inf,inf,inf,inf,0.0,"{'ROAD_LINE_BROKEN_SINGLE_WHITE', 'ROAD_LINE_SOLID_SINGLE_WHITE'}",True,True,contact_road_line_solid_detected,False,,True,8,2,,inf,0,0,0,0,0,inf,inf,0.0,True,False,90,-22,,False,False,0.0,inf,inf,inf,0.0,0,True,contact_road_line_solid_detected,,False,False,0.0,inf,inf,inf,False,0.0,,,,cost_window,8,False
6000,1004,5,174,2770,-0.4507960081100464,0.9105163812637329,-0.44999998807907104,-0.3499999940395355,0.0007960200309753418,-1.2605164051055908,True,True,ultra_short_horizon_emergency,ultra_short_boundary_recovery,contact_road_line_solid_detected,0,0,4.0,False,False,False,False,False,False,False,False,True,0.40056299834890974,10.455585348143186,0.0,False,max_steps,,inf,,inf,inf,inf,inf,inf,inf,inf,inf,0.0,"{'ROAD_LINE_BROKEN_SINGLE_WHITE', 'ROAD_LINE_SOLID_SINGLE_WHITE'}",True,True,contact_road_line_solid_detected,False,,True,8,2,,inf,0,0,0,0,0,inf,inf,0.0,True,False,90,-22,,False,False,0.0,inf,inf,inf,0.0,0,True,contact_road_line_solid_detected,,False,False,0.0,inf,inf,inf,False,0.0,,,,cost_window,9,False
6000,1004,5,175,2771,-0.05531591176986694,0.9150972366333008,-0.44999998807907104,-0.3499999940395355,-0.3946840763092041,-1.2650972604751587,True,True,ultra_short_horizon_emergency,ultra_short_boundary_recovery,contact_road_line_solid_detected,0,0,4.0,False,False,False,False,False,False,False,False,True,0.40256968759731415,9.79892956770184,0.0,False,max_steps,,inf,,inf,inf,inf,inf,inf,inf,inf,inf,0.0,"{'ROAD_LINE_BROKEN_SINGLE_WHITE', 'ROAD_LINE_SOLID_SINGLE_WHITE'}",True,True,contact_road_line_solid_detected,False,,True,8,3,,inf,0,0,0,0,0,inf,inf,0.0,True,False,90,-22,,False,False,0.0,inf,inf,inf,0.0,0,True,contact_road_line_solid_detected,,False,False,0.0,inf,inf,inf,False,0.0,,,,cost_window,10,False
6000,1004,5,176,2772,0.09259545803070068,0.9305651187896729,-0.44999998807907104,-0.3499999940395355,-0.5425954461097717,-1.2805651426315308,True,True,ultra_short_horizon_emergency,ultra_short_boundary_recovery,contact_road_line_solid_detected,0,0,4.0,False,False,False,False,False,False,False,False,True,0.40442326128632267,9.149844269623262,0.0,False,max_steps,,inf,,inf,inf,inf,inf,inf,inf,inf,inf,0.0,"{'ROAD_LINE_BROKEN_SINGLE_WHITE', 'ROAD_LINE_SOLID_SINGLE_WHITE'}",True,True,contact_road_line_solid_detected,False,,True,8,4,,inf,0,0,0,0,0,inf,inf,0.0,True,False,90,-22,,False,False,0.0,inf,inf,inf,0.0,0,True,contact_road_line_solid_detected,,False,False,0.0,inf,inf,inf,False,0.0,,,,cost_window,11,False
6000,1004,5,177,2773,-0.020287632942199707,0.8780138492584229,-0.44999998807907104,-0.3499999940395355,-0.42971235513687134,-1.2280138731002808,True,True,ultra_short_horizon_emergency,ultra_short_boundary_recovery,contact_road_line_solid_detected,0,0,4.0,False,False,False,False,False,False,False,False,True,0.4061155306240769,8.504578741192367,0.0,False,max_steps,,inf,,inf,inf,inf,inf,inf,inf,inf,inf,0.0,{'ROAD_LINE_BROKEN_SINGLE_WHITE'},True,True,contact_road_line_solid_detected,False,,True,8,5,,inf,0,0,0,0,0,inf,inf,0.0,True,False,90,-22,,False,False,0.0,inf,inf,inf,0.0,0,True,contact_road_line_solid_detected,,False,False,0.0,inf,inf,inf,False,0.0,,,,cost_window,12,False
6000,1004,5,178,2774,0.5020291805267334,0.8662018775939941,-0.44999998807907104,-0.3499999940395355,-0.9520291686058044,-1.216201901435852,True,True,safety_hold,safety_hold_recovery,recent_emergency_safety_hold,0,0,4.0,False,False,False,False,False,False,False,False,True,0.4076376513812083,7.837555651494438,0.0,False,max_steps,,inf,,inf,inf,inf,inf,inf,inf,inf,inf,0.0,{'ROAD_LINE_BROKEN_SINGLE_WHITE'},True,True,recent_emergency_safety_hold,False,,True,7,4,,inf,inf,inf,inf,False,False,inf,inf,4.2695466961658814,True,False,90,-22,,False,False,0.0,4.987859380586222,inf,3.003229234681682,0.0,,True,safety_hold,,False,False,0.0,inf,inf,inf,False,0.0,,,,cost_window,13,False
6000,1004,5,179,2775,-0.22427773475646973,0.9918382167816162,-0.44999998807907104,-0.3499999940395355,-0.22572225332260132,-1.3418382406234741,True,True,safety_hold,safety_hold_recovery,recent_emergency_safety_hold,0,0,4.0,False,False,False,False,False,False,False,False,True,0.40897696064220224,7.138438728344929,0.0,False,max_steps,,inf,,inf,inf,inf,inf,inf,inf,inf,inf,0.0,{'ROAD_LINE_BROKEN_SINGLE_WHITE'},True,True,recent_emergency_safety_hold,False,,True,6,3,,inf,inf,inf,inf,False,False,inf,inf,0.0,True,False,90,-22,,False,False,0.0,4.652704087810154,inf,3.3186094925479135,0.0,,True,safety_hold,,False,False,0.0,inf,inf,inf,False,0.0,,,,cost_window,14,False
6000,1004,5,180,2776,0.3185518980026245,0.9982917308807373,-0.44999998807907104,-0.3499999940395355,-0.7685518860816956,-1.3482917547225952,True,True,safety_hold,safety_hold_recovery,recent_emergency_safety_hold,0,0,4.0,False,False,False,False,False,False,False,False,True,0.41012971822329924,6.453971013002907,0.0,False,max_steps,,inf,,inf,inf,inf,inf,inf,inf,inf,inf,0.0,{'ROAD_LINE_BROKEN_SINGLE_WHITE'},True,True,recent_emergency_safety_hold,False,,True,5,2,,inf,inf,inf,inf,False,False,inf,inf,2.2739632056897183,True,False,90,-22,,False,False,0.0,4.196351082336829,inf,3.6743103360584732,0.0,,True,safety_hold,,False,False,0.0,inf,inf,inf,False,0.0,,,,cost_window,15,False
6000,1004,5,181,2777,0.02084803581237793,0.9930263757705688,-0.44999998807907104,-0.3499999940395355,-0.470848023891449,-1.3430263996124268,True,True,safety_hold,safety_hold_recovery,recent_emergency_safety_hold,0,0,4.0,False,False,False,False,False,False,False,False,True,0.41110261205877596,5.754333497120453,0.0,False,max_steps,,inf,,inf,inf,inf,inf,inf,inf,inf,inf,0.0,{'ROAD_LINE_BROKEN_SINGLE_WHITE'},True,True,recent_emergency_safety_hold,False,,True,4,1,,inf,inf,inf,inf,False,False,inf,inf,0.0,True,False,90,-22,,False,False,0.0,3.5061224974157965,inf,3.392748700715703,0.0,,True,safety_hold,,False,False,0.0,inf,inf,inf,False,0.0,,,,cost_window,16,False
6000,1004,5,182,2778,0.02309870719909668,0.9940135478973389,-0.44999998807907104,-0.3499999940395355,-0.4730986952781677,-1.3440135717391968,True,True,safety_hold,safety_hold_recovery,recent_emergency_safety_hold,0,0,4.0,False,False,False,False,False,False,False,False,True,0.411900598373424,5.045486830032166,0.0,False,max_steps,,inf,,inf,inf,inf,inf,inf,inf,inf,inf,0.0,{'ROAD_LINE_BROKEN_SINGLE_WHITE'},True,True,recent_emergency_safety_hold,False,,True,3,0,,inf,inf,inf,inf,False,False,inf,inf,0.0,True,False,90,-22,,False,False,0.0,2.560051431917001,inf,3.0016443229731418,0.0,,True,safety_hold,,False,False,0.0,inf,inf,inf,False,0.0,,,,cost_window,17,False
6000,1004,5,183,2779,0.28481996059417725,0.9982082843780518,-0.44999998807907104,-0.3499999940395355,-0.7348199486732483,-1.3482083082199097,True,True,safety_hold,safety_hold_recovery,recent_emergency_safety_hold,0,0,4.0,False,False,False,False,False,False,False,False,True,0.41253668140057964,4.323490215833658,0.0,False,max_steps,,inf,,inf,inf,inf,inf,inf,inf,inf,inf,0.0,{'ROAD_LINE_BROKEN_SINGLE_WHITE'},True,True,recent_emergency_safety_hold,False,,True,2,0,,inf,inf,inf,inf,False,False,inf,inf,0.0,True,False,90,-22,,False,False,0.0,1.3723236403450758,inf,2.614891313603129,0.0,,True,safety_hold,,False,False,0.0,inf,inf,inf,False,0.0,,,,cost_window,18,False
6000,1004,5,184,2780,0.4306391477584839,0.9959290027618408,0.0,-0.800000011920929,-0.4306391477584839,-1.795928955078125,True,True,ultra_short_horizon_emergency,ultra_short_horizon_emergency_stop,vehicle_collision_step_3,0,0,4.0,False,False,False,False,False,False,False,False,True,0.41304150431577435,3.178012563105593,0.0,False,max_steps,,inf,,inf,inf,inf,inf,inf,inf,inf,inf,0.0,{'ROAD_LINE_BROKEN_SINGLE_WHITE'},True,True,vehicle_collision_step_3,False,,True,8,0,,inf,0,0,0,0,0,inf,inf,0.0,True,False,90,-22,,False,False,0.0,inf,inf,inf,0.0,0,True,vehicle_collision_step_3,,False,False,0.0,inf,inf,inf,False,0.0,,,,cost_window,19,False
6000,1004,5,185,2781,0.7657349109649658,0.9931671619415283,0.0,-0.800000011920929,-0.7657349109649658,-1.7931671142578125,True,True,ultra_short_horizon_emergency,ultra_short_horizon_emergency_stop,vehicle_collision_step_2,0,0,4.0,False,False,False,False,False,False,False,False,True,0.41343504050591595,1.9280992202609897,0.0,False,max_steps,,inf,,inf,inf,inf,inf,inf,inf,inf,inf,0.0,{'ROAD_LINE_BROKEN_SINGLE_WHITE'},True,True,vehicle_collision_step_2,False,,True,8,0,,inf,0,0,0,0,0,inf,inf,0.0,True,False,90,-22,,False,False,0.0,inf,inf,inf,0.0,0,True,vehicle_collision_step_2,,False,False,0.0,inf,inf,inf,False,0.0,,,,cost_window,20,False
