ckpt_index,env_id,episode,step,global_step,raw_action_steer,raw_action_throttle,safe_action_steer,safe_action_throttle,action_delta_steer,action_delta_throttle,filter_enabled,filter_intervened,recovery_mode,selected_candidate_type,selected_lateral_target,selected_speed_target,num_candidates,num_hard_safe_candidates,fallback_reason,cost,step_cost,episode_cost_so_far,crash,crash_vehicle,crash_object,crash_sidewalk,crash_building,crash_human,out_of_road,out_of_route,on_lane,route_completion,velocity,reward,done,done_reason,front_blocking_object_type,front_blocking_object_distance,nearest_object_type,nearest_object_distance,nearest_traffic_object_distance,front_traffic_object_distance,min_vehicle_margin,min_static_margin,min_boundary_margin,rss_longitudinal_margin,rss_lateral_margin,rss_risk_score,contact_results,actual_action_modified,hard_risk,hard_risk_reason,hard_recovery_moving_bypass,hard_recovery_entered_safety_hold,hard_bypass_side,hard_bypass_remaining,low_risk_gate_passed,low_risk_gate_rejected_reason,safety_hold_active,safety_hold_remaining,recent_contact_steps,nearest_static_object_type,nearest_static_object_distance,nearest_static_forward_distance,nearest_static_lateral_gap,front_static_blocking_distance,static_distance_immediate_risk,deadlock_escape_candidate,ttc_vehicle_min,ttc_static_min,boundary_closing_rate,pre_contact_intervention,post_contact_intervention,first_risk_detected_step,risk_to_intervention_delay,intervention_to_first_cost_delay,raw_predicted_collision,raw_predicted_out_of_road,raw_predicted_cost_risk,raw_min_vehicle_margin,raw_min_static_margin,raw_min_boundary_margin,raw_deadlock_risk,raw_failure_reason,allow_intervention,intervention_reason,intervention_rejected_reason,candidate_predicted_collision,candidate_predicted_out_of_road,candidate_predicted_cost_risk,candidate_min_vehicle_margin,candidate_min_static_margin,candidate_min_boundary_margin,vehicle_margin_worse,intervention_score_gain,exception_type,exception_message,exception_traceback
6000,1007,1,1,1,0.3136148452758789,0.9896540641784668,0.2855303883552551,0.30000001192092896,-0.02808445692062378,-0.6896540522575378,True,True,pre_contact_emergency,pre_contact_boundary_recovery,0,0,0,0,boundary_margin_low,0,0,0,False,False,False,False,False,False,False,False,True,0.012037967357630163,0.09067976015612628,0.0,False,max_steps,,inf,,inf,inf,inf,inf,inf,inf,inf,inf,0.0,set(),True,True,boundary_margin,False,False,,0,False,,False,0,0,,inf,inf,inf,inf,False,False,inf,inf,0.0,True,False,1,0,,False,False,4.656,inf,inf,0.22399999999999998,0.0,,True,boundary_margin_low,,False,False,0.0,inf,inf,inf,False,0.0,,,
6000,1007,1,2,2,0.32694029808044434,0.9922659397125244,0.2948582172393799,0.30000001192092896,-0.03208208084106445,-0.6922659277915955,True,True,pre_contact_emergency,pre_contact_boundary_recovery,0,0,0,0,boundary_margin_low,0,0,0,False,False,False,False,False,False,False,False,True,0.012064057649712415,0.1812190064185801,0.0,False,max_steps,,inf,,inf,inf,inf,inf,inf,inf,inf,inf,0.0,set(),True,True,boundary_margin,False,False,,0,False,,False,0,0,,inf,inf,inf,inf,False,False,inf,inf,0.0,True,False,1,0,,False,False,4.654880996019579,inf,inf,0.2241865006634034,0.0,,True,boundary_margin_low,,False,False,0.0,inf,inf,inf,False,0.0,,,
6000,1007,1,3,3,0.3276252746582031,0.9920477867126465,0.2953377068042755,0.30000001192092896,-0.03228756785392761,-0.6920477747917175,True,True,pre_contact_emergency,pre_contact_boundary_recovery,0,0,0,0,boundary_margin_low,0,0,0,False,False,False,False,False,False,False,False,True,0.012111776628686217,0.2711860319295586,0.0,False,max_steps,,inf,,inf,inf,inf,inf,inf,inf,inf,inf,0.0,set(),True,True,boundary_margin,False,False,,0,False,,False,0,0,,inf,inf,inf,inf,False,False,inf,inf,0.0,True,False,1,0,,False,False,4.649446081643924,inf,inf,0.22509231972601262,0.0,,True,boundary_margin_low,,False,False,0.0,inf,inf,inf,False,0.0,,,
6000,1007,1,4,4,0.3258793354034424,0.9918429851531982,0.2941155433654785,0.30000001192092896,-0.03176379203796387,-0.6918429732322693,True,True,pre_contact_emergency,pre_contact_boundary_recovery,0,0,0,0,boundary_margin_low,0,0,0,False,False,False,False,False,False,False,False,True,0.012180861509677942,0.3610072964305191,0.0,False,max_steps,,inf,,inf,inf,inf,inf,inf,inf,inf,inf,0.0,set(),True,True,boundary_margin,False,False,,0,False,,False,0,0,,inf,inf,inf,inf,False,False,inf,inf,0.0,True,False,1,0,,False,False,4.637733842287212,inf,inf,0.22704435961879788,0.0,,True,boundary_margin_low,,False,False,0.0,inf,inf,inf,False,0.0,,,
6000,1007,1,5,5,0.3219670057296753,0.9916739463806152,0.29137691855430603,0.30000001192092896,-0.030590087175369263,-0.6916739344596863,True,True,pre_contact_emergency,pre_contact_boundary_recovery,0,0,0,0,boundary_margin_low,0,0,0,False,False,False,False,False,False,False,False,True,0.012271326063073977,0.4511600697629002,0.0,False,max_steps,,inf,,inf,inf,inf,inf,inf,inf,inf,inf,0.0,set(),True,True,boundary_margin,False,False,,0,False,,False,0,0,,inf,inf,inf,inf,False,False,inf,inf,0.0,True,False,1,0,,False,False,4.617024334654212,inf,inf,0.23049594422429798,0.0,,True,boundary_margin_low,,False,False,0.0,inf,inf,inf,False,0.0,,,
6000,1007,1,6,6,0.3162827491760254,0.9914891719818115,0.28739792108535767,0.30000001192092896,-0.028884828090667725,-0.6914891600608826,True,True,pre_contact_emergency,pre_contact_boundary_recovery,0,0,0,0,boundary_margin_low,0,0,0,False,False,False,False,False,False,False,False,True,0.012383318320528029,0.5414839436364932,0.0,False,max_steps,,inf,,inf,inf,inf,inf,inf,inf,inf,inf,0.0,set(),True,True,boundary_margin,False,False,,0,False,,False,0,0,,inf,inf,inf,inf,False,False,inf,inf,0.0,True,False,1,0,,False,False,4.58787379091978,inf,inf,0.23535436818003652,0.0,,True,boundary_margin_low,,False,False,0.0,inf,inf,inf,False,0.0,,,
6000,1007,1,7,7,0.30944299697875977,0.9912519454956055,0.28261008858680725,0.30000001192092896,-0.026832908391952515,-0.6912519335746765,True,True,pre_contact_emergency,pre_contact_boundary_recovery,0,0,0,0,boundary_margin_low,0,0,0,False,False,False,False,False,False,False,False,True,0.012516875003070473,0.631842558153012,0.0,False,max_steps,,inf,,inf,inf,inf,inf,inf,inf,inf,inf,0.0,set(),True,True,boundary_margin,False,False,,0,False,,False,0,0,,inf,inf,inf,inf,False,False,inf,inf,0.0,True,False,1,0,,False,False,4.551765345543623,inf,inf,0.24137244240939615,0.0,,True,boundary_margin_low,,False,False,0.0,inf,inf,inf,False,0.0,,,
6000,1007,1,8,8,0.3014882802963257,0.9909777641296387,0.27704179286956787,0.30000001192092896,-0.024446487426757812,-0.6909777522087097,True,True,pre_contact_emergency,pre_contact_boundary_recovery,0,0,0,0,boundary_margin_low,0,0,0,False,False,False,False,False,False,False,False,True,0.012671972012525125,0.7222275159604377,0.0,False,max_steps,,inf,,inf,inf,inf,inf,inf,inf,inf,inf,0.0,set(),True,True,boundary_margin,False,False,,0,False,,False,0,0,,inf,inf,inf,inf,False,False,inf,inf,0.0,True,False,1,0,,False,False,4.508802816778421,inf,inf,0.24853286387026308,0.0,,True,boundary_margin_low,,False,False,0.0,inf,inf,inf,False,0.0,,,
6000,1007,1,9,9,0.2923380136489868,0.9906768798828125,0.2706366181373596,0.30000001192092896,-0.021701395511627197,-0.6906768679618835,True,True,pre_contact_emergency,pre_contact_boundary_recovery,0,0,0,0,boundary_margin_low,0,0,0,False,False,False,False,False,False,False,False,True,0.012848586398248,0.8126597549451651,0.0,False,max_steps,,inf,,inf,inf,inf,inf,inf,inf,inf,inf,0.0,set(),True,True,boundary_margin,False,False,,0,False,,False,0,0,,inf,inf,inf,inf,False,False,inf,inf,0.0,True,False,1,0,,False,False,4.458381947636604,inf,inf,0.2569363420605659,0.0,,True,boundary_margin_low,,False,False,0.0,inf,inf,inf,False,0.0,,,
6000,1007,1,10,10,0.2819807529449463,0.9903476238250732,0.2633865177631378,0.30000001192092896,-0.01859423518180847,-0.6903476119041443,True,True,pre_contact_emergency,pre_contact_boundary_recovery,0,0,0,0,boundary_margin_low,0,0,0,False,False,False,False,False,False,False,False,True,0.01304669750465951,0.903168527744795,0.0,False,max_steps,,inf,,inf,inf,inf,inf,inf,inf,inf,inf,0.0,set(),True,True,boundary_margin,False,False,,0,False,,False,0,0,,inf,inf,inf,inf,False,False,inf,inf,0.0,True,False,1,0,,False,False,4.399882678449154,inf,inf,0.2666862202584743,0.0,,True,boundary_margin_low,,False,False,0.0,inf,inf,inf,False,0.0,,,
6000,1007,1,11,11,0.2704874277114868,0.9899846315383911,0.25534120202064514,0.30000001192092896,-0.015146225690841675,-0.6899846196174622,True,True,pre_contact_emergency,pre_contact_boundary_recovery,0,0,0,0,boundary_margin_low,0,0,0,False,False,False,False,False,False,False,False,True,0.01326630074163086,0.9937765977451231,0.0,False,max_steps,,inf,,inf,inf,inf,inf,inf,inf,inf,inf,0.0,set(),True,True,boundary_margin,False,False,,0,False,,False,0,0,,inf,inf,inf,inf,False,False,inf,inf,0.0,True,False,1,0,,False,False,4.332749154925346,inf,inf,0.2778751408457756,0.0,,True,boundary_margin_low,,False,False,0.0,inf,inf,inf,False,0.0,,,
6000,1007,1,12,12,0.25806117057800293,0.9895821809768677,0.2466428130865097,0.30000001192092896,-0.011418357491493225,-0.6895821690559387,True,True,pre_contact_emergency,pre_contact_boundary_recovery,0,0,0,0,boundary_margin_low,0,0,0,False,False,False,False,False,False,False,False,True,0.013507393814097652,1.084482518672874,0.0,False,max_steps,,inf,,inf,inf,inf,inf,inf,inf,inf,inf,0.0,set(),True,True,boundary_margin,False,False,,0,False,,False,0,0,,inf,inf,inf,inf,False,False,inf,inf,0.0,True,False,1,0,,False,False,4.256529715418815,inf,inf,0.2905783807635307,0.0,,True,boundary_margin_low,,False,False,0.0,inf,inf,inf,False,0.0,,,
6000,1007,1,13,13,0.24479389190673828,0.9891320466995239,0.23735572397708893,0.30000001192092896,-0.007438167929649353,-0.689132034778595,True,True,pre_contact_emergency,pre_contact_boundary_recovery,0,0,0,0,boundary_margin_low,0,0,0,False,False,False,False,False,False,False,False,True,0.013769974426995483,1.175282710178234,0.0,False,max_steps,,inf,,inf,inf,inf,inf,inf,inf,inf,inf,0.0,set(),True,True,boundary_margin,False,False,,0,False,,False,0,0,,inf,inf,inf,inf,False,False,inf,inf,0.0,True,False,1,0,,False,False,4.1708334503173825,inf,inf,0.3048610916137695,0.0,,True,boundary_margin_low,,False,False,0.0,inf,inf,inf,False,0.0,,,
6000,1007,1,14,14,0.23115968704223633,0.9886239767074585,0.2278117835521698,0.30000001192092896,-0.0033479034900665283,-0.6886239647865295,True,True,pre_contact_emergency,pre_contact_boundary_recovery,0,0,0,0,boundary_margin_low,0,0,0,False,False,False,False,False,False,False,False,True,0.014054029957470167,1.2661634193561575,0.0,False,max_steps,,inf,,inf,inf,inf,inf,inf,inf,inf,inf,0.0,set(),True,True,boundary_margin,False,False,,0,False,,False,0,0,,inf,inf,inf,inf,False,False,inf,inf,0.0,True,False,1,0,,False,False,4.075214934110641,inf,inf,0.32079751098155973,0.0,,True,boundary_margin_low,,False,False,0.0,inf,inf,inf,False,0.0,,,
6000,1007,1,15,15,0.2167987823486328,0.9880608320236206,0.2177591472864151,0.30000001192092896,0.0009603649377822876,-0.6880608201026917,True,True,pre_contact_emergency,pre_contact_boundary_recovery,0,0,0,0,boundary_margin_low,0,0,0,False,False,False,False,False,False,False,False,True,0.014359543192538711,1.3571298799824847,0.0,False,max_steps,,inf,,inf,inf,inf,inf,inf,inf,inf,inf,0.0,set(),True,True,boundary_margin,False,False,,0,False,,False,0,0,,inf,inf,inf,inf,False,False,inf,inf,0.0,True,False,1,0,,False,False,3.9691582438945763,inf,inf,0.3384736260175705,0.0,,True,boundary_margin_low,,False,False,0.0,inf,inf,inf,False,0.0,,,
6000,1007,1,16,16,0.20174479484558105,0.9874398708343506,0.20174479484558105,0.9874398708343506,0.0,0.0,True,False,inactive_raw_action,raw_action,0,0,10,6,raw_action_safe_or_candidate_not_better,0,0,0,False,False,False,False,False,False,False,False,True,0.014698449614605563,1.6564517965086356,0.0,False,max_steps,,inf,,inf,inf,inf,inf,inf,0.3579805275201797,inf,inf,0.0,set(),False,False,,False,False,,0,False,boundary_margin_uncertain_or_low,False,0,0,,inf,inf,inf,inf,False,False,inf,inf,0.0,False,False,1,0,,False,False,3.8521168348789208,inf,inf,0.3579805275201797,0.0,,False,raw_action_safe_or_candidate_not_better,boundary_margin_insufficient,False,False,1.242438524049742,inf,inf,0.37765645344610577,False,-36.19555844838855,,,
6000,1007,1,17,17,0.14366114139556885,0.9936394691467285,0.14366114139556885,0.9936394691467285,0.0,0.0,True,False,inactive_raw_action,raw_action,0,0,10,7,raw_action_safe_or_candidate_not_better,0,0,0,False,False,False,False,False,False,False,False,True,0.015106945831831812,1.9590434857234862,0.0,False,max_steps,,inf,,inf,inf,inf,inf,inf,0.3800259163379669,inf,inf,0.0,set(),False,False,,False,False,,0,False,boundary_margin_uncertain_or_low,False,0,0,,inf,inf,inf,inf,False,False,inf,inf,0.0,False,False,1,0,,False,False,3.7198445019721977,inf,inf,0.3800259163379669,0.0,,False,raw_action_safe_or_candidate_not_better,boundary_margin_insufficient,False,False,1.1672139176527665,inf,inf,0.39970184226389294,False,-34.73719988194668,,,
6000,1007,1,18,18,0.12391448020935059,0.9928553104400635,0.12391448020935059,0.9928553104400635,0.0,0.0,True,False,inactive_raw_action,raw_action,0,0,10,7,raw_action_safe_or_candidate_not_better,0,0,0,False,False,False,False,False,False,False,False,True,0.015587883461732604,2.2610233503377564,0.0,False,max_steps,,inf,,inf,inf,inf,inf,inf,0.4059894909858702,inf,inf,0.0,set(),False,False,,False,False,,0,False,boundary_margin_uncertain_or_low,False,0,0,,inf,inf,inf,inf,False,False,inf,inf,0.0,False,False,1,0,,False,False,3.564063054084778,inf,inf,0.4059894909858702,0.0,,False,raw_action_safe_or_candidate_not_better,boundary_margin_insufficient,False,False,1.0893231937090562,inf,inf,0.42566541691179627,False,-33.09247523169623,,,
6000,1007,1,19,19,0.10780417919158936,0.9916549921035767,0.10780417919158936,0.9916549921035767,0.0,0.0,True,False,inactive_raw_action,raw_action,0,0,10,7,raw_action_safe_or_candidate_not_better,0,0,0,False,False,False,False,False,False,False,False,True,0.01614081381921803,2.562507667627335,0.0,False,max_steps,,inf,,inf,inf,inf,inf,inf,0.4350684514045714,inf,inf,0.0,set(),False,False,,False,False,,0,False,boundary_margin_uncertain_or_low,False,0,0,,inf,inf,inf,inf,False,False,inf,inf,0.0,False,False,1,0,,False,False,3.389589291572571,inf,inf,0.4350684514045714,0.0,,False,raw_action_safe_or_candidate_not_better,boundary_margin_insufficient,False,False,1.0020863124529527,inf,inf,0.45474437733049744,False,-31.41243860952723,,,
6000,1007,1,20,20,0.09208989143371582,0.990304708480835,0.09208989143371582,0.990304708480835,0.0,0.0,True,False,inactive_raw_action,raw_action,0,0,10,6,raw_action_safe_or_candidate_not_better,0,0,0,False,False,False,False,False,False,False,False,True,0.016765443136045083,2.8636005417234216,0.0,False,max_steps,,inf,,inf,inf,inf,inf,inf,0.468199365377426,inf,inf,0.0,set(),False,False,,False,False,,0,False,boundary_margin_uncertain_or_low,False,0,0,,inf,inf,inf,inf,False,False,inf,inf,0.0,False,False,1,0,,False,False,3.1908038077354433,inf,inf,0.468199365377426,0.0,,False,raw_action_safe_or_candidate_not_better,boundary_margin_insufficient,False,False,0.9026935705343886,inf,inf,0.48787529130335205,False,-29.672838336128763,,,
6000,1007,1,21,21,0.07678532600402832,0.9886949062347412,0.07678532600402832,0.9886949062347412,0.0,0.0,True,False,inactive_raw_action,raw_action,0,0,10,7,raw_action_safe_or_candidate_not_better,0,0,0,False,False,False,False,False,False,False,False,True,0.017461608462641467,3.164235791465157,0.0,False,max_steps,,inf,,inf,inf,inf,inf,inf,0.5058910181522368,inf,inf,0.0,set(),False,False,,False,False,,0,False,boundary_margin_uncertain_or_low,False,0,0,,inf,inf,inf,inf,False,False,inf,inf,0.0,False,False,1,0,,False,False,2.964653891086579,inf,inf,0.5058910181522368,0.0,,False,raw_action_safe_or_candidate_not_better,boundary_margin_insufficient,False,False,0.7925641212860746,inf,inf,0.5255669440781628,False,-27.87593769943646,,,
6000,1007,1,22,22,0.06155204772949219,0.9866997003555298,0.06155204772949219,0.9866997003555298,0.0,0.0,True,False,inactive_raw_action,raw_action,0,0,10,7,raw_action_safe_or_candidate_not_better,0,0,0,False,False,False,False,False,False,False,False,True,0.01822918930812626,3.4642805605188163,0.0,False,max_steps,,inf,,inf,inf,inf,inf,inf,0.5483330121040343,inf,inf,0.0,set(),False,False,,False,False,,0,False,boundary_margin_uncertain_or_low,False,0,0,,inf,inf,inf,inf,False,False,inf,inf,0.0,False,False,1,0,,False,False,2.710001927375794,inf,inf,0.5483330121040343,0.0,,False,raw_action_safe_or_candidate_not_better,boundary_margin_insufficient,False,False,0.6864591364065808,inf,inf,0.5680089380299603,False,-26.03715031186584,,,
6000,1007,1,23,23,0.04648458957672119,0.984255313873291,0.04648458957672119,0.984255313873291,0.0,0.0,True,False,inactive_raw_action,raw_action,0,0,10,6,raw_action_safe_or_candidate_not_better,0,0,0,False,False,False,False,False,False,False,False,True,0.01906808583719813,3.7635608594311387,0.0,False,max_steps,,inf,,inf,inf,inf,inf,inf,0.595520698070526,inf,inf,0.0,set(),False,False,,False,False,,0,False,boundary_margin_uncertain_or_low,False,0,0,,inf,inf,inf,inf,False,False,inf,inf,0.0,False,False,1,0,,False,False,2.426875811576844,inf,inf,0.595520698070526,0.0,,False,raw_action_safe_or_candidate_not_better,candidate_not_better,False,False,0.5684899214903516,inf,inf,0.615196623996452,False,-24.174282485932945,,,
6000,1007,1,24,24,0.0318911075592041,0.9812464714050293,0.0318911075592041,0.9812464714050293,0.0,0.0,True,False,inactive_raw_action,raw_action,0,0,10,6,raw_action_safe_or_candidate_not_better,0,0,0,False,False,False,False,False,False,False,False,True,0.019978193624426942,4.06186754725618,0.0,False,max_steps,,inf,,inf,inf,inf,inf,inf,0.6473029484748839,inf,inf,0.0,{'ROAD_LINE_BROKEN_SINGLE_WHITE'},False,False,,False,False,,0,False,boundary_margin_uncertain_or_low,False,0,0,,inf,inf,inf,inf,False,False,inf,inf,0.0,False,False,1,0,,False,False,2.116182309150697,inf,inf,0.6473029484748839,0.0,,False,raw_action_safe_or_candidate_not_better,candidate_not_better,False,False,0.45076447342060244,inf,inf,0.6669788744008099,False,-22.302149834813036,,,
6000,1007,1,25,25,0.017738819122314453,0.977510929107666,0.017738819122314453,0.977510929107666,0.0,0.0,True,False,inactive_raw_action,raw_action,0,0,10,6,raw_action_safe_or_candidate_not_better,0,0,0,False,False,False,False,False,False,False,False,True,0.020959400211657167,4.358947346030692,0.0,False,max_steps,,inf,,inf,inf,inf,inf,inf,0.7034190227985381,inf,inf,0.0,{'ROAD_LINE_BROKEN_SINGLE_WHITE'},False,False,,False,False,,0,False,boundary_margin_uncertain_or_low,False,0,0,,inf,inf,inf,inf,False,False,inf,inf,0.0,False,False,1,0,,False,False,1.779485863208772,inf,inf,0.7034190227985381,0.0,,False,raw_action_safe_or_candidate_not_better,candidate_not_better,False,False,0.3385323247732941,inf,inf,0.7230949487244641,False,-20.431091867599438,,,
6000,1007,1,26,26,0.0035272836685180664,0.9728531837463379,0.0035272836685180664,0.9728531837463379,0.0,0.0,True,False,inactive_raw_action,raw_action,0,0,10,6,raw_action_safe_or_candidate_not_better,0,0,0,False,False,False,False,False,False,False,False,True,0.022011593140733282,4.6544829495913955,0.0,False,max_steps,,inf,,inf,inf,inf,inf,inf,0.7634880771636962,inf,inf,0.0,{'ROAD_LINE_BROKEN_SINGLE_WHITE'},False,False,,False,False,,0,False,object_list_uncertain,False,0,0,,inf,inf,inf,inf,False,False,inf,inf,0.0,False,False,1,0,,False,False,1.4190715370178235,inf,inf,0.7634880771636962,0.0,,False,raw_action_safe_or_candidate_not_better,candidate_not_better,False,False,0.22976788425445577,inf,inf,0.7831640030896222,False,-18.568390416480327,,,
6000,1007,1,27,27,-0.010268867015838623,0.9670708179473877,-0.010268867015838623,0.9670708179473877,0.0,0.0,True,False,inactive_raw_action,raw_action,0,0,10,6,raw_action_safe_or_candidate_not_better,0,0,0,False,False,False,False,False,False,False,False,True,0.02313464618311337,4.948096453700443,0.0,False,max_steps,,inf,,inf,inf,inf,inf,inf,0.8269309630393981,inf,inf,0.0,{'ROAD_LINE_BROKEN_SINGLE_WHITE'},False,False,,False,False,,0,False,object_list_uncertain,False,0,0,,inf,inf,inf,inf,False,False,inf,inf,0.047796266436842344,False,False,1,0,,False,False,1.0384142217636119,inf,inf,0.8269309630393981,0.0,,False,raw_action_safe_or_candidate_not_better,candidate_not_better,False,False,0.1346035554409029,inf,inf,0.8466068889653241,False,-16.72196233964098,,,
6000,1007,1,28,28,-0.02266901731491089,0.959794282913208,-0.02266901731491089,0.959794282913208,0.0,0.0,True,False,inactive_raw_action,raw_action,0,0,10,6,raw_action_safe_or_candidate_not_better,0,0,0,False,False,False,False,False,False,False,False,True,0.02432837114351675,5.239332136025697,0.0,False,max_steps,,inf,,inf,inf,inf,inf,inf,0.8929378619194029,inf,inf,0.0,{'ROAD_LINE_BROKEN_SINGLE_WHITE'},False,False,,False,False,,0,False,object_list_uncertain,False,0,0,,inf,inf,inf,inf,False,False,inf,inf,0.1121684841847845,False,False,1,0,,False,False,0.6423728284835823,inf,inf,0.8929378619194029,0.0,,False,raw_action_safe_or_candidate_not_better,candidate_not_better,False,False,0.06018713808059706,inf,inf,0.912613787845329,False,-14.89976084597469,,,
6000,1007,1,29,29,0.041635751724243164,0.9908857345581055,0.041635751724243164,0.9908857345581055,0.0,0.0,True,False,inactive_raw_action,raw_action,0,0,10,7,raw_action_safe_or_candidate_not_better,0,0,0,False,False,False,False,False,False,False,False,True,0.02559136344253153,5.5373561118746135,0.0,False,max_steps,,inf,,inf,inf,inf,inf,inf,0.9605646362304686,inf,inf,0.0,{'ROAD_LINE_BROKEN_SINGLE_WHITE'},False,False,,False,False,,0,False,object_list_uncertain,False,0,0,,inf,inf,inf,inf,False,False,inf,inf,0.0,False,False,1,0,,False,False,0.2366121826171883,inf,inf,0.9605646362304686,0.0,,False,raw_action_safe_or_candidate_not_better,candidate_not_better,False,False,0.009879718921802672,inf,inf,0.9802405621563947,False,-13.569679265598438,,,
6000,1007,1,30,30,0.038622140884399414,0.989478588104248,0.038622140884399414,0.989478588104248,0.0,0.0,True,False,inactive_raw_action,raw_action,0,0,10,7,raw_action_safe_or_candidate_not_better,0,0,0,False,False,False,False,False,False,False,False,True,0.026922858823713015,5.837472177838064,0.0,False,max_steps,,inf,,inf,inf,inf,inf,inf,1.033590935707092,inf,inf,0.0,{'ROAD_LINE_BROKEN_SINGLE_WHITE'},False,False,,False,False,,0,False,object_list_uncertain,False,0,0,,inf,inf,inf,inf,False,False,inf,inf,0.0,False,False,1,0,,False,False,0.0,inf,inf,1.033590935707092,0.0,,False,raw_action_safe_or_candidate_not_better,candidate_not_better,False,False,0.0,inf,inf,1.053266861633018,False,-13.615915559423236,,,
6000,1007,1,31,31,0.019469499588012695,0.9886386394500732,0.019469499588012695,0.9886386394500732,0.0,0.0,True,False,inactive_raw_action,raw_action,0,0,10,7,raw_action_safe_or_candidate_not_better,0,0,0,False,False,False,False,False,False,False,False,True,0.028324688748451215,6.137981746281046,0.0,False,max_steps,,inf,,inf,inf,inf,inf,inf,1.1183548202514646,inf,inf,0.0,{'ROAD_LINE_BROKEN_SINGLE_WHITE'},False,False,,False,False,,0,False,object_list_uncertain,False,0,0,,inf,inf,inf,inf,False,False,inf,inf,0.0,False,False,1,0,,False,False,0.0,inf,inf,1.1183548202514646,0.0,,False,raw_action_safe_or_candidate_not_better,candidate_not_better,False,False,0.0,inf,inf,1.1380307461773906,False,-13.038829858726558,,,
6000,1007,1,32,32,-0.0018895864486694336,0.9868438243865967,-0.0018895864486694336,0.9868438243865967,0.0,0.0,True,False,inactive_raw_action,raw_action,0,0,10,7,raw_action_safe_or_candidate_not_better,0,0,0,False,False,False,False,False,False,False,False,True,0.02979830828757478,6.437586572920662,0.0,False,max_steps,,inf,,inf,inf,inf,inf,inf,1.210561059951782,inf,inf,0.0,{'ROAD_LINE_BROKEN_SINGLE_WHITE'},False,False,,False,False,,0,False,object_list_uncertain,False,0,0,,inf,inf,inf,inf,False,False,inf,inf,0.01159824712995301,False,False,1,0,,False,False,0.0,inf,inf,1.210561059951782,0.0,,False,raw_action_safe_or_candidate_not_better,candidate_not_better,False,False,0.0,inf,inf,1.2302369858777076,False,-12.489759076225667,,,
6000,1007,1,33,33,-0.019476354122161865,0.9839158058166504,-0.019476354122161865,0.9839158058166504,0.0,0.0,True,False,inactive_raw_action,raw_action,0,0,10,10,raw_action_safe_or_candidate_not_better,0,0,0,False,False,False,False,False,False,False,False,True,0.03134440825546766,6.7359169824638245,0.0,False,max_steps,,inf,,inf,inf,inf,inf,inf,0.30633261108398435,inf,inf,0.0,{'ROAD_LINE_BROKEN_SINGLE_WHITE'},False,False,,False,False,,0,False,object_list_uncertain,False,0,0,,inf,inf,inf,inf,False,False,inf,inf,0.1253807157862772,False,False,1,0,,False,False,0.0,inf,inf,1.3063326110839841,0.0,,False,raw_action_safe_or_candidate_not_better,candidate_not_better,False,False,0.0,inf,inf,1.3260085370099097,False,-11.985329923767296,,,
6000,1007,1,34,34,-0.0323796272277832,0.9801700115203857,-0.0323796272277832,0.9801700115203857,0.0,0.0,True,False,inactive_raw_action,raw_action,0,0,10,10,raw_action_safe_or_candidate_not_better,0,0,0,False,False,False,False,False,False,False,False,True,0.03296318832273253,7.032922084833681,0.0,False,max_steps,,inf,,inf,inf,inf,inf,inf,0.4031603565216063,inf,inf,0.0,{'ROAD_LINE_BROKEN_SINGLE_WHITE'},False,False,,False,False,,0,False,object_list_uncertain,False,0,0,,inf,inf,inf,inf,False,False,inf,inf,0.21810648092947293,False,False,1,0,,False,False,0.0,inf,inf,1.4031603565216062,0.0,,False,raw_action_safe_or_candidate_not_better,candidate_not_better,False,False,0.0,inf,inf,1.4228362824475318,False,-11.530815248191466,,,
6000,1007,1,35,35,-0.04038822650909424,0.9781477451324463,-0.04038822650909424,0.9781477451324463,0.0,0.0,True,False,inactive_raw_action,raw_action,0,0,10,10,raw_action_safe_or_candidate_not_better,0,0,0,False,False,False,False,False,False,False,False,True,0.03465466684988458,7.329323777536822,0.0,False,max_steps,,inf,,inf,inf,inf,inf,inf,0.4994770517349242,inf,inf,0.0,{'ROAD_LINE_BROKEN_SINGLE_WHITE'},False,False,,False,False,,0,False,object_list_uncertain,False,0,0,,inf,inf,inf,inf,False,False,inf,inf,0.284047250183074,False,False,1,0,,False,False,0.0,inf,inf,1.499477051734924,0.0,,False,raw_action_safe_or_candidate_not_better,candidate_not_better,False,False,0.0,inf,inf,1.5191529776608497,False,-11.149515858446549,,,
6000,1007,1,36,36,-0.04312002658843994,0.9757070541381836,-0.04312002658843994,0.9757070541381836,0.0,0.0,True,False,inactive_raw_action,raw_action,0,0,10,10,raw_action_safe_or_candidate_not_better,0,0,0,False,False,False,False,False,False,False,False,True,0.03641883924679501,7.62518864568531,0.0,False,max_steps,,inf,,inf,inf,inf,inf,inf,0.5941335191726683,inf,inf,0.0,{'ROAD_LINE_BROKEN_SINGLE_WHITE'},False,False,,False,False,,0,False,object_list_uncertain,False,0,0,,inf,inf,inf,inf,False,False,inf,inf,0.31604063616267286,False,False,1,0,,False,False,0.0,inf,inf,1.5941335191726682,0.0,,False,raw_action_safe_or_candidate_not_better,candidate_not_better,False,False,0.0,inf,inf,1.6138094450985938,False,-10.811350664825547,,,
6000,1007,1,37,37,-0.042024433612823486,0.9726085662841797,-0.042024433612823486,0.9726085662841797,0.0,0.0,True,False,inactive_raw_action,raw_action,0,0,10,10,raw_action_safe_or_candidate_not_better,0,0,0,False,False,False,False,False,False,False,False,True,0.03825555862934231,7.9203401913103715,0.0,False,max_steps,,inf,,inf,inf,inf,inf,inf,0.6863039960861205,inf,inf,0.0,{'ROAD_LINE_BROKEN_SINGLE_WHITE'},False,False,,False,False,,0,False,object_list_uncertain,False,0,0,,inf,inf,inf,inf,False,False,inf,inf,0.32044423402585775,False,False,1,0,,False,False,0.0,inf,inf,1.6863039960861204,0.0,,False,raw_action_safe_or_candidate_not_better,candidate_not_better,False,False,0.0,inf,inf,1.705979922012046,False,-10.507084337623155,,,
6000,1007,1,38,38,-0.03860098123550415,0.9686329364776611,-0.03860098123550415,0.9686329364776611,0.0,0.0,True,False,inactive_raw_action,raw_action,0,0,10,10,raw_action_safe_or_candidate_not_better,0,0,0,False,False,False,False,False,False,False,False,True,0.04016454958979866,8.214459739341525,0.0,False,max_steps,,inf,,inf,inf,inf,inf,inf,0.7755465736389159,inf,inf,0.0,{'ROAD_LINE_BROKEN_SINGLE_WHITE'},False,False,,False,False,,0,False,object_list_uncertain,False,0,0,,inf,inf,inf,inf,False,False,inf,inf,0.305732903103581,False,False,1,0,,False,False,0.0,inf,inf,1.7755465736389158,0.0,,False,raw_action_safe_or_candidate_not_better,candidate_not_better,False,False,0.0,inf,inf,1.7952224995648414,False,-10.227954427603223,,,
6000,1007,1,39,39,-0.03552424907684326,0.9633517265319824,-0.03552424907684326,0.9633517265319824,0.0,0.0,True,False,inactive_raw_action,raw_action,0,0,10,10,raw_action_safe_or_candidate_not_better,0,0,0,False,False,False,False,False,False,False,False,True,0.04214541967215193,8.507001948975514,0.0,False,max_steps,,inf,,inf,inf,inf,inf,inf,0.8617079486846922,inf,inf,0.0,{'ROAD_LINE_BROKEN_SINGLE_WHITE'},False,False,,False,False,,0,False,object_list_uncertain,False,0,0,,inf,inf,inf,inf,False,False,inf,inf,0.2918125138120693,False,False,1,0,,False,False,0.0,inf,inf,1.8617079486846921,0.0,,False,raw_action_safe_or_candidate_not_better,candidate_not_better,False,False,0.0,inf,inf,1.8813838746106177,False,-9.96331110151474,,,
6000,1007,1,40,40,-0.031819701194763184,0.9565095901489258,-0.031819701194763184,0.9565095901489258,0.0,0.0,True,False,inactive_raw_action,raw_action,0,0,10,10,raw_action_safe_or_candidate_not_better,0,0,0,False,False,False,False,False,False,False,False,True,0.0441977029783292,8.797515592116994,0.0,False,max_steps,,inf,,inf,inf,inf,inf,inf,0.9447015752792357,inf,inf,0.0,{'ROAD_LINE_BROKEN_SINGLE_WHITE'},False,False,,False,False,,0,False,object_list_uncertain,False,0,0,,inf,inf,inf,inf,False,False,inf,inf,0.2706902600796689,False,False,1,0,,False,False,0.0,inf,inf,1.9447015752792356,0.0,,False,raw_action_safe_or_candidate_not_better,candidate_not_better,False,False,0.0,inf,inf,1.9643775012051612,False,-9.706081791738868,,,
6000,1007,1,41,41,-0.04185515642166138,0.948714017868042,-0.04185515642166138,0.948714017868042,0.0,0.0,True,False,inactive_raw_action,raw_action,0,0,10,10,raw_action_safe_or_candidate_not_better,0,0,0,False,False,False,False,False,False,False,False,True,0.04632099098686755,9.084705416797783,0.0,False,max_steps,,inf,,inf,inf,inf,inf,inf,1.0066336587278575,inf,inf,0.0,{'ROAD_LINE_BROKEN_SINGLE_WHITE'},False,False,,False,False,,0,False,object_list_uncertain,False,0,0,,inf,inf,inf,inf,False,False,inf,inf,0.3682213912300617,False,False,1,0,,False,False,0.0,inf,inf,2.0066336587278575,0.0,,False,raw_action_safe_or_candidate_not_better,candidate_not_better,False,False,0.0,inf,inf,2.0440431620633155,False,-9.45977717712411,,,
6000,1007,1,42,42,-0.040985703468322754,0.9396038055419922,-0.040985703468322754,0.9396038055419922,0.0,0.0,True,False,inactive_raw_action,raw_action,0,0,10,10,raw_action_safe_or_candidate_not_better,0,0,0,False,False,False,False,False,False,False,False,True,0.048514930257849614,9.36960775425362,0.0,False,max_steps,,inf,,inf,inf,inf,inf,inf,1.0815524056760997,inf,inf,0.0,{'ROAD_LINE_BROKEN_SINGLE_WHITE'},False,False,,False,False,,0,False,object_list_uncertain,False,0,0,,inf,inf,inf,inf,False,False,inf,inf,0.3723430423099394,False,False,1,0,,False,False,0.0,inf,inf,2.0815524056760997,0.0,,False,raw_action_safe_or_candidate_not_better,candidate_not_better,False,False,0.0,inf,inf,2.1189619090115577,False,-9.22248319876725,,,
6000,1007,1,43,43,-0.0342751145362854,0.9304277896881104,-0.0342751145362854,0.9304277896881104,0.0,0.0,True,False,inactive_raw_action,raw_action,0,0,10,10,raw_action_safe_or_candidate_not_better,0,0,0,False,False,False,False,False,False,False,False,True,0.05077862571615996,9.652214082904917,0.0,False,max_steps,,inf,,inf,inf,inf,inf,inf,1.1491593316404551,inf,inf,0.0,{'ROAD_LINE_BROKEN_SINGLE_WHITE'},False,False,,False,False,,0,False,object_list_uncertain,False,0,0,,inf,inf,inf,inf,False,False,inf,inf,0.3211443789371107,False,False,1,0,,False,False,0.0,inf,inf,2.149159331640455,0.0,,False,raw_action_safe_or_candidate_not_better,candidate_not_better,False,False,0.0,inf,inf,2.186568834975913,False,-9.002383997411513,,,
6000,1007,1,44,44,-0.02392524480819702,0.9169802665710449,-0.02392524480819702,0.9169802665710449,0.0,0.0,True,False,inactive_raw_action,raw_action,0,0,10,10,raw_action_safe_or_candidate_not_better,0,0,0,False,False,False,False,False,False,False,False,True,0.05311102163217528,9.930982830788356,0.0,False,max_steps,,inf,,inf,inf,inf,inf,inf,1.2099881366102427,inf,inf,0.0,{'ROAD_LINE_BROKEN_SINGLE_WHITE'},False,False,,False,False,,0,False,object_list_uncertain,False,0,0,,inf,inf,inf,inf,False,False,inf,inf,0.23093158487462706,False,False,1,0,,False,False,0.0,inf,inf,2.2099881366102427,0.0,,False,raw_action_safe_or_candidate_not_better,candidate_not_better,False,False,0.0,inf,inf,2.2473976399457007,False,-8.755151413113992,,,
6000,1007,1,45,45,-0.013952970504760742,0.8967330455780029,-0.013952970504760742,0.8967330455780029,0.0,0.0,True,False,inactive_raw_action,raw_action,0,0,10,10,raw_action_safe_or_candidate_not_better,0,0,0,False,False,False,False,False,False,False,False,True,0.055510685885710905,10.20357035293708,0.0,False,max_steps,,inf,,inf,inf,inf,inf,inf,1.2656800940839976,inf,inf,0.0,{'ROAD_LINE_BROKEN_SINGLE_WHITE'},False,False,,False,False,,0,False,object_list_uncertain,False,0,0,,inf,inf,inf,inf,False,False,inf,inf,0.13856671052127525,False,False,1,0,,False,False,0.0,inf,inf,2.2656800940839976,0.0,,False,raw_action_safe_or_candidate_not_better,candidate_not_better,False,False,0.0,inf,inf,2.3030895974194556,False,-8.446226828710678,,,
6000,1007,1,46,46,-0.010281145572662354,0.8672604560852051,-0.010281145572662354,0.8672604560852051,0.0,0.0,True,False,inactive_raw_action,raw_action,0,0,10,10,raw_action_safe_or_candidate_not_better,0,0,0,False,False,False,False,False,False,False,False,True,0.05797577783511922,10.46708296571334,0.0,False,max_steps,,inf,,inf,inf,inf,inf,inf,1.318335552534315,inf,inf,0.0,{'ROAD_LINE_BROKEN_SINGLE_WHITE'},False,False,,False,False,,0,False,object_list_uncertain,False,0,0,,inf,inf,inf,inf,False,False,inf,inf,0.1049043921594479,False,False,1,0,,False,False,0.0,inf,inf,2.318335552534315,0.0,,False,raw_action_safe_or_candidate_not_better,candidate_not_better,False,False,0.0,inf,inf,2.355745055869773,False,-8.042927702322515,,,
6000,1007,1,47,47,-0.013277113437652588,0.8282400369644165,-0.013277113437652588,0.8282400369644165,0.0,0.0,True,False,inactive_raw_action,raw_action,0,0,10,10,raw_action_safe_or_candidate_not_better,0,0,0,False,False,False,False,False,False,False,False,True,0.060503993235744145,10.718571480897447,0.0,False,max_steps,,inf,,inf,inf,inf,inf,inf,1.369307060560438,inf,inf,0.0,{'ROAD_LINE_BROKEN_SINGLE_WHITE'},False,False,,False,False,,0,False,object_list_uncertain,False,0,0,,inf,inf,inf,inf,False,False,inf,inf,0.1389726478970971,False,False,1,0,,False,False,0.0,inf,inf,2.369307060560438,0.0,,False,raw_action_safe_or_candidate_not_better,candidate_not_better,False,False,0.0,inf,inf,2.406716563895896,False,-7.555377096931807,,,
6000,1007,1,48,48,-0.018407702445983887,0.7837764024734497,-0.018407702445983887,0.7837764024734497,0.0,0.0,True,False,inactive_raw_action,raw_action,0,0,10,10,raw_action_safe_or_candidate_not_better,0,0,0,False,False,False,False,False,False,False,False,True,0.06309252751889068,10.956349164740073,0.0,False,max_steps,,inf,,inf,inf,inf,inf,inf,1.4181053832380504,inf,inf,0.0,{'ROAD_LINE_BROKEN_SINGLE_WHITE'},False,False,,False,False,,0,False,object_list_uncertain,False,0,0,,inf,inf,inf,inf,False,False,inf,inf,0.19730427446636906,False,False,1,0,,False,False,0.0,inf,inf,2.4181053832380504,0.0,,False,raw_action_safe_or_candidate_not_better,candidate_not_better,False,False,0.0,inf,inf,2.4555148865735084,False,-7.088283662448717,,,
6000,1007,1,49,49,-0.020854532718658447,0.7376695871353149,-0.020854532718658447,0.7376695871353149,0.0,0.0,True,False,inactive_raw_action,raw_action,0,0,10,10,raw_action_safe_or_candidate_not_better,0,0,0,False,False,False,False,False,False,False,False,True,0.06573815841414332,11.180124700833264,0.0,False,max_steps,,inf,,inf,inf,inf,inf,inf,1.4629614547102183,inf,inf,0.0,{'ROAD_LINE_BROKEN_SINGLE_WHITE'},False,False,,False,False,,0,False,object_list_uncertain,False,0,0,,inf,inf,inf,inf,False,False,inf,inf,0.228489542133118,False,False,1,0,,False,False,0.0,inf,inf,2.4629614547102183,0.0,,False,raw_action_safe_or_candidate_not_better,candidate_not_better,False,False,0.0,inf,inf,2.5003709580456763,False,-6.619242358204858,,,
6000,1007,1,50,50,-0.017626702785491943,0.6901247501373291,-0.017626702785491943,0.6901247501373291,0.0,0.0,True,False,inactive_raw_action,raw_action,0,0,10,10,raw_action_safe_or_candidate_not_better,0,0,0,False,False,False,False,False,False,False,False,True,0.06843745709529071,11.389707207342187,0.0,False,max_steps,,inf,,inf,inf,inf,inf,inf,1.5023005202619761,inf,inf,0.0,{'ROAD_LINE_BROKEN_SINGLE_WHITE'},False,False,,False,False,,0,False,object_list_uncertain,False,0,0,,inf,inf,inf,inf,False,False,inf,inf,0.19706873520632498,False,False,1,0,,False,False,0.0,inf,inf,2.502300520261976,0.0,,False,raw_action_safe_or_candidate_not_better,candidate_not_better,False,False,0.0,inf,inf,2.539710023597434,False,-6.144804108647278,,,
6000,1007,1,51,51,-0.011305928230285645,0.6330512762069702,-0.011305928230285645,0.6330512762069702,0.0,0.0,True,False,inactive_raw_action,raw_action,0,0,10,10,raw_action_safe_or_candidate_not_better,0,0,0,False,False,False,False,False,False,False,False,True,0.0711866504764617,11.582080853715151,0.0,False,max_steps,,inf,,inf,inf,inf,inf,inf,1.5358615115492076,inf,inf,0.0,{'ROAD_LINE_BROKEN_SINGLE_WHITE'},False,False,,False,False,,0,False,object_list_uncertain,False,0,0,,inf,inf,inf,inf,False,False,inf,inf,0.1287712122501779,False,False,1,0,,False,False,0.0,inf,inf,2.5358615115492076,0.0,,False,raw_action_safe_or_candidate_not_better,candidate_not_better,False,False,0.0,inf,inf,2.5732710148846656,False,-5.659467318449799,,,
6000,1007,1,52,52,-0.005110323429107666,0.5572974681854248,-0.005110323429107666,0.5572974681854248,0.0,0.0,True,False,inactive_raw_action,raw_action,0,0,10,10,raw_action_safe_or_candidate_not_better,0,0,0,False,False,False,False,False,False,False,False,True,0.07398113465847285,11.751427768772604,0.0,False,max_steps,,inf,,inf,inf,inf,inf,inf,1.5649454787580699,inf,inf,0.0,{'ROAD_LINE_BROKEN_SINGLE_WHITE'},False,False,,False,False,,0,False,object_list_uncertain,False,0,0,,inf,inf,inf,inf,False,False,inf,inf,0.05918817914455986,False,False,1,0,,False,False,0.0,inf,inf,2.56494547875807,0.0,,False,raw_action_safe_or_candidate_not_better,candidate_not_better,False,False,0.0,inf,inf,2.602354982093528,False,-5.10393979453228,,,
6000,1007,1,53,53,-0.00045353174209594727,0.461919903755188,-0.00045353174209594727,0.461919903755188,0.0,0.0,True,False,inactive_raw_action,raw_action,0,0,10,10,raw_action_safe_or_candidate_not_better,0,0,0,False,False,False,False,False,False,False,False,True,0.07681497460478964,11.891754980447912,0.0,False,max_steps,,inf,,inf,inf,inf,inf,inf,1.5914101794569224,inf,inf,0.0,{'ROAD_LINE_BROKEN_SINGLE_WHITE'},False,False,,False,False,,0,False,object_list_uncertain,False,0,0,,inf,inf,inf,inf,False,False,inf,inf,0.00532964550808613,False,False,1,0,,False,False,0.0,inf,inf,2.5914101794569224,0.0,,False,raw_action_safe_or_candidate_not_better,candidate_not_better,False,False,0.0,inf,inf,2.6288196827923804,False,-4.4904472061681275,,,
6000,1007,1,54,54,0.003942012786865234,0.35559916496276855,0.003942012786865234,0.35559916496276855,0.0,0.0,True,False,inactive_raw_action,raw_action,0,0,10,10,raw_action_safe_or_candidate_not_better,0,0,0,False,False,False,False,False,False,False,False,True,0.07968098217371593,11.999733227737686,0.0,False,max_steps,,inf,,inf,inf,inf,inf,inf,1.6169393256513804,inf,inf,0.0,{'ROAD_LINE_BROKEN_SINGLE_WHITE'},False,False,,False,False,,0,False,object_list_uncertain,False,0,0,,inf,inf,inf,inf,False,False,inf,inf,0.0,False,False,1,0,,False,False,0.0,inf,inf,2.6169393256513804,0.0,,False,raw_action_safe_or_candidate_not_better,candidate_not_better,False,False,0.0,inf,inf,2.6543488289868384,False,-3.9396509382525693,,,
6000,1007,1,55,55,0.004036664962768555,0.24835610389709473,0.004036664962768555,0.24835610389709473,0.0,0.0,True,False,inactive_raw_action,raw_action,0,0,10,10,raw_action_safe_or_candidate_not_better,0,0,0,False,False,False,False,False,False,False,False,True,0.08257133119565281,12.075162909738303,0.0,False,max_steps,,inf,,inf,inf,inf,inf,inf,1.6430208876936168,inf,inf,0.0,{'ROAD_LINE_BROKEN_SINGLE_WHITE'},False,False,,False,False,,0,False,object_list_uncertain,False,0,0,,inf,inf,inf,inf,False,False,inf,inf,0.0,False,False,1,0,,False,False,0.0,inf,inf,2.6430208876936168,0.0,,False,raw_action_safe_or_candidate_not_better,candidate_not_better,False,False,0.0,inf,inf,2.6804303910290748,False,-3.560825503426372,,,
6000,1007,1,56,56,0.0002601146697998047,0.16447782516479492,0.0002601146697998047,0.16447782516479492,0.0,0.0,True,False,inactive_raw_action,raw_action,0,0,10,10,raw_action_safe_or_candidate_not_better,0,0,0,False,False,False,False,False,False,False,False,True,0.08547862697310829,12.125127602366474,0.0,False,max_steps,,inf,,inf,inf,inf,inf,inf,1.6706648066847056,inf,inf,0.0,{'ROAD_LINE_BROKEN_SINGLE_WHITE'},False,False,,False,False,,0,False,object_list_uncertain,False,0,0,,inf,inf,inf,inf,False,False,inf,inf,0.0,False,False,1,0,,False,False,0.0,inf,inf,2.6706648066847056,0.0,,False,raw_action_safe_or_candidate_not_better,candidate_not_better,False,False,0.0,inf,inf,2.7080743100201636,False,-3.2940370438116133,,,
6000,1007,1,57,57,-0.006703436374664307,0.08853304386138916,-0.006703436374664307,0.08853304386138916,0.0,0.0,True,False,inactive_raw_action,raw_action,0,0,10,10,raw_action_safe_or_candidate_not_better,0,0,0,False,False,False,False,False,False,False,False,True,0.08839690233864624,12.151900419119702,0.0,False,max_steps,,inf,,inf,inf,inf,inf,inf,1.6992938712446422,inf,inf,0.0,{'ROAD_LINE_BROKEN_SINGLE_WHITE'},False,False,,False,False,,0,False,object_list_uncertain,False,0,0,,inf,inf,inf,inf,False,False,inf,inf,0.08128002141714963,False,False,1,0,,False,False,0.0,inf,inf,2.699293871244642,0.0,,False,raw_action_safe_or_candidate_not_better,candidate_not_better,False,False,0.0,inf,inf,2.7367033745801,False,-3.108218112128071,,,
6000,1007,1,58,58,-0.01345062255859375,0.026680946350097656,-0.01345062255859375,0.026680946350097656,0.0,0.0,True,False,inactive_raw_action,raw_action,0,0,10,10,raw_action_safe_or_candidate_not_better,0,0,0,False,False,False,False,False,False,False,False,True,0.09132092454543804,12.159698862491231,0.0,False,max_steps,,inf,,inf,inf,inf,inf,inf,1.7270031169264048,inf,inf,0.0,{'ROAD_LINE_BROKEN_SINGLE_WHITE'},False,False,,False,False,,0,False,object_list_uncertain,False,0,0,,inf,inf,inf,inf,False,False,inf,inf,0.1634506259071963,False,False,1,0,,False,False,0.0,inf,inf,2.727003116926405,0.0,,False,raw_action_safe_or_candidate_not_better,candidate_not_better,False,False,0.0,inf,inf,2.764412620261863,False,-2.954506534486441,,,
6000,1007,1,59,59,-0.013199865818023682,-0.005306720733642578,-0.013199865818023682,-0.005306720733642578,0.0,0.0,True,False,inactive_raw_action,raw_action,0,0,10,10,raw_action_safe_or_candidate_not_better,0,0,0,False,False,False,False,False,False,False,False,True,0.09424584641747406,12.143602916264262,0.0,False,max_steps,,inf,,inf,inf,inf,inf,inf,1.7511298850385875,inf,inf,0.0,{'ROAD_LINE_BROKEN_SINGLE_WHITE'},False,False,,False,False,,0,False,object_list_uncertain,False,0,0,,inf,inf,inf,inf,False,False,inf,inf,0.16050639337245945,False,False,1,0,,False,False,0.0,inf,inf,2.7511298850385875,0.0,,False,raw_action_safe_or_candidate_not_better,candidate_not_better,False,False,0.0,inf,inf,2.7885393883740455,False,-2.873721685172981,,,
6000,1007,1,60,60,-0.009962618350982666,-0.028815507888793945,-0.009962618350982666,-0.028815507888793945,0.0,0.0,True,False,inactive_raw_action,raw_action,0,0,10,10,raw_action_safe_or_candidate_not_better,0,0,0,False,False,False,False,False,False,False,False,True,0.09716321293751021,12.056923849116751,0.0,False,max_steps,,inf,,inf,inf,inf,inf,inf,1.7701049044935444,inf,inf,0.0,{'ROAD_LINE_BROKEN_SINGLE_WHITE'},False,False,,False,False,,0,False,object_list_uncertain,False,0,0,,inf,inf,inf,inf,False,False,inf,inf,0.12098208126062096,False,False,1,0,,False,False,0.0,inf,inf,2.7701049044935417,0.0,,False,raw_action_safe_or_candidate_not_better,candidate_not_better,False,False,0.0,inf,inf,2.8075144078290015,False,-2.839829975045454,,,
6000,1007,1,61,61,-0.007411777973175049,-0.050850510597229004,-0.007411777973175049,-0.050850510597229004,0.0,0.0,True,False,inactive_raw_action,raw_action,0,0,10,10,raw_action_safe_or_candidate_not_better,0,0,0,False,False,False,False,False,False,False,False,True,0.10005665570625628,11.903981278603876,0.0,False,max_steps,,inf,,inf,inf,inf,inf,inf,1.7845051482527006,inf,inf,0.0,{'ROAD_LINE_BROKEN_SINGLE_WHITE'},False,False,,False,False,,0,False,object_list_uncertain,False,0,0,,inf,inf,inf,inf,False,False,inf,inf,0.08936324260913246,False,False,1,0,,False,False,0.0,inf,inf,2.784505148252698,0.0,,False,raw_action_safe_or_candidate_not_better,candidate_not_better,False,False,0.0,inf,inf,2.821914651588157,False,-0.38984712591868487,,,
6000,1007,1,62,62,-0.006703197956085205,-0.06880611181259155,-0.006703197956085205,-0.06880611181259155,0.0,0.0,True,False,inactive_raw_action,raw_action,0,0,10,10,raw_action_safe_or_candidate_not_better,0,0,0,False,False,False,False,False,False,False,False,True,0.10291087123430304,11.697018715469657,0.0,False,max_steps,,inf,,inf,inf,inf,inf,inf,1.7953076556532133,inf,inf,0.0,{'ROAD_LINE_BROKEN_SINGLE_WHITE'},False,False,,False,False,,0,False,object_list_uncertain,False,0,0,,inf,inf,inf,inf,False,False,inf,inf,0.07979474297601405,False,False,1,0,,False,False,0.0,inf,inf,2.7953076556532097,0.0,,False,raw_action_safe_or_candidate_not_better,candidate_not_better,False,False,0.0,inf,inf,2.8327171589886695,False,0.49060563144740854,,,
6000,1007,1,63,63,-0.007189273834228516,-0.07717174291610718,-0.007189273834228516,-0.07717174291610718,0.0,0.0,True,False,inactive_raw_action,raw_action,0,0,10,10,raw_action_safe_or_candidate_not_better,0,0,0,False,False,False,False,False,False,False,False,True,0.10571436583914273,11.464863952417913,0.0,False,max_steps,,inf,,inf,inf,inf,inf,inf,1.8031130030958402,inf,inf,0.0,{'ROAD_LINE_BROKEN_SINGLE_WHITE'},False,False,,False,False,,0,False,object_list_uncertain,False,0,0,,inf,inf,inf,inf,False,False,inf,inf,0.08409307058960724,False,False,1,0,,False,False,0.0,inf,inf,2.803113003095835,0.0,,False,raw_action_safe_or_candidate_not_better,candidate_not_better,False,False,0.0,inf,inf,2.8405225064312964,False,0.9038015898468643,,,
6000,1007,1,64,64,-0.008007168769836426,-0.07620632648468018,-0.008007168769836426,-0.07620632648468018,0.0,0.0,True,False,inactive_raw_action,raw_action,0,0,10,10,raw_action_safe_or_candidate_not_better,0,0,0,False,False,False,False,False,False,False,False,True,0.10846243004862964,11.235612464190876,0.0,False,max_steps,,inf,,inf,inf,inf,inf,inf,1.8080506518690336,inf,inf,0.0,{'ROAD_LINE_BROKEN_SINGLE_WHITE'},False,False,,False,False,,0,False,object_list_uncertain,False,0,0,,inf,inf,inf,inf,False,False,inf,inf,0.09180110059022412,False,False,1,0,,False,False,0.0,inf,inf,2.80805065186903,0.0,,False,raw_action_safe_or_candidate_not_better,candidate_not_better,False,False,0.0,inf,inf,2.84546015520449,False,0.8623065701723505,,,
6000,1007,1,65,65,-0.008569478988647461,-0.07076144218444824,-0.008569478988647461,-0.07076144218444824,0.0,0.0,True,False,inactive_raw_action,raw_action,0,0,10,10,raw_action_safe_or_candidate_not_better,0,0,0,False,False,False,False,False,False,False,False,True,0.1111562389357358,11.022724261560175,0.0,False,max_steps,,inf,,inf,inf,inf,inf,inf,1.810054321607803,inf,inf,0.0,{'ROAD_LINE_BROKEN_SINGLE_WHITE'},False,False,,False,False,,0,False,object_list_uncertain,False,0,0,,inf,inf,inf,inf,False,False,inf,inf,0.09628334493646923,False,False,1,0,,False,False,0.0,inf,inf,2.8100543216078004,0.0,,False,raw_action_safe_or_candidate_not_better,candidate_not_better,False,False,0.0,inf,inf,2.8474638249432593,False,0.6006536859000775,,,
6000,1007,1,66,66,-0.008509695529937744,-0.06536990404129028,-0.008509695529937744,-0.06536990404129028,0.0,0.0,True,False,inactive_raw_action,raw_action,0,0,10,10,raw_action_safe_or_candidate_not_better,0,0,0,False,False,False,False,False,False,False,False,True,0.11379959312710512,10.82606829220347,0.0,False,max_steps,,inf,,inf,inf,inf,inf,inf,1.8090779975263804,inf,inf,0.0,{'ROAD_LINE_BROKEN_SINGLE_WHITE'},False,False,,False,False,,0,False,object_list_uncertain,False,0,0,,inf,inf,inf,inf,False,False,inf,inf,0.09380002737633494,False,False,1,0,,False,False,0.0,inf,inf,2.809077997526377,0.0,,False,raw_action_safe_or_candidate_not_better,candidate_not_better,False,False,0.0,inf,inf,2.8464875008618384,False,0.3395048985997491,,,
6000,1007,1,67,67,-0.0077974796295166016,-0.06234383583068848,-0.0077974796295166016,-0.06234383583068848,0.0,0.0,True,False,inactive_raw_action,raw_action,0,0,10,10,raw_action_safe_or_candidate_not_better,0,0,0,False,False,False,False,False,False,False,False,True,0.11639595357985058,10.638535502818346,0.0,False,max_steps,,inf,,inf,inf,inf,inf,inf,1.8052199080793572,inf,inf,0.0,{'ROAD_LINE_BROKEN_SINGLE_WHITE'},False,False,,False,False,,0,False,object_list_uncertain,False,0,0,,inf,inf,inf,inf,False,False,inf,inf,0.08441604697621213,False,False,1,0,,False,False,0.0,inf,inf,2.805219908079357,0.0,,False,raw_action_safe_or_candidate_not_better,candidate_not_better,False,False,0.0,inf,inf,2.825023479684551,False,0.17159480636320978,,,
6000,1007,1,68,68,-0.0069272518157958984,-0.06249344348907471,-0.0069272518157958984,-0.06249344348907471,0.0,0.0,True,False,inactive_raw_action,raw_action_safe,0,0,0,0,low_risk_verified_passthrough,0,0,0,False,False,False,False,False,False,False,False,True,0.11894703700214224,10.45055852035943,0.0,False,max_steps,,inf,,inf,inf,inf,inf,inf,inf,inf,inf,0.0,{'ROAD_LINE_BROKEN_SINGLE_WHITE'},False,False,,False,False,,0,True,,False,0,0,,inf,inf,inf,inf,False,False,16.386620972760127,inf,0.07369581437930751,False,False,1,-1,,False,False,0.0,20.321003976633207,inf,2.7987513736097536,0.0,,False,low_risk_verified,,False,False,0.0,inf,inf,inf,False,0.0,,,
6000,1007,1,69,69,-0.005882203578948975,-0.0637671947479248,-0.005882203578948975,-0.0637671947479248,0.0,0.0,True,False,inactive_raw_action,raw_action_safe,0,0,0,0,low_risk_verified_passthrough,0,0,0,False,False,False,False,False,False,False,False,True,0.12145262306779786,10.258758300576993,0.0,False,max_steps,,inf,,inf,inf,inf,inf,inf,inf,inf,inf,0.0,set(),False,False,,False,False,,0,True,,False,0,0,,inf,inf,inf,inf,False,False,17.158154713485917,inf,0.06147231273047393,False,False,1,-1,,False,False,0.0,20.88622182596663,inf,2.7900619700758154,0.0,,False,low_risk_verified,,False,False,0.0,inf,inf,inf,False,0.0,,,
6000,1007,1,70,70,-0.39082038402557373,0.4326971769332886,-0.39082038402557373,0.4326971769332886,0.0,0.0,True,False,inactive_raw_action,raw_action_safe,0,0,0,0,low_risk_verified_passthrough,0,0,0,False,False,False,False,False,False,False,False,True,0.12469151547491779,10.210045639775046,0.0,False,max_steps,,inf,,inf,inf,inf,inf,inf,inf,inf,inf,0.0,set(),False,False,,False,False,,0,True,,False,0,0,,inf,inf,inf,inf,False,False,18.32506074708938,inf,4.009331858657043,False,False,1,-1,,False,False,0.0,18.50407976879092,inf,2.805117450313307,0.0,,False,low_risk_verified,,False,False,0.0,inf,inf,inf,False,0.0,,,
6000,1007,1,71,71,-0.5116639137268066,0.5690560340881348,-0.5116639137268066,0.5690560340881348,0.0,0.0,True,False,inactive_raw_action,raw_action_safe,0,0,0,0,low_risk_verified_passthrough,0,0,0,False,False,False,False,False,False,False,False,True,0.12789450682423428,10.159753408703791,0.0,False,max_steps,,inf,,inf,inf,inf,inf,inf,inf,inf,inf,0.0,{'ROAD_LINE_BROKEN_SINGLE_WHITE'},False,False,,False,False,,0,True,,False,0,0,,inf,inf,inf,inf,False,False,19.120725268100696,inf,5.2241119113766175,False,False,1,-1,,False,False,0.0,19.165288821744358,inf,2.8843500075836865,0.0,,False,low_risk_verified,,False,False,0.0,inf,inf,inf,False,0.0,,,
6000,1007,1,72,72,-0.4789102077484131,0.7642269134521484,-0.4789102077484131,0.7642269134521484,0.0,0.0,True,False,inactive_raw_action,raw_action_safe,0,0,0,0,low_risk_verified_passthrough,0,0,0,False,False,False,False,False,False,False,False,True,0.13106465669600437,10.175209432411691,0.0,False,max_steps,,inf,,inf,inf,inf,inf,inf,inf,inf,inf,0.0,{'ROAD_LINE_BROKEN_SINGLE_WHITE'},False,False,,False,False,,0,True,,False,0,0,,inf,inf,inf,inf,False,False,20.503137063201923,inf,4.86560961563498,False,False,1,-1,,False,False,0.0,19.858842574380205,inf,2.914694685592248,0.0,,False,low_risk_verified,,False,False,0.0,inf,inf,inf,False,0.0,,,
6000,1007,1,73,73,-0.44777023792266846,0.8612246513366699,-0.44777023792266846,0.8612246513366699,0.0,0.0,True,False,inactive_raw_action,raw_action_safe,0,0,0,0,low_risk_verified_passthrough,0,0,0,False,False,False,False,False,False,False,False,True,0.1342197757280696,10.236002314921304,0.0,False,max_steps,,inf,,inf,inf,inf,inf,inf,inf,inf,inf,0.0,{'ROAD_LINE_BROKEN_SINGLE_WHITE'},False,False,,False,False,,0,True,,False,0,0,,inf,inf,inf,inf,False,False,21.349440964972143,inf,4.556155948463963,False,False,1,-1,,False,False,0.0,20.402271596035103,inf,3.026825475873816,0.0,,False,low_risk_verified,,False,False,0.0,inf,inf,inf,False,0.0,,,
6000,1007,1,74,74,-0.4217180013656616,0.898472785949707,-0.4217180013656616,0.898472785949707,0.0,0.0,True,False,inactive_raw_action,raw_action_safe,0,0,0,0,low_risk_verified_passthrough,0,0,0,False,False,False,False,False,False,False,False,True,0.137372822272839,10.323591665813817,0.0,False,max_steps,,inf,,inf,inf,inf,inf,inf,inf,inf,inf,0.0,{'ROAD_LINE_BROKEN_SINGLE_WHITE'},False,False,,False,False,,0,True,,False,0,0,,inf,inf,inf,inf,False,False,21.50033004886545,inf,4.316706438222898,False,False,1,-1,,False,False,0.0,21.120839270598275,inf,3.138192919518612,0.0,,False,low_risk_verified,,False,False,0.0,inf,inf,inf,False,0.0,,,
6000,1007,1,75,75,-0.3978773355484009,0.9144103527069092,-0.3978773355484009,0.9144103527069092,0.0,0.0,True,False,inactive_raw_action,raw_action_safe,0,0,0,0,low_risk_verified_passthrough,0,0,0,False,False,False,False,False,False,False,False,True,0.1405318348557986,10.424373010498355,0.0,False,max_steps,,inf,,inf,inf,inf,inf,inf,inf,inf,inf,0.0,{'ROAD_LINE_BROKEN_SINGLE_WHITE'},False,False,,False,False,,0,True,,False,0,0,,inf,inf,inf,inf,False,False,21.258827948610392,inf,4.107523145283679,False,False,1,-1,,False,False,0.0,21.89263689100775,inf,3.180454310710503,0.0,,False,low_risk_verified,,False,False,0.0,inf,inf,inf,False,0.0,,,
6000,1007,1,76,76,-0.3722879886627197,0.924323558807373,-0.3722879886627197,0.924323558807373,0.0,0.0,True,False,inactive_raw_action,raw_action_safe,0,0,0,0,low_risk_verified_passthrough,0,0,0,False,False,False,False,False,False,False,False,True,0.1437009368187077,10.534496099630594,0.0,False,max_steps,,inf,,inf,inf,inf,inf,inf,inf,inf,inf,0.0,{'ROAD_LINE_BROKEN_SINGLE_WHITE'},False,False,,False,False,,0,True,,False,0,0,,inf,inf,inf,inf,False,False,20.847864057943642,inf,3.880868861148373,False,False,1,-1,,False,False,0.0,22.468945832577145,inf,3.3285172140253976,0.0,,False,low_risk_verified,,False,False,0.0,inf,inf,inf,False,0.0,,,
6000,1007,1,77,77,-0.34065622091293335,0.9300073385238647,-0.34065622091293335,0.9300073385238647,0.0,0.0,True,False,inactive_raw_action,raw_action_safe,0,0,0,0,low_risk_verified_passthrough,0,0,0,False,False,False,False,False,False,False,False,True,0.14688388485124698,10.659444462640847,0.0,False,max_steps,,inf,,inf,inf,inf,inf,inf,inf,inf,inf,0.0,{'ROAD_LINE_BROKEN_SINGLE_WHITE'},False,False,,False,False,,0,True,,False,0,0,,inf,inf,inf,inf,False,False,20.181414320182046,inf,3.5886416305221944,False,False,1,-1,,False,False,0.0,23.098999074268107,inf,3.430718581708278,0.0,,False,low_risk_verified,,False,False,0.0,inf,inf,inf,False,0.0,,,
6000,1007,1,78,78,-0.2859764099121094,0.9343975782394409,-0.2859764099121094,0.9343975782394409,0.0,0.0,True,False,inactive_raw_action,raw_action_safe,0,0,0,0,low_risk_verified_passthrough,0,0,0,False,False,False,False,False,False,False,False,True,0.15008801767945715,10.83037043875381,0.0,False,max_steps,,inf,,inf,inf,inf,inf,inf,inf,inf,inf,0.0,{'ROAD_LINE_BROKEN_SINGLE_WHITE'},False,False,,False,False,,0,True,,False,0,0,,inf,inf,inf,inf,False,False,19.18340051093901,inf,3.0483496590835433,False,False,1,-1,,False,False,0.0,23.72083753451705,inf,3.4661190333135194,0.0,,False,low_risk_verified,,False,False,0.0,inf,inf,inf,False,0.0,,,
6000,1007,1,79,79,-0.287264883518219,0.9085595607757568,-0.287264883518219,0.9085595607757568,0.0,0.0,True,False,inactive_raw_action,raw_action_safe,0,0,0,0,low_risk_verified_passthrough,0,0,0,False,False,False,False,False,False,False,False,True,0.1533221881378219,10.981166870540056,0.0,False,max_steps,,inf,,inf,inf,inf,inf,inf,inf,inf,inf,0.0,{'ROAD_LINE_BROKEN_SINGLE_WHITE'},False,False,,False,False,,0,True,,False,0,0,,inf,inf,inf,inf,False,False,3.975713177463211,inf,3.111185102547776,False,False,1,-1,,False,False,0.0,24.1158931109912,inf,3.62431974129531,0.0,,False,low_risk_verified,,False,False,0.0,inf,inf,inf,False,0.0,,,
6000,1007,1,80,80,-0.29622137546539307,0.904026985168457,-0.35347819328308105,0.30000001192092896,-0.05725681781768799,-0.6040269732475281,True,True,predictive_recovery,right_pass,-0.9778522186995253,15.049288303798113,10,10,,0,0,0,False,False,False,False,False,False,False,False,True,0.15657057995337656,10.961955023240744,0.0,False,max_steps,,inf,,inf,inf,inf,23.82005512640072,inf,2.7001563825700674,inf,inf,0.0,{'ROAD_LINE_BROKEN_SINGLE_WHITE'},True,True,vehicle_ttc,True,False,right,12,False,vehicle_ttc_low,False,0,0,,inf,inf,inf,inf,False,False,1.3507326190483169,inf,0.0,True,False,1,0,,False,False,0.0,24.558783295792743,inf,3.695837689513381,0.0,,True,vehicle_ttc,,False,False,0.0,25.303011081580287,inf,2.7022699612152272,False,-8.216484306773538,,,
6000,1007,1,81,81,-0.3292207717895508,0.8175880908966064,-0.3292207717895508,0.8175880908966064,0.0,0.0,True,False,inactive_raw_action,raw_action_safe,0,0,0,0,low_risk_verified_passthrough,0,0,0,False,False,False,False,False,False,False,False,True,0.15980435435214638,11.041020956494673,0.0,False,max_steps,,inf,,inf,inf,inf,inf,inf,inf,inf,inf,0.0,set(),False,False,,False,False,,0,True,,False,0,0,,inf,inf,inf,inf,False,False,15.95200793868136,inf,0.0,False,False,1,-1,,False,False,0.0,25.352847640662127,inf,3.6418691123370732,0.0,,False,low_risk_verified,,False,False,0.0,inf,inf,inf,False,0.0,,,
6000,1007,1,82,82,-0.21634793281555176,0.9043014049530029,-0.21634793281555176,0.9043014049530029,0.0,0.0,True,False,inactive_raw_action,raw_action_safe,0,0,0,0,low_risk_verified_passthrough,0,0,0,False,False,False,False,False,False,False,False,True,0.1630532615612218,11.26074548944527,0.0,False,max_steps,,inf,,inf,inf,inf,inf,inf,inf,inf,inf,0.0,set(),False,False,,False,False,,0,True,,False,0,0,,inf,inf,inf,inf,False,False,11.103467146493966,inf,0.0,False,False,1,-1,,False,False,0.0,23.604117022004864,inf,3.510823320341888,0.0,,False,low_risk_verified,,False,False,0.0,inf,inf,inf,False,0.0,,,
6000,1007,1,83,83,-0.16161125898361206,0.9063336849212646,-0.16161125898361206,0.9063336849212646,0.0,0.0,True,False,inactive_raw_action,raw_action_safe,0,0,0,0,low_risk_verified_passthrough,0,0,0,False,False,False,False,False,False,False,False,True,0.16634647632339772,11.510464579547488,0.0,False,max_steps,,inf,,inf,inf,inf,inf,inf,inf,inf,inf,0.0,set(),False,False,,False,False,,0,True,,False,0,0,,inf,inf,inf,inf,False,False,8.660156306461158,inf,0.0,False,False,1,-1,,False,False,0.0,22.54677937583641,inf,3.4625059839854884,0.0,,False,low_risk_verified,,False,False,0.0,inf,inf,inf,False,0.0,,,
6000,1007,1,84,84,-0.23763024806976318,0.8055479526519775,-0.23763024806976318,0.8055479526519775,0.0,0.0,True,False,inactive_raw_action,raw_action_safe,0,0,0,0,low_risk_verified_passthrough,0,0,0,False,False,False,False,False,False,False,False,True,0.16967677263464961,11.642818535689589,0.0,False,max_steps,,inf,,inf,inf,inf,inf,inf,inf,inf,inf,0.0,set(),False,False,,False,False,,0,True,,False,0,0,,inf,inf,inf,inf,False,False,8.017342642684673,inf,0.0,False,False,1,-1,,False,False,0.0,23.20279565555304,inf,3.4127449415690543,0.0,,False,low_risk_verified,,False,False,0.0,inf,inf,inf,False,0.0,,,
6000,1007,1,85,85,-0.264495849609375,0.711915135383606,-0.264495849609375,0.711915135383606,0.0,0.0,True,False,inactive_raw_action,raw_action_safe,0,0,0,0,low_risk_verified_passthrough,0,0,0,False,False,False,False,False,False,False,False,True,0.17301633283740958,11.738414606134537,0.0,False,max_steps,,inf,,inf,inf,inf,inf,inf,inf,inf,inf,0.0,set(),False,False,,False,False,,0,True,,False,0,0,,inf,inf,inf,inf,False,False,7.555758795561488,inf,0.0,False,False,1,-1,,False,False,0.0,23.997826214782076,inf,3.382458527272623,0.0,,False,low_risk_verified,,False,False,0.0,inf,inf,inf,False,0.0,,,
6000,1007,1,86,86,0.5499281883239746,0.9276759624481201,0.09850019216537476,0.30000001192092896,-0.45142799615859985,-0.6276759505271912,True,True,predictive_recovery,right_pass,-0.70808585282152,15.912956437151077,10,8,,0,0,0,False,False,False,False,False,False,False,False,True,0.17563080540373988,11.762969979171709,0.0,False,max_steps,,inf,,inf,inf,inf,18.618906717728088,inf,2.415996362322307,8.567656887759114,0.3095540536013044,0.0,set(),True,True,raw_collision_risk:vehicle_lateral_margin_violation,True,False,right,12,False,raw_predicted_collision,False,0,0,,inf,inf,inf,inf,False,False,6.440216128151642,inf,6.455285078147248,True,False,1,0,,True,False,0.0,19.60967933188315,inf,3.4159963623223066,0.0,vehicle_lateral_margin_violation,True,raw_collision_risk:vehicle_lateral_margin_violation,,False,False,0.0,18.618906717728088,inf,3.0098101845159015,True,-8.302632451369277,,,
6000,1007,1,87,87,0.7300875186920166,0.853003740310669,0.7300875186920166,0.853003740310669,0.0,0.0,True,False,inactive_raw_action,raw_action_safe,0,0,0,0,low_risk_verified_passthrough,0,0,0,False,False,False,False,False,False,False,False,True,0.17823218630690196,11.652035806454323,0.0,False,max_steps,,inf,,inf,inf,inf,inf,inf,inf,inf,inf,0.0,set(),False,False,,False,False,,0,True,,False,0,0,,inf,inf,inf,inf,False,False,5.07364841661506,inf,8.587997564542155,False,False,1,-1,,False,False,0.0,18.663587081867963,inf,3.551488356308458,0.0,,False,low_risk_verified,,False,False,0.0,inf,inf,inf,False,0.0,,,
6000,1007,1,88,88,0.7902326583862305,0.8150970935821533,0.7902326583862305,0.8150970935821533,0.0,0.0,True,False,inactive_raw_action,raw_action_safe,0,0,0,0,low_risk_verified_passthrough,0,0,0,False,False,False,False,False,False,False,False,True,0.18080300007834899,11.521553237379086,0.0,False,max_steps,,inf,,inf,inf,inf,inf,inf,inf,inf,inf,0.0,set(),False,False,,False,False,,0,True,,False,0,0,,inf,inf,inf,inf,False,False,4.559177380393404,inf,0.0,False,False,1,-1,,False,False,0.0,19.326578263763786,inf,3.710332331090067,0.0,,False,low_risk_verified,,False,False,0.0,inf,inf,inf,False,0.0,,,
6000,1007,1,89,89,0.7750339508056641,0.8468623161315918,0.7750339508056641,0.8468623161315918,0.0,0.0,True,False,inactive_raw_action,raw_action_safe,0,0,0,0,low_risk_verified_passthrough,0,0,0,False,False,False,False,False,False,False,False,True,0.18334631353431108,11.426489989491971,0.0,False,max_steps,,inf,,inf,inf,inf,inf,inf,inf,inf,inf,0.0,set(),False,False,,False,False,,0,True,,False,0,0,,inf,inf,inf,inf,False,False,4.547194101889987,inf,0.0,False,False,1,-1,,False,False,0.0,19.47584540202954,inf,3.5835954910878463,0.0,,False,low_risk_verified,,False,False,0.0,inf,inf,inf,False,0.0,,,
6000,1007,1,90,90,0.7572677135467529,0.908362865447998,0.7572677135467529,0.908362865447998,0.0,0.0,True,False,inactive_raw_action,raw_action_safe,0,0,0,0,low_risk_verified_passthrough,0,0,0,False,False,False,False,False,False,False,False,True,0.18587109367631321,11.358533703299335,0.0,False,max_steps,,inf,,inf,inf,inf,inf,inf,inf,inf,inf,0.0,set(),False,False,,False,False,,0,True,,False,0,0,,inf,inf,inf,inf,False,False,4.788947342174749,inf,0.0,False,False,1,-1,,False,False,0.0,19.300476457702874,inf,3.450066241751554,0.0,,False,low_risk_verified,,False,False,0.0,inf,inf,inf,False,0.0,,,
6000,1007,1,91,91,0.7250523567199707,0.9237804412841797,0.7250523567199707,0.9237804412841797,0.0,0.0,True,False,inactive_raw_action,raw_action_safe,0,0,0,0,low_risk_verified_passthrough,0,0,0,False,False,False,False,False,False,False,False,True,0.18838309291664498,11.307977121619677,0.0,False,max_steps,,inf,,inf,inf,inf,inf,inf,inf,inf,inf,0.0,set(),False,False,,False,False,,0,True,,False,0,0,,inf,inf,inf,inf,False,False,5.170948400669162,inf,0.0,False,False,1,-1,,False,False,0.0,19.260434966381563,inf,3.3665568184199013,0.0,,False,low_risk_verified,,False,False,0.0,inf,inf,inf,False,0.0,,,
6000,1007,1,92,92,0.7015769481658936,0.9194246530532837,0.7015769481658936,0.9194246530532837,0.0,0.0,True,False,inactive_raw_action,raw_action_safe,0,0,0,0,low_risk_verified_passthrough,0,0,0,False,False,False,False,False,False,False,False,True,0.19088495861828456,11.26541364631984,0.0,False,max_steps,,inf,,inf,inf,inf,inf,inf,inf,inf,inf,0.0,set(),False,False,,False,False,,0,True,,False,0,0,,inf,inf,inf,inf,False,False,5.633684247946029,inf,0.0,False,False,1,-1,,False,False,0.0,19.24573333270932,inf,3.3346939692599853,0.0,,False,low_risk_verified,,False,False,0.0,inf,inf,inf,False,0.0,,,
6000,1007,1,93,93,0.6645722389221191,0.9112987518310547,0.6645722389221191,0.9112987518310547,0.0,0.0,True,False,inactive_raw_action,raw_action_safe,0,0,0,0,low_risk_verified_passthrough,0,0,0,False,False,False,False,False,False,False,False,True,0.193376950098352,11.229839663895708,0.0,False,max_steps,,inf,,inf,inf,inf,inf,inf,inf,inf,inf,0.0,set(),False,False,,False,False,,0,True,,False,0,0,,inf,inf,inf,inf,False,False,6.153561399965463,inf,0.0,False,False,1,-1,,False,False,0.0,19.154200848671202,inf,3.3158216602784596,0.0,,False,low_risk_verified,,False,False,0.0,inf,inf,inf,False,0.0,,,
6000,1007,1,94,94,0.5664949417114258,0.9152871370315552,0.5664949417114258,0.9152871370315552,0.0,0.0,True,False,inactive_raw_action,raw_action_safe,0,0,0,0,low_risk_verified_passthrough,0,0,0,False,False,False,False,False,False,False,False,True,0.19585984461167746,11.227688821009986,0.0,False,max_steps,,inf,,inf,inf,inf,inf,inf,inf,inf,inf,0.0,set(),False,False,,False,False,,0,True,,False,0,0,,inf,inf,inf,inf,False,False,6.718057652329551,inf,0.0,False,False,1,-1,,False,False,0.0,18.8909549945969,inf,3.3686765855568237,0.0,,False,low_risk_verified,,False,False,0.0,inf,inf,inf,False,0.0,,,
6000,1007,1,95,95,0.47943246364593506,0.9110206365585327,0.47943246364593506,0.9110206365585327,0.0,0.0,True,False,inactive_raw_action,raw_action_safe,0,0,0,0,low_risk_verified_passthrough,0,0,0,False,False,False,False,False,False,False,False,True,0.19833804456998952,11.257421781820085,0.0,False,max_steps,,inf,,inf,inf,inf,inf,inf,inf,inf,inf,0.0,set(),False,False,,False,False,,0,True,,False,0,0,,inf,inf,inf,inf,False,False,7.274615491924334,inf,0.0,False,False,1,-1,,False,False,0.0,16.12169759801835,inf,3.4589069421240386,0.0,,False,low_risk_verified,,False,False,0.0,inf,inf,inf,False,0.0,,,
6000,1007,1,96,96,0.38390886783599854,0.9083170890808105,0.38390886783599854,0.9083170890808105,0.0,0.0,True,False,inactive_raw_action,raw_action_safe,0,0,0,0,low_risk_verified_passthrough,0,0,0,False,False,False,False,False,False,False,False,True,0.20081584398261354,11.32828948510251,0.0,False,max_steps,,inf,,inf,inf,inf,inf,inf,inf,inf,inf,0.0,set(),False,False,,False,False,,0,True,,False,0,0,,inf,inf,inf,inf,False,False,7.403914942809567,inf,0.0,False,False,1,-1,,False,False,0.0,15.255867653788616,inf,3.591352685411185,0.0,,False,low_risk_verified,,False,False,0.0,inf,inf,inf,False,0.0,,,
6000,1007,1,97,97,0.25954341888427734,0.8992185592651367,0.25954341888427734,0.8992185592651367,0.0,0.0,True,False,inactive_raw_action,raw_action_safe,0,0,0,0,low_risk_verified_passthrough,0,0,0,False,False,False,False,False,False,False,False,True,0.20330091094257863,11.485266740233348,0.0,False,max_steps,,inf,,inf,inf,inf,inf,inf,inf,inf,inf,0.0,set(),False,False,,False,False,,0,True,,False,0,0,,inf,inf,inf,inf,False,False,7.175999571376745,inf,2.9401829830743154,False,False,1,-1,,False,False,0.0,14.097326244287334,inf,3.6238457685826897,0.0,,False,low_risk_verified,,False,False,0.0,inf,inf,inf,False,0.0,,,
6000,1007,1,98,98,0.09320271015167236,0.8708229064941406,0.09320271015167236,0.8708229064941406,0.0,0.0,True,False,inactive_raw_action,raw_action_safe,0,0,0,0,low_risk_verified_passthrough,0,0,0,False,False,False,False,False,False,False,False,True,0.20581844023602425,11.74079047424785,0.0,False,max_steps,,inf,,inf,inf,inf,inf,inf,inf,inf,inf,0.0,{'ROAD_LINE_BROKEN_SINGLE_WHITE'},False,False,,False,False,,0,True,,False,0,0,,inf,inf,inf,inf,False,False,6.886597963222577,inf,1.0704579870046116,False,False,1,-1,,False,False,0.0,13.021839686689914,inf,3.388688268976121,0.0,,False,low_risk_verified,,False,False,0.0,inf,inf,inf,False,0.0,,,
6000,1007,1,99,99,-0.005187273025512695,0.8206394910812378,-0.005187273025512695,0.8206394910812378,0.0,0.0,True,False,inactive_raw_action,raw_action_safe,0,0,0,0,low_risk_verified_passthrough,0,0,0,False,False,False,False,False,False,False,False,True,0.2084064249135177,11.983865630684543,0.0,False,max_steps,,inf,,inf,inf,inf,inf,inf,inf,inf,inf,0.0,{'ROAD_LINE_BROKEN_SINGLE_WHITE'},False,False,,False,False,,0,True,,False,0,0,,inf,inf,inf,inf,False,False,6.45114791795723,inf,0.0,False,False,1,-1,,False,False,0.0,11.91002584197823,inf,3.098753164208228,0.0,,False,low_risk_verified,,False,False,0.0,inf,inf,inf,False,0.0,,,
6000,1007,1,100,100,-0.10539215803146362,0.5655840635299683,-0.10539215803146362,0.5655840635299683,0.0,0.0,True,False,inactive_raw_action,raw_action,0,0,10,10,raw_action_safe_or_candidate_not_better,0,0,0,False,False,False,False,False,False,False,False,True,0.21107536710659577,12.110691489725243,0.0,False,max_steps,,inf,,inf,inf,inf,12.4931637518162,inf,1.78843108361834,inf,inf,0.0,{'ROAD_LINE_BROKEN_SINGLE_WHITE'},False,False,,False,False,,0,False,route_deviation_rising,False,0,0,,inf,inf,inf,inf,False,False,5.988233894547672,inf,0.0,False,False,1,0,,False,False,0.0,12.676397279246496,inf,2.7884310836183395,0.0,,False,raw_action_safe_or_candidate_not_better,candidate_not_better,False,False,0.0,12.913906555760791,inf,2.808107009544266,False,-5.342197459982941,,,
6000,1007,1,101,101,-0.21637731790542603,0.06551933288574219,-0.21637731790542603,0.06551933288574219,0.0,0.0,True,False,inactive_raw_action,raw_action,0,0,10,10,raw_action_safe_or_candidate_not_better,0,0,0,False,False,False,False,False,False,False,False,True,0.21380960244304206,12.06870403313453,0.0,False,max_steps,,inf,,inf,inf,inf,17.04320671083735,inf,1.5370075398074725,inf,inf,0.0,{'ROAD_LINE_BROKEN_SINGLE_WHITE'},False,False,,False,False,,0,False,route_deviation_rising,False,0,0,,inf,inf,inf,inf,False,False,5.618988213843433,inf,0.0,False,False,1,0,,False,False,0.0,17.217996336045523,inf,2.537007539807472,0.0,,False,raw_action_safe_or_candidate_not_better,candidate_not_better,False,False,0.0,17.436193658087166,inf,2.5566834657333986,False,-3.5659287411436367,,,
6000,1007,1,102,102,-0.16250604391098022,0.10565519332885742,-0.16250604391098022,0.10565519332885742,0.0,0.0,True,False,inactive_raw_action,raw_action,0,0,10,10,raw_action_safe_or_candidate_not_better,0,0,0,False,False,False,False,False,False,False,False,True,0.2165746819492592,12.078041891568224,0.0,False,max_steps,,inf,,inf,inf,inf,16.01226997678003,inf,1.3216801081134864,inf,inf,0.0,{'ROAD_LINE_BROKEN_SINGLE_WHITE'},False,False,,False,False,,0,False,route_deviation_rising,False,0,0,,inf,inf,inf,inf,False,False,5.370620747936502,inf,0.0,False,False,1,0,,False,False,0.0,16.238961946372868,inf,2.3216801081134864,0.0,,False,raw_action_safe_or_candidate_not_better,candidate_not_better,False,False,0.0,16.509967264162558,inf,2.341356034039412,False,-3.9478579779542358,,,
6000,1007,1,103,103,0.021290302276611328,0.35329461097717285,0.021290302276611328,0.35329461097717285,0.0,0.0,True,False,inactive_raw_action,raw_action,0,0,10,10,raw_action_safe_or_candidate_not_better,0,0,0,False,False,False,False,False,False,False,False,True,0.21936093532955933,12.165539688829671,0.0,False,max_steps,,inf,,inf,inf,inf,12.53558943238283,inf,1.2149367714797292,inf,inf,0.0,{'ROAD_LINE_BROKEN_SINGLE_WHITE'},False,False,,False,False,,0,False,route_deviation_rising,False,0,0,,inf,inf,inf,inf,False,False,5.025794176837496,inf,0.257145162781062,False,False,1,0,,False,False,0.0,12.876158898262618,inf,2.2149367714797292,0.0,,False,raw_action_safe_or_candidate_not_better,candidate_not_better,False,False,0.0,13.2654070820797,inf,2.234612697405655,False,-4.882081203658728,,,
6000,1007,1,104,104,0.06950962543487549,0.3506268262863159,0.06950962543487549,0.3506268262863159,0.0,0.0,True,False,inactive_raw_action,raw_action_safe,0,0,0,0,low_risk_verified_passthrough,0,0,0,False,False,False,False,False,False,False,False,True,0.22217044815181552,12.25694233185693,0.0,False,max_steps,,inf,,inf,inf,inf,inf,inf,inf,inf,inf,0.0,{'ROAD_LINE_BROKEN_SINGLE_WHITE'},False,False,,False,False,,0,True,,False,0,0,,inf,inf,inf,inf,False,False,4.640672995127817,inf,0.8456221069836621,False,False,1,-1,,False,False,0.0,12.497442776561824,inf,2.167505269241512,0.0,,False,low_risk_verified,,False,False,0.0,inf,inf,inf,False,0.0,,,
6000,1007,1,105,105,0.08370077610015869,-0.12670373916625977,0.08370077610015869,-0.12670373916625977,0.0,0.0,True,False,inactive_raw_action,raw_action_safe,0,0,0,0,low_risk_verified_passthrough,0,0,0,False,False,False,False,False,False,False,False,True,0.22497652368567966,11.867600124645366,0.0,False,max_steps,,inf,,inf,inf,inf,inf,inf,inf,inf,inf,0.0,{'ROAD_LINE_BROKEN_SINGLE_WHITE'},False,False,,False,False,,0,True,,False,0,0,,inf,inf,inf,inf,False,False,4.309509275481484,inf,1.0259155857913138,False,False,1,-1,,False,False,0.0,18.53618648966704,inf,2.1201811715829693,0.0,,False,low_risk_verified,,False,False,0.0,inf,inf,inf,False,0.0,,,
6000,1007,1,106,106,0.19219088554382324,0.007012844085693359,0.19219088554382324,0.007012844085693359,0.0,0.0,True,False,inactive_raw_action,raw_action_safe,0,0,0,0,low_risk_verified_passthrough,0,0,0,False,False,False,False,False,False,False,False,True,0.2277168254134517,11.817170011696351,0.0,False,max_steps,,inf,,inf,inf,inf,inf,inf,inf,inf,inf,0.0,{'ROAD_LINE_BROKEN_SINGLE_WHITE'},False,False,,False,False,,0,True,,False,0,0,,inf,inf,inf,inf,False,False,3.9455556716239366,inf,2.28084457723558,False,False,1,-1,,False,False,0.0,13.881881491394353,inf,2.1188235052296718,0.0,,False,low_risk_verified,,False,False,0.0,inf,inf,inf,False,0.0,,,
6000,1007,1,107,107,0.19482886791229248,0.15370237827301025,0.19482886791229248,0.15370237827301025,0.0,0.0,True,False,inactive_raw_action,raw_action_safe,0,0,0,0,low_risk_verified_passthrough,0,0,0,False,False,False,False,False,False,False,False,True,0.23044491726132704,11.826284731237704,0.0,False,max_steps,,inf,,inf,inf,inf,inf,inf,inf,inf,inf,0.0,{'ROAD_LINE_BROKEN_SINGLE_WHITE'},False,False,,False,False,,0,True,,False,0,0,,inf,inf,inf,inf,False,False,3.9649468327817554,inf,2.302325855305892,False,False,1,-1,,False,False,0.0,12.506567312753093,inf,2.1345090518293457,0.0,,False,low_risk_verified,,False,False,0.0,inf,inf,inf,False,0.0,,,
6000,1007,1,108,108,0.6071369647979736,0.6545157432556152,0.12070533633232117,0.18000000715255737,-0.48643162846565247,-0.47451573610305786,True,True,predictive_recovery,right_slow_follow,0.6188818290664768,3.0,10,4,,0,0,0,False,False,False,False,False,False,False,False,True,0.23307056726490302,11.885800357094897,0.0,False,max_steps,,inf,,inf,inf,inf,25.160310220114706,inf,1.098742373950905,15.458923232275755,inf,0.0,{'ROAD_LINE_BROKEN_SINGLE_WHITE'},True,True,raw_collision_risk:cut_in_danger,True,False,right,12,False,raw_predicted_collision,False,0,0,,inf,inf,inf,inf,False,False,4.101610829495879,inf,7.180174616560279,True,False,1,0,,True,False,0.0,12.549444987995331,inf,2.098742373950905,0.0,cut_in_danger,True,raw_collision_risk:cut_in_danger,,False,False,0.0,25.332117723192813,inf,2.1184182998768306,False,-56.180254254264526,,,
6000,1007,1,109,109,0.5664135217666626,0.6840853691101074,0.10784389078617096,0.18000000715255737,-0.45856964588165283,-0.50408536195755,True,True,predictive_recovery,right_slow_follow,0.5970849511432288,3.0,10,4,,0,0,0,False,False,False,False,False,False,False,False,True,0.23570938177399645,11.938391406734345,0.0,False,max_steps,,inf,,inf,inf,inf,24.598897129318257,inf,1.120539251874153,14.907130717525023,inf,0.0,{'ROAD_LINE_BROKEN_SINGLE_WHITE'},True,True,raw_collision_risk:cut_in_danger,True,False,right,12,False,raw_predicted_collision,False,0,0,,inf,inf,inf,inf,False,False,4.221431847254139,inf,6.732278039277577,True,False,1,0,,True,False,0.0,14.011131337860249,inf,2.120539251874153,0.0,cut_in_danger,True,raw_collision_risk:cut_in_danger,,False,False,0.0,24.78277402165943,inf,2.1402151778000786,False,-57.044137687350215,,,
6000,1007,1,110,110,0.5550457239151001,0.5992617607116699,0.1253092736005783,0.18000000715255737,-0.4297364354133606,-0.41926175355911255,True,True,predictive_recovery,right_slow_follow,0.6098371473601685,3.0,10,4,,0,0,0,False,False,False,False,False,False,False,False,True,0.23835761544121564,11.980610769600741,0.0,False,max_steps,,inf,,inf,inf,inf,24.39561886115412,inf,1.1077870556572136,14.58148829782132,inf,0.0,{'ROAD_LINE_BROKEN_SINGLE_WHITE'},True,True,raw_collision_risk:cut_in_danger,True,False,right,12,False,raw_predicted_collision,False,0,0,,inf,inf,inf,inf,False,False,4.307730053652282,inf,6.626353100732675,True,False,1,0,,True,False,0.0,14.283440101716248,inf,2.1077870556572136,0.0,cut_in_danger,True,raw_collision_risk:cut_in_danger,,False,False,0.0,24.557887928888494,inf,2.127462981583139,False,-55.14584384147017,,,
6000,1007,1,111,111,0.5374083518981934,0.6441645622253418,0.1354164481163025,0.18000000715255737,-0.40199190378189087,-0.4641645550727844,True,True,predictive_recovery,right_slow_follow,0.5852928164627524,3.0,10,4,,0,0,0,False,False,False,False,False,False,False,False,True,0.24101241257308012,12.021396571798054,0.0,False,max_steps,,inf,,inf,inf,inf,23.906613288835,inf,1.1323313865546294,14.093138733249404,inf,0.0,{'ROAD_LINE_BROKEN_SINGLE_WHITE'},True,True,raw_collision_risk:cut_in_danger,True,False,right,12,False,raw_predicted_collision,False,0,0,,inf,inf,inf,inf,False,False,4.383257419452319,inf,6.43848028842488,True,False,1,0,,True,False,0.0,13.689212398247037,inf,2.1323313865546294,0.0,cut_in_danger,True,raw_collision_risk:cut_in_danger,,False,False,0.0,24.079683328449693,inf,2.152007312480555,False,-56.34144784364619,,,
6000,1007,1,112,112,0.5304257869720459,0.6500406265258789,0.15405862033367157,0.18000000715255737,-0.37636715173721313,-0.47004061937332153,True,True,predictive_recovery,right_slow_follow,0.5539864210810714,3.0,10,4,,0,0,0,False,False,False,False,False,False,False,False,True,0.2436724037481022,12.056077704168207,0.0,False,max_steps,,inf,,inf,inf,inf,23.78194213450059,inf,1.1636377819363104,13.808456539664746,inf,0.0,{'ROAD_LINE_BROKEN_SINGLE_WHITE'},True,True,raw_collision_risk:cut_in_danger,True,False,right,12,False,raw_predicted_collision,False,0,0,,inf,inf,inf,inf,False,False,4.469132531750169,inf,6.376458737099037,True,False,1,0,,True,False,0.0,13.577806493447387,inf,2.1636377819363104,0.0,cut_in_danger,True,raw_collision_risk:cut_in_danger,,False,False,0.0,23.877836590775168,inf,2.183313707862236,False,-56.53043164806721,,,
6000,1007,1,113,113,0.5188353061676025,0.6620218753814697,0.15558558702468872,0.18000000715255737,-0.3632497191429138,-0.48202186822891235,True,True,predictive_recovery,right_slow_follow,0.5444531423675529,3.0,10,3,,0,0,0,False,False,False,False,False,False,False,False,True,0.24633703291881032,12.094834733870607,0.0,False,max_steps,,inf,,inf,inf,inf,23.36389082479789,inf,2.1731710606498287,13.553147689764502,inf,0.0,{'ROAD_LINE_BROKEN_SINGLE_WHITE'},True,True,raw_collision_risk:cut_in_danger,True,False,right,12,False,raw_predicted_collision,False,0,0,,inf,inf,inf,inf,False,False,4.577396146703152,inf,6.255118766822518,True,False,1,0,,True,False,0.0,13.184190807549006,inf,2.1731710606498287,0.0,cut_in_danger,True,raw_collision_risk:cut_in_danger,,False,False,0.0,23.406041403720472,inf,2.1928469865757547,False,-56.897054684618084,,,
6000,1007,1,114,114,0.5311899185180664,0.6403236389160156,0.16200177371501923,0.18000000715255737,-0.369188129901886,-0.46032363176345825,True,True,predictive_recovery,right_slow_follow,0.48794762774552747,3.0,10,3,,0,0,0,False,False,False,False,False,False,False,False,True,0.2490067679617701,12.131518338918465,0.0,False,max_steps,,inf,,inf,inf,inf,23.144722639035095,inf,2.229676575271854,13.297747240502444,inf,0.0,{'ROAD_LINE_BROKEN_SINGLE_WHITE'},True,True,raw_collision_risk:cut_in_danger,True,False,right,12,False,raw_predicted_collision,False,0,0,,inf,inf,inf,inf,False,False,4.69593659863723,inf,6.424654276774207,True,False,1,0,,True,False,0.0,13.225949956492245,inf,2.229676575271854,0.0,cut_in_danger,True,raw_collision_risk:cut_in_danger,,False,False,0.0,23.230506936952388,inf,2.24935250119778,False,-56.379669938840635,,,
6000,1007,1,115,115,0.4869394302368164,0.598168134689331,0.16509856283664703,0.18000000715255737,-0.32184088230133057,-0.4181681275367737,True,True,predictive_recovery,right_slow_follow,0.4937858841072784,3.0,10,4,,0,0,0,False,False,False,False,False,False,False,False,True,0.2516817514926378,12.168296127607034,0.0,False,max_steps,,inf,,inf,inf,inf,22.867462124650345,inf,1.2238383189101034,13.042721880153668,inf,0.0,{'ROAD_LINE_BROKEN_SINGLE_WHITE'},True,True,raw_collision_risk:cut_in_danger,True,False,right,12,False,raw_predicted_collision,False,0,0,,inf,inf,inf,inf,False,False,4.8203726234097015,inf,5.907314627860447,True,False,1,0,,True,False,0.0,13.247543479305596,inf,2.2238383189101034,0.0,cut_in_danger,True,raw_collision_risk:cut_in_danger,,False,False,0.0,22.945140660694456,inf,2.2435142448360295,False,-55.44708922386815,,,
6000,1007,1,116,116,0.4761543273925781,0.6161513328552246,0.1560424268245697,0.18000000715255737,-0.3201119005680084,-0.43615132570266724,True,True,predictive_recovery,right_slow_follow,0.43486910507586773,3.0,10,3,,0,0,0,False,False,False,False,False,False,False,False,True,0.25436268658431516,12.210350866214146,0.0,False,max_steps,,inf,,inf,inf,inf,22.602122592822543,inf,2.282755097941514,12.601182730835703,-0.11458720261921362,0.001909786710320227,{'ROAD_LINE_BROKEN_SINGLE_WHITE'},True,True,raw_collision_risk:cut_in_danger,True,False,right,12,False,raw_predicted_collision,False,0,0,,inf,inf,inf,inf,False,False,4.945154538200587,inf,5.79398685815444,True,False,1,0,,True,False,0.0,14.437666001310891,inf,2.282755097941514,0.0,cut_in_danger,True,raw_collision_risk:cut_in_danger,,False,False,0.0,22.67248241560036,inf,2.30243102386744,False,-55.88003456926547,,,
6000,1007,1,117,117,0.4609946012496948,0.6157562732696533,0.15968933701515198,0.30000001192092896,-0.30130526423454285,-0.31575626134872437,True,True,predictive_recovery,right_pass,0.42746356303168276,14.981254095927586,10,4,,0,0,0,False,False,False,False,False,False,False,False,True,0.2570520652086996,12.284765380176358,0.0,False,max_steps,,inf,,inf,inf,inf,6.0946774048572845,inf,2.290160639985699,-16.10900873083339,-0.8301011992756804,0.6875700551302857,{'ROAD_LINE_BROKEN_SINGLE_WHITE'},True,True,raw_collision_risk:cut_in_danger,True,False,right,12,False,raw_predicted_collision,False,0,0,,inf,inf,inf,inf,False,False,5.055787138875099,inf,5.6289058286892555,True,False,1,0,,True,False,0.0,14.282211831667624,inf,2.290160639985699,0.0,cut_in_danger,True,raw_collision_risk:cut_in_danger,,False,False,0.0,6.0946774048572845,inf,2.309836565911625,True,-9.430136769921333,,,
6000,1007,1,118,118,0.4440094232559204,0.5900359153747559,0.158316507935524,0.18000000715255737,-0.2856929302215576,-0.4100359082221985,True,True,predictive_recovery,right_pass,0.3994471404876023,12.284765380176358,10,5,,0,0,0,False,False,False,False,False,False,False,False,True,0.25975354018189106,12.323809319237077,0.0,False,max_steps,,inf,,inf,inf,inf,12.412318882882582,inf,1.3181770625297795,-1.3569256789324164,-0.7204747468097255,0.054880409527121005,{'ROAD_LINE_BROKEN_SINGLE_WHITE'},True,True,raw_collision_risk:vehicle_lateral_margin_violation,True,False,right,12,False,raw_predicted_collision,False,0,0,,inf,inf,inf,inf,False,False,5.112441771193852,inf,5.454551591286402,True,False,1,0,,True,False,0.0,13.902810167652152,inf,2.3181770625297795,0.0,vehicle_lateral_margin_violation,True,raw_collision_risk:vehicle_lateral_margin_violation,,False,False,0.0,12.412318882882582,inf,2.337852988455705,True,-18.462413698304033,,,
6000,1007,1,119,119,0.39252424240112305,0.5130393505096436,0.15354615449905396,0.18000000715255737,-0.2389780879020691,-0.3330393433570862,True,True,predictive_recovery,right_pass,0.37664438401871747,12.323809319237077,10,5,,0,0,0,False,False,False,False,False,False,False,False,True,0.26246212387181095,12.364793346975777,0.0,False,max_steps,,inf,,inf,inf,inf,12.192178149305493,inf,1.3409798189986644,-0.4640976482805108,-0.613393018426577,0.03492183687615728,{'ROAD_LINE_BROKEN_SINGLE_WHITE'},True,True,raw_collision_risk:vehicle_lateral_margin_violation,True,False,right,12,False,raw_predicted_collision,False,0,0,,inf,inf,inf,inf,False,False,5.194111665940256,inf,4.837393916529433,True,False,1,0,,True,False,0.0,14.001070408710987,inf,2.3409798189986644,0.0,vehicle_lateral_margin_violation,True,raw_collision_risk:vehicle_lateral_margin_violation,,False,False,0.0,12.192178149305493,inf,2.3606557449245904,True,-16.481038118538144,,,
6000,1007,1,120,120,0.3853175640106201,0.5021330118179321,0.15922830998897552,0.30000001192092896,-0.2260892540216446,-0.20213299989700317,True,True,predictive_recovery,right_pass,0.37788508631237305,14.624391900156471,10,5,,0,0,0,False,False,False,False,False,False,False,False,True,0.26517948444031697,12.437948369636889,0.0,False,max_steps,,inf,,inf,inf,inf,6.115377773150744,inf,2.3397391167050086,-9.543724418616243,-0.5275913389149087,0.28322090897310115,{'ROAD_LINE_BROKEN_SINGLE_WHITE'},True,True,raw_collision_risk:vehicle_lateral_margin_violation,True,False,right,12,False,raw_predicted_collision,False,0,0,,inf,inf,inf,inf,False,False,5.254942433769568,inf,4.764372051951429,True,False,1,0,,True,False,0.0,13.561234078622846,inf,2.3397391167050086,0.0,vehicle_lateral_margin_violation,True,raw_collision_risk:vehicle_lateral_margin_violation,,False,False,0.0,6.115377773150744,inf,2.3594150426309346,True,-6.971291783930823,,,
6000,1007,1,121,121,0.3241788148880005,0.552382230758667,0.15338565409183502,0.30000001192092896,-0.17079316079616547,-0.25238221883773804,True,True,predictive_recovery,right_pass,0.3388643987626556,14.92366840805089,10,5,,0,0,0,False,False,False,False,False,False,False,False,True,0.26791129347399567,12.514956520584398,0.0,False,max_steps,,inf,,inf,inf,inf,5.337524709230339,inf,2.378759804254726,-9.301032693236678,-0.5350451250609294,0.24498412075562842,{'ROAD_LINE_BROKEN_SINGLE_WHITE'},True,True,raw_collision_risk:vehicle_lateral_margin_violation,True,False,right,12,False,raw_predicted_collision,False,0,0,,inf,inf,inf,inf,False,False,5.257697213577149,inf,4.032119362107024,True,False,1,0,,True,False,0.0,13.068361991906011,inf,2.378759804254726,0.0,vehicle_lateral_margin_violation,True,raw_collision_risk:vehicle_lateral_margin_violation,,False,False,0.0,5.337524709230339,inf,2.398435730180652,True,-7.223738874434929,,,
6000,1007,1,122,122,0.31455910205841064,0.5097566843032837,0.14904770255088806,0.30000001192092896,-0.16551139950752258,-0.20975667238235474,True,True,predictive_recovery,right_pass,0.36600455328234904,14.808861599949175,10,6,,0,0,0,False,False,False,False,False,False,False,False,True,0.27065841820713943,12.592585906097241,0.0,False,max_steps,,inf,,inf,inf,inf,5.317223686594733,inf,1.3516196497350328,-9.15598490110574,-0.51465314667516,0.24592209824331207,{'ROAD_LINE_BROKEN_SINGLE_WHITE'},True,True,raw_collision_risk:vehicle_lateral_margin_violation,True,False,right,12,False,raw_predicted_collision,False,0,0,,inf,inf,inf,inf,False,False,5.239295017370195,inf,3.9366934854150797,True,False,1,0,,True,False,0.0,12.791847662495295,inf,2.351619649735033,0.0,vehicle_lateral_margin_violation,True,raw_collision_risk:vehicle_lateral_margin_violation,,False,False,0.0,5.317223686594733,inf,2.3712955756609584,True,-6.976480550651786,,,
6000,1007,1,123,123,0.27326536178588867,0.5094888210296631,0.14782443642616272,0.30000001192092896,-0.12544092535972595,-0.20948880910873413,True,True,predictive_recovery,right_pass,0.3109290446673769,14.885285600730725,10,5,,0,0,0,False,False,False,False,False,False,False,False,True,0.27342071636592746,12.669307271416814,0.0,False,max_steps,,inf,,inf,inf,inf,4.813444911448558,inf,2.4066951583500047,-8.283329432521267,-0.40658894524800626,0.18759235551900352,{'ROAD_LINE_BROKEN_SINGLE_WHITE'},True,True,raw_collision_risk:vehicle_lateral_margin_violation,True,False,right,12,False,raw_predicted_collision,False,0,0,,inf,inf,inf,inf,False,False,5.200495996761945,inf,3.4411175434495456,True,False,1,0,,True,False,0.0,12.197149492145828,inf,2.4066951583500047,0.0,vehicle_lateral_margin_violation,True,raw_collision_risk:vehicle_lateral_margin_violation,,False,False,0.0,4.813444911448558,inf,2.4263710842759307,True,-6.7682488778176975,,,
6000,1007,1,124,124,0.3226078748703003,0.4197204113006592,0.14534059166908264,0.30000001192092896,-0.17726728320121765,-0.11972039937973022,True,True,predictive_recovery,right_pass,0.3188215818850182,14.55804912226978,10,7,,0,0,0,False,False,False,False,False,False,False,False,True,0.2761977970347197,12.746469350785626,0.0,False,max_steps,,inf,,inf,inf,inf,5.250300089666876,inf,1.3988026211323636,-7.756363412688479,-0.35493684940211434,0.18257772907238587,{'ROAD_LINE_BROKEN_SINGLE_WHITE'},True,True,raw_collision_risk:vehicle_lateral_margin_violation,True,False,right,12,False,raw_predicted_collision,False,0,0,,inf,inf,inf,inf,False,False,5.145587262302815,inf,4.087218294910621,True,False,1,0,,True,False,0.0,12.230048513698042,inf,2.3988026211323636,0.0,vehicle_lateral_margin_violation,True,raw_collision_risk:vehicle_lateral_margin_violation,,False,False,0.0,5.250300089666876,inf,2.4184785470582892,True,-6.2202178339254885,,,
6000,1007,1,125,125,0.35913145542144775,0.36561262607574463,0.13847827911376953,0.30000001192092896,-0.22065317630767822,-0.06561261415481567,True,True,predictive_recovery,right_pass,0.28055122434458335,14.391726168126477,10,6,,0,0,0,False,False,False,False,False,False,False,False,True,0.2789894333247423,12.825907826400652,0.0,False,max_steps,,inf,,inf,inf,inf,5.291438680095748,inf,1.4038271453857964,-6.910458573105146,-0.24923031843772048,0.13814253826757597,{'ROAD_LINE_BROKEN_SINGLE_WHITE'},True,True,raw_collision_risk:vehicle_lateral_margin_violation,True,False,right,12,False,raw_predicted_collision,False,0,0,,inf,inf,inf,inf,False,False,5.0766670732609,inf,4.577658089432518,True,False,1,0,,True,False,0.0,13.294354698557951,inf,2.4038271453857964,0.0,vehicle_lateral_margin_violation,True,raw_collision_risk:vehicle_lateral_margin_violation,,False,False,0.0,5.291438680095748,inf,2.4235030713117225,True,-5.771328033977824,,,
6000,1007,1,126,126,0.32915961742401123,0.45340633392333984,0.12351380288600922,0.30000001192092896,-0.20564581453800201,-0.1534063220024109,True,True,predictive_recovery,right_pass,0.2957419189419854,14.866236329055681,10,6,,0,0,0,False,False,False,False,False,False,False,False,True,0.2817952246411313,12.909799072598904,0.0,False,max_steps,,inf,,inf,inf,inf,4.083198365418049,inf,1.3886364507883946,-8.327131471661037,-0.2493216324438361,0.1300554831060126,{'ROAD_LINE_BROKEN_SINGLE_WHITE'},True,True,raw_collision_risk:vehicle_lateral_margin_violation,True,False,right,12,False,raw_predicted_collision,False,0,0,,inf,inf,inf,inf,False,False,4.992925125635547,inf,4.22177091325367,True,False,1,0,,True,False,0.0,12.455189560221031,inf,2.3886364507883946,0.0,vehicle_lateral_margin_violation,True,raw_collision_risk:vehicle_lateral_margin_violation,,False,False,0.0,4.083198365418049,inf,2.40831237671432,True,-6.466564090399103,,,
6000,1007,1,127,127,0.3087902069091797,0.39728736877441406,0.09737810492515564,0.30000001192092896,-0.21141210198402405,-0.09728735685348511,True,True,predictive_recovery,right_pass,0.2557413568870772,14.697592232083768,10,6,,0,0,0,False,False,False,False,False,False,False,False,True,0.2846140107458615,12.999225882402866,0.0,False,max_steps,,inf,,inf,inf,inf,4.229571280054582,inf,1.4286370128433026,-6.60254722749292,-0.12300320455763591,0.08143225175019547,{'ROAD_LINE_BROKEN_SINGLE_WHITE'},True,True,raw_collision_risk:vehicle_lateral_margin_violation,True,False,right,12,False,raw_predicted_collision,False,0,0,,inf,inf,inf,inf,False,False,4.890968027110361,inf,3.986419526783752,True,False,1,0,,True,False,0.0,13.542489064129981,inf,2.4286370128433026,0.0,vehicle_lateral_margin_violation,True,raw_collision_risk:vehicle_lateral_margin_violation,,False,False,0.0,4.229571280054582,inf,2.4483129387692286,True,-5.906720602777412,,,
6000,1007,1,128,128,0.18224859237670898,0.8506219387054443,0.18224859237670898,0.8506219387054443,0.0,0.0,True,False,inactive_raw_action,raw_action_safe,0,0,0,0,low_risk_verified_passthrough,0,0,0,False,False,False,False,False,False,False,False,True,0.2876016686640431,13.16200275852938,0.0,False,max_steps,,inf,,inf,inf,inf,inf,inf,inf,inf,inf,0.0,{'ROAD_LINE_BROKEN_SINGLE_WHITE'},False,False,,False,False,,0,True,,False,0,0,,inf,inf,inf,inf,False,False,4.662269933426425,inf,2.369090619054805,False,False,1,-1,,False,False,0.0,7.08218486400227,inf,2.448715039995803,0.0,,False,low_risk_verified,,False,False,0.0,inf,inf,inf,False,0.0,,,
6000,1007,1,129,129,0.121002197265625,0.8772602081298828,0.121002197265625,0.8772602081298828,0.0,0.0,True,False,inactive_raw_action,raw_action_safe,0,0,0,0,low_risk_verified_passthrough,0,0,0,False,False,False,False,False,False,False,False,True,0.2906321258248693,13.420384248459095,0.0,False,max_steps,,inf,,inf,inf,inf,inf,inf,inf,inf,inf,0.0,{'ROAD_LINE_BROKEN_SINGLE_WHITE'},False,False,,False,False,,0,True,,False,0,0,,inf,inf,inf,inf,False,False,4.42756785406146,inf,1.5926312541982726,False,False,1,-1,,False,False,0.0,7.333599171460625,inf,2.4396124860187487,0.0,,False,low_risk_verified,,False,False,0.0,inf,inf,inf,False,0.0,,,
6000,1007,1,130,130,0.007817268371582031,0.9133371114730835,0.007817268371582031,0.9133371114730835,0.0,0.0,True,False,inactive_raw_action,raw_action_safe,0,0,0,0,low_risk_verified_passthrough,0,0,0,False,False,False,False,False,False,False,False,True,0.29372364841504944,13.691146554736912,0.0,False,max_steps,,inf,,inf,inf,inf,inf,inf,inf,inf,inf,0.0,{'ROAD_LINE_BROKEN_SINGLE_WHITE'},False,False,,False,False,,0,True,,False,0,0,,inf,inf,inf,inf,False,False,4.172228256970024,inf,0.10491074531995698,False,False,1,-1,,False,False,0.0,7.552619765439836,inf,2.403717271145464,0.0,,False,low_risk_verified,,False,False,0.0,inf,inf,inf,False,0.0,,,
6000,1007,1,131,131,-0.018873095512390137,0.8848130702972412,-0.018873095512390137,0.8848130702972412,0.0,0.0,True,False,inactive_raw_action,raw_action_safe,0,0,0,0,low_risk_verified_passthrough,0,0,0,False,False,False,False,False,False,False,False,True,0.2968805496430531,13.957985197557141,0.0,False,max_steps,,inf,,inf,inf,inf,inf,inf,inf,inf,inf,0.0,{'ROAD_LINE_BROKEN_SINGLE_WHITE'},False,False,,False,False,,0,True,,False,0,0,,inf,inf,inf,inf,False,False,3.9286933311037733,inf,0.0,False,False,1,-1,,False,False,0.0,7.972290368627819,inf,2.355198879395144,0.0,,False,low_risk_verified,,False,False,0.0,inf,inf,inf,False,0.0,,,
6000,1007,1,132,132,0.08324873447418213,0.6897294521331787,0.08324873447418213,0.6897294521331787,0.0,0.0,True,False,inactive_raw_action,raw_action_safe,0,0,0,0,low_risk_verified_passthrough,0,0,0,False,False,False,False,False,False,False,False,True,0.3000909934697856,14.125832020219578,0.0,False,max_steps,,inf,,inf,inf,inf,inf,inf,inf,inf,inf,0.0,{'ROAD_LINE_BROKEN_SINGLE_WHITE'},False,False,,False,False,,0,True,,False,0,0,,inf,inf,inf,inf,False,False,3.655899217615088,inf,1.161984603505999,False,False,1,-1,,False,False,0.0,8.249660137490615,inf,2.3585507647740043,0.0,,False,low_risk_verified,,False,False,0.0,inf,inf,inf,False,0.0,,,
6000,1007,1,133,133,0.12124478816986084,0.5813760757446289,0.12124478816986084,0.5813760757446289,0.0,0.0,True,False,inactive_raw_action,raw_action_safe,0,0,0,0,low_risk_verified_passthrough,0,0,0,False,False,False,False,False,False,False,False,True,0.303337619483731,14.262023601911919,0.0,False,max_steps,,inf,,inf,inf,inf,inf,inf,inf,inf,inf,0.0,{'ROAD_LINE_BROKEN_SINGLE_WHITE'},False,False,,False,False,,0,True,,False,0,0,,inf,inf,inf,inf,False,False,3.4347476165378112,inf,1.7126835110145602,False,False,1,-1,,False,False,0.0,8.639394348001563,inf,2.3729544070888045,0.0,,False,low_risk_verified,,False,False,0.0,inf,inf,inf,False,0.0,,,
6000,1007,1,134,134,0.10790824890136719,0.662805438041687,0.10790824890136719,0.662805438041687,0.0,0.0,True,False,inactive_raw_action,raw_action_safe,0,0,0,0,low_risk_verified_passthrough,0,0,0,False,False,False,False,False,False,False,False,True,0.3066185154092837,14.451809806847498,0.0,False,max_steps,,inf,,inf,inf,inf,inf,inf,inf,inf,inf,0.0,{'ROAD_LINE_BROKEN_SINGLE_WHITE'},False,False,,False,False,,0,True,,False,0,0,,inf,inf,inf,inf,False,False,3.264221953071311,inf,1.5389899926722848,False,False,1,-1,,False,False,0.0,8.875758870756304,inf,2.410802315736613,0.0,,False,low_risk_verified,,False,False,0.0,inf,inf,inf,False,0.0,,,
6000,1007,1,135,135,0.05509912967681885,0.7091827392578125,0.05509912967681885,0.7091827392578125,0.0,0.0,True,False,inactive_raw_action,raw_action_safe,0,0,0,0,low_risk_verified_passthrough,0,0,0,False,False,False,False,False,False,False,False,True,0.3099437201943892,14.66970982392621,0.0,False,max_steps,,inf,,inf,inf,inf,inf,inf,inf,inf,inf,0.0,{'ROAD_LINE_BROKEN_SINGLE_WHITE'},False,False,,False,False,,0,True,,False,0,0,,inf,inf,inf,inf,False,False,3.0954778663678266,inf,0.7962821426122126,False,False,1,-1,,False,False,0.0,8.959341498292892,inf,2.408229689705451,0.0,,False,low_risk_verified,,False,False,0.0,inf,inf,inf,False,0.0,,,
6000,1007,1,136,136,0.044213056564331055,0.6778784990310669,0.044213056564331055,0.6778784990310669,0.0,0.0,True,False,inactive_raw_action,raw_action_safe,0,0,0,0,low_risk_verified_passthrough,0,0,0,False,False,False,False,False,False,False,False,True,0.31331636881897046,14.875103996423444,0.0,False,max_steps,,inf,,inf,inf,inf,inf,inf,inf,inf,inf,0.0,{'ROAD_LINE_BROKEN_SINGLE_WHITE'},False,False,,False,False,,0,True,,False,0,0,,inf,inf,inf,inf,False,False,2.915297978051116,inf,0.6485927102275725,False,False,1,-1,,False,False,0.0,9.316320100736187,inf,2.432427808676828,0.0,,False,low_risk_verified,,False,False,0.0,inf,inf,inf,False,0.0,,,
6000,1007,1,137,137,0.027711868286132812,0.4901425838470459,0.027711868286132812,0.4901425838470459,0.0,0.0,True,False,inactive_raw_action,raw_action_safe,0,0,0,0,low_risk_verified_passthrough,0,0,0,False,False,False,False,False,False,False,False,True,0.31672963812011373,15.02418062464096,0.0,False,max_steps,,inf,,inf,inf,inf,inf,inf,inf,inf,inf,0.0,{'ROAD_LINE_BROKEN_SINGLE_WHITE'},False,False,,False,False,,0,True,,False,0,0,,inf,inf,inf,inf,False,False,2.7292947044960316,inf,0.4122169226914143,False,False,1,-1,,False,False,0.0,9.232469665407583,inf,2.4404730966319064,0.0,,False,low_risk_verified,,False,False,0.0,inf,inf,inf,False,0.0,,,
6000,1007,1,138,138,0.08771324157714844,0.016629815101623535,0.08771324157714844,0.016629815101623535,0.0,0.0,True,False,inactive_raw_action,raw_action_safe,0,0,0,0,low_risk_verified_passthrough,0,0,0,False,False,False,False,False,False,False,False,True,0.3201626929305909,15.010067976493843,0.0,False,max_steps,,inf,,inf,inf,inf,inf,inf,inf,inf,inf,0.0,{'ROAD_LINE_BROKEN_SINGLE_WHITE'},False,False,,False,False,,0,True,,False,0,0,,inf,inf,inf,inf,False,False,2.5620039605809315,inf,1.3178195846278455,False,False,1,-1,,False,False,0.0,10.08444096066299,inf,2.4992379073449214,0.0,,False,low_risk_verified,,False,False,0.0,inf,inf,inf,False,0.0,,,
6000,1007,1,139,139,0.1531621217727661,-0.21235299110412598,0.1531621217727661,-0.21235299110412598,0.0,0.0,True,False,inactive_raw_action,raw_action_safe,0,0,0,0,low_risk_verified_passthrough,0,0,0,False,False,False,False,False,False,False,False,True,0.32356183061668037,14.477355615553689,0.0,False,max_steps,,inf,,inf,inf,inf,inf,inf,inf,inf,inf,0.0,{'ROAD_LINE_BROKEN_SINGLE_WHITE'},False,False,,False,False,,0,True,,False,0,0,,inf,inf,inf,inf,False,False,2.45884914973795,inf,2.298973859233247,False,False,1,-1,,False,False,0.0,10.825114293038359,inf,2.5493630679925725,0.0,,False,low_risk_verified,,False,False,0.0,inf,inf,inf,False,0.0,,,
6000,1007,1,140,140,0.11651945114135742,-0.18358111381530762,0.11651945114135742,-0.18358111381530762,0.0,0.0,True,False,inactive_raw_action,raw_action_safe,0,0,0,0,low_risk_verified_passthrough,0,0,0,False,False,False,False,False,False,False,False,True,0.3268440643381253,13.977053201483248,0.0,False,max_steps,,inf,,inf,inf,inf,inf,inf,inf,inf,inf,0.0,{'ROAD_LINE_BROKEN_SINGLE_WHITE'},False,False,,False,False,,0,True,,False,0,0,,inf,inf,inf,inf,False,False,2.575050783524136,inf,1.6868935303025645,False,False,1,-1,,False,False,0.0,11.042891229084155,inf,2.6190668170272597,0.0,,False,low_risk_verified,,False,False,0.0,inf,inf,inf,False,0.0,,,
6000,1007,1,141,141,0.05155062675476074,-0.1100088357925415,0.05155062675476074,-0.1100088357925415,0.0,0.0,True,False,inactive_raw_action,raw_action_safe,0,0,0,0,low_risk_verified_passthrough,0,0,0,False,False,False,False,False,False,False,False,True,0.3300217036109097,13.677400262443074,0.0,False,max_steps,,inf,,inf,inf,inf,inf,inf,inf,inf,inf,0.0,{'ROAD_LINE_BROKEN_SINGLE_WHITE'},False,False,,False,False,,0,True,,False,0,0,,inf,inf,inf,inf,False,False,2.7221097733886377,inf,0.7205258527210966,False,False,1,-1,,False,False,0.0,11.046800256540273,inf,2.6423808358551795,0.0,,False,low_risk_verified,,False,False,0.0,inf,inf,inf,False,0.0,,,
6000,1007,1,142,142,0.01656782627105713,-0.03533440828323364,0.01656782627105713,-0.03533440828323364,0.0,0.0,True,False,inactive_raw_action,raw_action_safe,0,0,0,0,low_risk_verified_passthrough,0,0,0,False,False,False,False,False,False,False,False,True,0.3331362539857052,13.572117364501944,0.0,False,max_steps,,inf,,inf,inf,inf,inf,inf,inf,inf,inf,0.0,{'ROAD_LINE_BROKEN_SINGLE_WHITE'},False,False,,False,False,,0,True,,False,0,0,,inf,inf,inf,inf,False,False,2.7899572995194073,inf,0.22660479138786804,False,False,1,-1,,False,False,0.0,10.868868403610401,inf,2.685179048030333,0.0,,False,low_risk_verified,,False,False,0.0,inf,inf,inf,False,0.0,,,
6000,1007,1,143,143,0.04853975772857666,-0.19575512409210205,0.04853975772857666,-0.19575512409210205,0.0,0.0,True,False,inactive_raw_action,raw_action_safe,0,0,0,0,low_risk_verified_passthrough,0,0,0,False,False,False,False,False,False,False,False,True,0.3361933564715448,12.978554805257723,0.0,False,max_steps,,inf,,inf,inf,inf,inf,inf,inf,inf,inf,0.0,{'ROAD_LINE_BROKEN_SINGLE_WHITE'},False,False,,False,False,,0,True,,False,0,0,,inf,inf,inf,inf,False,False,2.7374207947589597,inf,0.6587872887367328,False,False,1,-1,,False,False,0.0,11.163508049704438,inf,2.7213676353382215,0.0,,False,low_risk_verified,,False,False,0.0,inf,inf,inf,False,0.0,,,
6000,1007,1,144,144,0.11388731002807617,-0.3601841330528259,0.11388731002807617,-0.3601841330528259,0.0,0.0,True,False,inactive_raw_action,raw_action_safe,0,0,0,0,low_risk_verified_passthrough,0,0,0,False,False,False,False,False,False,False,False,True,0.3390964931084485,12.048594196070297,0.0,False,max_steps,,inf,,inf,inf,inf,inf,inf,inf,inf,inf,0.0,{'ROAD_LINE_BROKEN_SINGLE_WHITE'},False,False,,False,False,,0,True,,False,0,0,,inf,inf,inf,inf,False,False,2.9506749955945004,inf,1.478092694822764,False,False,1,-1,,False,False,0.0,11.048157033528602,inf,2.7262526227380337,0.0,,False,low_risk_verified,,False,False,0.0,inf,inf,inf,False,0.0,,,
6000,1007,1,145,145,0.19835543632507324,-0.22208154201507568,0.19835543632507324,-0.22208154201507568,0.0,0.0,True,False,inactive_raw_action,raw_action_safe,0,0,0,0,low_risk_verified_passthrough,0,0,0,False,False,False,False,False,False,False,False,True,0.34181063722420874,11.444681090904858,0.0,False,max_steps,,inf,,inf,inf,inf,inf,inf,inf,inf,inf,0.0,{'ROAD_LINE_BROKEN_SINGLE_WHITE'},False,False,,False,False,,0,True,,False,0,0,,inf,inf,inf,inf,False,False,3.54800590550756,inf,2.389904158865269,False,False,1,-1,,False,False,0.0,11.232839315643465,inf,2.6332560871352118,0.0,,False,low_risk_verified,,False,False,0.0,inf,inf,inf,False,0.0,,,
6000,1007,1,146,146,-0.7575376629829407,-0.08133804798126221,-0.7575376629829407,-0.08133804798126221,0.0,0.0,True,False,inactive_raw_action,raw_action_safe,0,0,0,0,low_risk_verified_passthrough,0,0,0,False,False,False,False,False,False,False,False,True,0.34480586957474946,10.99895267342207,0.0,False,max_steps,,inf,,inf,inf,inf,inf,inf,inf,inf,inf,0.0,{'ROAD_LINE_BROKEN_SINGLE_WHITE'},False,False,,False,False,,0,True,,False,0,0,,inf,inf,inf,inf,False,False,4.1364902075636385,inf,0.0,False,False,1,-1,,False,False,0.0,11.390263307978637,inf,2.4989432676587415,0.0,,False,low_risk_verified,,False,False,0.0,inf,inf,inf,False,0.0,,,
6000,1007,1,147,147,-0.8786777257919312,-0.3548492193222046,-0.8786777257919312,-0.3548492193222046,0.0,0.0,True,False,inactive_raw_action,raw_action,0,0,10,10,raw_action_safe_or_candidate_not_better,0,0,0,False,False,False,False,False,False,False,False,True,0.34756780205457966,10.126289000887608,0.0,False,max_steps,,inf,,inf,inf,inf,11.516101464233413,inf,1.2142149441492482,inf,inf,0.0,set(),False,False,,False,False,,0,False,route_deviation_rising,False,0,0,,inf,inf,inf,inf,False,False,4.751790333040693,inf,0.0,False,False,1,0,,False,False,0.0,11.577371878763197,inf,2.1964813667397167,0.0,,False,raw_action_safe_or_candidate_not_better,candidate_not_better,False,False,0.0,11.554498251285219,inf,2.2161572926656423,False,13.07664170842257,,,
6000,1007,1,148,148,-0.9476698040962219,-0.7892559170722961,-0.9476698040962219,-0.7892559170722961,0.0,0.0,True,False,inactive_raw_action,raw_action,0,0,10,10,raw_action_safe_or_candidate_not_better,0,0,0,False,False,False,False,False,False,False,False,True,0.35004076010367374,9.193998642519196,0.0,False,max_steps,,inf,,inf,inf,inf,12.02250154763926,inf,0.898849786546236,inf,inf,0.0,set(),False,False,,False,False,,0,False,route_deviation_rising,False,0,0,,inf,inf,inf,inf,False,False,6.762788316206583,inf,0.0,False,False,1,0,,False,False,0.0,12.09861638925445,inf,1.898849786546236,0.0,,False,raw_action_safe_or_candidate_not_better,candidate_not_better,False,False,0.0,12.060030100754995,inf,1.9185257124721637,False,33.53212531136819,,,
6000,1007,1,149,149,-0.9445489048957825,-0.4483616352081299,-0.9445489048957825,-0.4483616352081299,0.0,0.0,True,False,inactive_raw_action,raw_action_safe,0,0,0,0,low_risk_verified_passthrough,0,0,0,False,False,False,False,False,False,False,False,True,0.35224782316279685,8.334541428756008,0.0,False,max_steps,,inf,,inf,inf,inf,inf,inf,inf,inf,inf,0.0,set(),False,False,,False,False,,0,True,,False,0,0,,inf,inf,inf,inf,False,False,13.126093689758246,inf,0.0,False,False,1,-1,,False,False,0.0,12.347977013563321,inf,1.576346289326977,0.0,,False,low_risk_verified,,False,False,0.0,inf,inf,inf,False,0.0,,,
6000,1007,1,150,150,-0.9543094038963318,-0.1965402364730835,-0.9543094038963318,-0.1965402364730835,0.0,0.0,True,False,inactive_raw_action,raw_action_safe,0,0,0,0,low_risk_verified_passthrough,0,0,0,False,False,False,False,False,False,False,False,True,0.35423915203080425,7.6945560864587765,0.0,False,max_steps,,inf,,inf,inf,inf,inf,inf,inf,inf,inf,0.0,{'ROAD_LINE_BROKEN_SINGLE_WHITE'},False,False,,False,False,,0,True,,False,0,0,,inf,inf,inf,inf,False,False,485.2747887504877,inf,0.0,False,False,1,-1,,False,False,0.0,12.814013531043111,inf,1.2656600513686134,0.0,,False,low_risk_verified,,False,False,0.0,inf,inf,inf,False,0.0,,,
6000,1007,1,151,151,-0.939655601978302,-0.330441415309906,-0.939655601978302,-0.330441415309906,0.0,0.0,True,False,inactive_raw_action,raw_action_safe,0,0,0,0,low_risk_verified_passthrough,0,0,0,False,False,False,False,False,False,False,False,True,0.35606381639262025,6.919197045033962,0.0,False,max_steps,,inf,,inf,inf,inf,inf,inf,inf,inf,inf,0.0,{'ROAD_LINE_BROKEN_SINGLE_WHITE'},False,False,,False,False,,0,True,,False,0,0,,inf,inf,inf,inf,False,False,inf,inf,0.0,False,False,1,-1,,False,False,0.0,13.38457079169247,inf,1.0366415708985461,0.0,,False,low_risk_verified,,False,False,0.0,inf,inf,inf,False,0.0,,,
6000,1007,1,152,152,-0.9136069416999817,0.6425685882568359,-0.9136069416999817,0.6425685882568359,0.0,0.0,True,False,inactive_raw_action,raw_action_safe,0,0,0,0,low_risk_verified_passthrough,0,0,0,False,False,False,False,False,False,False,False,True,0.3577439087555099,6.78109463574767,0.0,False,max_steps,,inf,,inf,inf,inf,inf,inf,inf,inf,inf,0.0,{'ROAD_LINE_BROKEN_SINGLE_WHITE'},False,False,,False,False,,0,True,,False,0,0,,inf,inf,inf,inf,False,False,inf,inf,0.0,False,False,1,-1,,False,False,0.7474824231544783,14.052330493163083,inf,0.8754195961409202,0.0,,False,low_risk_verified,,False,False,0.0,inf,inf,inf,False,0.0,,,
6000,1007,1,153,153,-0.8982536196708679,0.7600862979888916,-0.8982536196708679,0.7600862979888916,0.0,0.0,True,False,inactive_raw_action,raw_action,0,0,10,6,raw_action_safe_or_candidate_not_better,0,0,0,False,False,False,False,False,False,False,False,True,0.35939573227702054,6.717323086752875,0.0,False,max_steps,,inf,,inf,inf,inf,14.714527002360235,inf,0.6924423003908254,inf,inf,0.0,{'ROAD_LINE_BROKEN_SINGLE_WHITE'},False,False,,False,False,,0,False,boundary_margin_uncertain_or_low,False,0,0,,inf,inf,inf,inf,False,False,inf,inf,0.0,False,False,1,0,,False,False,1.8453461976550476,14.729678904528267,inf,0.6924423003908254,0.0,,False,raw_action_safe_or_candidate_not_better,candidate_not_better,False,False,0.36048576958871936,14.749318214364035,inf,0.7121182263167519,False,-19.3903965116064,,,
6000,1007,1,154,154,-0.8664425611495972,0.9074203968048096,-0.8664425611495972,0.9074203968048096,0.0,0.0,True,False,inactive_raw_action,raw_action,0,0,10,6,raw_action_safe_or_candidate_not_better,0,0,0,False,False,False,False,False,False,False,False,True,0.36103873404685016,6.707000463809768,0.0,False,max_steps,,inf,,inf,inf,inf,15.474517456166755,inf,0.5773729399814617,inf,inf,0.0,{'ROAD_LINE_BROKEN_SINGLE_WHITE'},False,False,,False,False,,0,False,boundary_margin_uncertain_or_low,False,0,0,,inf,inf,inf,inf,False,False,inf,inf,0.0,False,False,1,0,,False,False,2.53576236011123,15.527735439006054,inf,0.5773729399814617,0.0,,False,raw_action_safe_or_candidate_not_better,boundary_margin_insufficient,False,False,0.6138593167130124,15.54675944596594,inf,0.5970488659073877,False,-25.25106638869107,,,
6000,1007,1,155,155,-0.8142143487930298,0.8586066961288452,-0.8142143487930298,0.8586066961288452,0.0,0.0,True,False,inactive_raw_action,raw_action,0,0,10,6,raw_action_safe_or_candidate_not_better,0,0,0,False,False,False,False,False,False,False,False,True,0.3626819882478954,6.712511139657669,0.0,False,max_steps,,inf,,inf,inf,inf,16.40238110130165,inf,0.5255782997136867,inf,inf,0.0,{'ROAD_LINE_BROKEN_SINGLE_WHITE'},False,False,,False,False,,0,False,boundary_margin_uncertain_or_low,False,0,0,,inf,inf,inf,inf,False,False,inf,inf,0.0,False,False,1,0,,False,False,2.8465302017178793,16.48182993826476,inf,0.5255782997136867,0.0,,False,raw_action_safe_or_candidate_not_better,boundary_margin_insufficient,False,False,0.7433459173824497,16.500669807996506,inf,0.5452542256396128,False,-26.763101607202497,,,
6000,1007,1,156,156,-0.75632244348526,0.9751498699188232,-0.75632244348526,0.9751498699188232,0.0,0.0,True,False,inactive_raw_action,raw_action,0,0,10,6,raw_action_safe_or_candidate_not_better,0,0,0,False,False,False,False,False,False,False,False,True,0.36432966020462826,6.771761336227807,0.0,False,max_steps,,inf,,inf,inf,inf,17.44012361199584,inf,0.5377070704179175,inf,inf,0.0,{'ROAD_LINE_BROKEN_SINGLE_WHITE'},False,False,,False,False,,0,False,boundary_margin_uncertain_or_low,False,0,0,,inf,inf,inf,inf,False,False,inf,inf,0.0,False,False,1,0,,False,False,2.7737575774924945,17.527144975045033,inf,0.5377070704179175,0.0,,False,raw_action_safe_or_candidate_not_better,boundary_margin_insufficient,False,False,0.7130239906218732,17.545819601311322,inf,0.5573829963438431,False,-27.95322579329411,,,
6000,1007,1,157,157,-0.6868036985397339,0.99346923828125,-0.6868036985397339,0.99346923828125,0.0,0.0,True,False,inactive_raw_action,raw_action,0,0,10,6,raw_action_safe_or_candidate_not_better,0,0,0,False,False,False,False,False,False,False,False,True,0.3659914555494885,6.881138361442502,0.0,False,max_steps,,inf,,inf,inf,inf,18.49792248123359,inf,0.5351252930977758,inf,inf,0.0,{'ROAD_LINE_BROKEN_SINGLE_WHITE'},False,False,,False,False,,0,False,boundary_margin_uncertain_or_low,False,0,0,,inf,inf,inf,inf,False,False,inf,inf,0.0,False,False,1,0,,False,False,2.789248241413345,18.592584869578967,inf,0.5351252930977758,0.0,,False,raw_action_safe_or_candidate_not_better,boundary_margin_insufficient,False,False,0.7194784339222271,18.61107615051322,inf,0.5548012190237018,False,-28.495337279074025,,,
6000,1007,1,158,158,-0.5990902781486511,0.9920659065246582,-0.5990902781486511,0.9920659065246582,0.0,0.0,True,False,inactive_raw_action,raw_action,0,0,10,6,raw_action_safe_or_candidate_not_better,0,0,0,False,False,False,False,False,False,False,False,True,0.3676782811620117,7.070625865544727,0.0,False,max_steps,,inf,,inf,inf,inf,19.60572558145682,inf,0.5739485379370156,inf,inf,0.0,{'ROAD_LINE_BROKEN_SINGLE_WHITE'},False,False,,False,False,,0,False,boundary_margin_uncertain_or_low,False,0,0,,inf,inf,inf,inf,False,False,inf,inf,0.0,False,False,1,0,,False,False,2.5563087723779065,19.685740056762693,inf,0.5739485379370156,0.0,,False,raw_action_safe_or_candidate_not_better,boundary_margin_insufficient,False,False,0.6224203218241278,19.702653366010814,inf,0.5936244638629417,False,-26.624575900944862,,,
6000,1007,1,159,159,-0.6238616704940796,0.9860923290252686,-0.6238616704940796,0.9860923290252686,0.0,0.0,True,False,inactive_raw_action,raw_action,0,0,10,6,raw_action_safe_or_candidate_not_better,0,0,0,False,False,False,False,False,False,False,False,True,0.36940014043411296,7.2271544703003885,0.0,False,max_steps,,inf,,inf,inf,inf,20.84882951078173,inf,0.6849984218287816,inf,inf,0.0,{'ROAD_LINE_BROKEN_SINGLE_WHITE'},False,False,,False,False,,0,False,boundary_margin_uncertain_or_low,False,0,0,,inf,inf,inf,inf,False,False,inf,inf,0.0,False,False,1,0,,False,False,1.890009469027311,20.99698196092108,inf,0.6849984218287816,0.0,,False,raw_action_safe_or_candidate_not_better,candidate_not_better,False,False,0.3753735267128069,21.013660773187326,inf,0.7046743477547076,False,-22.916331344756685,,,
6000,1007,1,160,160,-0.4101754426956177,0.9904472827911377,-0.4101754426956177,0.9904472827911377,0.0,0.0,True,False,inactive_raw_action,raw_action_safe,0,0,0,0,low_risk_verified_passthrough,0,0,0,False,False,False,False,False,False,False,False,True,0.37116745380048666,7.547101483010028,0.0,False,max_steps,,inf,,inf,inf,inf,inf,inf,inf,inf,inf,0.0,{'ROAD_LINE_BROKEN_SINGLE_WHITE'},False,False,,False,False,,0,True,,False,0,0,,inf,inf,inf,inf,False,False,inf,inf,0.0,False,False,1,-1,,False,False,0.7776104353803084,22.37693570437421,inf,0.8703982607699486,0.0,,False,low_risk_verified,,False,False,0.0,inf,inf,inf,False,0.0,,,
6000,1007,1,161,161,-0.3674853444099426,0.990645170211792,-0.3674853444099426,0.990645170211792,0.0,0.0,True,False,inactive_raw_action,raw_action_safe,0,0,0,0,low_risk_verified_passthrough,0,0,0,False,False,False,False,False,False,False,False,True,0.3730186082837594,7.849324357375961,0.0,False,max_steps,,inf,,inf,inf,inf,inf,inf,inf,inf,inf,0.0,{'ROAD_LINE_BROKEN_SINGLE_WHITE'},False,False,,False,False,,0,True,,False,0,0,,inf,inf,inf,inf,False,False,inf,inf,0.0,False,False,1,-1,,False,False,0.0,23.876050022042914,inf,1.0673410767382374,0.0,,False,low_risk_verified,,False,False,0.0,inf,inf,inf,False,0.0,,,
6000,1007,1,162,162,-0.3000914454460144,0.985558271408081,-0.3000914454460144,0.985558271408081,0.0,0.0,True,False,inactive_raw_action,raw_action,0,0,10,7,raw_action_safe_or_candidate_not_better,0,0,0,False,False,False,False,False,False,False,False,True,0.37495778763991827,8.157521262050404,0.0,False,max_steps,,inf,,inf,inf,inf,25.150254255319048,inf,0.25797715896775886,inf,inf,0.0,{'ROAD_LINE_BROKEN_SINGLE_WHITE'},False,False,,False,False,,0,False,route_deviation_rising,False,0,0,,inf,inf,inf,inf,False,False,inf,inf,0.0,False,False,1,0,,False,False,0.0,25.271862094731393,inf,1.2579771589677589,0.0,,False,raw_action_safe_or_candidate_not_better,candidate_not_better,False,False,0.0,25.271862094731393,inf,1.2579771589677589,False,-14.028817166887485,,,
6000,1007,1,163,163,-0.19633877277374268,0.9895012378692627,-0.19633877277374268,0.9895012378692627,0.0,0.0,True,False,inactive_raw_action,raw_action,0,0,10,10,raw_action_safe_or_candidate_not_better,0,0,0,False,False,False,False,False,False,False,False,True,0.37700191345495915,8.476352623768868,0.0,False,max_steps,,inf,,inf,inf,inf,26.641731543933165,inf,0.5038431562782609,inf,inf,0.0,{'ROAD_LINE_BROKEN_SINGLE_WHITE'},False,False,,False,False,,0,False,route_deviation_rising,False,0,0,,inf,inf,inf,inf,False,False,inf,inf,0.0,False,False,1,0,,False,False,0.0,26.84617542020324,inf,1.5038431562782608,0.0,,False,raw_action_safe_or_candidate_not_better,candidate_not_better,False,False,0.0,26.86064905515686,inf,1.5235190822041864,False,-13.308944137119063,,,
6000,1007,1,164,164,-0.2013877034187317,0.9842872619628906,-0.2013877034187317,0.9842872619628906,0.0,0.0,True,False,inactive_raw_action,raw_action,0,0,10,10,raw_action_safe_or_candidate_not_better,0,0,0,False,False,False,False,False,False,False,False,True,0.3791628794449831,8.769703011751442,0.0,False,max_steps,,inf,,inf,inf,inf,28.237555155675697,inf,0.7953120920436106,inf,inf,0.0,{'ROAD_LINE_BROKEN_SINGLE_WHITE'},False,False,,False,False,,0,False,route_deviation_rising,False,0,0,,inf,inf,inf,inf,False,False,316.88667913078046,inf,0.0,False,False,1,0,,False,False,0.0,28.450670014681346,inf,1.7953120920436105,0.0,,False,raw_action_safe_or_candidate_not_better,candidate_not_better,False,False,0.0,28.464522531223512,inf,1.8149880179695366,False,-12.100792589348053,,,
6000,1007,1,165,165,-0.07631266117095947,0.9725673198699951,-0.07631266117095947,0.9725673198699951,0.0,0.0,True,False,inactive_raw_action,raw_action,0,0,10,7,raw_action_safe_or_candidate_not_better,0,0,0,False,False,False,False,False,False,False,False,True,0.3814452927750422,9.071317225691397,0.0,False,max_steps,,inf,,inf,inf,inf,29.320801929615406,inf,2.043069699267463,inf,inf,0.0,{'ROAD_LINE_BROKEN_SINGLE_WHITE'},False,False,,False,False,,0,False,route_deviation_rising,False,0,0,,inf,inf,inf,inf,False,False,102.58659321707162,inf,0.0,False,False,1,0,,False,False,0.0,29.320801929615406,inf,2.043069699267463,0.0,,False,raw_action_safe_or_candidate_not_better,candidate_not_better,False,False,0.0,29.383662503220563,inf,2.062745625193389,False,-12.141666242612047,,,
6000,1007,1,166,166,-0.06554555892944336,0.9546477794647217,-0.06554555892944336,0.9546477794647217,0.0,0.0,True,False,inactive_raw_action,raw_action_safe,0,0,0,0,low_risk_verified_passthrough,0,0,0,False,False,False,False,False,False,False,False,True,0.38386803634297895,9.363287946142128,0.0,False,max_steps,,inf,,inf,inf,inf,inf,inf,inf,inf,inf,0.0,{'ROAD_LINE_BROKEN_SINGLE_WHITE'},False,False,,False,False,,0,True,,False,0,0,,inf,inf,inf,inf,False,False,59.84363966249507,inf,0.0,False,False,1,-1,,False,False,0.0,28.68685742923443,inf,2.327312492370646,0.0,,False,low_risk_verified,,False,False,0.0,inf,inf,inf,False,0.0,,,
6000,1007,1,167,167,-0.1259797215461731,0.9141790866851807,-0.1259797215461731,0.9141790866851807,0.0,0.0,True,False,inactive_raw_action,raw_action_safe,0,0,0,0,low_risk_verified_passthrough,0,0,0,False,False,False,False,False,False,False,False,True,0.3864179820493135,9.624998272748789,0.0,False,max_steps,,inf,,inf,inf,inf,inf,inf,inf,inf,inf,0.0,{'ROAD_LINE_BROKEN_SINGLE_WHITE'},False,False,,False,False,,0,True,,False,0,0,,inf,inf,inf,inf,False,False,42.42900014513147,inf,0.0,False,False,1,-1,,False,False,0.0,28.083911428662795,inf,2.590510391235392,0.0,,False,low_risk_verified,,False,False,0.0,inf,inf,inf,False,0.0,,,
6000,1007,1,168,168,0.31159043312072754,0.9717665910720825,0.31159043312072754,0.9717665910720825,0.0,0.0,True,False,inactive_raw_action,raw_action_safe,0,0,0,0,low_risk_verified_passthrough,0,0,0,False,False,False,False,False,False,False,False,True,0.3886057108760332,9.703746227300558,0.0,False,max_steps,,inf,,inf,inf,inf,inf,inf,inf,inf,inf,0.0,{'ROAD_LINE_BROKEN_SINGLE_WHITE'},False,False,,False,False,,0,True,,False,0,0,,inf,inf,inf,inf,False,False,33.446503838432015,inf,2.9990573805920495,False,False,1,-1,,False,False,0.0,26.841344028439224,inf,2.8831792106628824,0.0,,False,low_risk_verified,,False,False,0.0,inf,inf,inf,False,0.0,,,
6000,1007,1,169,169,0.4374549388885498,0.9704437255859375,0.4374549388885498,0.9704437255859375,0.0,0.0,True,False,inactive_raw_action,raw_action_safe,0,0,0,0,low_risk_verified_passthrough,0,0,0,False,False,False,False,False,False,False,False,True,0.39083500790913867,9.744612920613372,0.0,False,max_steps,,inf,,inf,inf,inf,inf,inf,inf,inf,inf,0.0,set(),False,False,,False,False,,0,True,,False,0,0,,inf,inf,inf,inf,False,False,31.134082996723716,inf,4.244951712853761,False,False,1,-1,,False,False,0.0,26.567096858226662,inf,3.2012901535034586,0.0,,False,low_risk_verified,,False,False,0.0,inf,inf,inf,False,0.0,,,
6000,1007,1,170,170,0.4890568256378174,0.9561765193939209,0.4890568256378174,0.9561765193939209,0.0,0.0,True,False,inactive_raw_action,raw_action_safe,0,0,0,0,low_risk_verified_passthrough,0,0,0,False,False,False,False,False,False,False,False,True,0.3931053590542047,9.778222982807376,0.0,False,max_steps,,inf,,inf,inf,inf,inf,inf,inf,inf,inf,0.0,set(),False,False,,False,False,,0,True,,False,0,0,,inf,inf,inf,inf,False,False,30.215137534496908,inf,4.765669462024436,False,False,1,-1,,False,False,0.0,26.48389264943384,inf,3.4919138183594156,0.0,,False,low_risk_verified,,False,False,0.0,inf,inf,inf,False,0.0,,,
6000,1007,1,171,171,0.4299710988998413,0.9749524593353271,0.4299710988998413,0.9749524593353271,0.0,0.0,True,False,inactive_raw_action,raw_action_safe,0,0,0,0,low_risk_verified_passthrough,0,0,0,False,False,False,False,False,False,False,False,True,0.39541841675759815,9.865135843920262,0.0,False,max_steps,,inf,,inf,inf,inf,inf,inf,inf,inf,inf,0.0,set(),False,False,,False,False,,0,True,,False,0,0,,inf,inf,inf,inf,False,False,29.785380952455444,inf,0.0,False,False,1,-1,,False,False,0.0,26.163098665572207,inf,3.710572742462117,0.0,,False,low_risk_verified,,False,False,0.0,inf,inf,inf,False,0.0,,,
6000,1007,1,172,172,0.28903472423553467,0.9837918281555176,0.28903472423553467,0.9837918281555176,0.0,0.0,True,False,inactive_raw_action,raw_action_safe,0,0,0,0,low_risk_verified_passthrough,0,0,0,False,False,False,False,False,False,False,False,True,0.39778376520824726,10.076221015730303,0.0,False,max_steps,,inf,,inf,inf,inf,inf,inf,inf,inf,inf,0.0,set(),False,False,,False,False,,0,True,,False,0,0,,inf,inf,inf,inf,False,False,28.490956398529395,inf,0.0,False,False,1,-1,,False,False,0.0,25.733914389284337,inf,3.5220003356933183,0.0,,False,low_risk_verified,,False,False,0.0,inf,inf,inf,False,0.0,,,
6000,1007,1,173,173,0.18352341651916504,0.9848413467407227,0.18352341651916504,0.9848413467407227,0.0,0.0,True,False,inactive_raw_action,raw_action_safe,0,0,0,0,low_risk_verified_passthrough,0,0,0,False,False,False,False,False,False,False,False,True,0.4002190305007326,10.38209192662651,0.0,False,max_steps,,inf,,inf,inf,inf,inf,inf,inf,inf,inf,0.0,set(),False,False,,False,False,,0,True,,False,0,0,,inf,inf,inf,inf,False,False,25.399241277813655,inf,0.0,False,False,1,-1,,False,False,0.0,24.964124767422284,inf,3.396104835510213,0.0,,False,low_risk_verified,,False,False,0.0,inf,inf,inf,False,0.0,,,
6000,1007,1,174,174,0.08165264129638672,0.9845504760742188,0.08165264129638672,0.9845504760742188,0.0,0.0,True,False,inactive_raw_action,raw_action_safe,0,0,0,0,low_risk_verified_passthrough,0,0,0,False,False,False,False,False,False,False,False,True,0.40273118963082555,10.690254388069816,0.0,False,max_steps,,inf,,inf,inf,inf,inf,inf,inf,inf,inf,0.0,set(),False,False,,False,False,,0,True,,False,0,0,,inf,inf,inf,inf,False,False,21.8267866771686,inf,0.0,False,False,1,-1,,False,False,0.0,23.887427676355628,inf,3.3277218570708818,0.0,,False,low_risk_verified,,False,False,0.0,inf,inf,inf,False,0.0,,,
6000,1007,1,175,175,-0.021830320358276367,0.9686934947967529,-0.021830320358276367,0.9686934947967529,0.0,0.0,True,False,inactive_raw_action,raw_action_safe,0,0,0,0,low_risk_verified_passthrough,0,0,0,False,False,False,False,False,False,False,False,True,0.4053154688645772,10.97011814117651,0.0,False,max_steps,,inf,,inf,inf,inf,inf,inf,inf,inf,inf,0.0,set(),False,False,,False,False,,0,True,,False,0,0,,inf,inf,inf,inf,False,False,19.033397340718608,inf,0.23337167800303377,False,False,1,-1,,False,False,0.0,22.88195642857611,inf,3.2928872337340898,0.0,,False,low_risk_verified,,False,False,0.0,inf,inf,inf,False,0.0,,,
6000,1007,1,176,176,-0.07120269536972046,0.9330966472625732,-0.07120269536972046,0.9330966472625732,0.0,0.0,True,False,inactive_raw_action,raw_action_safe,0,0,0,0,low_risk_verified_passthrough,0,0,0,False,False,False,False,False,False,False,False,True,0.4079661030002186,11.24183469493583,0.0,False,max_steps,,inf,,inf,inf,inf,inf,inf,inf,inf,inf,0.0,set(),False,False,,False,False,,0,True,,False,0,0,,inf,inf,inf,inf,False,False,16.972882801304234,inf,0.781101980176035,False,False,1,-1,,False,False,0.0,22.073626074269335,inf,3.2664866676330155,0.0,,False,low_risk_verified,,False,False,0.0,inf,inf,inf,False,0.0,,,
6000,1007,1,177,177,-0.09771585464477539,0.8496878147125244,-0.09771585464477539,0.8496878147125244,0.0,0.0,True,False,inactive_raw_action,raw_action_safe,0,0,0,0,low_risk_verified_passthrough,0,0,0,False,False,False,False,False,False,False,False,True,0.4106776940462844,11.48889112446587,0.0,False,max_steps,,inf,,inf,inf,inf,inf,inf,inf,inf,inf,0.0,set(),False,False,,False,False,,0,True,,False,0,0,,inf,inf,inf,inf,False,False,15.291135874654199,inf,1.0985054849909426,False,False,1,-1,,False,False,0.0,21.611124822695047,inf,3.2244315376281327,0.0,,False,low_risk_verified,,False,False,0.0,inf,inf,inf,False,0.0,,,
6000,1007,1,178,178,-0.053233981132507324,0.8868227005004883,-0.053233981132507324,0.8868227005004883,0.0,0.0,True,False,inactive_raw_action,raw_action_safe,0,0,0,0,low_risk_verified_passthrough,0,0,0,False,False,False,False,False,False,False,False,True,0.41344605580531174,11.759937914745711,0.0,False,max_steps,,inf,,inf,inf,inf,inf,inf,inf,inf,inf,0.0,set(),False,False,,False,False,,0,True,,False,0,0,,inf,inf,inf,inf,False,False,13.96607964648538,inf,0.611599413353247,False,False,1,-1,,False,False,0.0,20.329797620335732,inf,3.155298494338948,0.0,,False,low_risk_verified,,False,False,0.0,inf,inf,inf,False,0.0,,,
6000,1007,1,179,179,0.026561856269836426,0.9015717506408691,0.026561856269836426,0.9015717506408691,0.0,0.0,True,False,inactive_raw_action,raw_action_safe,0,0,0,0,low_risk_verified_passthrough,0,0,0,False,False,False,False,False,False,False,False,True,0.41627743085246455,12.026332948566132,0.0,False,max_steps,,inf,,inf,inf,inf,inf,inf,inf,inf,inf,0.0,{'ROAD_LINE_BROKEN_SINGLE_WHITE'},False,False,,False,False,,0,True,,False,0,0,,inf,inf,inf,inf,False,False,12.719571038849546,inf,0.0,False,False,1,-1,,False,False,0.0,19.122995543974497,inf,3.0586619606017655,0.0,,False,low_risk_verified,,False,False,0.0,inf,inf,inf,False,0.0,,,
6000,1007,1,180,180,0.0710916519165039,0.8611140251159668,0.0710916519165039,0.8611140251159668,0.0,0.0,True,False,inactive_raw_action,raw_action_safe,0,0,0,0,low_risk_verified_passthrough,0,0,0,False,False,False,False,False,False,False,False,True,0.419175160801507,12.276919875805097,0.0,False,max_steps,,inf,,inf,inf,inf,inf,inf,inf,inf,inf,0.0,{'ROAD_LINE_BROKEN_SINGLE_WHITE'},False,False,,False,False,,0,True,,False,0,0,,inf,inf,inf,inf,False,False,11.680308266844316,inf,0.0,False,False,1,-1,,False,False,0.0,18.306550813042747,inf,2.954252504348714,0.0,,False,low_risk_verified,,False,False,0.0,inf,inf,inf,False,0.0,,,
6000,1007,1,181,181,0.06493985652923584,0.7985162734985352,0.06493985652923584,0.7985162734985352,0.0,0.0,True,False,inactive_raw_action,raw_action_safe,0,0,0,0,low_risk_verified_passthrough,0,0,0,False,False,False,False,False,False,False,False,True,0.422136785343404,12.51646661712345,0.0,False,max_steps,,inf,,inf,inf,inf,inf,inf,inf,inf,inf,0.0,{'ROAD_LINE_BROKEN_SINGLE_WHITE'},False,False,,False,False,,0,True,,False,0,0,,inf,inf,inf,inf,False,False,10.855590188617686,inf,0.0,False,False,1,-1,,False,False,0.0,17.70714307273149,inf,2.8646402587890214,0.0,,False,low_risk_verified,,False,False,0.0,inf,inf,inf,False,0.0,,,
6000,1007,1,182,182,0.03781914710998535,0.7988872528076172,0.03781914710998535,0.7988872528076172,0.0,0.0,True,False,inactive_raw_action,raw_action_safe,0,0,0,0,low_risk_verified_passthrough,0,0,0,False,False,False,False,False,False,False,False,True,0.42515863237511786,12.759961857252422,0.0,False,max_steps,,inf,,inf,inf,inf,inf,inf,inf,inf,inf,0.0,{'ROAD_LINE_BROKEN_SINGLE_WHITE'},False,False,,False,False,,0,True,,False,0,0,,inf,inf,inf,inf,False,False,10.17125794302263,inf,0.0,False,False,1,-1,,False,False,0.0,16.620767253678757,inf,2.7988443603515214,0.0,,False,low_risk_verified,,False,False,0.0,inf,inf,inf,False,0.0,,,
6000,1007,1,183,183,-0.02238774299621582,0.7465478181838989,-0.02238774299621582,0.7465478181838989,0.0,0.0,True,False,inactive_raw_action,raw_action_safe,0,0,0,0,low_risk_verified_passthrough,0,0,0,False,False,False,False,False,False,False,False,True,0.42823816814555266,12.983198861504976,0.0,False,max_steps,,inf,,inf,inf,inf,inf,inf,inf,inf,inf,0.0,{'ROAD_LINE_BROKEN_SINGLE_WHITE'},False,False,,False,False,,0,True,,False,0,0,,inf,inf,inf,inf,False,False,6.320890610838981,inf,0.28566674670168396,False,False,1,-1,,False,False,0.0,15.933164666657342,inf,2.752348922729451,0.0,,False,low_risk_verified,,False,False,0.0,inf,inf,inf,False,0.0,,,
6000,1007,1,184,184,-0.0695500373840332,0.6091861724853516,-0.0695500373840332,0.6091861724853516,0.0,0.0,True,False,inactive_raw_action,raw_action_safe,0,0,0,0,low_risk_verified_passthrough,0,0,0,False,False,False,False,False,False,False,False,True,0.4313670937018434,13.1565529191329,0.0,False,max_steps,,inf,,inf,inf,inf,inf,inf,inf,inf,inf,0.0,{'ROAD_LINE_BROKEN_SINGLE_WHITE'},False,False,,False,False,,0,True,,False,0,0,,inf,inf,inf,inf,False,False,6.226595155615365,inf,0.9029819661820083,False,False,1,-1,,False,False,0.0,16.04699387501867,inf,2.7111368408202714,0.0,,False,low_risk_verified,,False,False,0.0,inf,inf,inf,False,0.0,,,
6000,1007,1,185,185,-0.049632728099823,0.514600396156311,-0.049632728099823,0.514600396156311,0.0,0.0,True,False,inactive_raw_action,raw_action_safe,0,0,0,0,low_risk_verified_passthrough,0,0,0,False,False,False,False,False,False,False,False,True,0.4345340255245734,13.311975460705357,0.0,False,max_steps,,inf,,inf,inf,inf,inf,inf,inf,inf,inf,0.0,{'ROAD_LINE_BROKEN_SINGLE_WHITE'},False,False,,False,False,,0,True,,False,0,0,,inf,inf,inf,inf,False,False,6.1594564501144,inf,0.6529956137662557,False,False,1,-1,,False,False,0.0,15.978333046232775,inf,2.653284095764119,0.0,,False,low_risk_verified,,False,False,0.0,inf,inf,inf,False,0.0,,,
6000,1007,1,186,186,0.02632451057434082,0.5841484069824219,0.02632451057434082,0.5841484069824219,0.0,0.0,True,False,inactive_raw_action,raw_action_safe,0,0,0,0,low_risk_verified_passthrough,0,0,0,False,False,False,False,False,False,False,False,True,0.4377376049356188,13.483258005826375,0.0,False,max_steps,,inf,,inf,inf,inf,inf,inf,inf,inf,inf,0.0,{'ROAD_LINE_BROKEN_SINGLE_WHITE'},False,False,,False,False,,0,True,,False,0,0,,inf,inf,inf,inf,False,False,6.0985128321064135,inf,0.0,False,False,1,-1,,False,False,0.0,14.421679262593306,inf,2.5687556495666093,0.0,,False,low_risk_verified,,False,False,0.0,inf,inf,inf,False,0.0,,,
6000,1007,1,187,187,0.07872354984283447,0.54435133934021,0.07872354984283447,0.54435133934021,0.0,0.0,True,False,inactive_raw_action,raw_action_safe,0,0,0,0,low_risk_verified_passthrough,0,0,0,False,False,False,False,False,False,False,False,True,0.4409834135315968,13.631137593385992,0.0,False,max_steps,,inf,,inf,inf,inf,inf,inf,inf,inf,inf,0.0,{'ROAD_LINE_BROKEN_SINGLE_WHITE'},False,False,,False,False,,0,True,,False,0,0,,inf,inf,inf,inf,False,False,6.028712654971232,inf,0.0,False,False,1,-1,,False,False,0.0,13.83039871006732,inf,2.473936580657918,0.0,,False,low_risk_verified,,False,False,0.0,inf,inf,inf,False,0.0,,,
6000,1007,1,188,188,0.07542848587036133,0.4449892044067383,0.07542848587036133,0.4449892044067383,0.0,0.0,True,False,inactive_raw_action,raw_action_safe,0,0,0,0,low_risk_verified_passthrough,0,0,0,False,False,False,False,False,False,False,False,True,0.444267999535652,13.760498123346007,0.0,False,max_steps,,inf,,inf,inf,inf,inf,inf,inf,inf,inf,0.0,{'ROAD_LINE_BROKEN_SINGLE_WHITE'},False,False,,False,False,,0,True,,False,0,0,,inf,inf,inf,inf,False,False,5.984729493093489,inf,0.0,False,False,1,-1,,False,False,0.0,13.900521698956153,inf,2.396992706298787,0.0,,False,low_risk_verified,,False,False,0.0,inf,inf,inf,False,0.0,,,
6000,1007,1,189,189,0.02340996265411377,0.4461994171142578,0.02340996265411377,0.4461994171142578,0.0,0.0,True,False,inactive_raw_action,raw_action_safe,0,0,0,0,low_risk_verified_passthrough,0,0,0,False,False,False,False,False,False,False,False,True,0.4475859282352887,13.897547691033372,0.0,False,max_steps,,inf,,inf,inf,inf,inf,inf,inf,inf,inf,0.0,{'ROAD_LINE_BROKEN_SINGLE_WHITE'},False,False,,False,False,,0,True,,False,0,0,,inf,inf,inf,inf,False,False,5.959014835753437,inf,0.0,False,False,1,-1,,False,False,0.0,13.008730973565138,inf,2.3532786598205155,0.0,,False,low_risk_verified,,False,False,0.0,inf,inf,inf,False,0.0,,,
6000,1007,1,190,190,-0.07189089059829712,0.3091338872909546,-0.07189089059829712,0.3091338872909546,0.0,0.0,True,False,inactive_raw_action,raw_action_safe,0,0,0,0,low_risk_verified_passthrough,0,0,0,False,False,False,False,False,False,False,False,True,0.45093216884934545,13.966406551156485,0.0,False,max_steps,,inf,,inf,inf,inf,inf,inf,inf,inf,inf,0.0,{'ROAD_LINE_BROKEN_SINGLE_WHITE'},False,False,,False,False,,0,True,,False,0,0,,inf,inf,inf,inf,False,False,5.924840316274404,inf,0.9991070806406969,False,False,1,-1,,False,False,0.0,13.531329407637637,inf,2.335612319946248,0.0,,False,low_risk_verified,,False,False,0.0,inf,inf,inf,False,0.0,,,
6000,1007,1,191,191,-0.11120820045471191,0.05114400386810303,-0.11120820045471191,0.05114400386810303,0.0,0.0,True,False,inactive_raw_action,raw_action_safe,0,0,0,0,low_risk_verified_passthrough,0,0,0,False,False,False,False,False,False,False,False,True,0.4542890952832417,13.957847757312717,0.0,False,max_steps,,inf,,inf,inf,inf,inf,inf,inf,inf,inf,0.0,{'ROAD_LINE_BROKEN_SINGLE_WHITE'},False,False,,False,False,,0,True,,False,0,0,,inf,inf,inf,inf,False,False,5.930870483745407,inf,1.553178939373012,False,False,1,-1,,False,False,0.0,15.880239613816647,inf,2.3181786766051835,0.0,,False,low_risk_verified,,False,False,0.0,inf,inf,inf,False,0.0,,,
6000,1007,1,192,192,-0.020601987838745117,0.15798330307006836,-0.020601987838745117,0.15798330307006836,0.0,0.0,True,False,inactive_raw_action,raw_action_safe,0,0,0,0,low_risk_verified_passthrough,0,0,0,False,False,False,False,False,False,False,False,True,0.4576442223866494,14.007486180988312,0.0,False,max_steps,,inf,,inf,inf,inf,inf,inf,inf,inf,inf,0.0,{'ROAD_LINE_BROKEN_SINGLE_WHITE'},False,False,,False,False,,0,True,,False,0,0,,inf,inf,inf,inf,False,False,5.985181171356171,inf,0.2875594097512124,False,False,1,-1,,False,False,0.0,14.029109542648852,inf,2.2651670207976884,0.0,,False,low_risk_verified,,False,False,0.0,inf,inf,inf,False,0.0,,,
6000,1007,1,193,193,0.07055163383483887,0.31552696228027344,0.07055163383483887,0.31552696228027344,0.0,0.0,True,False,inactive_raw_action,raw_action_safe,0,0,0,0,low_risk_verified_passthrough,0,0,0,False,False,False,False,False,False,False,False,True,0.46101161431420284,14.079298525545962,0.0,False,max_steps,,inf,,inf,inf,inf,inf,inf,inf,inf,inf,0.0,{'ROAD_LINE_BROKEN_SINGLE_WHITE'},False,False,,False,False,,0,True,,False,0,0,,inf,inf,inf,inf,False,False,5.995657059865826,inf,0.0,False,False,1,-1,,False,False,0.0,11.567305597001063,inf,2.1764922370910234,0.0,,False,low_risk_verified,,False,False,0.0,inf,inf,inf,False,0.0,,,
6000,1007,1,194,194,0.11511337757110596,0.08139479160308838,0.11511337757110596,0.08139479160308838,0.0,0.0,True,False,inactive_raw_action,raw_action_safe,0,0,0,0,low_risk_verified_passthrough,0,0,0,False,False,False,False,False,False,False,False,True,0.4643960815208812,14.077083126900845,0.0,False,max_steps,,inf,,inf,inf,inf,inf,inf,inf,inf,inf,0.0,{'ROAD_LINE_BROKEN_SINGLE_WHITE'},False,False,,False,False,,0,True,,False,0,0,,inf,inf,inf,inf,False,False,6.000434457034194,inf,0.0,False,False,1,-1,,False,False,0.0,13.590937383466978,inf,2.08909609222408,0.0,,False,low_risk_verified,,False,False,0.0,inf,inf,inf,False,0.0,,,
6000,1007,1,195,195,0.08241617679595947,0.14225780963897705,0.08241617679595947,0.14225780963897705,0.0,0.0,True,False,inactive_raw_action,raw_action_safe,0,0,0,0,low_risk_verified_passthrough,0,0,0,False,False,False,False,False,False,False,False,True,0.4677860568821159,14.117306693013326,0.0,False,max_steps,,inf,,inf,inf,inf,inf,inf,inf,inf,inf,0.0,{'ROAD_LINE_BROKEN_SINGLE_WHITE'},False,False,,False,False,,0,True,,False,0,0,,inf,inf,inf,inf,False,False,6.0766272637069445,inf,0.0,False,False,1,-1,,False,False,0.0,12.303700876522303,inf,2.0365394582748,0.0,,False,low_risk_verified,,False,False,0.0,inf,inf,inf,False,0.0,,,
6000,1007,1,196,196,0.1751173734664917,0.7974950075149536,0.0016032144194468856,0.30000001192092896,-0.17351415753364563,-0.49749499559402466,True,True,predictive_recovery,right_pass,-3.3594127098719686,17.706034226830617,10,6,,0,0,0,False,False,False,False,False,False,False,False,True,0.47118774625204063,14.207646491546301,0.0,False,max_steps,vehicle,47.78802490234375,,inf,inf,inf,6.240001783002137,inf,0.36458729012803137,-8.835549358751862,-0.03834654938733162,0.1328123332293647,{'ROAD_LINE_BROKEN_SINGLE_WHITE'},True,True,raw_collision_risk:vehicle_lateral_margin_violation,True,False,right,12,False,raw_predicted_collision,False,0,0,,inf,inf,inf,inf,False,False,6.125748582490766,inf,0.0,True,False,1,0,,True,False,0.0,7.484329244128711,inf,2.0312539567946977,0.0,vehicle_lateral_margin_violation,True,raw_collision_risk:vehicle_lateral_margin_violation,,False,False,1.1683909073936842,6.240001783002137,inf,0.36458729012803137,True,-17.04818522387403,,,
6000,1007,1,197,197,0.09055101871490479,0.7333439588546753,-0.028993412852287292,0.30000001192092896,-0.11954443156719208,-0.43334394693374634,True,True,predictive_recovery,right_pass,-2.6706427335739544,17.507694306392338,10,8,,0,0,0,False,False,False,False,False,False,False,False,True,0.47461058693546204,14.295535795744355,0.0,False,max_steps,,inf,,inf,inf,inf,5.597569392333419,inf,1.0533572664260453,-16.47060665909305,-0.3984128219816424,0.48567968188353255,{'ROAD_LINE_BROKEN_SINGLE_WHITE'},True,True,raw_collision_risk:cut_in_danger,True,False,right,12,False,raw_predicted_collision,False,0,0,,inf,inf,inf,inf,False,False,5.97182643905125,inf,0.0,True,False,1,0,,True,False,0.0,7.145717632205221,inf,2.0533572664260453,0.0,cut_in_danger,True,raw_collision_risk:cut_in_danger,,False,False,0.0,5.597569392333419,inf,1.0533572664260453,True,-13.794328702248094,,,
6000,1007,1,198,198,0.08371949195861816,0.5772085189819336,-0.03472217172384262,0.30000001192092896,-0.11844166368246078,-0.27720850706100464,True,True,predictive_recovery,right_pass,-2.6486239433288983,16.892974131163058,10,8,,0,0,0,False,False,False,False,False,False,False,False,True,0.47805501958474456,14.384713752266649,0.0,False,max_steps,,inf,,inf,inf,inf,6.064172075726438,inf,1.0753760566711015,-16.01735317370033,-0.42043161222669856,0.5056410258022686,{'ROAD_LINE_BROKEN_SINGLE_WHITE'},True,True,raw_collision_risk:cut_in_danger,True,False,right,12,False,raw_predicted_collision,False,0,0,,inf,inf,inf,inf,False,False,5.787985039039739,inf,0.0,True,False,1,0,,True,False,0.0,7.5157663398141015,inf,2.0753760566711015,0.0,cut_in_danger,True,raw_collision_risk:cut_in_danger,,False,False,0.0,6.064172075726438,inf,1.0753760566711015,True,-12.43343770566564,,,
6000,1007,1,199,199,0.1196063756942749,0.6520810127258301,-0.02312770113348961,0.30000001192092896,-0.1427340805530548,-0.3520810008049011,True,True,predictive_recovery,right_pass,-2.6375377178192547,17.319078309532884,10,6,,0,0,0,False,False,False,False,False,False,False,False,True,0.48152115436297943,14.47577933441536,0.0,False,max_steps,,inf,,inf,inf,inf,4.742597972800288,inf,1.086462282180745,-18.255870137943532,-0.431517599317763,0.6270587939762952,{'ROAD_LINE_BROKEN_SINGLE_WHITE'},True,True,raw_collision_risk:cut_in_danger,True,False,right,12,False,raw_predicted_collision,False,0,0,,inf,inf,inf,inf,False,False,5.5978463944786885,inf,0.0,True,False,1,0,,True,False,0.0,6.165454934246323,inf,2.086462282180745,0.0,cut_in_danger,True,raw_collision_risk:cut_in_danger,,False,False,0.0,4.742597972800288,inf,1.086462282180745,True,-13.591212440464489,,,
6000,1007,1,200,200,0.14629733562469482,0.6706293821334839,-0.007088509853929281,0.30000001192092896,-0.15338584780693054,-0.37062937021255493,True,True,predictive_recovery,right_pass,-2.640490412712138,17.493611554016038,10,6,,0,0,0,False,False,False,False,False,False,False,False,True,0.48500910143325776,14.567084178991236,0.0,False,max_steps,,inf,,inf,inf,inf,3.913776816295808,inf,1.0835095872878617,-19.191722601800706,-0.4285644275877215,0.6816216882634312,{'ROAD_LINE_BROKEN_SINGLE_WHITE'},True,True,raw_collision_risk:cut_in_danger,True,False,right,12,False,raw_predicted_collision,False,0,0,,inf,inf,inf,inf,False,False,5.407237923875288,inf,0.0,True,False,1,0,,True,False,0.0,7.333505012088013,inf,2.0835095872878617,0.0,cut_in_danger,True,raw_collision_risk:cut_in_danger,,False,False,0.0,3.913776816295808,inf,1.0835095872878617,True,-14.190034844677626,,,
6000,1007,1,201,201,0.17326581478118896,0.7157875299453735,0.004618641920387745,0.30000001192092896,-0.1686471700668335,-0.4157875180244446,True,True,predictive_recovery,right_pass,-2.652774691581767,17.788128063745418,10,6,,0,0,0,False,False,False,False,False,False,False,False,True,0.4885188975166098,14.658066483993045,0.0,False,max_steps,,inf,,inf,inf,inf,2.9858489883084776,inf,1.0712253084182328,-18.142243189605047,-0.5470671857551294,0.5973289964415245,{'ROAD_LINE_BROKEN_SINGLE_WHITE'},True,True,raw_collision_risk:cut_in_danger,True,False,right,12,False,raw_predicted_collision,False,0,0,,inf,inf,inf,inf,False,False,5.222453190990676,inf,0.0,True,False,1,0,,True,False,0.0,6.313558823951809,inf,2.071225308418233,0.0,cut_in_danger,True,raw_collision_risk:cut_in_danger,,False,False,0.0,2.9858489883084776,inf,1.0712253084182328,True,-14.73216232185959,,,
6000,1007,1,202,202,0.1659250259399414,0.6894022226333618,0.009007716551423073,0.30000001192092896,-0.15691730380058289,-0.38940221071243286,True,True,predictive_recovery,right_pass,-2.668416142463725,17.760376485843175,10,6,,0,0,0,False,False,False,False,False,False,False,False,True,0.49205065277612686,14.749005806071077,0.0,False,max_steps,,inf,,inf,inf,inf,2.537982539911477,inf,1.0555838575362748,-18.153720962547155,-0.5314262117103296,0.6062273025346565,{'ROAD_LINE_BROKEN_SINGLE_WHITE'},True,True,raw_collision_risk:cut_in_danger,True,False,right,12,False,raw_predicted_collision,False,0,0,,inf,inf,inf,inf,False,False,5.045901961930876,inf,0.0,True,False,1,0,,True,False,0.0,5.701498492721578,inf,2.055583857536275,0.0,cut_in_danger,True,raw_collision_risk:cut_in_danger,,False,False,0.0,2.537982539911477,inf,1.0555838575362748,True,-14.938053692237702,,,
6000,1007,1,203,203,0.16146326065063477,0.6535677909851074,0.007541042752563953,0.30000001192092896,-0.1539222151041031,-0.35356777906417847,True,True,predictive_recovery,right_pass,-2.6826188564300946,17.69006086550406,10,7,,0,0,0,False,False,False,False,False,False,False,False,True,0.49560433049077846,14.840089750950316,0.0,False,max_steps,,inf,,inf,inf,inf,2.1744896324116887,inf,1.0413811435699052,-17.992886398589505,-0.5172230209068017,0.6105854624745592,{'ROAD_LINE_BROKEN_SINGLE_WHITE'},True,True,raw_collision_risk:vehicle_lateral_margin_violation,True,False,right,12,False,raw_predicted_collision,False,0,0,,inf,inf,inf,inf,False,False,4.876397907872153,inf,0.0,True,False,1,0,,True,False,0.0,5.154622563011333,inf,2.041381143569905,0.0,vehicle_lateral_margin_violation,True,raw_collision_risk:vehicle_lateral_margin_violation,,False,False,0.0,2.1744896324116887,inf,1.0413811435699052,True,-15.09489266254485,,,
6000,1007,1,204,204,0.1493086814880371,0.6394786834716797,0.0035123308189213276,0.30000001192092896,-0.14579634368419647,-0.33947867155075073,True,True,predictive_recovery,right_pass,-2.6931493282318524,17.717743826572875,10,6,,0,0,0,False,False,False,False,False,False,False,False,True,0.49918004082365575,14.93123765617686,0.0,False,max_steps,,inf,,inf,inf,inf,1.7315455353124598,inf,1.0308506717681474,-18.3685903974798,-0.5066920722678857,0.6380895832399671,{'ROAD_LINE_BROKEN_SINGLE_WHITE'},True,True,raw_collision_risk:vehicle_lateral_margin_violation,True,False,right,12,False,raw_predicted_collision,False,0,0,,inf,inf,inf,inf,False,False,4.711598522483583,inf,0.0,True,False,1,0,,True,False,0.0,4.491671156588545,inf,2.0308506717681474,0.0,vehicle_lateral_margin_violation,True,raw_collision_risk:vehicle_lateral_margin_violation,,False,False,0.0,1.7315455353124598,inf,1.0308506717681474,True,-15.774258616436498,,,
6000,1007,1,205,205,0.16660809516906738,0.5643599033355713,-0.00018500280566513538,0.30000001192092896,-0.166793093085289,-0.26435989141464233,True,True,predictive_recovery,right_pass,-2.7004538774490765,17.470857221186932,10,6,,0,0,0,False,False,False,False,False,False,False,False,True,0.5027776736116676,15.02236801931084,0.0,False,max_steps,,inf,,inf,inf,inf,1.6279487515708269,inf,1.0235461225509233,-17.407955438029276,-0.4993875230506616,0.6074186860237946,{'ROAD_LINE_BROKEN_SINGLE_WHITE'},True,True,raw_collision_risk:vehicle_lateral_margin_violation,True,False,right,12,False,raw_predicted_collision,False,0,0,,inf,inf,inf,inf,False,False,4.549703905967799,inf,0.0,True,False,1,0,,True,False,0.0,4.212330289147609,inf,2.0235461225509233,0.0,vehicle_lateral_margin_violation,True,raw_collision_risk:vehicle_lateral_margin_violation,,False,False,0.0,1.6279487515708269,inf,1.0235461225509233,True,-15.372785447505194,,,
6000,1007,1,206,206,0.1608220338821411,0.5179753303527832,0.1608220338821411,0.5179753303527832,0.0,0.0,True,False,inactive_raw_action,raw_action,0,0,10,7,raw_action_safe_or_candidate_not_better,0,0,0,False,False,False,False,False,False,False,False,True,0.5063949888719611,15.082570597352694,0.0,False,max_steps,,inf,,inf,inf,inf,0.5245751290572715,inf,1.017805718421895,inf,inf,0.0,{'ROAD_LINE_BROKEN_SINGLE_WHITE'},False,False,,False,False,,0,False,vehicle_margin_uncertain_or_low,False,0,0,,inf,inf,inf,inf,False,False,4.3898783063085025,inf,0.0,False,False,1,0,,False,False,0.08262746128281855,0.5245751290572715,inf,2.017805718421895,0.0,,False,raw_action_safe_or_candidate_not_better,candidate_not_better,False,False,0.0,1.3903689528185712,inf,1.017805718421895,False,-14.967734066569491,,,
6000,1007,1,207,207,0.1559441089630127,0.5982812643051147,-0.011642375960946083,0.18000000715255737,-0.16758649051189423,-0.4182812571525574,True,True,predictive_recovery,right_pass,-2.700130581855815,15.082570597352694,10,6,,0,0,0,False,False,False,False,False,False,False,False,True,0.5100257440293722,15.132896804260353,0.0,False,max_steps,,inf,,inf,inf,inf,4.357812965123163,inf,1.023869418144185,-5.391459650894184,-0.4997103418067651,0.11227818320644303,{'ROAD_LINE_BROKEN_SINGLE_WHITE'},True,True,raw_collision_risk:vehicle_lateral_margin_violation,True,False,right,12,False,raw_predicted_collision,False,0,0,,inf,inf,inf,inf,False,False,4.2564475863254065,inf,0.0,True,False,1,0,,True,False,0.0,4.5570158276472625,inf,2.023869418144185,0.0,vehicle_lateral_margin_violation,True,raw_collision_risk:vehicle_lateral_margin_violation,,False,False,0.0,4.9099616115163744,inf,1.023869418144185,False,-23.911355666445488,,,
6000,1007,1,208,208,0.10005748271942139,0.5410349369049072,-0.03643631935119629,0.18000000715255737,-0.13649380207061768,-0.36103492975234985,True,True,predictive_recovery,right_pass,-2.6659209728241375,15.132896804260353,10,5,,0,0,0,False,False,False,False,False,False,False,False,True,0.513669351547415,15.183334913847531,0.0,False,max_steps,,inf,,inf,inf,inf,4.231063806563185,inf,1.0580790271758622,-6.09347206817317,-0.5339199508384423,0.13872048019421382,{'ROAD_LINE_BROKEN_SINGLE_WHITE'},True,True,raw_collision_risk:cut_in_danger,True,False,right,12,False,raw_predicted_collision,False,0,0,,inf,inf,inf,inf,False,False,4.137669977051968,inf,0.0,True,False,1,0,,True,False,0.0,4.167317304965845,inf,2.058079027175862,0.0,cut_in_danger,True,raw_collision_risk:cut_in_danger,,False,False,0.0,4.231063806563185,inf,1.0580790271758622,False,-22.523154368876632,,,
6000,1007,1,209,209,0.08996737003326416,0.4227430820465088,-0.0351133868098259,0.18000000715255737,-0.12508076429367065,-0.24274307489395142,True,True,predictive_recovery,right_slow_follow,-2.641122817993205,3.0,10,4,,0,0,0,False,False,False,False,False,False,False,False,True,0.5173258114260894,15.236384090933232,0.0,False,max_steps,,inf,,inf,inf,inf,18.409458354343194,inf,1.0828771820067948,12.166795595038785,2.210897337878192,0.0,{'ROAD_LINE_BROKEN_SINGLE_WHITE'},True,True,raw_collision_risk:cut_in_danger,True,False,right,12,False,raw_predicted_collision,False,0,0,,inf,inf,inf,inf,False,False,4.007012362658661,inf,0.0,True,False,1,0,,True,False,0.0,4.175774463430534,inf,2.082877182006795,0.0,cut_in_danger,True,raw_collision_risk:cut_in_danger,,False,False,0.0,18.565377266207925,inf,1.0828771820067948,False,-61.71227698746839,,,
6000,1007,1,210,210,0.052800655364990234,0.26989030838012695,-0.01861044205725193,0.18000000715255737,-0.07141109555959702,-0.08989030122756958,True,True,predictive_recovery,right_slow_follow,-2.6329779624939373,3.0,10,4,,0,0,0,False,False,False,False,False,False,False,False,True,0.5209951236653955,15.291254534992323,0.0,False,max_steps,,inf,,inf,inf,inf,17.6705167150934,inf,1.0910220375060624,11.381361443394145,2.2034663076047547,0.0,{'ROAD_LINE_BROKEN_SINGLE_WHITE'},True,True,raw_collision_risk:cut_in_danger,True,False,right,12,False,raw_predicted_collision,False,0,0,,inf,inf,inf,inf,False,False,3.8690557145778843,inf,0.0,True,False,1,0,,True,False,0.0,4.501702145722298,inf,2.0910220375060624,0.0,cut_in_danger,True,raw_collision_risk:cut_in_danger,,False,False,0.0,17.833206885099777,inf,1.0910220375060624,False,-58.0087724079215,,,
6000,1007,1,211,211,0.07118535041809082,0.2031846046447754,-0.0011349403066560626,0.18000000715255737,-0.07232028990983963,-0.023184597492218018,True,True,predictive_recovery,right_slow_follow,-2.6408876180649212,3.0,10,4,,0,0,0,False,False,False,False,False,False,False,False,True,0.5246774351494548,15.345964460429801,0.0,False,max_steps,,inf,,inf,inf,inf,16.928343857816195,inf,1.0831123819350785,9.841937545667161,2.1507429042745514,0.0,{'ROAD_LINE_BROKEN_SINGLE_WHITE'},True,True,raw_collision_risk:cut_in_danger,True,False,right,12,False,raw_predicted_collision,False,0,0,,inf,inf,inf,inf,False,False,3.730447341263175,inf,0.0,True,False,1,0,,True,False,0.0,4.2890438322611555,inf,2.0831123819350785,0.0,cut_in_danger,True,raw_collision_risk:cut_in_danger,,False,False,0.0,17.096655507198072,inf,1.0831123819350785,False,-56.52818671216513,,,
6000,1007,1,212,212,0.07437360286712646,0.2221442461013794,0.009471705183386803,0.18000000715255737,-0.06490189582109451,-0.04214423894882202,True,True,predictive_recovery,right_pass,-2.657522678375285,15.345964460429801,10,6,,0,0,0,False,False,False,False,False,False,False,False,True,0.5283728560413583,15.400297247058685,0.0,False,max_steps,,inf,,inf,inf,inf,1.083261157258903,inf,1.0664773216247148,-10.979008261500114,-0.6446287791640671,0.3498257666284511,{'ROAD_LINE_BROKEN_SINGLE_WHITE'},True,True,raw_collision_risk:vehicle_lateral_margin_violation,True,False,right,12,False,raw_predicted_collision,False,0,0,,inf,inf,inf,inf,False,False,3.5966356441498286,inf,0.0,True,False,1,0,,True,False,0.0,3.4725504774953517,inf,2.0664773216247148,0.0,vehicle_lateral_margin_violation,True,raw_collision_risk:vehicle_lateral_margin_violation,,False,False,0.0,1.878040669114105,inf,1.0664773216247148,True,-16.971141932806077,,,
6000,1007,1,213,213,0.015586495399475098,0.08493268489837646,0.010636362247169018,0.08493268489837646,-0.00495013315230608,0.0,True,True,predictive_recovery,right_slow_follow,-2.675558805465739,3.0,10,7,,0,0,0,False,False,False,False,False,False,False,False,True,0.5320797706157695,15.42590427669218,0.0,False,max_steps,,inf,,inf,inf,inf,15.437055573304098,inf,1.0484411945342607,8.184935242962787,-0.01505199898613896,0.0002508666497689827,{'ROAD_LINE_BROKEN_SINGLE_WHITE'},True,True,raw_collision_risk:vehicle_lateral_margin_violation,True,False,right,12,False,raw_predicted_collision,False,0,0,,inf,inf,inf,inf,False,False,3.4687916027681607,inf,0.0,True,False,1,0,,True,False,0.0,3.8371877939145023,inf,2.0484411945342607,0.0,vehicle_lateral_margin_violation,True,raw_collision_risk:vehicle_lateral_margin_violation,,False,False,0.0,15.618518380256296,inf,1.0484411945342607,False,-54.07763768054198,,,
6000,1007,1,214,214,-0.00017595291137695312,0.019040346145629883,0.0065791248343884945,0.019040346145629883,0.006755077745765448,0.0,True,True,predictive_recovery,right_slow_follow,-2.6899112462997845,3.0,10,7,,0,0,0,False,False,False,False,False,False,False,False,True,0.5357921199026764,15.431678574600662,0.0,False,max_steps,,inf,,inf,inf,inf,14.721060286325114,inf,1.0340887537002152,7.490844602140825,-0.1198259398495708,0.002161636266590646,{'ROAD_LINE_BROKEN_SINGLE_WHITE'},True,True,raw_collision_risk:vehicle_lateral_margin_violation,True,False,right,12,False,raw_predicted_collision,False,0,0,,inf,inf,inf,inf,False,False,3.358716108193166,inf,0.002714232768106181,True,False,1,0,,True,False,0.0,3.732749160115109,inf,2.0340887537002152,0.0,vehicle_lateral_margin_violation,True,raw_collision_risk:vehicle_lateral_margin_violation,,False,False,0.0,14.909432348970112,inf,1.0340887537002152,False,-52.631655056524366,,,
6000,1007,1,215,215,-0.023165643215179443,-0.04094356298446655,0.001344566815532744,0.0,0.024510210379958153,0.04094356298446655,True,True,predictive_recovery,right_slow_follow,-2.6993552446365765,3.0,10,7,,0,0,0,False,False,False,False,False,False,False,False,True,0.5395036246058847,15.395333381839091,0.0,False,max_steps,,inf,,inf,inf,inf,14.027462102260868,inf,1.0246447553634233,6.873154717968291,-0.2291636229267825,0.0055747442210162075,{'ROAD_LINE_BROKEN_SINGLE_WHITE'},True,True,raw_collision_risk:vehicle_lateral_margin_violation,True,False,right,12,False,raw_predicted_collision,False,0,0,,inf,inf,inf,inf,False,False,3.2587802270350577,inf,0.3574847600705278,True,False,1,0,,True,False,0.0,3.9418467687232575,inf,2.0246447553634233,0.0,vehicle_lateral_margin_violation,True,raw_collision_risk:vehicle_lateral_margin_violation,,False,False,0.0,14.222833195006055,inf,1.0246447553634233,False,-50.275052111441155,,,
6000,1007,1,216,216,-0.0269240140914917,-0.12203633785247803,-0.002198887523263693,0.0,0.02472512610256672,0.12203633785247803,True,True,predictive_recovery,right_slow_follow,-2.705551505088847,3.0,10,4,,0,0,0,False,False,False,False,False,False,False,False,True,0.5432067936351976,15.35895406002069,0.0,False,max_steps,,inf,,inf,inf,inf,13.386069225139503,inf,1.0184484949111527,6.3670965985559675,-0.345675109121535,0.010860144344965619,{'ROAD_LINE_BROKEN_SINGLE_WHITE'},True,True,raw_collision_risk:vehicle_lateral_margin_violation,True,False,right,12,False,raw_predicted_collision,False,0,0,,inf,inf,inf,inf,False,False,3.1769842447555865,inf,0.41450417291584823,True,False,1,0,,True,False,0.0,4.735106086709541,inf,2.0184484949111527,0.0,vehicle_lateral_margin_violation,True,raw_collision_risk:vehicle_lateral_margin_violation,,False,False,0.0,13.588263963542714,inf,1.0184484949111527,False,-46.34181953277037,,,
6000,1007,1,217,217,0.02385401725769043,-0.12745165824890137,-0.002814752981066704,0.0,-0.026668770238757133,0.12745165824890137,True,True,predictive_recovery,right_pass,-2.710889458656352,15.35895406002069,10,6,,0,0,0,False,False,False,False,False,False,False,False,True,0.5469012597803113,15.322584603601854,0.0,False,max_steps,,inf,,inf,inf,inf,-0.35827502401906886,inf,1.0131105413436479,-13.47977093044682,-0.7063917699389989,0.5219197635487313,{'ROAD_LINE_BROKEN_SINGLE_WHITE'},True,True,raw_collision_risk:vehicle_lateral_margin_violation,True,False,right,12,False,raw_predicted_collision,False,0,0,,inf,inf,inf,inf,False,False,3.0935262340268195,inf,0.0,True,False,1,0,,True,False,0.0,4.290841938427185,inf,2.013110541343648,0.0,vehicle_lateral_margin_violation,True,raw_collision_risk:vehicle_lateral_margin_violation,,False,False,0.04962199438587398,0.6345933520470868,inf,1.0131105413436479,True,-11.653226682606245,,,
6000,1007,1,218,218,0.012018680572509766,-0.15529608726501465,-0.002374261850491166,0.0,-0.014392942190170288,0.15529608726501465,True,True,predictive_recovery,right_slow_follow,-2.7169946432114056,3.0,10,4,,0,0,0,False,False,False,False,False,False,False,False,True,0.5505869128781348,15.286225067541343,0.0,False,max_steps,,inf,,inf,inf,inf,12.118157865840615,inf,1.0070053567885942,5.331294053165486,-0.47051574837719967,0.01840475359551701,{'ROAD_LINE_BROKEN_SINGLE_WHITE'},True,True,raw_collision_risk:vehicle_lateral_margin_violation,True,False,right,12,False,raw_predicted_collision,False,0,0,,inf,inf,inf,inf,False,False,3.008774835029276,inf,0.0,True,False,1,0,,True,False,0.0,4.219855088882383,inf,2.007005356788594,0.0,vehicle_lateral_margin_violation,True,raw_collision_risk:vehicle_lateral_margin_violation,,False,False,0.0,12.335242013712953,inf,1.0070053567885942,False,-44.75412430110456,,,
6000,1007,1,219,219,0.013091683387756348,0.09201037883758545,-0.0009783590212464333,0.09201037883758545,-0.014070042409002781,0.0,True,True,predictive_recovery,right_slow_follow,-2.7243831157684735,3.0,10,4,,0,0,0,False,False,False,False,False,False,False,False,True,0.5542675351947968,15.314171254252358,0.0,False,max_steps,,inf,,inf,inf,inf,11.492658667988007,inf,0.9996168842315264,4.799673345419826,-0.46051301610028317,0.017737904777055908,{'ROAD_LINE_BROKEN_SINGLE_WHITE'},True,True,raw_collision_risk:vehicle_lateral_margin_violation,True,False,right,12,False,raw_predicted_collision,False,0,0,,inf,inf,inf,inf,False,False,2.9233537197952413,inf,0.0,True,False,1,0,,True,False,0.0,2.1180111235402563,inf,1.9996168842315263,0.0,vehicle_lateral_margin_violation,True,raw_collision_risk:vehicle_lateral_margin_violation,,False,False,0.00019155788423680375,11.717965642077061,inf,0.9996168842315264,False,-54.62727255152315,,,
6000,1007,1,220,220,0.0063658952713012695,0.10146534442901611,0.0002526474418118596,0.10146534442901611,-0.006113247945904732,0.0,True,True,predictive_recovery,right_slow_follow,-2.732888102531474,3.0,10,4,,0,0,0,False,False,False,False,False,False,False,False,True,0.5579543633655922,15.344991095672455,0.0,False,max_steps,,inf,,inf,inf,inf,10.794709632830397,inf,0.9911118974685259,4.0433366704649885,-0.571183339825383,0.026379475849646117,{'ROAD_LINE_BROKEN_SINGLE_WHITE'},True,True,raw_collision_risk:vehicle_lateral_margin_violation,True,False,right,12,False,raw_predicted_collision,False,0,0,,inf,inf,inf,inf,False,False,2.8112993425643293,inf,0.0,True,False,1,0,,True,False,0.0,1.5305127690724145,inf,1.9911118974685258,0.0,vehicle_lateral_margin_violation,True,raw_collision_risk:vehicle_lateral_margin_violation,,False,False,0.004444051265737048,11.029928903855705,inf,0.9911118974685259,False,-55.56827617154747,,,
6000,1007,1,221,221,0.011093854904174805,0.13489806652069092,0.011093854904174805,0.13489806652069092,0.0,0.0,True,False,inactive_raw_action,raw_action,0,0,10,6,raw_action_safe_or_candidate_not_better,0,0,0,False,False,False,False,False,False,False,False,True,0.5616492334420401,15.385570561385629,0.0,False,max_steps,,inf,,inf,inf,inf,-0.3724068451284226,inf,0.9820857276916094,inf,inf,0.0,{'ROAD_LINE_BROKEN_SINGLE_WHITE'},False,False,,False,False,,0,False,vehicle_margin_uncertain_or_low,False,0,0,,inf,inf,inf,inf,False,False,2.699000935188332,inf,0.0,False,False,1,0,,False,False,0.8509622430988941,-0.3724068451284226,inf,1.9820857276916093,0.0,,False,raw_action_safe_or_candidate_not_better,candidate_not_better,False,False,0.09489594929706978,0.5535156154526875,inf,0.9820857276916094,False,-14.76945661747449,,,
6000,1007,1,222,222,0.004487752914428711,0.12768995761871338,-0.0003495865094009787,0.12768995761871338,-0.004837339278310537,0.0,True,True,predictive_recovery,right_pass,-2.7489765882492474,15.385570561385629,10,6,,0,0,0,False,False,False,False,False,False,False,False,True,0.5653536509863858,15.424341169652271,0.0,False,max_steps,,inf,,inf,inf,inf,-0.3274092039831964,inf,0.9750234117507525,-25.645367671628673,-0.7562519913072939,1.396054578144693,{'ROAD_LINE_BROKEN_SINGLE_WHITE'},True,True,raw_collision_risk:vehicle_lateral_margin_violation,True,False,right,12,False,raw_predicted_collision,False,0,0,,inf,inf,inf,inf,False,False,2.5847478546193328,inf,0.0,True,False,1,0,,True,False,0.0,1.6397235209149432,inf,1.9750234117507524,0.0,vehicle_lateral_margin_violation,True,raw_collision_risk:vehicle_lateral_margin_violation,,False,False,0.10069314658118268,0.5928624952184456,inf,0.9750234117507525,True,-26.899289494032942,,,
6000,1007,1,223,223,0.04855692386627197,0.026020526885986328,-0.004342790227383375,0.026020526885986328,-0.052899714559316635,0.0,True,True,predictive_recovery,right_slow_follow,0.7478371858596393,3.0,10,7,,0,0,0,False,False,False,False,False,False,False,False,True,0.5690656697840194,15.432169404791058,0.0,False,max_steps,,inf,,inf,inf,inf,8.670367492742546,inf,0.9718371858596392,1.6271879844861843,-0.6628055158191258,0.03589860713746814,{'ROAD_LINE_BROKEN_SINGLE_WHITE'},True,True,raw_collision_risk:vehicle_lateral_margin_violation,True,False,right,12,False,raw_predicted_collision,False,0,0,,inf,inf,inf,inf,False,False,2.4729279409155405,inf,0.0,True,False,1,0,,True,False,0.0,1.621416413245674,inf,1.971837185859639,0.0,vehicle_lateral_margin_violation,True,raw_collision_risk:vehicle_lateral_margin_violation,,False,False,0.018324851177397794,8.941251980898738,inf,0.9718371858596392,False,-55.42304309060762,,,
6000,1007,1,224,224,0.02826833724975586,-0.2175036072731018,-0.004571772180497646,0.0,-0.03284011036157608,0.2175036072731018,True,True,predictive_recovery,right_slow_follow,0.7438911199569294,3.0,10,4,,0,0,0,False,False,False,False,False,False,False,False,True,0.5727772846503187,15.395778798677734,0.0,False,max_steps,,inf,,inf,inf,inf,7.997310681506564,inf,0.9678911199569292,0.9028718439598471,-0.6563922944598729,0.03525728500154285,{'ROAD_LINE_BROKEN_SINGLE_WHITE'},True,True,raw_collision_risk:vehicle_lateral_margin_violation,True,False,right,12,False,raw_predicted_collision,False,0,0,,inf,inf,inf,inf,False,False,2.370428662772231,inf,0.0,True,False,1,0,,True,False,0.0,2.5397074626653,inf,1.9678911199569291,0.0,vehicle_lateral_margin_violation,True,raw_collision_risk:vehicle_lateral_margin_violation,,False,False,0.022270917080107755,8.281648030610997,inf,0.9678911199569292,False,-44.5171536538422,,,
6000,1007,1,225,225,0.0681300163269043,-0.23218607902526855,-0.002653746632859111,0.0,-0.07078376412391663,0.23218607902526855,True,True,predictive_recovery,right_slow_follow,0.7380200624465534,3.0,10,4,,0,0,0,False,False,False,False,False,False,False,False,True,0.5764805638427228,15.359424933704693,0.0,False,max_steps,,inf,,inf,inf,inf,7.3813881053596795,inf,0.9620200624465532,0.32475217792335087,-0.739519060170209,0.046983242205042915,{'ROAD_LINE_BROKEN_SINGLE_WHITE'},True,True,raw_collision_risk:vehicle_lateral_margin_violation,True,False,right,12,False,raw_predicted_collision,False,0,0,,inf,inf,inf,inf,False,False,2.28126197355737,inf,0.0,True,False,1,0,,True,False,0.0,2.225155980598414,inf,1.9620200624465531,0.0,vehicle_lateral_margin_violation,True,raw_collision_risk:vehicle_lateral_margin_violation,,False,False,0.02814197459048373,7.67935653801217,inf,0.9620200624465532,False,-44.252893598524466,,,
6000,1007,1,226,226,0.09015274047851562,-0.1829158067703247,0.09015274047851562,-0.1829158067703247,0.0,0.0,True,False,inactive_raw_action,raw_action,0,0,10,6,raw_action_safe_or_candidate_not_better,0,0,0,False,False,False,False,False,False,False,False,True,0.5801488846142088,14.830511312267852,0.0,False,max_steps,,inf,,inf,inf,inf,-0.32570067764261035,inf,0.9540800085067339,inf,inf,0.0,{'ROAD_LINE_BROKEN_SINGLE_WHITE'},False,False,,False,False,,0,False,vehicle_margin_uncertain_or_low,False,0,0,,inf,inf,inf,inf,False,False,2.1914714284445056,inf,0.0,False,False,1,0,,False,False,1.0009358080552102,-0.32570067764261035,inf,1.9540800085067338,0.0,,False,raw_action_safe_or_candidate_not_better,candidate_not_better,False,False,0.09984338499759521,0.6523386964285494,inf,0.9540800085067339,False,-12.60142012738114,,,
6000,1007,1,227,227,0.0039212703704833984,-0.2900412082672119,-0.008454582653939724,0.0,-0.012375853024423122,0.2900412082672119,True,True,predictive_recovery,right_slow_follow,0.7326149940490314,3.0,10,4,,0,0,0,False,False,False,False,False,False,False,False,True,0.5837202251444712,14.791235481055589,0.0,False,max_steps,,inf,,inf,inf,inf,6.733817937526139,inf,0.9566149940490313,0.8152459284229323,-0.7348540430422182,0.04643899020677733,{'ROAD_LINE_BROKEN_SINGLE_WHITE'},True,True,raw_collision_risk:vehicle_lateral_margin_violation,True,False,right,12,False,raw_predicted_collision,False,0,0,,inf,inf,inf,inf,False,False,2.267872429955633,inf,0.0,True,False,1,0,,True,False,0.0,2.6704401168874057,inf,1.9566149940490312,0.0,vehicle_lateral_margin_violation,True,raw_collision_risk:vehicle_lateral_margin_violation,,False,False,0.033547042988005704,6.950814775476344,inf,0.9566149940490313,False,-40.923333622301676,,,
6000,1007,1,228,228,-0.04261595010757446,-0.15673720836639404,-0.032637935131788254,0.0,0.009978014975786209,0.15673720836639404,True,True,predictive_recovery,right_slow_follow,-2.7376670837402752,3.0,10,4,,0,0,0,False,False,False,False,False,False,False,False,True,0.5872773913570086,14.751401300970908,0.0,False,max_steps,,inf,,inf,inf,inf,6.16412876912759,inf,0.9863329162597246,0.29644572413393533,-0.7633998995180483,0.0497693401289575,{'ROAD_LINE_BROKEN_SINGLE_WHITE'},True,True,raw_collision_risk:vehicle_lateral_margin_violation,True,False,right,12,False,raw_predicted_collision,False,0,0,,inf,inf,inf,inf,False,False,2.1940223824774545,inf,0.6303425532900502,True,False,1,0,,True,False,0.0,1.7003938762162747,inf,1.9863329162597245,0.0,vehicle_lateral_margin_violation,True,raw_collision_risk:vehicle_lateral_margin_violation,,False,False,0.006833541870137683,6.390231516707789,inf,0.9863329162597246,False,-45.265736434993265,,,
6000,1007,1,229,229,-0.042403459548950195,-0.36357438564300537,-0.03169943392276764,0.0,0.010704025626182556,0.36357438564300537,True,True,predictive_recovery,right_pass,-2.7165842056274823,14.751401300970908,10,6,,0,0,0,False,False,False,False,False,False,False,False,True,0.5908255241960734,14.713798306747027,0.0,False,max_steps,,inf,,inf,inf,inf,-0.36151903062271495,inf,1.0074157943725175,-16.34181224744841,-0.8457912763666227,0.7895652680584133,{'ROAD_LINE_BROKEN_SINGLE_WHITE'},True,True,raw_collision_risk:vehicle_lateral_margin_violation,True,False,right,12,False,raw_predicted_collision,False,0,0,,inf,inf,inf,inf,False,False,2.1068461913556105,inf,0.6255104483560512,True,False,1,0,,True,False,0.0,2.53855355767843,inf,2.0074157943725175,0.0,vehicle_lateral_margin_violation,True,raw_collision_risk:vehicle_lateral_margin_violation,,False,False,0.2577475752374832,0.37481902377944865,inf,1.0074157943725175,True,-6.761418393786187,,,
6000,1007,1,230,230,-0.09269082546234131,-0.16957420110702515,-0.017932739108800888,0.0,0.07475808262825012,0.16957420110702515,True,True,predictive_recovery,right_slow_follow,-2.710063338279765,3.0,10,4,,0,0,0,False,False,False,False,False,False,False,False,True,0.5943646971037264,14.677577138362166,0.0,False,max_steps,,inf,,inf,inf,inf,5.0663585479331275,inf,1.0139366617202348,-0.7325931691025467,-0.853021200568588,0.07339048586771564,{'ROAD_LINE_BROKEN_SINGLE_WHITE'},True,True,raw_collision_risk:vehicle_lateral_margin_violation,True,False,right,12,False,raw_predicted_collision,False,0,0,,inf,inf,inf,inf,False,False,2.011085254457985,inf,1.3638341107387817,True,False,1,0,,True,False,0.0,1.0361778161622723,inf,2.0139366617202348,0.0,vehicle_lateral_margin_violation,True,raw_collision_risk:vehicle_lateral_margin_violation,,False,False,0.0,5.314103836395633,inf,1.0139366617202348,False,-43.62282234463562,,,
6000,1007,1,231,231,-0.08691138029098511,-0.1562848687171936,-0.002592712175101042,0.0,0.08431866765022278,0.1562848687171936,True,True,predictive_recovery,right_slow_follow,-2.7171411514282635,3.0,10,3,,0,0,0,False,False,False,False,False,False,False,False,True,0.5978950202430587,14.64128302189247,0.0,False,max_steps,,inf,,inf,inf,inf,4.667729498820206,inf,1.0068588485717362,-1.250874139612126,-0.8459665140222623,0.07676886908245205,{'ROAD_LINE_BROKEN_SINGLE_WHITE'},True,True,raw_collision_risk:vehicle_lateral_margin_violation,True,False,right,12,False,raw_predicted_collision,False,0,0,,inf,inf,inf,inf,False,False,1.9134969532719404,inf,1.275648488422463,True,False,1,0,,True,False,0.061341569516308356,0.5955281016123055,inf,2.0068588485717362,0.0,vehicle_lateral_margin_violation,True,raw_collision_risk:vehicle_lateral_margin_violation,,False,False,0.0,4.800572468303965,inf,1.0068588485717362,False,-43.87807281831407,,,
6000,1007,1,232,232,-0.020325779914855957,-0.22423595190048218,0.006852692924439907,0.0,0.02717847377061844,0.22423595190048218,True,True,predictive_recovery,right_slow_follow,-2.731810450553935,3.0,10,3,,0,0,0,False,False,False,False,False,False,False,False,True,0.6014165303351009,14.604717016227825,0.0,False,max_steps,,inf,,inf,inf,inf,4.164231674838167,inf,0.992189549446065,-1.7657204019200918,-0.830834921271713,0.07904170890161184,{'ROAD_LINE_BROKEN_SINGLE_WHITE'},True,True,raw_collision_risk:vehicle_lateral_margin_violation,True,False,right,12,False,raw_predicted_collision,False,0,0,,inf,inf,inf,inf,False,False,1.8185818570159349,inf,0.2975954963741035,True,False,1,0,,True,False,0.008022605525398617,0.7732579815820046,inf,1.9921895494460649,0.0,vehicle_lateral_margin_violation,True,raw_collision_risk:vehicle_lateral_margin_violation,,False,False,0.0039052252769675166,4.304279176901522,inf,0.992189549446065,False,-41.66459749915977,,,
6000,1007,1,233,233,-0.003796815872192383,-0.2688133716583252,0.0090132812038064,0.0,0.012810097075998783,0.2688133716583252,True,True,predictive_recovery,right_slow_follow,-2.748063802719157,3.0,10,2,,0,0,0,False,False,False,False,False,False,False,False,True,0.6049293008219134,14.568208207234287,0.0,False,max_steps,,inf,,inf,inf,inf,3.676129622539877,inf,0.9759361972808428,-2.2765635681598066,-0.814652379424484,0.08114106304064561,{'ROAD_LINE_BROKEN_SINGLE_WHITE'},True,True,raw_collision_risk:vehicle_lateral_margin_violation,True,False,right,12,False,raw_predicted_collision,False,0,0,,inf,inf,inf,inf,False,False,1.7274336069777416,inf,0.055451421376091985,True,False,1,0,,True,False,0.006371723942084917,0.7787609201930503,inf,1.9759361972808427,0.0,vehicle_lateral_margin_violation,True,raw_collision_risk:vehicle_lateral_margin_violation,,False,False,0.01422583975619418,3.823953034245811,inf,0.9759361972808428,False,-40.76022217071562,,,
6000,1007,1,234,234,0.05316758155822754,-0.3365587592124939,0.006296318955719471,0.0,-0.04687126353383064,0.3365587592124939,True,True,predictive_recovery,right_slow_follow,0.7381888628005573,3.0,10,2,,0,0,0,False,False,False,False,False,False,False,False,True,0.6084333684245269,14.531837847350669,0.0,False,max_steps,,inf,,inf,inf,inf,3.202496313588039,inf,0.9621888628005572,-2.7843586663388695,-0.828021802796258,0.09740625930559596,{'ROAD_LINE_BROKEN_SINGLE_WHITE'},True,True,raw_collision_risk:vehicle_lateral_margin_violation,True,False,right,12,False,raw_predicted_collision,False,0,0,,inf,inf,inf,inf,False,False,1.6386704502058607,inf,0.0,True,False,1,0,,True,False,0.0,0.9481459256595652,inf,1.962188862800557,0.0,vehicle_lateral_margin_violation,True,raw_collision_risk:vehicle_lateral_margin_violation,,False,False,0.027973174236479825,3.358616204086953,inf,0.9621888628005572,False,-38.66397777493219,,,
6000,1007,1,235,235,-0.013687610626220703,0.12475693225860596,0.002686510793864727,0.12475693225860596,0.016374122351408005,0.0,True,True,predictive_recovery,right_pass,0.7282679080962726,15.093244042514396,10,3,,0,0,0,False,False,False,False,False,False,False,False,True,0.6119330295034952,14.569751230813907,0.0,False,max_steps,,inf,,inf,inf,inf,-2.959852687799212,inf,4.452267908096273,-21.858482592421968,-0.8182758473290339,1.1239885681131054,{'ROAD_LINE_BROKEN_SINGLE_WHITE'},True,True,vehicle_ttc,True,False,right,12,False,vehicle_margin_uncertain_or_low,False,0,0,,inf,inf,inf,inf,False,False,1.5502799557144458,inf,0.19890613813791322,True,False,1,0,,False,False,3.460506709095104,-2.959852687799212,inf,5.452267908096273,0.0,,True,vehicle_ttc,,False,False,2.2794014947255965,-1.9626676989411953,inf,4.452267908096273,False,-3.7827575677872645,,,
6000,1007,1,236,236,0.03138744831085205,0.16760027408599854,-0.0006789889885112643,0.16760027408599854,-0.03206643834710121,0.0,True,True,predictive_recovery,right_pass,0.7211549282073566,14.569751230813907,10,3,,0,0,0,False,False,False,False,False,False,False,False,True,0.6154418708400574,14.620650018860461,0.0,False,max_steps,,inf,,inf,inf,inf,-2.6693279357494752,inf,4.445154928207357,-19.78916686119328,-0.8110500954522029,1.0321514269413092,{'ROAD_LINE_BROKEN_SINGLE_WHITE'},True,True,raw_collision_risk:vehicle_lateral_margin_violation,True,False,right,12,False,raw_predicted_collision,False,0,0,,inf,inf,inf,inf,False,False,1.4431958004490373,inf,0.0,True,False,1,0,,True,False,0.5513460953593117,-0.32109865473492727,inf,5.445154928207357,0.0,vehicle_lateral_margin_violation,True,raw_collision_risk:vehicle_lateral_margin_violation,,False,False,1.9623675386006565,-1.7623969105038095,inf,4.445154928207357,True,-30.545359641218525,,,
6000,1007,1,237,237,-0.06787025928497314,0.24318242073059082,-0.002563179936259985,0.18000000715255737,0.06530708074569702,-0.06318241357803345,True,True,predictive_recovery,right_slow_follow,0.7152644395827839,3.0,10,1,,0,0,0,False,False,False,False,False,False,False,False,True,0.6189630137217957,14.675317697027019,0.0,False,max_steps,,inf,,inf,inf,inf,1.9497525066240513,inf,4.439264439582784,-4.8212764525151695,-0.8052857302559748,0.12378704156943243,{'ROAD_LINE_BROKEN_SINGLE_WHITE'},True,True,raw_collision_risk:vehicle_lateral_margin_violation,True,False,right,12,False,raw_predicted_collision,False,0,0,,inf,inf,inf,inf,False,False,1.3330217044778367,inf,0.9923073076949069,True,False,1,0,,True,False,0.7085555304253491,-0.2939738751858667,inf,5.439264439582784,0.0,vehicle_lateral_margin_violation,True,raw_collision_risk:vehicle_lateral_margin_violation,,False,False,0.0,1.9497525066240513,inf,4.439264439582784,False,-47.724414954216066,,,
6000,1007,1,238,238,-0.11238318681716919,0.40322935581207275,-0.0017480002716183662,0.30000001192092896,0.1106351837515831,-0.1032293438911438,True,True,predictive_recovery,right_pass,0.7090723514556476,16.489849798181346,10,1,,0,0,0,False,False,False,False,False,False,False,False,True,0.6224994325521706,14.766451107525493,0.0,False,max_steps,,inf,,inf,inf,inf,-2.006498703295108,inf,4.433072351455648,-30.817455618106237,-0.7994522236718073,1.426939787991699,{'ROAD_LINE_BROKEN_SINGLE_WHITE'},True,True,raw_collision_risk:cut_in_danger,True,False,right,12,False,raw_predicted_collision,False,0,0,,inf,inf,inf,inf,False,False,1.2221204778960182,inf,1.6492589703462965,True,False,1,0,,True,False,4.180516001999989,-2.807814710520804,inf,5.433072351455648,0.0,cut_in_danger,True,raw_collision_risk:cut_in_danger,,False,False,3.095580839355541,-2.006498703295108,inf,4.433072351455648,False,-0.13343621638654213,,,
6000,1007,1,239,239,-0.17269808053970337,0.08765578269958496,-0.00043700006790459156,-0.8500000238418579,0.1722610741853714,-0.9376558065414429,True,True,minimum_risk_stop,pre_contact_minimum_risk,0,0,10,0,no_safe_candidate_before_cost,0,0,0,False,False,False,False,False,False,False,False,True,0.6259575988668138,13.24036989962391,0.0,False,max_steps,,inf,,inf,inf,inf,inf,inf,inf,inf,inf,0.0,{'ROAD_LINE_BROKEN_SINGLE_WHITE'},True,True,raw_collision_risk:vehicle_lateral_margin_violation,False,False,,0,False,raw_predicted_collision,True,8,0,,inf,inf,inf,inf,False,False,1.1053319703966842,inf,2.5501377626530295,True,False,1,0,,True,False,0.8309206949286486,-0.3035691510560512,inf,5.425886773109395,0.0,vehicle_lateral_margin_violation,True,no_safe_candidate_before_cost,no_hard_safe_candidate,False,False,0.0,inf,inf,inf,False,0.0,,,
6000,1007,1,240,240,-0.16470879316329956,0.4287393093109131,-0.0013901160564273596,0.18000000715255737,0.1633186787366867,-0.2487393021583557,True,True,predictive_recovery,right_slow_follow,0.6942720413207599,3.0,10,1,,0,0,0,False,False,False,False,False,False,False,False,True,0.6291605540203428,13.295048556059639,0.0,False,max_steps,,inf,,inf,inf,inf,1.5063822005106111,inf,4.41827204132076,-2.3816794600290514,-0.7848986767662898,0.09994709948432136,{'ROAD_LINE_BROKEN_SINGLE_WHITE'},True,True,raw_collision_risk:vehicle_lateral_margin_violation,True,False,right,12,False,raw_predicted_collision,False,0,0,,inf,inf,inf,inf,False,False,1.3254259827450499,inf,2.1808053472027322,True,False,1,0,,True,False,0.8244278852034264,-0.29665688359074993,inf,5.41827204132076,0.0,vehicle_lateral_margin_violation,True,raw_collision_risk:vehicle_lateral_margin_violation,,False,False,0.0,1.5063822005106111,inf,4.41827204132076,False,-49.0886554108486,,,
6000,1007,1,241,241,-0.22914880514144897,0.5832927227020264,8.740744669921696e-05,0.30000001192092896,0.22923621535301208,-0.2832927107810974,True,True,predictive_recovery,right_pass,0.6868265867232868,15.919865808218757,10,2,,0,0,0,False,False,False,False,False,False,False,False,True,0.6323647576889047,13.38618443350935,0.0,False,max_steps,,inf,,inf,inf,inf,-1.9403102295493362,inf,4.410826586723287,-28.818859684267053,-0.777592697037591,1.3024404373215623,{'ROAD_LINE_BROKEN_SINGLE_WHITE'},True,True,raw_collision_risk:cut_in_danger,True,False,right,12,False,raw_predicted_collision,False,0,0,,inf,inf,inf,inf,False,False,1.2100133775655753,inf,3.046544490918613,True,False,1,0,,True,False,4.522511284626097,-2.7260763201888163,inf,5.410826586723287,0.0,cut_in_danger,True,raw_collision_risk:cut_in_danger,,False,False,3.272196961623857,-1.9403102295493362,inf,4.410826586723287,False,2.0306742553958514,,,
6000,1007,1,242,242,-0.2965187430381775,0.38681864738464355,0.0006695944466628134,0.30000001192092896,0.29718834161758423,-0.0868186354637146,True,True,predictive_recovery,right_pass,0.6786656379699298,15.126868346740245,10,2,,0,0,0,False,False,False,False,False,False,False,False,True,0.6355905166022973,13.477316939446014,0.0,False,max_steps,,inf,,inf,inf,inf,-1.9839539958859835,inf,4.40266563796993,-23.992781929643588,-0.7696954392327204,1.0981602881660026,{'ROAD_LINE_BROKEN_SINGLE_WHITE'},True,True,raw_collision_risk:cut_in_danger,True,False,right,12,False,raw_predicted_collision,False,0,0,,inf,inf,inf,inf,False,False,1.089220636200277,inf,3.9692545823014105,True,False,1,0,,True,False,4.9685752479489675,-2.906570127185833,inf,5.40266563796993,0.0,cut_in_danger,True,raw_collision_risk:cut_in_danger,,False,False,3.6455238176773896,-1.9839539958859835,inf,4.40266563796993,False,7.537726964187179,,,
6000,1007,1,243,243,-0.4293856620788574,0.21561849117279053,0.00016739861166570336,-0.8500000238418579,0.4295530617237091,-1.0656185150146484,True,True,minimum_risk_stop,pre_contact_minimum_risk,0,0,10,0,no_safe_candidate_before_cost,0,0,0,False,False,False,False,False,False,False,False,True,0.6387367744849255,11.94749669161428,0.0,False,max_steps,,inf,,inf,inf,inf,inf,inf,inf,inf,inf,0.0,{'ROAD_LINE_BROKEN_SINGLE_WHITE'},True,True,predicted_collision_within_1s;vehicle_ttc;raw_collision_risk:vehicle_lateral_margin_violation,False,False,,0,False,raw_predicted_collision,True,8,0,,inf,inf,inf,inf,False,False,0.9713298595917322,inf,5.786966657090627,True,False,1,0,,True,False,0.8140465168318264,-0.24714278920374566,inf,5.394434474945028,0.0,vehicle_lateral_margin_violation,True,no_safe_candidate_before_cost,no_hard_safe_candidate,False,False,0.0,inf,inf,inf,False,0.0,,,
6000,1007,1,244,244,-0.32236552238464355,0.4651057720184326,-0.0004453377623576671,0.30000001192092896,0.3219201862812042,-0.16510576009750366,True,True,predictive_recovery,right_pass,0.6625567674636432,14.040472665697227,10,3,,0,0,0,False,False,False,False,False,False,False,False,True,0.6416306854468088,12.03862973482911,0.0,False,max_steps,,inf,,inf,inf,inf,-2.868203588972421,inf,4.386556767463643,-19.34275549537182,-0.7538750552071468,0.9145486201367372,{'ROAD_LINE_BROKEN_SINGLE_WHITE'},True,True,vehicle_ttc,True,False,right,12,False,vehicle_margin_uncertain_or_low,False,0,0,,inf,inf,inf,inf,False,False,1.251492290260185,inf,3.851461012181038,True,False,1,0,,False,False,4.8019982141049224,-2.868203588972421,inf,5.386556767463643,0.0,,True,vehicle_ttc,,False,False,3.4834497936475364,-1.8983227581949285,inf,4.386556767463643,False,6.543846689883978,,,
6000,1007,1,245,245,-0.21506929397583008,0.6950807571411133,-0.0013306747423484921,0.18000000715255737,0.21373862028121948,-0.5150807499885559,True,True,predictive_recovery,right_slow_follow,0.6552488803863117,3.0,10,1,,0,0,0,False,False,False,False,False,False,False,False,True,0.6445300678422182,12.093309849132373,0.0,False,max_steps,,inf,,inf,inf,inf,0.6319169174412846,inf,4.379248880386312,-1.2347356180787408,-0.7467013977898495,0.08465964228826936,{'ROAD_LINE_BROKEN_SINGLE_WHITE'},True,True,predicted_collision_within_1s;raw_collision_risk:vehicle_lateral_margin_violation,True,False,right,12,False,raw_predicted_collision,False,0,0,,inf,inf,inf,inf,False,False,1.1211193629558551,inf,2.589139597506131,True,False,1,0,,True,False,0.8738711527938929,-0.23730837908689528,inf,5.379248880386312,0.0,vehicle_lateral_margin_violation,True,predicted_collision_within_1s;raw_collision_risk:vehicle_lateral_margin_violation,,False,False,0.0849587049799078,0.6319169174412846,inf,4.379248880386312,False,-56.79389354981152,,,
6000,1007,1,246,246,-0.26818835735321045,0.5547364950180054,-0.0010300041176378727,0.18000000715255737,0.2671583592891693,-0.374736487865448,True,True,predictive_recovery,right_slow_follow,0.6476378440856525,3.0,10,1,,0,0,0,False,False,False,False,False,False,False,False,True,0.6474429635768061,12.147993622843114,0.0,False,max_steps,,inf,,inf,inf,inf,0.44971138154089063,inf,4.371637844085653,-1.7599469863462094,-0.7392901562584774,0.09014499524451905,{'ROAD_LINE_BROKEN_SINGLE_WHITE'},True,True,predicted_collision_within_1s;raw_collision_risk:vehicle_lateral_margin_violation,True,False,right,12,False,raw_predicted_collision,False,0,0,,inf,inf,inf,inf,False,False,1.0057716424549832,inf,3.243284903402212,True,False,1,0,,True,False,0.9434264553239342,-0.25705296308155257,inf,5.371637844085653,0.0,vehicle_lateral_margin_violation,True,predicted_collision_within_1s;raw_collision_risk:vehicle_lateral_margin_violation,,False,False,0.25748771867777337,0.44971138154089063,inf,4.371637844085653,False,-56.17082090560479,,,
6000,1007,1,247,247,-0.22231847047805786,0.6427145004272461,-0.00047802206245251,0.18000000715255737,0.22184044122695923,-0.4627144932746887,True,True,predictive_recovery,right_slow_follow,0.6395207643508503,3.0,10,1,,0,0,0,False,False,False,False,False,False,False,False,True,0.6503690054402685,12.202682354677448,0.0,False,max_steps,,inf,,inf,inf,inf,0.2874331538669028,inf,4.3635207643508505,-2.2912825705038813,-0.7313404463662044,0.09711541837257627,{'ROAD_LINE_BROKEN_SINGLE_WHITE'},True,True,predicted_collision_within_1s;vehicle_ttc;raw_collision_risk:vehicle_lateral_margin_violation,True,False,right,12,False,raw_predicted_collision,False,0,0,,inf,inf,inf,inf,False,False,0.8920123180084671,inf,2.700723361607682,True,False,1,0,,True,False,0.9715124604619045,-0.24380147975951116,inf,5.3635207643508505,0.0,vehicle_lateral_margin_violation,True,predicted_collision_within_1s;vehicle_ttc;raw_collision_risk:vehicle_lateral_margin_violation,,False,False,0.4659954603156743,0.2874331538669028,inf,4.3635207643508505,False,-64.54328920654002,,,
6000,1007,1,248,248,-0.3670647144317627,0.5941123962402344,-0.0001195055156131275,-0.8500000238418579,0.36694520711898804,-1.4441124200820923,True,True,minimum_risk_stop,pre_contact_minimum_risk,0,0,10,0,no_safe_candidate_before_cost,0,0,0,False,False,False,False,False,False,False,False,True,0.6532129758008404,10.70608101077526,0.0,False,max_steps,,inf,,inf,inf,inf,inf,inf,inf,inf,inf,0.0,{'ROAD_LINE_BROKEN_SINGLE_WHITE'},True,True,predicted_collision_within_1s;vehicle_ttc;raw_collision_risk:vehicle_lateral_margin_violation,False,False,,0,False,raw_predicted_collision,True,8,0,,inf,inf,inf,inf,False,False,0.7801214168696333,inf,4.479174113821187,True,False,1,0,,True,False,0.9722215858498338,-0.1966721357758785,inf,5.355073713302572,0.0,vehicle_lateral_margin_violation,True,no_safe_candidate_before_cost,no_hard_safe_candidate,False,False,0.0,inf,inf,inf,False,0.0,,,
6000,1007,1,249,249,-0.5351887345314026,0.3640158176422119,-7.270674541359767e-05,0.30000001192092896,0.5351160168647766,-0.06401580572128296,True,True,predictive_recovery,right_pass,0.6227482557296344,12.344152190165214,10,3,,0,0,0,False,False,False,False,False,False,False,False,True,0.655808087738553,10.797216062050682,0.0,False,max_steps,,inf,,inf,inf,inf,-2.094194224373548,inf,4.346748255729635,-13.420644421802795,-0.7148042105568783,0.6602058308103216,{'ROAD_LINE_BROKEN_SINGLE_WHITE'},True,True,vehicle_ttc,True,False,right,12,False,vehicle_margin_uncertain_or_low,False,0,0,,inf,inf,inf,inf,False,False,1.124920175145655,inf,5.729773947947491,True,False,1,0,,False,False,3.352363035503884,-2.094194224373548,inf,5.346748255729635,0.0,,True,vehicle_ttc,,False,False,2.337897747711625,-1.3098308226462536,inf,4.346748255729635,False,-3.584671295577465,,,
6000,1007,1,250,250,-0.34213483333587646,0.8183637857437134,-0.0009638810879550874,0.18000000715255737,0.3411709666252136,-0.638363778591156,True,True,predictive_recovery,right_slow_follow,0.6151114702224323,3.0,10,1,,0,0,0,False,False,False,False,False,False,False,False,True,0.6584087078308222,10.85190210464549,0.0,False,max_steps,,inf,,inf,inf,inf,0.1673353757424949,inf,4.3391114702224325,-1.0812906961278426,-0.7073271654976742,0.07747479976151891,{'ROAD_LINE_BROKEN_SINGLE_WHITE'},True,True,predicted_collision_within_1s;vehicle_ttc;raw_collision_risk:vehicle_lateral_margin_violation,True,False,right,12,False,raw_predicted_collision,False,0,0,,inf,inf,inf,inf,False,False,0.9836226400088954,inf,3.694103717881158,True,False,1,0,,True,False,1.0612237671482478,-0.21959625220121248,inf,5.3391114702224325,0.0,vehicle_lateral_margin_violation,True,predicted_collision_within_1s;vehicle_ttc;raw_collision_risk:vehicle_lateral_margin_violation,,False,False,0.49309824614686887,0.1673353757424949,inf,4.3391114702224325,False,-71.78416444640163,,,
6000,1007,1,251,251,-0.3128904104232788,0.8936063051223755,-0.0007425445364788175,0.18000000715255737,0.312147855758667,-0.7136062979698181,True,True,predictive_recovery,right_slow_follow,0.6072323322295734,3.0,10,1,,0,0,0,False,False,False,False,False,False,False,False,True,0.6610228045412393,10.9065847953519,0.0,False,max_steps,,inf,,inf,inf,inf,0.08752516307634162,inf,4.331232332229574,-1.3860712931016987,-0.6995932244194881,0.08096471173657424,{'ROAD_LINE_BROKEN_SINGLE_WHITE'},True,True,predicted_collision_within_1s;vehicle_ttc;raw_collision_risk:vehicle_lateral_margin_violation,True,False,right,12,False,raw_predicted_collision,False,0,0,,inf,inf,inf,inf,False,False,0.863823530780029,inf,3.3954561033957704,True,False,1,0,,True,False,1.0522997681831752,-0.19096758137113268,inf,5.331232332229574,0.0,vehicle_lateral_margin_violation,True,predicted_collision_within_1s;vehicle_ttc;raw_collision_risk:vehicle_lateral_margin_violation,,False,False,0.6096741632466711,0.08752516307634162,inf,4.331232332229574,False,-73.8748338673942,,,
6000,1007,1,252,252,-0.16200631856918335,0.9665521383285522,-0.0003580244374461472,0.18000000715255737,0.16164828836917877,-0.7865521311759949,True,True,predictive_recovery,right_slow_follow,0.5989631414413044,3.0,10,1,,0,0,0,False,False,False,False,False,False,False,False,True,0.6636500841015615,10.96126772489714,0.0,False,max_steps,,inf,,inf,inf,inf,0.017710590528744685,inf,4.322963141441305,-1.6964483150591914,-0.6914382361306087,0.08502833606181921,{'ROAD_LINE_BROKEN_SINGLE_WHITE'},True,True,predicted_collision_within_1s;vehicle_ttc;raw_collision_risk:vehicle_lateral_margin_violation,True,False,right,12,False,raw_predicted_collision,False,0,0,,inf,inf,inf,inf,False,False,0.7467022383068984,inf,1.7669356508575913,True,False,1,0,,True,False,1.0259429657697847,-0.2003170697536132,inf,5.322963141441305,0.0,vehicle_lateral_margin_violation,True,predicted_collision_within_1s;vehicle_ttc;raw_collision_risk:vehicle_lateral_margin_violation,,False,False,0.7132821213666704,0.017710590528744685,inf,4.322963141441305,False,-76.04897853598274,,,
6000,1007,1,253,253,-0.1960795521736145,0.9616341590881348,-1.4964780348236673e-05,0.18000000715255737,0.19606459140777588,-0.7816341519355774,True,True,predictive_recovery,right_slow_follow,0.5904755592345783,3.0,10,1,,0,0,0,False,False,False,False,False,False,False,False,True,0.6662905097907583,11.015951598458303,0.0,False,max_steps,,inf,,inf,inf,inf,-0.04105079642931253,inf,4.3144755592345785,-2.0123034866934386,-0.6830686711205379,0.08915107681793348,{'ROAD_LINE_BROKEN_SINGLE_WHITE'},True,True,predicted_collision_within_1s;vehicle_ttc;raw_collision_risk:vehicle_lateral_margin_violation,True,False,right,12,False,raw_predicted_collision,False,0,0,,inf,inf,inf,inf,False,False,0.6324266754323749,inf,2.1492804667529257,True,False,1,0,,True,False,0.981600594151022,-0.19972608328845665,inf,5.3144755592345785,0.0,vehicle_lateral_margin_violation,True,predicted_collision_within_1s;vehicle_ttc;raw_collision_risk:vehicle_lateral_margin_violation,,False,False,0.8024756134928722,-0.04105079642931253,inf,4.3144755592345785,False,-76.46524752626057,,,
6000,1007,1,254,254,-0.3365498185157776,0.9542121887207031,0.0001962371461559087,0.18000000715255737,0.33674606680870056,-0.7742121815681458,True,True,predictive_recovery,right_slow_follow,0.5818934440612384,3.0,10,1,,0,0,0,False,False,False,False,False,False,False,False,True,0.6689440448877993,11.070639032651107,0.0,False,max_steps,,inf,,inf,inf,inf,-0.08770496550344697,inf,4.305893444061239,-2.3336223148149884,-0.6746222161187069,0.09335334713999033,{'ROAD_LINE_BROKEN_SINGLE_WHITE'},True,True,predicted_collision_within_1s;vehicle_ttc;raw_collision_risk:vehicle_lateral_margin_violation,True,False,right,12,False,raw_predicted_collision,False,0,0,,inf,inf,inf,inf,False,False,0.5209434671517607,inf,3.7074165112397317,True,False,1,0,,True,False,0.9187815962295093,-0.18346611927097767,inf,5.305893444061239,0.0,vehicle_lateral_margin_violation,True,predicted_collision_within_1s;vehicle_ttc;raw_collision_risk:vehicle_lateral_margin_violation,,False,False,0.8758072892020934,-0.08770496550344697,inf,4.305893444061239,False,-76.97127405522814,,,
6000,1007,1,255,255,-0.4299917221069336,0.9246788024902344,4.9059286538977176e-05,-0.8500000238418579,0.43004077672958374,-1.7746788263320923,True,True,minimum_risk_stop,pre_contact_minimum_risk,0,0,10,0,no_safe_candidate_before_cost,0,0,0,False,False,False,False,False,False,False,False,True,0.6715126075205501,9.540990836358516,0.0,False,max_steps,,inf,,inf,inf,inf,inf,inf,inf,inf,inf,0.0,{'ROAD_LINE_BROKEN_SINGLE_WHITE'},True,True,predicted_collision_within_1s;vehicle_ttc;raw_collision_risk:vehicle_lateral_margin_violation,False,False,,0,False,raw_predicted_collision,True,8,0,,inf,inf,inf,inf,False,False,0.4120843577755903,inf,4.760283142473887,True,False,1,0,,True,False,0.8370429100404347,-0.1685307886070233,inf,5.2972907056808065,0.0,vehicle_lateral_margin_violation,True,no_safe_candidate_before_cost,no_hard_safe_candidate,False,False,0.0,inf,inf,inf,False,0.0,,,
6000,1007,1,256,256,-0.4358530044555664,0.6440291404724121,-0.001663084258325398,0.18000000715255737,0.43418991565704346,-0.46402913331985474,True,True,predictive_recovery,right_slow_follow,0.5650020837783405,3.0,10,1,,0,0,0,False,False,False,False,False,False,False,False,True,0.6738252980136398,9.595670376549284,0.0,False,max_steps,,inf,,inf,inf,inf,-0.09200370399884017,inf,4.289002083778341,-1.288300973653394,-0.6579747580422298,0.07203834005027311,{'ROAD_LINE_BROKEN_SINGLE_WHITE'},True,True,predicted_collision_within_1s;vehicle_ttc;raw_collision_risk:vehicle_lateral_margin_violation,True,False,right,12,False,raw_predicted_collision,False,0,0,,inf,inf,inf,inf,False,False,0.7403072774016836,inf,4.158469521509886,True,False,1,0,,True,False,1.055505739179629,-0.17255963070588054,inf,5.289002083778341,0.0,vehicle_lateral_margin_violation,True,predicted_collision_within_1s;vehicle_ttc;raw_collision_risk:vehicle_lateral_margin_violation,,False,False,0.6965166056317714,-0.09200370399884017,inf,4.289002083778341,False,-63.467966175177615,,,
6000,1007,1,257,257,-0.49167609214782715,0.670050859451294,-0.0014485885621979833,0.18000000715255737,0.49022749066352844,-0.4900508522987366,True,True,predictive_recovery,right_slow_follow,0.5573387145995685,3.0,10,1,,0,0,0,False,False,False,False,False,False,False,False,True,0.6761371072020005,9.650357801333298,0.0,False,max_steps,,inf,,inf,inf,inf,-0.10343708679316999,inf,4.281338714599569,-1.4734305481631065,-0.6504251145256893,0.07279547640355936,{'ROAD_LINE_BROKEN_SINGLE_WHITE'},True,True,predicted_collision_within_1s;vehicle_ttc;raw_collision_risk:vehicle_lateral_margin_violation,True,False,right,12,False,raw_predicted_collision,False,0,0,,inf,inf,inf,inf,False,False,0.606619585192338,inf,4.717961712280421,True,False,1,0,,True,False,1.021044497076124,-0.16090922842780442,inf,5.281338714599569,0.0,vehicle_lateral_margin_violation,True,predicted_collision_within_1s;vehicle_ttc;raw_collision_risk:vehicle_lateral_margin_violation,,False,False,0.7390054025226517,-0.10343708679316999,inf,4.281338714599569,False,-64.57513091590471,,,
6000,1007,1,258,258,-0.38895606994628906,0.7857680320739746,-0.000883912667632103,0.18000000715255737,0.3880721628665924,-0.6057680249214172,True,True,predictive_recovery,right_slow_follow,0.5491989850997516,3.0,10,1,,0,0,0,False,False,False,False,False,False,False,False,True,0.6784620625192359,9.705045174883072,0.0,False,max_steps,,inf,,inf,inf,inf,-0.11068685956867563,inf,4.273198985099752,-1.6582021985863715,-0.6424076937569515,0.07491994661711894,{'ROAD_LINE_BROKEN_SINGLE_WHITE'},True,True,predicted_collision_within_1s;vehicle_ttc;raw_collision_risk:vehicle_lateral_margin_violation,True,False,right,12,False,raw_predicted_collision,False,0,0,,inf,inf,inf,inf,False,False,0.4833025925460348,inf,3.7535652439821106,True,False,1,0,,True,False,0.981855844314295,-0.1510470550860057,inf,5.273198985099752,0.0,vehicle_lateral_margin_violation,True,predicted_collision_within_1s;vehicle_ttc;raw_collision_risk:vehicle_lateral_margin_violation,,False,False,0.775641697895908,-0.11068685956867563,inf,4.273198985099752,False,-67.9139290051221,,,
6000,1007,1,259,259,-0.30664634704589844,0.744408130645752,-0.00031637842766940594,0.18000000715255737,0.30632996559143066,-0.5644081234931946,True,True,predictive_recovery,right_slow_follow,0.5407165288924762,3.0,10,1,,0,0,0,False,False,False,False,False,False,False,False,True,0.6808001639653459,9.759729490475499,0.0,False,max_steps,,inf,,inf,inf,inf,-0.11431973163275311,inf,4.264716528892476,-1.848436445873947,-0.6340456389321224,0.07708950883233265,{'ROAD_LINE_BROKEN_SINGLE_WHITE'},True,True,predicted_collision_within_1s;vehicle_ttc;raw_collision_risk:vehicle_lateral_margin_violation,True,False,right,12,False,raw_predicted_collision,False,0,0,,inf,inf,inf,inf,False,False,0.36581968982847557,inf,2.9760166507933166,True,False,1,0,,True,False,0.9358073680614254,-0.14708369406550892,inf,5.264716528892476,0.0,vehicle_lateral_margin_violation,True,predicted_collision_within_1s;vehicle_ttc;raw_collision_risk:vehicle_lateral_margin_violation,,False,False,0.8078421904459507,-0.11431973163275311,inf,4.264716528892476,False,-67.46523198509504,,,
6000,1007,1,260,260,-0.23534774780273438,0.7695412635803223,8.675291610416025e-05,0.18000000715255737,0.23543450236320496,-0.5895412564277649,True,True,predictive_recovery,right_slow_follow,0.532068967819173,3.0,10,1,,0,0,0,False,False,False,False,False,False,False,False,True,0.6831514115403305,9.81441248062335,0.0,False,max_steps,,inf,,inf,inf,inf,-0.11406208436376764,inf,4.256068967819173,-2.044130123173348,-0.6255098961724178,0.07932689673887108,{'ROAD_LINE_BROKEN_SINGLE_WHITE'},True,True,predicted_collision_within_1s;vehicle_ttc;raw_collision_risk:vehicle_lateral_margin_violation,True,False,right,12,False,raw_predicted_collision,False,0,0,,inf,inf,inf,inf,False,False,0.25394294830902536,inf,2.296930354747337,True,False,1,0,,True,False,0.8826783913891162,-0.13892785813957387,inf,5.256068967819173,0.0,vehicle_lateral_margin_violation,True,predicted_collision_within_1s;vehicle_ttc;raw_collision_risk:vehicle_lateral_margin_violation,,False,False,0.8351757640248192,-0.11406208436376764,inf,4.256068967819173,False,-68.70199504824149,,,
6000,1007,1,261,261,-0.35944849252700806,0.5777790546417236,0.0003003238816745579,0.18000000715255737,0.35974881052970886,-0.39777904748916626,True,True,predictive_recovery,right_slow_follow,0.523371458053548,3.0,10,1,,0,0,0,False,False,False,False,False,False,False,False,True,0.6855158786862506,9.869101943387122,0.0,False,max_steps,,inf,,inf,inf,inf,-0.10956907286492923,inf,4.247371458053548,-2.2452850521316616,-0.6169230126274959,0.08164848394778076,{'ROAD_LINE_BROKEN_SINGLE_WHITE'},True,True,predicted_collision_within_1s;vehicle_ttc;raw_collision_risk:vehicle_lateral_margin_violation,True,False,right,12,False,raw_predicted_collision,False,0,0,,inf,inf,inf,inf,False,False,0.14711717955680514,inf,3.527775771198317,True,False,1,0,,True,False,0.8288642620719289,-0.1262516197102328,inf,5.247371458053548,0.0,vehicle_lateral_margin_violation,True,predicted_collision_within_1s;vehicle_ttc;raw_collision_risk:vehicle_lateral_margin_violation,,False,False,0.8571189498583341,-0.10956907286492923,inf,4.247371458053548,False,-64.64149217805715,,,
6000,1007,1,262,262,-0.2839256525039673,0.8127427101135254,0.00036670482950285077,0.18000000715255737,0.2842923700809479,-0.632742702960968,True,True,predictive_recovery,right_slow_follow,0.5146769285201618,3.0,10,1,,0,0,0,False,False,False,False,False,False,False,False,True,0.6878934919610454,9.923788834123558,0.0,False,max_steps,,inf,,inf,inf,inf,-0.10042829121658192,inf,4.238676928520162,-2.451939945224199,-0.6083436392678158,0.08406275210011795,{'ROAD_LINE_BROKEN_SINGLE_WHITE'},True,True,predicted_collision_within_1s;vehicle_ttc;raw_collision_risk:vehicle_lateral_margin_violation,True,False,right,12,False,raw_predicted_collision,False,0,0,,inf,inf,inf,inf,False,False,0.04468068759838983,inf,2.8020912089043604,True,False,1,0,,True,False,0.7539623035287236,-0.10866124442365299,inf,5.238676928520162,0.0,vehicle_lateral_margin_violation,True,predicted_collision_within_1s;vehicle_ttc;raw_collision_risk:vehicle_lateral_margin_violation,,False,False,0.8730664859771293,-0.10042829121658192,inf,4.238676928520162,False,-71.18855994773787,,,
6000,1007,1,263,263,-0.33060503005981445,0.7344461679458618,0.00034407363273203373,0.18000000715255737,0.3309490978717804,-0.5544461607933044,True,True,predictive_recovery,right_slow_follow,0.5060180425643512,3.0,10,1,,0,0,0,False,False,False,False,False,False,False,False,True,0.6902842513647148,9.978467207998307,0.0,False,max_steps,,inf,,inf,inf,inf,-0.08620511355969596,inf,4.230018042564351,-2.664054786881932,-0.5997996710671322,0.08657273474726374,{'ROAD_LINE_BROKEN_SINGLE_WHITE'},True,True,predicted_collision_within_1s;raw_collision_risk:vehicle_lateral_margin_violation,True,False,right,12,False,raw_predicted_collision,False,0,0,,inf,inf,inf,inf,False,False,6.711459746932385,inf,3.2808545058126697,True,False,1,0,,True,False,0.6776833718033395,-0.08574793014668236,inf,5.230018042564351,0.0,vehicle_lateral_margin_violation,True,predicted_collision_within_1s;raw_collision_risk:vehicle_lateral_margin_violation,,False,False,0.882367562283861,-0.08620511355969596,inf,4.230018042564351,False,-70.08334492669431,,,
6000,1007,1,264,264,-0.25589436292648315,0.8301472663879395,0.00028775149257853627,0.18000000715255737,0.25618210434913635,-0.6501472592353821,True,True,predictive_recovery,right_slow_follow,0.49740183353419987,3.0,10,1,,0,0,0,False,False,False,False,False,False,False,False,True,0.6926881568972588,10.033146855581949,0.0,False,max_steps,,inf,,inf,inf,inf,-0.06644079451339335,inf,4.2214018335342,-2.881623329222391,-0.5912931345833675,0.08917858553210822,{'ROAD_LINE_BROKEN_SINGLE_WHITE'},True,True,predicted_collision_within_1s;raw_collision_risk:vehicle_lateral_margin_violation,True,False,right,12,False,raw_predicted_collision,False,0,0,,inf,inf,inf,inf,False,False,6.391122061810376,inf,2.5534335091735296,True,False,1,0,,True,False,0.6072659181546866,-0.057080994647149996,inf,5.2214018335342,0.0,vehicle_lateral_margin_violation,True,predicted_collision_within_1s;raw_collision_risk:vehicle_lateral_margin_violation,,False,False,0.9015532536965698,-0.06644079451339335,inf,4.2214018335342,False,-73.1869802503703,,,
6000,1007,1,265,265,-0.40010058879852295,0.68670654296875,0.0002309548872290179,0.18000000715255737,0.4003315567970276,-0.5067065358161926,True,True,predictive_recovery,right_slow_follow,0.48881912231441227,3.0,10,1,,0,0,0,False,False,False,False,False,False,False,False,True,0.6951052085586776,10.087827587845425,0.0,False,max_steps,,inf,,inf,inf,inf,-0.04066761533660612,inf,4.2128191223144125,-3.1046558537285787,-0.5828196190728084,0.09233470120859112,{'ROAD_LINE_BROKEN_SINGLE_WHITE'},True,True,predicted_collision_within_1s;raw_collision_risk:vehicle_lateral_margin_violation,True,False,right,12,False,raw_predicted_collision,False,0,0,,inf,inf,inf,inf,False,False,6.088175371879587,inf,4.0142679644203865,True,False,1,0,,True,False,0.5515263812983527,-0.022224371725347414,inf,5.2128191223144125,0.0,vehicle_lateral_margin_violation,True,predicted_collision_within_1s;raw_collision_risk:vehicle_lateral_margin_violation,,False,False,0.9175949782619781,-0.04066761533660612,inf,4.2128191223144125,False,-70.3288449019574,,,
6000,1007,1,266,266,-0.39382433891296387,0.7015827894210815,5.773872180725448e-05,-0.8500000238418579,0.39388206601142883,-1.5515828132629395,True,True,minimum_risk_stop,pre_contact_minimum_risk,0,0,10,0,no_safe_candidate_before_cost,0,0,0,False,False,False,False,False,False,False,False,True,0.6974376549661097,8.559892443475622,0.0,False,max_steps,,inf,,inf,inf,inf,inf,inf,inf,inf,inf,0.0,{'ROAD_LINE_BROKEN_SINGLE_WHITE'},True,True,predicted_collision_within_1s;raw_collision_risk:vehicle_lateral_margin_violation,False,False,,0,False,raw_predicted_collision,True,8,0,,inf,inf,inf,inf,False,False,5.800981348417772,inf,3.9728320308511833,True,False,1,0,,True,False,0.4891132899328122,0.019244868571373974,inf,5.2042577495574545,0.0,vehicle_lateral_margin_violation,True,no_safe_candidate_before_cost,no_hard_safe_candidate,False,False,0.0,inf,inf,inf,False,0.0,,,
6000,1007,1,267,267,-0.4392887353897095,0.48275935649871826,-0.002255956409499049,0.18000000715255737,0.4370327889919281,-0.3027593493461609,True,True,predictive_recovery,right_slow_follow,0.47203469276424137,3.0,10,1,,0,0,0,False,False,False,False,False,False,False,False,True,0.6995143026759415,8.61456896580321,0.0,False,max_steps,,inf,,inf,inf,inf,-0.02938009969472466,inf,4.196034692764242,-1.8647455584269297,-0.5662571572197811,0.06593712827371247,{'ROAD_LINE_BROKEN_SINGLE_WHITE'},True,True,predicted_collision_within_1s;raw_collision_risk:vehicle_lateral_margin_violation,True,False,right,12,False,raw_predicted_collision,False,0,0,,inf,inf,inf,inf,False,False,44.319377960594764,inf,3.760264326566336,True,False,1,0,,True,False,0.781782782504925,-0.014161875825954962,inf,5.196034692764242,0.0,vehicle_lateral_margin_violation,True,predicted_collision_within_1s;raw_collision_risk:vehicle_lateral_margin_violation,,False,False,0.7620490848205942,-0.02938009969472466,inf,4.196034692764242,False,-58.231081364094436,,,
6000,1007,1,268,268,-0.3653007745742798,0.8488483428955078,-0.0020123696886003017,0.18000000715255737,0.36328840255737305,-0.6688483357429504,True,True,predictive_recovery,right_slow_follow,0.4644747972487995,3.0,10,1,,0,0,0,False,False,False,False,False,False,False,False,True,0.7015899956389836,8.669255598120353,0.0,False,max_steps,,inf,,inf,inf,inf,-0.01697051707854813,inf,4.1884747972488,-1.9517884749883843,-0.5588055037392513,0.0665081991718327,{'ROAD_LINE_BROKEN_SINGLE_WHITE'},True,True,predicted_collision_within_1s;raw_collision_risk:vehicle_lateral_margin_violation,True,False,right,12,False,raw_predicted_collision,False,0,0,,inf,inf,inf,inf,False,False,35.59744010768853,inf,3.146908715831465,True,False,1,0,,True,False,0.7349177178342082,0.00038678127585223265,inf,5.1884747972488,0.0,vehicle_lateral_margin_violation,True,predicted_collision_within_1s;raw_collision_risk:vehicle_lateral_margin_violation,,False,False,0.7618023058232686,-0.01697051707854813,inf,4.1884747972488,False,-67.77872626681213,,,
6000,1007,1,269,269,-0.3646988868713379,0.8881640434265137,0.0,-0.800000011920929,0.3646988868713379,-1.6881639957427979,True,True,ultra_short_horizon_emergency,ultra_short_horizon_emergency_stop,0,0,0,0,high_speed_near_blocker,0,0,0,False,False,False,False,False,False,False,False,True,0.7035712421118983,7.036816188717513,0.0,False,max_steps,,inf,,inf,inf,inf,inf,inf,inf,inf,inf,0.0,{'ROAD_LINE_BROKEN_SINGLE_WHITE'},True,True,high_speed_near_blocker,False,False,,0,False,,True,8,0,,inf,0,0,0,0,0,inf,inf,0.0,True,False,1,0,,False,False,0.0,inf,inf,inf,0.0,0,True,high_speed_near_blocker,,False,False,0.0,inf,inf,inf,False,0.0,,,
6000,1007,1,270,270,-0.35316598415374756,0.804552435874939,0.0,-0.800000011920929,0.35316598415374756,-1.6045525074005127,True,True,ultra_short_horizon_emergency,ultra_short_horizon_emergency_stop,0,0,0,0,high_speed_near_blocker,0,0,0,False,False,False,False,False,False,False,False,True,0.7052018761867814,5.721748701558182,0.0,False,max_steps,,inf,,inf,inf,inf,inf,inf,inf,inf,inf,0.0,{'ROAD_LINE_BROKEN_SINGLE_WHITE'},True,True,high_speed_near_blocker,False,False,,0,False,,True,8,0,,inf,0,0,0,0,0,inf,inf,0.0,True,False,1,0,,False,False,0.0,inf,inf,inf,0.0,0,True,high_speed_near_blocker,,False,False,0.0,inf,inf,inf,False,0.0,,,
6000,1007,1,271,271,-0.3022801876068115,0.9032807350158691,-0.005915481597185135,0.18000000715255737,0.2963646948337555,-0.7232807278633118,True,True,predictive_recovery,right_pass,0.4420491456985065,5.721748701558182,10,3,,0,0,0,False,False,False,False,False,False,False,False,True,0.7065947048689486,5.776387551946592,0.0,False,max_steps,,inf,,inf,inf,inf,-0.036773792280743844,inf,4.166049145698507,-0.7270509858483578,-0.5367036246193783,0.052652427963603955,{'ROAD_LINE_BROKEN_SINGLE_WHITE'},True,True,raw_collision_risk:vehicle_lateral_margin_violation,True,False,right,12,False,raw_predicted_collision,False,0,0,,inf,inf,inf,inf,False,False,inf,inf,1.7295712709460376,True,False,1,0,,True,False,1.2384234972115644,-0.043730219153099714,inf,5.166049145698507,0.0,vehicle_lateral_margin_violation,True,raw_collision_risk:vehicle_lateral_margin_violation,,False,False,0.6855573252996154,-0.02333810273390169,inf,4.166049145698507,False,-39.30181208206635,,,
6000,1007,1,272,272,-0.2528653144836426,0.9709442853927612,-0.0051508392207324505,0.18000000715255737,0.24771447479724884,-0.7909442782402039,True,True,predictive_recovery,right_pass,0.4361798763274738,5.776387551946592,10,3,,0,0,0,False,False,False,False,False,False,False,False,True,0.7079873866669943,5.831066737424572,0.0,False,max_steps,,inf,,inf,inf,inf,-0.013099863101941889,inf,4.160179876327474,-0.3393002907305247,-0.5309356831444637,0.04767494661502669,{'ROAD_LINE_BROKEN_SINGLE_WHITE'},True,True,raw_collision_risk:vehicle_lateral_margin_violation,True,False,right,12,False,raw_predicted_collision,False,0,0,,inf,inf,inf,inf,False,False,inf,inf,1.4606480549023733,True,False,1,0,,True,False,1.2023452623049828,-0.03233023469472718,inf,5.160179876327474,0.0,vehicle_lateral_margin_violation,True,raw_collision_risk:vehicle_lateral_margin_violation,,False,False,0.6276719410975193,-0.007868463441142115,inf,4.160179876327474,False,-41.227378411761045,,,
6000,1007,1,273,273,-0.20542508363723755,0.9792641401290894,-0.0038350881077349186,0.18000000715255737,0.20159000158309937,-0.799264132976532,True,True,predictive_recovery,right_pass,0.429194211959798,5.831066737424572,10,3,,0,0,0,False,False,False,False,False,False,False,False,True,0.709393141151854,5.885754392530621,0.0,False,max_steps,,inf,,inf,inf,inf,0.019140770510137184,inf,4.153194211959798,-0.22039240529289028,-0.5240399025811092,0.0455749006538788,{'ROAD_LINE_BROKEN_SINGLE_WHITE'},True,True,raw_collision_risk:vehicle_lateral_margin_violation,True,False,right,12,False,raw_predicted_collision,False,0,0,,inf,inf,inf,inf,False,False,inf,inf,1.1978473722297567,True,False,1,0,,True,False,1.152355652212317,-0.009316069119963633,inf,5.153194211959798,0.0,vehicle_lateral_margin_violation,True,raw_collision_risk:vehicle_lateral_margin_violation,,False,False,0.5589743673811496,0.019140770510137184,inf,4.153194211959798,False,-41.824711583042145,,,
6000,1007,1,274,274,-0.22942638397216797,0.9636667966842651,-0.0025333897210657597,0.18000000715255737,0.22689299285411835,-0.7836667895317078,True,True,predictive_recovery,right_pass,0.42166769504543034,5.885754392530621,10,3,,0,0,0,False,False,False,False,False,False,False,False,True,0.7108120417655883,5.9404367544184975,0.0,False,max_steps,,inf,,inf,inf,inf,0.05616897783520303,inf,4.1456676950454305,-0.09691673023917335,-0.516605892075433,0.043678635469435595,{'ROAD_LINE_BROKEN_SINGLE_WHITE'},True,True,raw_collision_risk:vehicle_lateral_margin_violation,True,False,right,12,False,raw_predicted_collision,False,0,0,,inf,inf,inf,inf,False,False,inf,inf,1.3503473472266045,True,False,1,0,,True,False,1.091002162478879,0.02390136349692229,inf,5.1456676950454305,0.0,vehicle_lateral_margin_violation,True,raw_collision_risk:vehicle_lateral_margin_violation,,False,False,0.48726092572184404,0.05616897783520303,inf,4.1456676950454305,False,-41.93155240243995,,,
6000,1007,1,275,275,-0.15615731477737427,0.9217520952224731,-0.0014658038271591067,0.18000000715255737,0.15469151735305786,-0.7417520880699158,True,True,predictive_recovery,right_pass,0.4139236211776325,5.9404367544184975,10,3,,0,0,0,False,False,False,False,False,False,False,False,True,0.7122441619502581,5.9951178209972795,0.0,False,max_steps,,inf,,inf,inf,inf,0.10201889237641604,inf,4.137923621177633,0.03494777642151892,-0.5089571856392757,0.041978646966557474,{'ROAD_LINE_BROKEN_SINGLE_WHITE'},True,True,raw_collision_risk:vehicle_lateral_margin_violation,True,False,right,12,False,raw_predicted_collision,False,0,0,,inf,inf,inf,inf,False,False,inf,inf,0.9276426521748129,True,False,1,0,,True,False,1.0199012543257997,0.06613588293308892,inf,5.137923621177633,0.0,vehicle_lateral_margin_violation,True,raw_collision_risk:vehicle_lateral_margin_violation,,False,False,0.4303610037590088,0.10201889237641604,inf,4.137923621177633,False,-41.46957251221972,,,
6000,1007,1,276,276,-0.31032490730285645,0.9180845022201538,-0.0006751418113708496,0.18000000715255737,0.3096497654914856,-0.7380844950675964,True,True,predictive_recovery,right_pass,0.40607070922847477,5.9951178209972795,10,3,,0,0,0,False,False,False,False,False,False,False,False,True,0.7136894282638024,6.049797340314001,0.0,False,max_steps,,inf,,inf,inf,inf,0.15570186143540754,inf,4.130070709228475,0.17324140775340524,-0.5012017868889705,0.04107385044568854,{'ROAD_LINE_BROKEN_SINGLE_WHITE'},True,True,raw_collision_risk:vehicle_lateral_margin_violation,True,False,right,12,False,raw_predicted_collision,False,0,0,,inf,inf,inf,inf,False,False,inf,inf,1.8604343820706835,True,False,1,0,,True,False,0.9403395301447817,0.11640541874313337,inf,5.130070709228475,0.0,vehicle_lateral_margin_violation,True,raw_collision_risk:vehicle_lateral_margin_violation,,False,False,0.36835020622022163,0.15570186143540754,inf,4.130070709228475,False,-42.02406797046905,,,
6000,1007,1,277,277,-0.3559523820877075,0.8957226276397705,-0.0001294642424909398,0.18000000715255737,0.35582292079925537,-0.7157226204872131,True,True,predictive_recovery,right_pass,0.3981399536132404,6.049797340314001,10,3,,0,0,0,False,False,False,False,False,False,False,False,True,0.7151478407062215,6.104476021503976,0.0,False,max_steps,,inf,,inf,inf,inf,0.21633109524024752,inf,4.122139953613241,0.3161023802198235,-0.4933702134026424,0.04016016687228358,{'ROAD_LINE_BROKEN_SINGLE_WHITE'},True,True,raw_collision_risk:vehicle_lateral_margin_violation,True,False,right,12,False,raw_predicted_collision,False,0,0,,inf,inf,inf,inf,False,False,inf,inf,2.153439774432646,True,False,1,0,,True,False,0.8534386858772427,0.17382490682643637,inf,5.122139953613241,0.0,vehicle_lateral_margin_violation,True,raw_collision_risk:vehicle_lateral_margin_violation,,False,False,0.3019396717192073,0.21633109524024752,inf,4.122139953613241,False,-40.288661267677774,,,
6000,1007,1,278,278,-0.2529987096786499,0.9781020879745483,0.0002258654567413032,0.18000000715255737,0.25322458148002625,-0.798102080821991,True,True,predictive_recovery,right_pass,0.39016568660732,6.104476021503976,10,3,,0,0,0,False,False,False,False,False,False,False,False,True,0.7166193992775152,6.159153114914633,0.0,False,max_steps,,inf,,inf,inf,inf,0.2830405468902515,inf,4.11416568660732,0.4616259376674101,-0.4854972742928402,0.03924165730947333,{'ROAD_LINE_BROKEN_SINGLE_WHITE'},True,True,raw_collision_risk:vehicle_lateral_margin_violation,True,False,right,12,False,raw_predicted_collision,False,0,0,,inf,inf,inf,inf,False,False,inf,inf,1.5444245567047643,True,False,1,0,,True,False,0.7602733584857985,0.23606627681758985,inf,5.11416568660732,0.0,vehicle_lateral_margin_violation,True,raw_collision_risk:vehicle_lateral_margin_violation,,False,False,0.23892400067173142,0.2830405468902515,inf,4.11416568660732,False,-37.597767383276334,,,
6000,1007,1,279,279,-0.3234875202178955,0.9689816236495972,0.0004405172949191183,0.18000000715255737,0.32392802834510803,-0.7889816164970398,True,True,predictive_recovery,right_pass,0.3821685314178058,6.159153114914633,10,4,,0,0,0,False,False,False,False,False,False,False,False,True,0.7181041039776835,6.213832350673861,0.0,False,max_steps,,inf,,inf,inf,inf,0.3550119169670798,inf,4.106168531417806,0.6080528609722107,-0.4776035927666561,0.03832072779808518,{'ROAD_LINE_BROKEN_SINGLE_WHITE'},True,True,raw_collision_risk:vehicle_lateral_margin_violation,True,False,right,12,False,raw_predicted_collision,False,0,0,,inf,inf,inf,inf,False,False,inf,inf,1.9924091677860616,True,False,1,0,,True,False,0.6618437364051725,0.28796462641972953,inf,5.106168531417806,0.0,vehicle_lateral_margin_violation,True,raw_collision_risk:vehicle_lateral_margin_violation,,False,False,0.19252128705940916,0.3550119169670798,inf,4.106168531417806,False,-34.58534599817867,,,
6000,1007,1,280,280,-0.20255571603775024,0.9914411306381226,0.0015937279677018523,0.30000001192092896,0.20414943993091583,-0.6914411187171936,True,True,predictive_recovery,right_pass,0.3741613626479694,10.675317438545413,10,5,,0,0,0,False,False,False,False,False,False,False,False,True,0.7196041580685492,6.304971964548454,0.0,False,max_steps,,inf,,inf,inf,inf,0.39903713491138815,inf,4.09816136264797,-2.8617601482802044,-0.46970013607872885,0.0868352430481828,{'ROAD_LINE_BROKEN_SINGLE_WHITE'},True,True,raw_collision_risk:vehicle_lateral_margin_violation,True,False,right,12,False,raw_predicted_collision,False,0,0,,inf,inf,inf,inf,False,False,inf,inf,1.2586472611292807,True,False,1,0,,True,False,0.7381497685740364,0.20316679980782704,inf,5.09816136264797,0.0,vehicle_lateral_margin_violation,True,raw_collision_risk:vehicle_lateral_margin_violation,,False,False,0.37576934120433897,0.39903713491138815,inf,4.09816136264797,False,-14.921753877195016,,,
6000,1007,1,281,281,-0.1614508032798767,0.9803632497787476,0.0016655862564221025,0.30000001192092896,0.16311639547348022,-0.6803632378578186,True,True,predictive_recovery,right_pass,0.36621677875514713,10.716606588552818,10,5,,0,0,0,False,False,False,False,False,False,False,False,True,0.7211258775673367,6.396110439977326,0.0,False,max_steps,,inf,,inf,inf,inf,0.4728713240782958,inf,4.090216778755147,-2.812433295812067,-0.46185950268639486,0.08687325356641348,{'ROAD_LINE_BROKEN_SINGLE_WHITE'},True,True,raw_collision_risk:vehicle_lateral_margin_violation,True,False,right,12,False,raw_predicted_collision,False,0,0,,inf,inf,inf,inf,False,False,inf,inf,1.0179427883334502,True,False,1,0,,True,False,0.6396100234349916,0.23092967195185699,inf,5.090216778755147,0.0,vehicle_lateral_margin_violation,True,raw_collision_risk:vehicle_lateral_margin_violation,,False,False,0.270933311265528,0.4728713240782958,inf,4.090216778755147,False,-13.627867333394583,,,
6000,1007,1,282,282,-0.17763668298721313,0.9680500030517578,0.0015520591987296939,0.30000001192092896,0.17918874323368073,-0.6680499911308289,True,True,predictive_recovery,right_pass,0.3584166765212604,10.752335453710236,10,5,,0,0,0,False,False,False,False,False,False,False,False,True,0.7226693359161068,6.487250243669845,0.0,False,max_steps,,inf,,inf,inf,inf,0.5479224077116176,inf,4.082416676521261,-2.8098753215375734,-0.4541631125344173,0.09106781565213315,{'ROAD_LINE_BROKEN_SINGLE_WHITE'},True,True,raw_collision_risk:vehicle_lateral_margin_violation,True,False,right,12,False,raw_predicted_collision,False,0,0,,inf,inf,inf,inf,False,False,inf,inf,1.1361838425774566,True,False,1,0,,True,False,0.542762944328886,0.25731071233023206,inf,5.082416676521261,0.0,vehicle_lateral_margin_violation,True,raw_collision_risk:vehicle_lateral_margin_violation,,False,False,0.16827246229698803,0.5479224077116176,inf,4.082416676521261,False,-12.841766665215658,,,
6000,1007,1,283,283,-0.16531586647033691,0.9491970539093018,0.001376045518554747,0.30000001192092896,0.16669191420078278,-0.6491970419883728,True,True,predictive_recovery,right_pass,0.35069656372066227,10.758636986261703,10,5,,0,0,0,False,False,False,False,False,False,False,False,True,0.7242347534410419,6.578390155305782,0.0,False,max_steps,,inf,,inf,inf,inf,0.6234104245312584,inf,4.0746965637206625,-2.848892200364725,-0.44654671181572836,0.09535687942636792,{'ROAD_LINE_BROKEN_SINGLE_WHITE'},True,True,raw_collision_risk:vehicle_lateral_margin_violation,True,False,right,12,False,raw_predicted_collision,False,0,0,,inf,inf,inf,inf,False,False,inf,inf,1.0724453950421846,True,False,1,0,,True,False,0.44820585539229485,0.2829022464323381,inf,5.0746965637206625,0.0,vehicle_lateral_margin_violation,True,raw_collision_risk:vehicle_lateral_margin_violation,,False,False,0.08972491742347105,0.6234104245312584,inf,4.0746965637206625,False,-12.303609413781103,,,
6000,1007,1,284,284,-0.32446861267089844,0.8305683135986328,0.001200912636704743,0.30000001192092896,0.325669527053833,-0.5305683016777039,True,True,predictive_recovery,right_pass,0.3430181741714069,10.31594756649963,10,5,,0,0,0,False,False,False,False,False,False,False,False,True,0.7258222035842028,6.669529746302083,0.0,False,max_steps,,inf,,inf,inf,inf,0.6985771825313933,inf,4.067018174171407,-2.891059369616908,-0.43897203434838217,0.0900077416943625,{'ROAD_LINE_BROKEN_SINGLE_WHITE'},True,True,raw_collision_risk:vehicle_lateral_margin_violation,True,False,right,12,False,raw_predicted_collision,False,0,0,,inf,inf,inf,inf,False,False,inf,inf,2.134481127299963,True,False,1,0,,True,False,0.35177713250041653,0.32357633596927515,inf,5.067018174171407,0.0,vehicle_lateral_margin_violation,True,raw_collision_risk:vehicle_lateral_margin_violation,,False,False,0.03042684524058201,0.6985771825313933,inf,4.067018174171407,False,-10.914325849646872,,,
6000,1007,1,285,285,-0.3273928761482239,0.7969200611114502,0.0010528244310989976,0.30000001192092896,0.328445702791214,-0.49692004919052124,True,True,predictive_recovery,right_pass,0.33536469936366764,10.255670021303608,10,5,,0,0,0,False,False,False,False,False,False,False,False,True,0.7274316129035285,6.760669539977609,0.0,False,max_steps,,inf,,inf,inf,inf,0.7727411369614283,inf,4.059364699363668,-2.596296389561875,-0.4314222716225521,0.09078295699752795,{'ROAD_LINE_BROKEN_SINGLE_WHITE'},True,True,raw_collision_risk:vehicle_lateral_margin_violation,True,False,right,12,False,raw_predicted_collision,False,0,0,,inf,inf,inf,inf,False,False,inf,inf,2.183556526197973,True,False,1,0,,True,False,0.26388551152099793,0.3593731872638082,inf,5.059364699363668,0.0,vehicle_lateral_margin_violation,True,raw_collision_risk:vehicle_lateral_margin_violation,,False,False,0.008177658911571517,0.7727411369614283,inf,4.059364699363668,False,-10.635010154330985,,,
6000,1007,1,286,286,-0.5064154267311096,0.6657614707946777,0.0009369545732624829,0.30000001192092896,0.507352352142334,-0.3657614588737488,True,True,predictive_recovery,right_pass,0.327725648879964,9.75659615855366,10,5,,0,0,0,False,False,False,False,False,False,False,False,True,0.729062761072837,6.851808122031941,0.0,False,max_steps,,inf,,inf,inf,inf,0.8453114264632151,inf,4.051725648879964,-2.294652121466255,-0.42388574112786215,0.08388960116616688,{'ROAD_LINE_BROKEN_SINGLE_WHITE'},True,True,raw_collision_risk:vehicle_lateral_margin_violation,True,False,right,12,False,raw_predicted_collision,False,0,0,,inf,inf,inf,inf,False,False,inf,inf,3.4237073500757758,True,False,1,0,,True,False,0.19348218330707545,0.4484890767341363,inf,5.051725648879964,0.0,vehicle_lateral_margin_violation,True,raw_collision_risk:vehicle_lateral_margin_violation,,False,False,0.0,0.8453114264632151,inf,4.051725648879964,False,-9.466277357000827,,,
6000,1007,1,287,287,-0.4840736389160156,0.6329940557479858,0.0008510230691172183,0.30000001192092896,0.48492467403411865,-0.3329940438270569,True,True,predictive_recovery,right_pass,0.3200933933257648,9.700281372897877,10,5,,0,0,0,False,False,False,False,False,False,False,False,True,0.7307159418603711,6.942945117076878,0.0,False,max_steps,,inf,,inf,inf,inf,0.9157911754883532,inf,4.044093393325765,-2.9719452213605475,-0.4163543366326229,0.09064931515916956,{'ROAD_LINE_BROKEN_SINGLE_WHITE'},True,True,raw_collision_risk:vehicle_lateral_margin_violation,True,False,right,12,False,raw_predicted_collision,False,0,0,,inf,inf,inf,inf,False,False,inf,inf,3.316779690786313,True,False,1,0,,True,False,0.1523551861586524,0.49507636284619894,inf,5.044093393325765,0.0,vehicle_lateral_margin_violation,True,raw_collision_risk:vehicle_lateral_margin_violation,,False,False,0.0,0.9157911754883532,inf,4.044093393325765,False,-9.139572568976078,,,
6000,1007,1,288,288,-0.47349226474761963,0.5183160305023193,0.0007868295651860535,0.30000001192092896,0.47427910566329956,-0.21831601858139038,True,True,predictive_recovery,right_pass,0.3124642372130939,9.275367254337315,10,5,,0,0,0,False,False,False,False,False,False,False,False,True,0.732391155266131,7.034082465483225,0.0,False,max_steps,,inf,,inf,inf,inf,0.9836380956390265,inf,4.036464237213094,-3.1331381566698138,-0.40882579316033285,0.07533530029314488,{'ROAD_LINE_BROKEN_SINGLE_WHITE'},True,True,raw_collision_risk:vehicle_lateral_margin_violation,True,False,right,12,False,raw_predicted_collision,False,0,0,,inf,inf,inf,inf,False,False,inf,inf,3.287430807503158,True,False,1,0,,True,False,0.07258374341058764,0.6298256378227474,inf,5.036464237213094,0.0,vehicle_lateral_margin_violation,True,raw_collision_risk:vehicle_lateral_margin_violation,,False,False,0.0,0.9836380956390265,inf,4.036464237213094,False,-8.543922370552018,,,
6000,1007,1,289,289,-0.4749702215194702,0.4952068328857422,0.0007386485231108963,0.30000001192092896,0.47570887207984924,-0.19520682096481323,True,True,predictive_recovery,right_pass,0.30483615398402897,9.262513213469065,10,5,,0,0,0,False,False,False,False,False,False,False,False,True,0.7340882544059949,7.125220052784447,0.0,False,max_steps,,inf,,inf,inf,inf,1.0484192783909023,inf,4.028836153984029,-3.885279972315823,-0.40129784573449057,0.08633178549460988,{'ROAD_LINE_BROKEN_SINGLE_WHITE'},True,True,raw_collision_risk:vehicle_lateral_margin_violation,True,False,right,12,False,raw_predicted_collision,False,0,0,,inf,inf,inf,inf,False,False,inf,inf,3.3409797068167886,True,False,1,0,,True,False,0.050546656067041826,0.6662272611154321,inf,5.028836153984029,0.0,vehicle_lateral_margin_violation,True,raw_collision_risk:vehicle_lateral_margin_violation,,False,False,0.0,1.0484192783909023,inf,4.028836153984029,False,-8.303704947312653,,,
6000,1007,1,290,290,-0.46162092685699463,0.4708430767059326,0.0007022669306024909,0.30000001192092896,0.4623231887817383,-0.17084306478500366,True,True,predictive_recovery,right_pass,0.2972073554992267,9.244013897961143,10,5,,0,0,0,False,False,False,False,False,False,False,False,True,0.7358071658379024,7.216357747180583,0.0,False,max_steps,,inf,,inf,inf,inf,1.1097858717843323,inf,4.021207355499227,-4.616454806215813,-0.39376632202996176,0.0962508641351873,{'ROAD_LINE_BROKEN_SINGLE_WHITE'},True,True,raw_collision_risk:vehicle_lateral_margin_violation,True,False,right,12,False,raw_predicted_collision,False,0,0,,inf,inf,inf,inf,False,False,inf,inf,3.2891506848264003,True,False,1,0,,True,False,0.026931964542748443,0.7102267848575052,inf,5.021207355499227,0.0,vehicle_lateral_margin_violation,True,raw_collision_risk:vehicle_lateral_margin_violation,,False,False,0.0,1.1097858717843323,inf,4.021207355499227,False,-8.151382840606466,,,
6000,1007,1,291,291,-0.3995448350906372,0.48029541969299316,0.0006728912703692913,0.30000001192092896,0.4002177119255066,-0.1802954077720642,True,True,predictive_recovery,right_pass,0.28957688808437076,9.377687135799052,10,5,,0,0,0,False,False,False,False,False,False,False,False,True,0.7375481098880354,7.307495559123536,0.0,False,max_steps,,inf,,inf,inf,inf,1.1447290166389674,inf,4.013576888084371,-3.267160670657761,-0.38623241413964193,0.07400384147413092,{'ROAD_LINE_BROKEN_SINGLE_WHITE'},True,True,raw_collision_risk:vehicle_lateral_margin_violation,True,False,right,12,False,raw_predicted_collision,False,0,0,,inf,inf,inf,inf,False,False,inf,inf,2.883258466052308,True,False,1,0,,True,False,0.03171288943257304,0.6942903685580899,inf,5.013576888084371,0.0,vehicle_lateral_margin_violation,True,raw_collision_risk:vehicle_lateral_margin_violation,,False,False,0.0,1.1447290166389674,inf,4.013576888084371,False,-7.930575354591106,,,
6000,1007,1,292,292,-0.4006621837615967,0.4607030153274536,0.0006474368856288493,0.30000001192092896,0.401309609413147,-0.16070300340652466,True,True,predictive_recovery,right_pass,0.28194487094875065,9.380659128097077,10,5,,0,0,0,False,False,False,False,False,False,False,False,True,0.7393110865563943,7.398633460587019,0.0,False,max_steps,,inf,,inf,inf,inf,1.1740188835142344,inf,4.005944870948751,-1.7066112995756537,-0.37869647969139975,0.05170289906258034,{'ROAD_LINE_BROKEN_SINGLE_WHITE'},True,True,raw_collision_risk:vehicle_lateral_margin_violation,True,False,right,12,False,raw_predicted_collision,False,0,0,,inf,inf,inf,inf,False,False,inf,inf,2.927837128546606,True,False,1,0,,True,False,0.02317304374953173,0.7227565208348943,inf,5.005944870948751,0.0,vehicle_lateral_margin_violation,True,raw_collision_risk:vehicle_lateral_margin_violation,,False,False,0.0,1.1740188835142344,inf,4.005944870948751,False,-7.709001417183984,,,
6000,1007,1,293,293,-0.3141171932220459,0.6039350032806396,0.0006235747714526951,0.30000001192092896,0.31474077701568604,-0.3039349913597107,True,True,predictive_recovery,right_pass,0.27431106567378727,10.116340975349898,10,5,,0,0,0,False,False,False,False,False,False,False,False,True,0.7410958755167966,7.4897714804139355,0.0,False,max_steps,,inf,,inf,inf,inf,0.9962702288862424,inf,3.998311065673787,-1.4440683787104067,-0.3711575650109188,0.047599615224568834,{'ROAD_LINE_BROKEN_SINGLE_WHITE'},True,True,raw_collision_risk:vehicle_lateral_margin_violation,True,False,right,12,False,raw_predicted_collision,False,0,0,,inf,inf,inf,inf,False,False,inf,inf,2.3240379763183068,True,False,1,0,,True,False,0.10373667332598403,0.5408697422803299,inf,4.9983110656737875,0.0,vehicle_lateral_margin_violation,True,raw_collision_risk:vehicle_lateral_margin_violation,,False,False,0.0,0.9962702288862424,inf,3.998311065673787,False,-8.71807480307318,,,
6000,1007,1,294,294,-0.24100273847579956,0.6922545433044434,0.000601639156229794,0.30000001192092896,0.24160437285900116,-0.3922545313835144,True,True,predictive_recovery,right_pass,0.26667594909663883,10.60491692528393,10,6,,0,0,0,False,False,False,False,False,False,False,False,True,0.7429025502113029,7.580909572005519,0.0,False,max_steps,,inf,,inf,inf,inf,0.9125469292687818,inf,3.9906759490966386,-2.2733948765834313,-0.36361662377251547,0.050841110160632474,{'ROAD_LINE_BROKEN_SINGLE_WHITE'},True,True,raw_collision_risk:vehicle_lateral_margin_violation,True,False,right,12,False,raw_predicted_collision,False,0,0,,inf,inf,inf,inf,False,False,inf,inf,1.805055437337702,True,False,1,0,,True,False,0.14366932683158934,0.45884080275601535,inf,4.990675949096639,0.0,vehicle_lateral_margin_violation,True,raw_collision_risk:vehicle_lateral_margin_violation,,False,False,0.0,0.9125469292687818,inf,3.9906759490966386,False,-9.533721082763982,,,
6000,1007,1,295,295,-0.27389413118362427,0.593397855758667,0.0005802411469630897,0.30000001192092896,0.2744743824005127,-0.29339784383773804,True,True,predictive_recovery,right_pass,0.25903928279872623,10.25119992291952,10,6,,0,0,0,False,False,False,False,False,False,False,False,True,0.744731257524035,7.672047767053505,0.0,False,max_steps,,inf,,inf,inf,inf,0.9851792428210455,inf,3.983039282798726,-1.6347505427566524,-0.3560734175576107,0.045250261745217873,{'ROAD_LINE_BROKEN_SINGLE_WHITE'},True,True,raw_collision_risk:vehicle_lateral_margin_violation,True,False,right,12,False,raw_predicted_collision,False,0,0,,inf,inf,inf,inf,False,False,inf,inf,2.0763666408060724,True,False,1,0,,True,False,0.1067154129113978,0.5313209141807929,inf,4.983039282798726,0.0,vehicle_lateral_margin_violation,True,raw_collision_risk:vehicle_lateral_margin_violation,,False,False,0.0,0.9851792428210455,inf,3.983039282798726,False,-8.673055628001244,,,
6000,1007,1,296,296,-0.2783931493759155,0.5702271461486816,0.0005597022827714682,0.30000001192092896,0.27895283699035645,-0.2702271342277527,True,True,predictive_recovery,right_pass,0.25140166282649723,10.238069924722573,10,6,,0,0,0,False,False,False,False,False,False,False,False,True,0.7465819974549929,7.763186056706935,0.0,False,max_steps,,inf,,inf,inf,inf,0.9942053200746699,inf,3.975401662826497,-1.6044865209770833,-0.3485275887383358,0.04480605316669166,{'ROAD_LINE_BROKEN_SINGLE_WHITE'},True,True,raw_collision_risk:vehicle_lateral_margin_violation,True,False,right,12,False,raw_predicted_collision,False,0,0,,inf,inf,inf,inf,False,False,inf,inf,2.1358455400324856,True,False,1,0,,True,False,0.10225935941937085,0.5394709335768373,inf,4.975401662826497,0.0,vehicle_lateral_margin_violation,True,raw_collision_risk:vehicle_lateral_margin_violation,,False,False,0.0,0.9942053200746699,inf,3.975401662826497,False,-8.505153436614314,,,
6000,1007,1,297,297,-0.37224507331848145,0.5073332786560059,0.0005397659260779619,0.30000001192092896,0.3727848529815674,-0.2073332667350769,True,True,predictive_recovery,right_pass,0.24376285076137272,10.046185810658962,10,5,,0,0,0,False,False,False,False,False,False,False,False,True,0.7484544027938725,7.854324469700841,0.0,False,max_steps,,inf,,inf,inf,inf,1.0415987068999524,inf,3.9677628507613725,-1.3837357650733253,-0.34097937573326986,0.04290409786953377,{'ROAD_LINE_BROKEN_SINGLE_WHITE'},True,True,raw_collision_risk:vehicle_lateral_margin_violation,True,False,right,12,False,raw_predicted_collision,False,0,0,,inf,inf,inf,inf,False,False,inf,inf,2.889807762863886,True,False,1,0,,True,False,0.07968845383618697,0.5839228866156225,inf,4.967762850761373,0.0,vehicle_lateral_margin_violation,True,raw_collision_risk:vehicle_lateral_margin_violation,,False,False,0.0,1.0415987068999524,inf,3.9677628507613725,False,-8.02713070408533,,,
6000,1007,1,298,298,-0.37608277797698975,0.4808366298675537,0.0005215052515268326,0.30000001192092896,0.376604288816452,-0.18083661794662476,True,True,predictive_recovery,right_pass,0.2361228466033527,10.018089304104834,10,5,,0,0,0,False,False,False,False,False,False,False,False,True,0.750348840750978,7.945462969199068,0.0,False,max_steps,,inf,,inf,inf,inf,1.0551785037743073,inf,3.9601228466033525,-1.3604375999668736,-0.33342997063530844,0.04253226113920748,{'ROAD_LINE_BROKEN_SINGLE_WHITE'},True,True,raw_collision_risk:vehicle_lateral_margin_violation,True,False,right,12,False,raw_predicted_collision,False,0,0,,inf,inf,inf,inf,False,False,inf,inf,2.9538761656977393,True,False,1,0,,True,False,0.07273050864507717,0.5966668376754138,inf,4.960122846603353,0.0,vehicle_lateral_margin_violation,True,raw_collision_risk:vehicle_lateral_margin_violation,,False,False,0.0,1.0551785037743073,inf,3.9601228466033525,False,-7.879415700688824,,,
6000,1007,1,299,299,-0.3801136016845703,0.453139066696167,0.0005033176857978106,0.30000001192092896,0.3806169331073761,-0.15313905477523804,True,True,predictive_recovery,right_pass,0.22848176956172672,9.984588769331818,10,5,,0,0,0,False,False,False,False,False,False,False,False,True,0.752265311326309,8.036598223259183,0.0,False,max_steps,,inf,,inf,inf,inf,1.0702458346908355,inf,3.9524817695617265,-1.3316683881778655,-0.32587853897942465,0.04197014873055315,{'ROAD_LINE_BROKEN_SINGLE_WHITE'},True,True,raw_collision_risk:vehicle_lateral_margin_violation,True,False,right,12,False,raw_predicted_collision,False,0,0,,inf,inf,inf,inf,False,False,inf,inf,3.020178546273638,True,False,1,0,,True,False,0.0650345996182669,0.6108263460059242,inf,4.952481769561727,0.0,vehicle_lateral_margin_violation,True,raw_collision_risk:vehicle_lateral_margin_violation,,False,False,0.0,1.0702458346908355,inf,3.9524817695617265,False,-7.740938316957333,,,
6000,1007,1,300,300,-0.36257779598236084,0.4736201763153076,0.00048587931087240577,0.30000001192092896,0.36306366324424744,-0.17362016439437866,True,True,predictive_recovery,right_pass,0.22083950042720524,10.167889016678068,10,5,,0,0,0,False,False,False,False,False,False,False,False,True,0.7542037410778051,8.127727390851653,0.0,False,max_steps,,inf,,inf,inf,inf,1.0188817479492425,inf,3.944839500427205,-1.5668696349316775,-0.31832543839348715,0.04543212650849587,{'ROAD_LINE_BROKEN_SINGLE_WHITE'},True,True,raw_collision_risk:vehicle_lateral_margin_violation,True,False,right,12,False,raw_predicted_collision,False,0,0,,inf,inf,inf,inf,False,False,inf,inf,2.9138920709850717,True,False,1,0,,True,False,0.09630374192242663,0.5547852882337136,inf,4.944839500427205,0.0,vehicle_lateral_margin_violation,True,raw_collision_risk:vehicle_lateral_margin_violation,,False,False,0.0,1.0188817479492425,inf,3.944839500427205,False,-7.843661504708351,,,
6000,1007,1,301,301,-0.34382784366607666,0.5502187013626099,0.0004698628035839647,0.30000001192092896,0.34429770708084106,-0.2502186894416809,True,True,predictive_recovery,right_pass,0.21319627761836735,10.603711546983398,10,5,,0,0,0,False,False,False,False,False,False,False,False,True,0.7561639096792838,8.218856627836555,0.0,False,max_steps,,inf,,inf,inf,inf,0.9290246789433105,inf,3.937196277618367,-2.741643659918658,-0.31077043045891684,0.05953961436491312,{'ROAD_LINE_BROKEN_SINGLE_WHITE'},True,True,raw_collision_risk:vehicle_lateral_margin_violation,True,False,right,12,False,raw_predicted_collision,False,0,0,,inf,inf,inf,inf,False,False,inf,inf,2.7945389827022313,True,False,1,0,,True,False,0.15337631832070964,0.45177766119801843,inf,4.9371962776183675,0.0,vehicle_lateral_margin_violation,True,raw_collision_risk:vehicle_lateral_margin_violation,,False,False,0.0,0.9290246789433105,inf,3.937196277618367,False,-8.399148189010262,,,
6000,1007,1,302,302,-0.3492555618286133,0.5229792594909668,-0.0015216793399304152,0.18000000715255737,0.34773388504981995,-0.3429792523384094,True,True,predictive_recovery,right_slow_follow,0.2055517435073444,3.0,10,5,,0,0,0,False,False,False,False,False,False,False,False,True,0.7581439810792264,8.273536033022465,0.0,False,max_steps,,inf,,inf,inf,inf,0.9294662172154027,inf,0.42955174350734426,2.5205282044781807,-0.30321411122216146,0.019769713591351948,{'ROAD_LINE_BROKEN_SINGLE_WHITE'},True,True,raw_collision_risk:vehicle_lateral_margin_violation,True,False,right,12,False,raw_predicted_collision,False,0,0,,inf,inf,inf,inf,False,False,inf,inf,2.870481389143878,True,False,1,0,,True,False,0.1577274804253816,0.4477898156113027,inf,1.4295517435073442,0.0,vehicle_lateral_margin_violation,True,raw_collision_risk:vehicle_lateral_margin_violation,,False,False,0.0,1.6585512726020504,inf,3.929551743507344,False,-40.88802615073769,,,
6000,1007,1,303,303,-0.34913337230682373,0.4634559154510498,-0.0014068419113755226,0.18000000715255737,0.3477265238761902,-0.28345590829849243,True,True,predictive_recovery,right_slow_follow,0.19771981239314762,3.0,10,5,,0,0,0,False,False,False,False,False,False,False,False,True,0.7601375658183473,8.32822230456168,0.0,False,max_steps,,inf,,inf,inf,inf,0.9740215529003944,inf,0.4217198123931475,2.473631949202373,-0.29546967972649496,0.018995270441785297,{'ROAD_LINE_BROKEN_SINGLE_WHITE'},True,True,raw_collision_risk:vehicle_lateral_margin_violation,True,False,right,12,False,raw_predicted_collision,False,0,0,,inf,inf,inf,inf,False,False,6352.394600638325,inf,2.888567536111154,True,False,1,0,,True,False,0.13198940152294775,0.495228202682362,inf,1.4217198123931474,0.0,vehicle_lateral_margin_violation,True,raw_collision_risk:vehicle_lateral_margin_violation,,False,False,0.0,1.663228655992647,inf,3.9217198123931474,False,-39.83948749652964,,,
6000,1007,1,304,304,-0.34624171257019043,0.45205962657928467,-0.0009418585104867816,0.18000000715255737,0.3452998399734497,-0.2720596194267273,True,True,predictive_recovery,right_slow_follow,0.18943834304805485,3.0,10,5,,0,0,0,False,False,False,False,False,False,False,False,True,0.7621443701284039,8.382909013681482,0.0,False,max_steps,,inf,,inf,inf,inf,0.9734439333815175,inf,0.4134383430480547,2.3378292735850543,-0.2813145302666561,0.017675130608641093,{'ROAD_LINE_BROKEN_SINGLE_WHITE'},True,True,raw_collision_risk:vehicle_lateral_margin_violation,True,False,right,12,False,raw_predicted_collision,False,0,0,,inf,inf,inf,inf,False,False,47.04046087762484,inf,2.883577953396694,True,False,1,0,,True,False,0.13347824788051937,0.49388904581691806,inf,1.4134383430480546,0.0,vehicle_lateral_margin_violation,True,raw_collision_risk:vehicle_lateral_margin_violation,,False,False,0.0,1.664918325308772,inf,3.7499097621441178,False,-39.84418227609059,,,
6000,1007,1,305,305,-0.3486511707305908,0.42710888385772705,-0.0004341729509178549,0.18000000715255737,0.3482170104980469,-0.24710887670516968,True,True,predictive_recovery,right_slow_follow,0.18088316917415348,3.0,10,5,,0,0,0,False,False,False,False,False,False,False,False,True,0.7641643205673349,8.43759450931571,0.0,False,max_steps,,inf,,inf,inf,inf,0.9862673573604877,inf,0.40488316917415335,2.244762269883238,-0.25703088272942465,0.015651493313871806,{'ROAD_LINE_BROKEN_SINGLE_WHITE'},True,True,raw_collision_risk:vehicle_lateral_margin_violation,True,False,right,12,False,raw_predicted_collision,False,0,0,,inf,inf,inf,inf,False,False,37.610692876214564,inf,2.9227110417480713,True,False,1,0,,True,False,0.12692990433757728,0.5069941048957189,inf,1.4048831691741532,0.0,vehicle_lateral_margin_violation,True,raw_collision_risk:vehicle_lateral_margin_violation,,False,False,0.0,1.6635766845856992,inf,1.466291741243444,False,-42.81411179932656,,,
6000,1007,1,306,306,-0.3537644147872925,0.39477527141571045,0.0018410601187497377,0.30000001192092896,0.35560548305511475,-0.0947752594947815,True,True,predictive_recovery,right_pass,0.17218363285060612,10.214083230686407,10,5,,0,0,0,False,False,False,False,False,False,False,False,True,0.7661994000707809,8.528725997708685,0.0,False,max_steps,,inf,,inf,inf,inf,1.005807437685787,inf,0.3961836328506061,-2.129030395703589,-0.25604228009118,0.0411881909800189,{'ROAD_LINE_BROKEN_SINGLE_WHITE'},True,True,raw_collision_risk:vehicle_lateral_margin_violation,True,False,right,12,False,raw_predicted_collision,False,0,0,,inf,inf,inf,inf,False,False,38.74719384163429,inf,2.9849206838005444,True,False,1,0,,True,False,0.11648013938157278,0.5273340236223647,inf,1.3961836328506059,0.0,vehicle_lateral_margin_violation,True,raw_collision_risk:vehicle_lateral_margin_violation,,False,False,1.4206489516895457,1.005807437685787,inf,0.3961836328506061,False,-64.15580485436037,,,
6000,1007,1,307,307,-0.3660951852798462,0.3933863639831543,0.0019717924296855927,0.30000001192092896,0.3680669665336609,-0.09338635206222534,True,True,predictive_recovery,right_pass,0.1636048555373737,10.29896463563288,10,5,,0,0,0,False,False,False,False,False,False,False,False,True,0.7682561449821489,8.619860457858799,0.0,False,max_steps,,inf,,inf,inf,inf,0.9757558048222972,inf,0.38760485553737367,-2.325102962910483,-0.2568650626076595,0.0448090859153985,{'ROAD_LINE_BROKEN_SINGLE_WHITE'},True,True,raw_collision_risk:vehicle_lateral_margin_violation,True,False,right,12,False,raw_predicted_collision,False,0,0,,inf,inf,inf,inf,False,False,20.614410950251877,inf,3.122325524332202,True,False,1,0,,True,False,0.1371794704428201,0.49415768835986595,inf,1.3876048555373734,0.0,vehicle_lateral_margin_violation,True,raw_collision_risk:vehicle_lateral_margin_violation,,False,False,1.4506746722858592,0.9757558048222972,inf,0.38760485553737367,False,-65.14801211215274,,,
6000,1007,1,308,308,-0.3926880359649658,0.23569488525390625,0.0016323851887136698,0.23569488525390625,0.39432042837142944,0.0,True,True,predictive_recovery,right_pass,0.15544581413264957,9.680487441501377,10,5,,0,0,0,False,False,False,False,False,False,False,False,True,0.7703337474387706,8.691459564671602,0.0,False,max_steps,,inf,,inf,inf,inf,1.154827983333698,inf,0.37944581413264955,-1.1213608729834128,-0.2436870716942684,0.03141168107539083,{'ROAD_LINE_BROKEN_SINGLE_WHITE'},True,True,raw_collision_risk:vehicle_lateral_margin_violation,True,False,right,12,False,raw_predicted_collision,False,0,0,,inf,inf,inf,inf,False,False,13.990131214362775,inf,3.3849160734886428,True,False,1,0,,True,False,0.03407111531488589,0.6864296156170471,inf,1.3794458141326493,0.0,vehicle_lateral_margin_violation,True,raw_collision_risk:vehicle_lateral_margin_violation,,False,False,1.4792313172023932,1.154827983333698,inf,0.37944581413264955,False,-65.5183325055402,,,
6000,1007,1,309,309,-0.39745932817459106,0.17754793167114258,0.0011360709322616458,0.17754793167114258,0.39859539270401,0.0,True,True,predictive_recovery,right_pass,0.14757323265071598,9.490425257191744,10,5,,0,0,0,False,False,False,False,False,False,False,False,True,0.7724277274749399,8.745400361009414,0.0,False,max_steps,,inf,,inf,inf,inf,1.2113101107506452,inf,0.37157323265071596,-0.9454373571462309,-0.22767702568901937,0.028546579328158503,{'ROAD_LINE_BROKEN_SINGLE_WHITE'},True,True,raw_collision_risk:vehicle_lateral_margin_violation,True,False,right,12,False,raw_predicted_collision,False,0,0,,inf,inf,inf,inf,False,False,11.116056858260844,inf,3.4545016794309986,True,False,1,0,,True,False,0.014204983375434943,0.7526500554152169,inf,1.3715732326507157,0.0,vehicle_lateral_margin_violation,True,raw_collision_risk:vehicle_lateral_margin_violation,,False,False,1.5090774397675069,1.2113101107506452,inf,0.37157323265071596,False,-66.2488890904813,,,
6000,1007,1,310,310,-0.40362995862960815,0.11737370491027832,0.0005264473147690296,0.11737370491027832,0.4041564166545868,0.0,True,True,predictive_recovery,right_pass,0.1398856639861652,9.273582033105667,10,5,,0,0,0,False,False,False,False,False,False,False,False,True,0.7745338254511335,8.781048845553826,0.0,False,max_steps,,inf,,inf,inf,inf,1.2939640642592245,inf,0.3638856639861652,-0.681522392651555,-0.22161547173394125,0.02326340289271687,{'ROAD_LINE_BROKEN_SINGLE_WHITE'},True,True,raw_collision_risk:vehicle_lateral_margin_violation,True,False,right,12,False,raw_predicted_collision,False,0,0,,inf,inf,inf,inf,False,False,9.576725042188494,inf,3.5299055859135904,True,False,1,0,,True,False,0.0,0.8569061335335433,inf,1.363885663986165,0.0,vehicle_lateral_margin_violation,True,raw_collision_risk:vehicle_lateral_margin_violation,,False,False,1.53982771442571,1.2939640642592245,inf,0.3638856639861652,False,-66.90107075406013,,,
6000,1007,1,311,311,-0.4092189073562622,0.060190796852111816,1.6937883628997952e-05,0.060190796852111816,0.4092358350753784,0.0,True,True,predictive_recovery,right_pass,0.1322889328002521,9.05190743138833,10,7,,0,0,0,False,False,False,False,False,False,False,False,True,0.7766477082857667,8.799343611091125,0.0,False,max_steps,,inf,,inf,inf,inf,1.3666199250961792,inf,0.3562889328002521,-0.4046787667504237,-0.21827475060357016,0.017586629138600193,{'ROAD_LINE_BROKEN_SINGLE_WHITE'},True,True,raw_collision_risk:vehicle_lateral_margin_violation,True,False,right,12,False,raw_predicted_collision,False,0,0,,inf,inf,inf,inf,False,False,8.724030869504865,inf,3.593371214019504,True,False,1,0,,True,False,0.0,0.9756687423545785,inf,1.3562889328002519,0.0,vehicle_lateral_margin_violation,True,raw_collision_risk:vehicle_lateral_margin_violation,,False,False,1.5702146391693623,1.3666199250961792,inf,0.3562889328002521,False,-67.52785891279169,,,
6000,1007,1,312,312,-0.32759034633636475,0.34671807289123535,0.00018154765712097287,0.30000001192092896,0.3277719020843506,-0.046718060970306396,True,True,predictive_recovery,right_pass,0.12468647956844059,10.359574939101684,10,5,,0,0,0,False,False,False,False,False,False,False,False,True,0.7787702572835687,8.890474352671712,0.0,False,max_steps,,inf,,inf,inf,inf,0.9239461174298391,inf,0.34868647956844057,-2.469561290047535,-0.20812241066826742,0.05151566747238361,{'ROAD_LINE_BROKEN_SINGLE_WHITE'},True,True,raw_collision_risk:vehicle_lateral_margin_violation,True,False,right,12,False,raw_predicted_collision,False,0,0,,inf,inf,inf,inf,False,False,8.286303663753252,inf,2.88258002109002,True,False,1,0,,True,False,0.09185984017873391,0.5634716883098068,inf,1.3486864795684403,0.0,vehicle_lateral_margin_violation,True,raw_collision_risk:vehicle_lateral_margin_violation,,False,False,1.6006244520966084,0.9239461174298391,inf,0.34868647956844057,False,-70.39074796070032,,,
6000,1007,1,313,313,-0.21013468503952026,0.5533208847045898,0.0002337335899937898,0.30000001192092896,0.21036842465400696,-0.2533208727836609,True,True,predictive_recovery,right_pass,0.1170507669448444,11.380418333842366,10,5,,0,0,0,False,False,False,False,False,False,False,False,True,0.7809140310369281,8.98160702208854,0.0,False,max_steps,,inf,,inf,inf,inf,0.7762979431197787,inf,0.3410507669448444,-4.664209357182719,-0.19582084645165365,0.07245878184408432,{'ROAD_LINE_BROKEN_SINGLE_WHITE'},True,True,raw_collision_risk:vehicle_lateral_margin_violation,True,False,right,12,False,raw_predicted_collision,False,0,0,,inf,inf,inf,inf,False,False,6.843961721886096,inf,1.8681970279506028,True,False,1,0,,True,False,0.1800076731246048,0.40636359550306045,inf,1.3410507669448442,0.0,vehicle_lateral_margin_violation,True,raw_collision_risk:vehicle_lateral_margin_violation,,False,False,1.6382779196550592,0.7762979431197787,inf,0.3410507669448444,False,-72.91313319859505,,,
6000,1007,1,314,314,-0.2327251434326172,0.503334641456604,0.0002839495427906513,0.30000001192092896,0.23300909996032715,-0.20333462953567505,True,True,predictive_recovery,right_pass,0.10940182209010807,11.246612908643257,10,5,,0,0,0,False,False,False,False,False,False,False,False,True,0.7830798374085133,9.072739206434646,0.0,False,max_steps,,inf,,inf,inf,inf,0.7694457419997129,inf,0.33340182209010805,-2.4113446335607094,-0.18839386929406088,0.03685450418671237,{'ROAD_LINE_BROKEN_SINGLE_WHITE'},True,True,raw_collision_risk:vehicle_lateral_margin_violation,True,False,right,12,False,raw_predicted_collision,False,0,0,,inf,inf,inf,inf,False,False,5.793493446179608,inf,2.090245782470957,True,False,1,0,,True,False,0.19076745807193646,0.3985781584687058,inf,1.3334018220901078,0.0,vehicle_lateral_margin_violation,True,raw_collision_risk:vehicle_lateral_margin_violation,,False,False,1.6709293594100245,0.7694457419997129,inf,0.33340182209010805,False,-73.4258957600534,,,
6000,1007,1,315,315,-0.25182247161865234,0.4389225244522095,0.00031700165709480643,0.30000001192092896,0.25213947892189026,-0.13892251253128052,True,True,predictive_recovery,right_pass,0.10174238681789127,11.047890566469588,10,4,,0,0,0,False,False,False,False,False,False,False,False,True,0.7852676763983242,9.163871126401126,0.0,False,max_steps,,inf,,inf,inf,inf,0.7768098129046783,inf,0.32574238681789125,-2.7389075423786764,-0.18289426792992514,0.0404873456755241,{'ROAD_LINE_BROKEN_SINGLE_WHITE'},True,True,raw_collision_risk:vehicle_lateral_margin_violation,True,False,right,12,False,raw_predicted_collision,False,0,0,,inf,inf,inf,inf,False,False,4.989663513736096,inf,2.284719611315823,True,False,1,0,,True,False,0.19668041548555634,0.40589632849782964,inf,1.325742386817891,0.0,vehicle_lateral_margin_violation,True,raw_collision_risk:vehicle_lateral_margin_violation,,False,False,1.699357879227402,0.7768098129046783,inf,0.32574238681789125,False,-74.0655340200026,,,
6000,1007,1,316,316,-0.33218061923980713,0.22009491920471191,0.00033085764152929187,0.22009491920471191,0.3325114846229553,0.0,True,True,predictive_recovery,right_pass,0.09407770633693424,10.15429826282233,10,4,,0,0,0,False,False,False,False,False,False,False,False,True,0.7874758588389633,9.230719614841352,0.0,False,max_steps,,inf,,inf,inf,inf,0.8970801327523446,inf,0.3180777063369342,-1.7769587826926259,-0.17417243946923178,0.03322800139842587,{'ROAD_LINE_BROKEN_SINGLE_WHITE'},True,True,raw_collision_risk:vehicle_lateral_margin_violation,True,False,right,12,False,raw_predicted_collision,False,0,0,,inf,inf,inf,inf,False,False,4.351294409114783,inf,3.044060385401715,True,False,1,0,,True,False,0.1203598151090182,0.5330306146821777,inf,1.318077706336934,0.0,vehicle_lateral_margin_violation,True,raw_collision_risk:vehicle_lateral_margin_violation,,False,False,1.7230595450226338,0.8970801327523446,inf,0.3180777063369342,False,-74.03059402048822,,,
6000,1007,1,317,317,-0.4097464084625244,0.06667816638946533,1.9502631403156556e-05,0.06667816638946533,0.40976589918136597,0.0,True,True,predictive_recovery,right_pass,0.08641624450679508,9.530771363593946,10,6,,0,0,0,False,False,False,False,False,False,False,False,True,0.7896977015029025,9.250975203492708,0.0,False,max_steps,,inf,,inf,inf,inf,1.0529074995379766,inf,0.31041624450679506,-1.1964653863127275,-0.16408626068962973,0.025541490034827745,{'ROAD_LINE_BROKEN_SINGLE_WHITE'},True,True,raw_collision_risk:vehicle_lateral_margin_violation,True,False,right,12,False,raw_predicted_collision,False,0,0,,inf,inf,inf,inf,False,False,3.933683263495154,inf,3.7822542097058207,True,False,1,0,,True,False,0.08516063810878642,0.610831452905011,inf,1.3104162445067948,0.0,vehicle_lateral_margin_violation,True,raw_collision_risk:vehicle_lateral_margin_violation,,False,False,1.7537053923431905,1.0529074995379766,inf,0.31041624450679506,False,-74.23756331836735,,,
6000,1007,1,318,318,-0.5072135329246521,-0.17567157745361328,-0.00023928376322146505,0.0,0.5069742202758789,0.17567157745361328,True,True,predictive_recovery,right_pass,0.07874917984004703,9.250975203492708,10,4,,0,0,0,False,False,False,False,False,False,False,False,True,0.7919216739866034,9.214617509205265,0.0,False,max_steps,,inf,,inf,inf,inf,1.1154611348511168,inf,0.302749179840047,-0.9597482124788836,-0.15640107621086996,0.021673746663114873,{'ROAD_LINE_BROKEN_SINGLE_WHITE'},True,True,raw_collision_risk:vehicle_lateral_margin_violation,True,False,right,12,False,raw_predicted_collision,False,0,0,,inf,inf,inf,inf,False,False,3.7491535191445178,inf,4.692219815961889,True,False,1,0,,True,False,0.0,1.2759219319039747,inf,1.3027491798400468,0.0,vehicle_lateral_margin_violation,True,raw_collision_risk:vehicle_lateral_margin_violation,,False,False,1.7843736510101826,1.1154611348511168,inf,0.302749179840047,False,-67.17079481651456,,,
6000,1007,1,319,319,-0.5278765559196472,-0.2827880382537842,-0.0002934665244538337,0.0,0.5275830626487732,0.2827880382537842,True,True,predictive_recovery,right_pass,0.07103443145747868,9.214617509205265,10,4,,0,0,0,False,False,False,False,False,False,False,False,True,0.7941373475174394,9.178262504459163,0.0,False,max_steps,,inf,,inf,inf,inf,1.0962413132739144,inf,0.29503443145747865,-1.0029550557845628,-0.14992205132378522,0.02204306472026317,{'ROAD_LINE_BROKEN_SINGLE_WHITE'},True,True,raw_collision_risk:vehicle_lateral_margin_violation,True,False,right,12,False,raw_predicted_collision,False,0,0,,inf,inf,inf,inf,False,False,3.800691159137309,inf,4.864180554876153,True,False,1,0,,True,False,0.0,1.2418717329497468,inf,1.2950344314574784,0.0,vehicle_lateral_margin_violation,True,raw_collision_risk:vehicle_lateral_margin_violation,,False,False,1.815232644540456,1.0962413132739144,inf,0.29503443145747865,False,-63.2413149526362,,,
6000,1007,1,320,320,0.20508229732513428,0.7543681859970093,0.00020751639385707676,0.30000001192092896,-0.20487478375434875,-0.4543681740760803,True,True,predictive_recovery,right_pass,0.06327354907985416,12.572919341445704,10,4,,0,0,0,False,False,False,False,False,False,False,False,True,0.7963517725332425,9.269400959223114,0.0,False,max_steps,,inf,,inf,inf,inf,-0.8449667286189899,inf,0.2872735490798535,-3.4507860007682183,-0.14188221920861188,0.04809864291076653,{'ROAD_LINE_BROKEN_SINGLE_WHITE'},True,True,raw_collision_risk:vehicle_lateral_margin_violation,True,False,right,12,False,raw_predicted_collision,False,0,0,,inf,inf,inf,inf,False,False,3.8603737508605604,inf,0.0,True,False,1,0,,True,False,0.29123887697888096,0.3581300431935843,inf,1.287273549079854,0.0,vehicle_lateral_margin_violation,True,raw_collision_risk:vehicle_lateral_margin_violation,,False,False,3.021865183623162,-0.8449667286189899,inf,0.2872735490798535,True,-99.8973765594255,,,
6000,1007,1,321,321,0.24082636833190918,0.821397066116333,0.0003710942983161658,0.30000001192092896,-0.2404552698135376,-0.521397054195404,True,True,predictive_recovery,right_pass,0.05550491809840885,12.965687756746613,10,4,,0,0,0,False,False,False,False,False,False,False,False,True,0.7985868347681171,9.360537721066093,0.0,False,max_steps,,inf,,inf,inf,inf,-1.163617588954391,inf,0.2795049180984088,-3.815826663469135,-0.13300017346276227,0.052071090463972736,{'ROAD_LINE_BROKEN_SINGLE_WHITE'},True,True,raw_collision_risk:vehicle_lateral_margin_violation,True,False,right,12,False,raw_predicted_collision,False,0,0,,inf,inf,inf,inf,False,False,3.391413470338914,inf,0.0,True,False,1,0,,True,False,0.3032744263059627,0.3728145502847373,inf,1.2795049180984086,0.0,vehicle_lateral_margin_violation,True,raw_collision_risk:vehicle_lateral_margin_violation,,False,False,3.395817633794056,-1.163617588954391,inf,0.2795049180984088,True,-101.69644035708434,,,
6000,1007,1,322,322,0.17604732513427734,0.7556486129760742,0.0004236730164848268,0.30000001192092896,-0.17562365531921387,-0.45564860105514526,True,True,predictive_recovery,right_pass,0.047760844230611,12.760956479458427,10,4,,0,0,0,False,False,False,False,False,False,False,False,True,0.800843709295035,9.451674877470992,0.0,False,max_steps,,inf,,inf,inf,inf,-0.9380493131702461,inf,0.271760844230611,-4.191713765666329,-0.12530902851952497,0.05628432485994427,{'ROAD_LINE_BROKEN_SINGLE_WHITE'},True,True,raw_collision_risk:vehicle_lateral_margin_violation,True,False,right,12,False,raw_predicted_collision,False,0,0,,inf,inf,inf,inf,False,False,2.9977630812223777,inf,0.0,True,False,1,0,,True,False,0.3175709168678771,0.3916100362530117,inf,1.2717608442306108,0.0,vehicle_lateral_margin_violation,True,raw_collision_risk:vehicle_lateral_margin_violation,,False,False,3.1264587541421047,-0.8022520701822065,inf,0.271760844230611,True,-102.31130945346192,,,
6000,1007,1,323,323,0.17598867416381836,0.6939293146133423,0.0004095636249985546,0.30000001192092896,-0.17557911574840546,-0.39392930269241333,True,True,predictive_recovery,right_pass,0.04004454612727848,12.574356793231033,10,4,,0,0,0,False,False,False,False,False,False,False,False,True,0.8031226164401787,9.542803317030927,0.0,False,max_steps,,inf,,inf,inf,inf,-1.4510685067445004,inf,0.264044546127278,-4.578536300736191,-0.11840573777092878,0.06071645698112159,{'ROAD_LINE_BROKEN_SINGLE_WHITE'},True,True,raw_collision_risk:vehicle_lateral_margin_violation,True,False,right,12,False,raw_predicted_collision,False,0,0,,inf,inf,inf,inf,False,False,2.6604055946972953,inf,0.0,True,False,1,0,,True,False,0.33575110657401397,0.3952113558914978,inf,1.2640445461272782,0.0,vehicle_lateral_margin_violation,True,raw_collision_risk:vehicle_lateral_margin_violation,,False,False,2.977306682074763,-0.43548024135255403,inf,0.26404454612727846,True,-102.98503865944693,,,
6000,1007,1,324,324,0.12425875663757324,0.651646614074707,-0.001088045653887093,-1.0,-0.1253468096256256,-1.651646614074707,True,True,predictive_recovery,right_slow_follow,0.032353162765462073,3.0,10,2,,0,0,0,False,False,False,False,False,False,False,False,True,0.8053239687691679,7.998255976102135,0.0,False,max_steps,,inf,,inf,inf,inf,1.0139191896490782,inf,0.25635316276546205,-0.2262781880376057,-0.11081830490960065,0.006457180536262053,{'ROAD_LINE_BROKEN_SINGLE_WHITE'},True,True,raw_collision_risk:vehicle_lateral_margin_violation,True,False,right,12,False,raw_predicted_collision,False,0,0,,inf,inf,inf,inf,False,False,2.36643090021839,inf,0.0,True,False,1,0,,True,False,0.34918952481611876,0.393000312553085,inf,1.2563531627654618,0.0,vehicle_lateral_margin_violation,True,raw_collision_risk:vehicle_lateral_margin_violation,,False,False,1.971410767555421,1.0317153631623004,inf,0.25635316276546205,False,-125.87762789290804,,,
6000,1007,1,325,325,0.08218240737915039,0.5426509380340576,0.011657905764877796,-1.0,-0.07052449882030487,-1.5426509380340576,True,True,predictive_recovery,keep_slow_follow,1.0249040126800129,3.0,10,2,,0,0,0,False,False,False,False,False,False,False,False,True,0.8071733133009714,6.455276920436755,0.0,False,max_steps,,inf,,inf,inf,inf,1.1566288999306984,inf,1.2489040126800126,1.3140005682826024,-0.06824877357482972,0.013649754714965942,{'ROAD_LINE_BROKEN_SINGLE_WHITE'},True,True,raw_collision_risk:vehicle_lateral_margin_violation,False,False,right,11,False,raw_predicted_collision,False,0,0,,inf,inf,inf,inf,False,False,inf,inf,0.0,True,False,1,0,,True,False,0.13050085437398304,0.5195529081620633,inf,1.2489040126800126,0.0,vehicle_lateral_margin_violation,True,raw_collision_risk:vehicle_lateral_margin_violation,,False,False,0.0,1.1566288999306984,inf,1.2489040126800126,False,-46.39122583543255,,,
6000,1007,1,326,326,0.10613524913787842,0.6987706422805786,0.01104736328125,-1.0,-0.09508788585662842,-1.6987706422805786,True,True,predictive_recovery,keep_slow_follow,1.0193717479705402,3.0,10,2,,0,0,0,False,False,False,False,False,False,False,False,True,0.8086522160783404,4.897270793514285,0.0,False,max_steps,,inf,,inf,inf,inf,1.3820646277846222,inf,1.24337174797054,2.998992295365122,-0.06286456680298003,0.012572913360596008,{'ROAD_LINE_BROKEN_SINGLE_WHITE'},True,True,raw_collision_risk:vehicle_lateral_margin_violation,False,False,right,10,False,raw_predicted_collision,False,0,0,,inf,inf,inf,inf,False,False,inf,inf,0.0,True,False,1,0,,True,False,0.0,0.9720200600722801,inf,1.24337174797054,0.0,vehicle_lateral_margin_violation,True,raw_collision_risk:vehicle_lateral_margin_violation,,False,False,0.0,1.3820646277846222,inf,1.24337174797054,False,-44.2053335007306,,,
6000,1007,1,327,327,0.18185389041900635,0.8026883602142334,0.03654011711478233,0.18000000715255737,-0.14531376957893372,-0.622688353061676,True,True,predictive_recovery,left_slow_follow,2.016834020614583,3.0,10,3,,0,0,0,False,False,False,False,False,False,False,False,True,0.8098488810162382,4.950967239366618,0.0,False,max_steps,,inf,,inf,inf,inf,1.699533459771331,inf,1.240834020614583,5.042532311065226,-1.1775285050706372,0.1584609479277078,{'ROAD_LINE_BROKEN_SINGLE_WHITE'},True,True,raw_collision_risk:vehicle_lateral_margin_violation,True,False,left,12,False,raw_predicted_collision,False,0,0,,inf,inf,inf,inf,False,False,inf,inf,0.0,True,False,1,0,,True,False,0.0,1.5579684325761853,inf,1.240834020614583,0.0,vehicle_lateral_margin_violation,True,raw_collision_risk:vehicle_lateral_margin_violation,,False,False,0.0,1.699533459771331,inf,1.2605099465405085,False,-39.271831372388235,,,
6000,1007,1,328,328,0.2988806962966919,0.9290938377380371,0.03289040923118591,0.18000000715255737,-0.265990287065506,-0.7490938305854797,True,True,predictive_recovery,left_slow_follow,2.017248272895772,3.0,10,3,,0,0,0,False,False,False,False,False,False,False,False,True,0.8110429754820098,5.00555936026135,0.0,False,max_steps,,inf,,inf,inf,inf,1.8897087107431947,inf,1.2412482728957719,5.238633495105404,-1.217519349033222,0.16645911672022468,{'ROAD_LINE_BROKEN_SINGLE_WHITE'},True,True,raw_collision_risk:vehicle_lateral_margin_violation,True,False,left,12,False,raw_predicted_collision,False,0,0,,inf,inf,inf,inf,False,False,inf,inf,0.0,True,False,1,0,,True,False,0.0,1.7393729794298967,inf,1.241248272895771,0.0,vehicle_lateral_margin_violation,True,raw_collision_risk:vehicle_lateral_margin_violation,,False,False,0.0,1.8897087107431947,inf,1.2609241988216975,False,-42.34809638262144,,,
6000,1007,1,329,329,0.43920671939849854,0.9584460258483887,0.02631916105747223,0.18000000715255737,-0.4128875732421875,-0.7784460186958313,True,True,predictive_recovery,left_slow_follow,2.021974563598592,3.0,10,3,,0,0,0,False,False,False,False,False,False,False,False,True,0.8122501426345953,5.060335588701875,0.0,False,max_steps,,inf,,inf,inf,inf,2.085984568215208,inf,1.2459745635985917,5.50955315164102,-1.2399712008267587,0.17094948707893207,{'ROAD_LINE_BROKEN_SINGLE_WHITE'},True,True,raw_collision_risk:vehicle_lateral_margin_violation,True,False,left,12,False,raw_predicted_collision,False,0,0,,inf,inf,inf,inf,False,False,inf,inf,0.0,True,False,1,0,,True,False,0.0,1.9274019762493513,inf,1.24597456359859,0.0,vehicle_lateral_margin_violation,True,raw_collision_risk:vehicle_lateral_margin_violation,,False,False,0.0,2.085984568215208,inf,1.2656504895245173,False,-43.07002144340429,,,
6000,1007,1,330,330,0.40340352058410645,0.9515244960784912,0.019682839512825012,0.18000000715255737,-0.3837206959724426,-0.7715244889259338,True,True,predictive_recovery,left_slow_follow,2.0286550521850177,3.0,10,5,,0,0,0,False,False,False,False,False,False,False,False,True,0.8134704559160554,5.115111300437762,0.0,False,max_steps,,inf,,inf,inf,inf,2.19430144366431,inf,0.2526550521850155,6.115694357209774,-1.2648512632142175,0.1759254995564238,{'ROAD_LINE_BROKEN_SINGLE_WHITE'},True,True,raw_collision_risk:vehicle_lateral_margin_violation,True,False,left,12,False,raw_predicted_collision,False,0,0,,inf,inf,inf,inf,False,False,inf,inf,0.0,True,False,1,0,,True,False,0.0,2.1195031599388194,inf,1.2526550521850148,0.0,vehicle_lateral_margin_violation,True,raw_collision_risk:vehicle_lateral_margin_violation,,False,False,0.0,2.285648166177305,inf,1.272330978110943,False,-42.93088641909287,,,
6000,1007,1,331,331,0.3575615882873535,0.9167052507400513,0.014074251987040043,0.18000000715255737,-0.34348732233047485,-0.7367052435874939,True,True,predictive_recovery,left_slow_follow,2.0362162590026447,3.0,10,6,,0,0,0,False,False,False,False,False,False,False,False,True,0.8147039153263901,5.169858768867075,0.0,False,max_steps,,inf,,inf,inf,inf,0.6427834949662787,inf,0.26021625900264245,6.364863421723795,-1.3091258689737668,0.18478042070833367,{'ROAD_LINE_BROKEN_SINGLE_WHITE'},True,True,raw_collision_risk:vehicle_lateral_margin_violation,True,False,left,12,False,raw_predicted_collision,False,0,0,,inf,inf,inf,inf,False,False,inf,inf,0.0,True,False,1,0,,True,False,0.0,2.315535727005198,inf,1.260216259002641,0.0,vehicle_lateral_margin_violation,True,raw_collision_risk:vehicle_lateral_margin_violation,,False,False,0.0,2.488599251847205,inf,1.27989218492857,False,-42.14724304822512,,,
6000,1007,1,332,332,0.3818671703338623,0.8489282131195068,0.009675968438386917,0.18000000715255737,-0.3721911907196045,-0.6689282059669495,True,True,predictive_recovery,left_slow_follow,2.044333100318868,3.0,10,6,,0,0,0,False,False,False,False,False,False,False,False,True,0.8159505208655995,5.224575825750273,0.0,False,max_steps,,inf,,inf,inf,inf,1.1836195304281034,inf,0.26833310031886537,6.625226000506963,-1.3068654260733894,0.1843283321282582,{'ROAD_LINE_BROKEN_SINGLE_WHITE'},True,True,raw_collision_risk:vehicle_lateral_margin_violation,True,False,left,12,False,raw_predicted_collision,False,0,0,,inf,inf,inf,inf,False,False,inf,inf,0.0,True,False,1,0,,True,False,0.0,2.5148221594493556,inf,1.268333100318864,0.0,vehicle_lateral_margin_violation,True,raw_collision_risk:vehicle_lateral_margin_violation,,False,False,0.0,2.694212274691136,inf,1.2880090262447932,False,-40.553939676715665,,,
6000,1007,1,333,333,0.28281307220458984,0.8542318344116211,0.006366000976413488,0.18000000715255737,-0.276447057723999,-0.6742318272590637,True,True,predictive_recovery,left_slow_follow,2.052872657775838,3.0,10,6,,0,0,0,False,False,False,False,False,False,False,False,True,0.8172102725336836,5.279276293122328,0.0,False,max_steps,,inf,,inf,inf,inf,1.2182414533379795,inf,0.27687265777583536,7.247992683027636,-1.2784885017687768,0.1786529472673357,{'ROAD_LINE_BROKEN_SINGLE_WHITE'},True,True,raw_collision_risk:vehicle_lateral_margin_violation,True,False,left,12,False,raw_predicted_collision,False,0,0,,inf,inf,inf,inf,False,False,inf,inf,0.0,True,False,1,0,,True,False,0.0,2.7166159711107696,inf,1.2768726577758351,0.0,vehicle_lateral_margin_violation,True,raw_collision_risk:vehicle_lateral_margin_violation,,False,False,0.0,2.9017928085367863,inf,1.2965485837017634,False,-40.748696991131794,,,
6000,1007,1,334,334,0.3420121669769287,0.8412469625473022,0.00394714018329978,0.18000000715255737,-0.3380650281906128,-0.6612469553947449,True,True,predictive_recovery,left_slow_follow,2.0616958141326496,3.0,10,6,,0,0,0,False,False,False,False,False,False,False,False,True,0.8184831703306423,5.33396707155763,0.0,False,max_steps,,inf,,inf,inf,inf,1.4091862825187427,inf,0.28569581413264755,7.228326930217888,-1.3154695936389944,0.18196803661159347,{'ROAD_LINE_BROKEN_SINGLE_WHITE'},True,True,raw_collision_risk:vehicle_lateral_margin_violation,True,False,left,12,False,raw_predicted_collision,False,0,0,,inf,inf,inf,inf,False,False,inf,inf,0.0,True,False,1,0,,True,False,0.0,2.8602069715560248,inf,1.2856958141326467,0.0,vehicle_lateral_margin_violation,True,raw_collision_risk:vehicle_lateral_margin_violation,,False,False,0.0,3.1107193357072447,inf,1.305371740058575,False,-40.544583227963976,,,
6000,1007,1,335,335,0.3613266944885254,0.9160246849060059,0.0022243326529860497,0.18000000715255737,-0.35910236835479736,-0.7360246777534485,True,True,predictive_recovery,left_slow_follow,2.070709824562032,3.0,10,6,,0,0,0,False,False,False,False,False,False,False,False,True,0.8197692142564758,5.3886517891112495,0.0,False,max_steps,,inf,,inf,inf,inf,1.0129558343804614,inf,0.29470982456203054,7.413889804651655,-1.3192177886560381,0.1826552056980515,{'ROAD_LINE_BROKEN_SINGLE_WHITE'},True,True,raw_collision_risk:vehicle_lateral_margin_violation,True,False,left,12,False,raw_predicted_collision,False,0,0,,inf,inf,inf,inf,False,False,inf,inf,0.0,True,False,1,0,,True,False,0.0,2.7337490877772677,inf,1.294709824562028,0.0,vehicle_lateral_margin_violation,True,raw_collision_risk:vehicle_lateral_margin_violation,,False,False,0.0,3.3204092284668505,inf,1.3143857504879572,False,-42.49262089276061,,,
6000,1007,1,336,336,0.36775875091552734,0.8921005725860596,0.0010267816251143813,0.18000000715255737,-0.3667319715023041,-0.7121005654335022,True,True,predictive_recovery,left_slow_follow,2.0798524618148395,3.0,10,6,,0,0,0,False,False,False,False,False,False,False,False,True,0.8210684043111839,5.443335579417468,0.0,False,max_steps,,inf,,inf,inf,inf,1.3351589405776725,inf,0.3038524618148375,6.506332323975963,-1.2866384657043128,0.17668232982356866,{'ROAD_LINE_BROKEN_SINGLE_WHITE'},True,True,raw_collision_risk:vehicle_lateral_margin_violation,True,False,left,12,False,raw_predicted_collision,False,0,0,,inf,inf,inf,inf,False,False,inf,inf,0.0,True,False,1,0,,True,False,0.0,2.870249993714552,inf,1.3038524618148366,0.0,vehicle_lateral_margin_violation,True,raw_collision_risk:vehicle_lateral_margin_violation,,False,False,0.0,3.5303246966060655,inf,1.3235283877407649,False,-42.01634974220984,,,
6000,1007,1,337,337,0.3570387363433838,0.8808484077453613,0.0002134519600076601,0.18000000715255737,-0.3568252921104431,-0.700848400592804,True,True,predictive_recovery,left_slow_follow,2.0890717506408283,3.0,10,6,,0,0,0,False,False,False,False,False,False,False,False,True,0.8223808139368274,5.4980179135825065,0.0,False,max_steps,,inf,,inf,inf,inf,1.609346525976223,inf,0.3130717506408258,6.680972466213932,-1.3006276915921773,0.17269334983326431,{'ROAD_LINE_BROKEN_SINGLE_WHITE'},True,True,raw_collision_risk:vehicle_lateral_margin_violation,True,False,left,12,False,raw_predicted_collision,False,0,0,,inf,inf,inf,inf,False,False,inf,inf,0.0,True,False,1,0,,True,False,0.0,2.9774583593047854,inf,1.3130717506408258,0.0,vehicle_lateral_margin_violation,True,raw_collision_risk:vehicle_lateral_margin_violation,,False,False,0.0,3.739979077574187,inf,1.3327476765667536,False,-41.869764780698574,,,
6000,1007,1,338,338,0.32387101650238037,0.8878825902938843,-0.0003236524062231183,0.18000000715255737,-0.32419466972351074,-0.7078825831413269,True,True,predictive_recovery,left_slow_follow,2.098333239555318,3.0,10,6,,0,0,0,False,False,False,False,False,False,False,False,True,0.8237063696913455,5.552698211825094,0.0,False,max_steps,,inf,,inf,inf,inf,1.8119900179617385,inf,0.3223332395553147,6.85012715935161,-1.3061693776642542,0.17361696417861047,{'ROAD_LINE_BROKEN_SINGLE_WHITE'},True,True,raw_collision_risk:vehicle_lateral_margin_violation,True,False,left,12,False,raw_predicted_collision,False,0,0,,inf,inf,inf,inf,False,False,inf,inf,0.0,True,False,1,0,,True,False,0.0,3.1460153585406534,inf,1.3223332395553151,0.0,vehicle_lateral_margin_violation,True,raw_collision_risk:vehicle_lateral_margin_violation,,False,False,0.0,3.9489056457260308,inf,1.3420091654812434,False,-42.18863159549618,,,
6000,1007,1,339,339,0.326515793800354,0.7316163778305054,-0.0006679121288470924,0.18000000715255737,-0.32718369364738464,-0.551616370677948,True,True,predictive_recovery,left_slow_follow,2.1076154708861896,3.0,10,6,,0,0,0,False,False,False,False,False,False,False,False,True,0.825045145016799,5.607379088360636,0.0,False,max_steps,,inf,,inf,inf,inf,3.038353817535775,inf,0.3316154708861865,5.926162991172257,-1.2821347503336682,0.16107021255005038,{'ROAD_LINE_BROKEN_SINGLE_WHITE'},True,True,raw_collision_risk:vehicle_lateral_margin_violation,True,False,left,12,False,raw_predicted_collision,False,0,0,,inf,inf,inf,inf,False,False,inf,inf,0.0,True,False,1,0,,True,False,0.0,3.4540301256392247,inf,1.3316154708861858,0.0,vehicle_lateral_margin_violation,True,raw_collision_risk:vehicle_lateral_margin_violation,,False,False,0.0,4.156719296767317,inf,1.351291396812115,False,-38.48043581474211,,,
6000,1007,1,340,340,0.3273378610610962,0.6740579605102539,-0.0008805880788713694,0.18000000715255737,-0.3282184600830078,-0.49405795335769653,True,True,predictive_recovery,left_slow_follow,2.1169044971465656,3.0,10,7,,0,0,0,False,False,False,False,False,False,False,False,True,0.8263970664711273,5.662058236631987,0.0,False,max_steps,,inf,,inf,inf,inf,3.438687119994146,inf,0.3409044971465631,6.035470726556339,-1.2862634678287672,0.15066846237716908,{'ROAD_LINE_BROKEN_SINGLE_WHITE'},True,True,raw_collision_risk:vehicle_lateral_margin_violation,True,False,left,12,False,raw_predicted_collision,False,0,0,,inf,inf,inf,inf,False,False,inf,inf,0.0,True,False,1,0,,True,False,0.0,3.860119357819414,inf,1.3409044971465627,0.0,vehicle_lateral_margin_violation,True,raw_collision_risk:vehicle_lateral_margin_violation,,False,False,0.0,4.357069903890098,inf,1.360580423072491,False,-37.20232195769151,,,
6000,1007,1,341,341,0.268843412399292,0.7845779657363892,-0.0010032618883997202,0.18000000715255737,-0.26984667778015137,-0.6045779585838318,True,True,predictive_recovery,left_slow_follow,2.1261900663375446,3.0,10,7,,0,0,0,False,False,False,False,False,False,False,False,True,0.8277621340543302,5.7167400760822735,0.0,False,max_steps,,inf,,inf,inf,inf,2.8319234135925715,inf,0.3501900663375428,6.632001454978225,-1.293716284868518,0.15166217131580254,{'ROAD_LINE_BROKEN_SINGLE_WHITE'},True,True,raw_collision_risk:vehicle_lateral_margin_violation,True,False,left,12,False,raw_predicted_collision,False,0,0,,inf,inf,inf,inf,False,False,inf,inf,0.0,True,False,1,0,,True,False,0.0,3.4354668038625658,inf,1.3501900663375417,0.0,vehicle_lateral_margin_violation,True,raw_collision_risk:vehicle_lateral_margin_violation,,False,False,0.0,4.58362015709065,inf,1.36986599226347,False,-40.08656944502159,,,
6000,1007,1,342,342,0.2237410545349121,0.8656291961669922,-0.0010659029940143228,0.18000000715255737,-0.22480696439743042,-0.6856291890144348,True,True,predictive_recovery,left_slow_follow,2.1354663372039386,3.0,10,7,,0,0,0,False,False,False,False,False,False,False,False,True,0.8291403477664077,5.771419803265184,0.0,False,max_steps,,inf,,inf,inf,inf,2.571363911294794,inf,0.3594663372039375,6.889558850150896,-1.2758144158359128,0.1492752554447885,{'ROAD_LINE_BROKEN_SINGLE_WHITE'},True,True,raw_collision_risk:vehicle_lateral_margin_violation,True,False,left,12,False,raw_predicted_collision,False,0,0,,inf,inf,inf,inf,False,False,inf,inf,0.0,True,False,1,0,,True,False,0.0,3.2866966665764146,inf,1.3594663372039353,0.0,vehicle_lateral_margin_violation,True,raw_collision_risk:vehicle_lateral_margin_violation,,False,False,0.0,4.834859681639957,inf,1.379142263129864,False,-42.22047085047288,,,
6000,1007,1,343,343,0.29729247093200684,0.8956649303436279,-0.0010900370543822646,0.18000000715255737,-0.2983825206756592,-0.7156649231910706,True,True,predictive_recovery,left_slow_follow,2.144730329513509,3.0,10,7,,0,0,0,False,False,False,False,False,False,False,False,True,0.8305317076073598,5.8260986342307355,0.0,False,max_steps,,inf,,inf,inf,inf,2.683551355336217,inf,0.3687303295135076,7.216605551687815,-1.276206185369833,0.1360627895277152,{'ROAD_LINE_BROKEN_SINGLE_WHITE'},True,True,raw_collision_risk:vehicle_lateral_margin_violation,True,False,left,12,False,raw_predicted_collision,False,0,0,,inf,inf,inf,inf,False,False,inf,inf,0.0,True,False,1,0,,True,False,0.0,3.602928169588104,inf,1.3687303295135052,0.0,vehicle_lateral_margin_violation,True,raw_collision_risk:vehicle_lateral_margin_violation,,False,False,0.0,5.110094173967781,inf,1.3884062554394343,False,-43.07774568023968,,,
6000,1007,1,344,344,0.46826422214508057,0.9279009103775024,-0.0010893900180235505,0.18000000715255737,-0.4693536162376404,-0.7479009032249451,True,True,predictive_recovery,left_slow_follow,2.1539791822433063,3.0,10,7,,0,0,0,False,False,False,False,False,False,False,False,True,0.8319362870192475,5.880777653721462,0.0,False,max_steps,,inf,,inf,inf,inf,2.8334762129435447,inf,0.3779791822433043,7.990614004534487,-1.2913101457189584,0.13782491823511314,{'ROAD_LINE_BROKEN_SINGLE_WHITE'},True,True,raw_collision_risk:vehicle_lateral_margin_violation,True,False,left,12,False,raw_predicted_collision,False,0,0,,inf,inf,inf,inf,False,False,inf,inf,0.0,True,False,1,0,,True,False,0.0,3.876224785784876,inf,1.3779791822433034,0.0,vehicle_lateral_margin_violation,True,raw_collision_risk:vehicle_lateral_margin_violation,,False,False,0.0,5.408528304788296,inf,1.3976551081692317,False,-44.04077847048883,,,
6000,1007,1,345,345,0.44461655616760254,0.8766453266143799,-0.0010746271582320333,0.18000000715255737,-0.44569119811058044,-0.6966453194618225,True,True,predictive_recovery,left_slow_follow,2.163212060928304,3.0,10,7,,0,0,0,False,False,False,False,False,False,False,False,True,0.8333540125600097,5.935456866435825,0.0,False,max_steps,,inf,,inf,inf,inf,3.464310458010699,inf,0.3872120609283012,8.412315385788885,-1.278788325289106,0.12076077697335513,{'ROAD_LINE_BROKEN_SINGLE_WHITE'},True,True,raw_collision_risk:vehicle_lateral_margin_violation,True,False,left,12,False,raw_predicted_collision,False,0,0,,inf,inf,inf,inf,False,False,inf,inf,0.0,True,False,1,0,,True,False,0.0,4.533852865581483,inf,1.387212060928301,0.0,vehicle_lateral_margin_violation,True,raw_collision_risk:vehicle_lateral_margin_violation,,False,False,0.0,5.724816312640192,inf,1.4068879868542292,False,-42.90334494874948,,,
6000,1007,1,346,346,0.4919564723968506,0.9327517747879028,-0.001051252125762403,0.18000000715255737,-0.49300771951675415,-0.7527517676353455,True,True,predictive_recovery,left_slow_follow,2.1724284887313434,3.0,10,7,,0,0,0,False,False,False,False,False,False,False,False,True,0.8347848842296467,5.990136330418205,0.0,False,max_steps,,inf,,inf,inf,inf,3.4400096733894383,inf,0.39642848873134096,8.808736226768742,-1.2732274235993137,0.1202046868043759,{'ROAD_LINE_BROKEN_SINGLE_WHITE'},True,True,raw_collision_risk:vehicle_lateral_margin_violation,True,False,left,12,False,raw_predicted_collision,False,0,0,,inf,inf,inf,inf,False,False,inf,inf,0.0,True,False,1,0,,True,False,0.0,4.744530998852792,inf,1.3964284887313396,0.0,vehicle_lateral_margin_violation,True,raw_collision_risk:vehicle_lateral_margin_violation,,False,False,0.0,6.046999719631982,inf,1.4161044146572688,False,-44.47935111416548,,,
6000,1007,1,347,347,0.5500619411468506,0.8933591842651367,-0.04024761542677879,0.30000001192092896,-0.5903095602989197,-0.5933591723442078,True,True,predictive_recovery,right_pass,0.1816288232802934,10.010252659611321,10,6,,0,0,0,False,False,False,False,False,False,False,False,True,0.8362308849637986,6.079351294478684,0.0,False,max_steps,,inf,,inf,inf,inf,3.9969138681867378,inf,0.4056288232802917,-11.77116777701059,-0.15329192828552485,0.28793229117979535,{'ROAD_LINE_BROKEN_SINGLE_WHITE'},True,True,raw_collision_risk:vehicle_lateral_margin_violation,True,False,right,12,False,raw_predicted_collision,False,0,0,,inf,inf,inf,inf,False,False,32.91643933967966,inf,0.0,True,False,1,0,,True,False,0.0,5.418580019211518,inf,1.4056288232802903,0.0,vehicle_lateral_margin_violation,True,raw_collision_risk:vehicle_lateral_margin_violation,,False,False,1.3875907851856415,3.9969138681867378,inf,0.4056288232802935,True,-65.18382859867717,,,
6000,1007,1,348,348,0.5940399169921875,0.8702433109283447,-0.013197419233620167,0.30000001192092896,-0.6072373390197754,-0.5702432990074158,True,True,predictive_recovery,right_pass,0.18801462650294898,9.995446193656235,10,8,,0,0,0,False,False,False,False,False,False,False,False,True,0.8376982573376294,6.170588735100535,0.0,False,max_steps,,inf,,inf,inf,inf,4.351721872078933,inf,0.41201462650294796,-9.967334952919257,-0.14511856422735392,0.21065336697801137,{'ROAD_LINE_BROKEN_SINGLE_WHITE'},True,True,raw_collision_risk:vehicle_lateral_margin_violation,True,False,right,12,False,raw_predicted_collision,False,0,0,,inf,inf,inf,inf,False,False,33.58047996121842,inf,0.0,True,False,1,0,,True,False,0.0,5.805993915164775,inf,1.412014626502946,0.0,vehicle_lateral_margin_violation,True,raw_collision_risk:vehicle_lateral_margin_violation,,False,False,1.3652404739063473,4.351721872078933,inf,0.41201462650294884,True,-63.80394526726526,,,
6000,1007,1,349,349,0.592726469039917,0.9206361770629883,0.024343717843294144,0.30000001192092896,-0.568382740020752,-0.6206361651420593,True,True,predictive_recovery,right_pass,0.18965256214137627,10.313451531883981,10,8,,0,0,0,False,False,False,False,False,False,False,False,True,0.8391874420035037,6.26030954075104,0.0,False,max_steps,,inf,,inf,inf,inf,4.191119769986157,inf,0.41365256214137613,-11.549910089827144,-0.12517508634564412,0.25876602221770384,set(),True,True,raw_collision_risk:vehicle_lateral_margin_violation,True,False,right,12,False,raw_predicted_collision,False,0,0,,inf,inf,inf,inf,False,False,34.220941937724454,inf,0.0,True,False,1,0,,True,False,0.0,5.419281225595206,inf,1.4136525621413725,0.0,vehicle_lateral_margin_violation,True,raw_collision_risk:vehicle_lateral_margin_violation,,False,False,1.3595076991718522,4.191119769986157,inf,0.41365256214137613,True,-64.41487842939418,,,
6000,1007,1,350,350,0.766171932220459,0.893756628036499,0.049198225140571594,0.30000001192092896,-0.7169737219810486,-0.5937566161155701,True,True,predictive_recovery,right_pass,0.18454693960095936,10.282214366915285,10,8,,0,0,0,False,False,False,False,False,False,False,False,True,0.8403648030503382,6.349422385575599,0.0,False,max_steps,,inf,,inf,inf,inf,4.7277673962897495,inf,0.40854693960095745,-5.0998725122615225,-0.140486424468386,0.1268603448049165,set(),True,True,raw_collision_risk:vehicle_lateral_margin_violation,True,False,right,12,False,raw_predicted_collision,False,0,0,,inf,inf,inf,inf,False,False,34.95181919700972,inf,0.0,True,False,1,0,,True,False,0.0,5.739660301877981,inf,1.408546939600957,0.0,vehicle_lateral_margin_violation,True,raw_collision_risk:vehicle_lateral_margin_violation,,False,False,1.3773773780633047,4.7277673962897495,inf,0.40854693960095745,True,-64.0411474158481,,,
6000,1007,1,351,351,0.7742022275924683,0.8704358339309692,0.04397519677877426,0.30000001192092896,-0.7302270531654358,-0.5704358220100403,True,True,predictive_recovery,right_pass,0.1623856498061591,10.26638363826496,10,8,,0,0,0,False,False,False,False,False,False,False,False,True,0.8415588582806794,6.4403053758460675,0.0,False,max_steps,,inf,,inf,inf,inf,5.084247965274361,inf,0.386385649806154,-4.511479030967771,-0.11045733138181035,0.10631995015586772,set(),True,True,raw_collision_risk:vehicle_lateral_margin_violation,True,False,right,12,False,raw_predicted_collision,False,0,0,,inf,inf,inf,inf,False,False,35.78186768935611,inf,0.0,True,False,1,0,,True,False,0.0,6.0900278055063986,inf,1.3863856498061558,0.0,vehicle_lateral_margin_violation,True,raw_collision_risk:vehicle_lateral_margin_violation,,False,False,1.4549418923451074,5.084247965274361,inf,0.386385649806154,True,-66.17102410083308,,,
6000,1007,1,352,352,0.7848564386367798,0.8693773746490479,0.0439814068377018,0.30000001192092896,-0.7408750057220459,-0.5693773627281189,True,True,predictive_recovery,right_pass,0.1472151689933241,10.352503561766783,10,6,,0,0,0,False,False,False,False,False,False,False,False,True,0.8427689611697331,6.5312482844534365,0.0,False,max_steps,,inf,,inf,inf,inf,5.2699198417922215,inf,0.3712151689933152,-4.553281162953133,0.02162866312207412,0.10124485423569847,set(),True,True,raw_collision_risk:vehicle_lateral_margin_violation,True,False,right,12,False,raw_predicted_collision,False,0,0,,inf,inf,inf,inf,False,False,36.64819072134295,inf,0.0,True,False,1,0,,True,False,0.0,6.440326155658177,inf,1.3712151689933205,0.0,vehicle_lateral_margin_violation,True,raw_collision_risk:vehicle_lateral_margin_violation,,False,False,1.510509694397071,5.2699198417922215,inf,0.3712151689933152,True,-67.92563404330807,,,
6000,1007,1,353,353,0.8161919116973877,0.8910057544708252,0.09815863519906998,0.30000001192092896,-0.7180332541465759,-0.5910057425498962,True,True,predictive_recovery,right_pass,0.13647429370908237,10.54077417957215,10,6,,0,0,0,False,False,False,False,False,False,False,False,True,0.8439941736690831,6.615368790592442,0.0,False,max_steps,,inf,,inf,inf,inf,5.332350247923468,inf,0.36047429370907613,-4.793414993956678,0.007021639124571655,0.10882124822964963,set(),True,True,raw_collision_risk:vehicle_lateral_margin_violation,True,False,right,12,False,raw_predicted_collision,False,0,0,,inf,inf,inf,inf,False,False,37.57137031206452,inf,0.0,True,False,1,0,,True,False,0.0,6.534345781147149,inf,1.3604742937090797,0.0,vehicle_lateral_margin_violation,True,raw_collision_risk:vehicle_lateral_margin_violation,,False,False,1.5534731955340397,5.332350247923468,inf,0.36047429370907613,True,-69.51020722144723,,,
6000,1007,1,354,354,0.8256435394287109,0.8954381942749023,0.1476062536239624,0.30000001192092896,-0.6780372858047485,-0.5954381823539734,True,True,predictive_recovery,right_pass,0.13467024671682593,10.644840664829502,10,8,,0,0,0,False,False,False,False,False,False,False,False,True,0.8452337717961033,6.6941471558472045,0.0,False,max_steps,,inf,,inf,inf,inf,5.494211464135979,inf,0.3586702467168221,-4.710709186326404,0.011733831648449433,0.10724024110790624,set(),True,True,raw_collision_risk:vehicle_lateral_margin_violation,True,False,right,12,False,raw_predicted_collision,False,0,0,,inf,inf,inf,inf,False,False,38.77332803923483,inf,0.0,True,False,1,0,,True,False,0.0,6.719348791917675,inf,1.3586702467168243,0.0,vehicle_lateral_margin_violation,True,raw_collision_risk:vehicle_lateral_margin_violation,,False,False,1.5606893835030666,5.494211464135979,inf,0.3586702467168221,True,-69.74729188190541,,,
6000,1007,1,355,355,0.8397881984710693,0.9072518348693848,0.13877680897712708,0.30000001192092896,-0.7010114192962646,-0.6072518229484558,True,True,predictive_recovery,right_pass,0.09786280327637842,10.776780412759436,10,8,,0,0,0,False,False,False,False,False,False,False,False,True,0.846488116047928,6.7825313590321485,0.0,False,max_steps,,inf,,inf,inf,inf,5.485770856438593,inf,0.3218628032763773,-5.111727768214531,0.08008805558112342,0.11739363380072804,set(),True,True,raw_collision_risk:vehicle_lateral_margin_violation,True,False,right,12,False,raw_predicted_collision,False,0,0,,inf,inf,inf,inf,False,False,40.30913803930265,inf,0.0,True,False,1,0,,True,False,0.0,6.8700408759600275,inf,1.3218628032763777,0.0,vehicle_lateral_margin_violation,True,raw_collision_risk:vehicle_lateral_margin_violation,,False,False,1.707919157264858,5.485770856438593,inf,0.3218628032763773,True,-74.82784406902707,,,
6000,1007,1,356,356,0.8358370065689087,0.9207131862640381,0.09916853904724121,0.30000001192092896,-0.7366684675216675,-0.6207131743431091,True,True,predictive_recovery,right_pass,0.06387187908195169,10.92574069722032,10,6,,0,0,0,False,False,False,False,False,False,False,False,True,0.8477581849316846,6.876200303839563,0.0,False,max_steps,,inf,,inf,inf,inf,5.555127681270207,inf,0.2878718790819499,-5.243727676651631,0.08703995639646833,0.12249070104970845,set(),True,True,raw_collision_risk:vehicle_lateral_margin_violation,True,False,right,12,False,raw_predicted_collision,False,0,0,,inf,inf,inf,inf,False,False,41.69603063946445,inf,0.0,True,False,1,0,,True,False,0.0,6.977019820703207,inf,1.2878718790819481,0.0,vehicle_lateral_margin_violation,True,raw_collision_risk:vehicle_lateral_margin_violation,,False,False,1.843882854042566,5.555127681270207,inf,0.2878718790819499,True,-80.10430987450921,,,
6000,1007,1,357,357,0.8318703174591064,0.9180965423583984,0.12971948087215424,0.30000001192092896,-0.702150821685791,-0.6180965304374695,True,True,predictive_recovery,right_pass,0.043411595483420884,11.007634744452357,10,8,,0,0,0,False,False,False,False,False,False,False,False,True,0.8490436178779232,6.9620562586970705,0.0,False,max_steps,,inf,,inf,inf,inf,5.0213177452704,inf,0.2674115954834184,-5.1525039855420856,0.10614745116954416,0.11991977049656355,set(),True,True,raw_collision_risk:vehicle_lateral_margin_violation,True,False,right,12,False,raw_predicted_collision,False,0,0,,inf,inf,inf,inf,False,False,42.96280136078607,inf,0.0,True,False,1,0,,True,False,0.0,7.141388172109066,inf,1.2674115954834133,0.0,vehicle_lateral_margin_violation,True,raw_collision_risk:vehicle_lateral_margin_violation,,False,False,1.925723988436689,5.0213177452704,inf,0.2674115954834184,True,-83.58968182294865,,,
6000,1007,1,358,358,0.8327896595001221,0.9276034832000732,0.16245849430561066,0.30000001192092896,-0.6703311800956726,-0.6276034712791443,True,True,predictive_recovery,right_pass,0.034813996697701244,11.136271933097401,10,8,,0,0,0,False,False,False,False,False,False,False,False,True,0.850343620336329,7.04281313647172,0.0,False,max_steps,,inf,,inf,inf,inf,4.543747574621918,inf,0.25881399669769833,-6.279710813714728,0.1421012623704383,0.13091585365978062,set(),True,True,raw_collision_risk:vehicle_lateral_margin_violation,True,False,right,12,False,raw_predicted_collision,False,0,0,,inf,inf,inf,inf,False,False,44.59975704170521,inf,0.0,True,False,1,0,,True,False,0.0,7.368650324364891,inf,1.2588139966976937,0.0,vehicle_lateral_margin_violation,True,raw_collision_risk:vehicle_lateral_margin_violation,,False,False,1.9603370148603467,4.543747574621918,inf,0.25881399669769833,True,-85.38379790658374,,,
6000,1007,1,359,359,0.8327360153198242,0.9255784749984741,0.8327360153198242,0.9255784749984741,0.0,0.0,True,False,inactive_raw_action,raw_action_safe,0,0,0,0,low_risk_verified_passthrough,0,0,0,False,False,False,False,False,False,False,False,True,0.8516510828908096,6.964519560028272,0.0,False,max_steps,,inf,,inf,inf,inf,inf,inf,inf,inf,inf,0.0,set(),False,False,,False,False,,0,True,,False,0,0,,inf,inf,inf,inf,False,False,46.61934921377423,inf,0.0,False,False,1,-1,,False,False,0.0,5.196350036830189,inf,1.2330397749834536,0.0,,False,low_risk_verified,,False,False,0.0,inf,inf,inf,False,0.0,,,
6000,1007,1,360,360,0.8475809097290039,0.9616043567657471,0.8475809097290039,0.9616043567657471,0.0,0.0,True,False,inactive_raw_action,raw_action_safe,0,0,0,0,low_risk_verified_passthrough,0,0,0,False,False,False,False,False,False,False,False,True,0.8529455534065528,6.899539906018833,0.0,False,max_steps,,inf,,inf,inf,inf,inf,inf,inf,inf,inf,0.0,set(),False,False,,False,False,,0,True,,False,0,0,,inf,inf,inf,inf,False,False,59.08144133223625,inf,0.0,False,False,1,-1,,False,False,0.0,4.60208975107407,inf,1.200443788714578,0.0,,False,low_risk_verified,,False,False,0.0,inf,inf,inf,False,0.0,,,
6000,1007,1,361,361,0.8446767330169678,0.9425780773162842,0.8446767330169678,0.9425780773162842,0.0,0.0,True,False,inactive_raw_action,raw_action,0,0,10,6,raw_action_safe_or_candidate_not_better,0,0,0,False,False,False,False,False,False,False,False,True,0.8542265172563674,6.850639699186559,0.0,False,max_steps,,inf,,inf,inf,inf,2.627193737556476,inf,1.2175603259688716,inf,inf,0.0,set(),False,False,,False,False,,0,False,vehicle_margin_uncertain_or_low,False,0,0,,inf,inf,inf,inf,False,False,79.90992757495651,inf,0.0,False,False,1,0,,False,False,0.0,3.972382642805028,inf,1.2175603259688716,0.0,,False,raw_action_safe_or_candidate_not_better,candidate_not_better,False,False,0.0,3.972382642805028,inf,1.2175603259688716,False,-14.002260825155595,,,
6000,1007,1,362,362,0.8404977321624756,0.9003434181213379,0.0646984651684761,0.30000001192092896,-0.7757992744445801,-0.6003434062004089,True,True,predictive_recovery,right_pass,0.0656274888071493,10.902185080732579,10,6,,0,0,0,False,False,False,False,False,False,False,False,True,0.8555033510332911,6.928853267690078,0.0,False,max_steps,,inf,,inf,inf,inf,0.47982970999693286,inf,0.2896274888071444,-10.856643170021368,0.0984793147523575,0.2256107921582217,set(),True,True,raw_collision_risk:vehicle_lateral_margin_violation,True,False,right,12,False,raw_predicted_collision,False,0,0,,inf,inf,inf,inf,False,False,120.3367617242771,inf,0.0,True,False,1,0,,True,False,0.0,5.775661614509907,inf,1.2896274888071408,0.0,vehicle_lateral_margin_violation,True,raw_collision_risk:vehicle_lateral_margin_violation,,False,False,1.8368604151417758,2.6268823738595386,inf,0.28962748880714884,True,-81.01898557514517,,,
6000,1007,1,363,363,0.7426249980926514,0.8312995433807373,0.01989446021616459,0.30000001192092896,-0.7227305173873901,-0.5312995314598083,True,True,predictive_recovery,right_pass,0.14908839845096766,10.669701212903396,10,7,,0,0,0,False,False,False,False,False,False,False,False,True,0.8568034242142318,7.020404732999454,0.0,False,max_steps,,inf,,inf,inf,inf,0.05261270192930034,inf,0.37308839845096764,-10.842645207317064,0.005514991990550611,0.22949144170272362,set(),True,True,raw_collision_risk:vehicle_lateral_margin_violation,True,False,right,12,False,raw_predicted_collision,False,0,0,,inf,inf,inf,inf,False,False,142.4026532616948,inf,0.0,True,False,1,0,,True,False,0.0,4.726158855863101,inf,1.3730883984509608,0.0,vehicle_lateral_margin_violation,True,raw_collision_risk:vehicle_lateral_margin_violation,,False,False,1.5030167765665032,2.2835108551024947,inf,0.37308839845096764,True,-69.02683324629638,,,
6000,1007,1,364,364,0.7504472732543945,0.6846740245819092,-0.01838875748217106,0.30000001192092896,-0.7688360214233398,-0.3846740126609802,True,True,predictive_recovery,right_pass,0.1654829401385256,10.101437843618045,10,6,,0,0,0,False,False,False,False,False,False,False,False,True,0.8581238599507667,7.109827687616369,0.0,False,max_steps,,inf,,inf,inf,inf,0.05406307191079218,inf,0.38948294013852536,-11.929175034228875,0.008705237872617344,0.2866023380174939,set(),True,True,raw_collision_risk:vehicle_lateral_margin_violation,True,False,right,12,False,raw_predicted_collision,False,0,0,,inf,inf,inf,inf,False,False,165.10379110262542,inf,0.0,True,False,1,0,,True,False,0.0,2.364416436208726,inf,1.3894829401385196,0.0,vehicle_lateral_margin_violation,True,raw_collision_risk:vehicle_lateral_margin_violation,,False,False,1.4441013761818307,1.4979802681151813,inf,0.38948294013852536,True,-67.13676260300817,,,
6000,1007,1,365,365,0.8028117418289185,0.6905964612960815,0.014467641711235046,0.30000001192092896,-0.7883440852165222,-0.3905964493751526,True,True,predictive_recovery,right_pass,0.17215131278045348,10.217511763448737,10,5,,0,0,0,False,False,False,False,False,False,False,False,True,0.8594611523091924,7.200142010114452,0.0,False,max_steps,,inf,,inf,inf,inf,1.2770831843615964,inf,0.39615131278045324,-10.560364132808829,-0.0010524649405920794,0.22716788487752926,set(),True,True,raw_collision_risk:vehicle_lateral_margin_violation,True,False,right,12,False,raw_predicted_collision,False,0,0,,inf,inf,inf,inf,False,False,197.8031998180925,inf,0.0,True,False,1,0,,True,False,0.0,2.0458715502344638,inf,1.3961513127804461,0.0,vehicle_lateral_margin_violation,True,raw_collision_risk:vehicle_lateral_margin_violation,,False,False,1.420762071935083,1.2770831843615964,inf,0.39615131278045324,True,-66.75705258466253,,,
6000,1007,1,366,366,0.8458389043807983,0.6136374473571777,0.0778365507721901,0.30000001192092896,-0.7680023312568665,-0.3136374354362488,True,True,predictive_recovery,right_pass,0.1765603142835277,9.961510523221751,10,5,,0,0,0,False,False,False,False,False,False,False,False,True,0.8608137567684553,7.283165434256109,0.0,False,max_steps,,inf,,inf,inf,inf,1.0299706324164983,inf,0.40056031428352734,-10.623566205002662,0.09135585767990251,0.23511712264132437,set(),True,True,raw_collision_risk:vehicle_lateral_margin_violation,True,False,right,12,False,raw_predicted_collision,False,0,0,,inf,inf,inf,inf,False,False,242.6482402275307,inf,0.0,True,False,1,0,,True,False,0.0,1.6952848845132311,inf,1.4005603142835188,0.0,vehicle_lateral_margin_violation,True,raw_collision_risk:vehicle_lateral_margin_violation,,False,False,1.4053305666743248,1.0299706324164983,inf,0.40056031428352734,True,-66.63179567477371,,,
6000,1007,1,367,367,0.8666765689849854,0.7543501853942871,0.11800511926412582,0.30000001192092896,-0.7486714720726013,-0.45435017347335815,True,True,predictive_recovery,right_pass,0.1709915058721514,10.6777412685304,10,5,,0,0,0,False,False,False,False,False,False,False,False,True,0.8621809010612201,7.364458513220705,0.0,False,max_steps,,inf,,inf,inf,inf,1.0304692003172589,inf,0.3949915058721507,-11.566566480045182,0.00279539302222509,0.25948732690749915,set(),True,True,raw_collision_risk:vehicle_lateral_margin_violation,True,False,right,12,False,raw_predicted_collision,False,0,0,,inf,inf,inf,inf,False,False,327.36936451053566,inf,0.0,True,False,1,0,,True,False,0.0,1.7349783283089422,inf,1.3949915058721465,0.0,vehicle_lateral_margin_violation,True,raw_collision_risk:vehicle_lateral_margin_violation,,False,False,1.4248213961141425,1.0304692003172589,inf,0.3949915058721507,True,-68.52651658039403,,,
6000,1007,1,368,368,0.8821907043457031,0.8564543724060059,0.09678959846496582,0.30000001192092896,-0.7854011058807373,-0.5564543604850769,True,True,predictive_recovery,right_pass,0.1276527790411759,11.21850318904773,10,3,,0,0,0,False,False,False,False,False,False,False,False,True,0.8635628842775869,7.45533718048783,0.0,False,max_steps,,inf,,inf,inf,inf,-0.17630742626393126,inf,0.3516527790411752,-14.52352408827613,0.1611505027792688,0.34388617974610763,set(),True,True,raw_collision_risk:vehicle_lateral_margin_violation,True,False,right,12,False,raw_predicted_collision,False,0,0,,inf,inf,inf,inf,False,False,494.97158747670625,inf,0.0,True,False,1,0,,True,False,0.0,1.7853069342155563,inf,1.3516527790411672,0.0,vehicle_lateral_margin_violation,True,raw_collision_risk:vehicle_lateral_margin_violation,,False,False,1.5887592542056712,1.0592116703129921,inf,0.3516527790411752,True,-74.98430548781553,,,
6000,1007,1,369,369,0.8819377422332764,0.8860311508178711,0.11957211792469025,0.30000001192092896,-0.7623656392097473,-0.5860311388969421,True,True,predictive_recovery,right_pass,0.10304541288700308,11.442477359168251,10,2,,0,0,0,False,False,False,False,False,False,False,False,True,0.8649598838746524,7.541453716829446,0.0,False,max_steps,,inf,,inf,inf,inf,0.36282631939701204,inf,0.3270454128870024,-13.38003178355537,0.16890386164272342,0.19916203522765563,set(),True,True,raw_collision_risk:vehicle_lateral_margin_violation,True,False,right,12,False,raw_predicted_collision,False,0,0,,inf,inf,inf,inf,False,False,722.4171311006355,inf,0.0,True,False,1,0,,True,False,0.0,1.3884212236215325,inf,1.327045412886997,0.0,vehicle_lateral_margin_violation,True,raw_collision_risk:vehicle_lateral_margin_violation,,False,False,1.7005584570940293,0.7554342057611123,inf,0.3270454128870024,True,-79.91510087675148,,,
6000,1007,1,370,370,0.8755497932434082,0.9270902872085571,0.15303532779216766,0.30000001192092896,-0.7225144505500793,-0.6270902752876282,True,True,predictive_recovery,right_pass,0.0934241219722538,11.713360009267953,10,1,,0,0,0,False,False,False,False,False,False,False,False,True,0.8663713343001058,7.621843613589286,0.0,False,max_steps,,inf,,inf,inf,inf,0.935116463332732,inf,0.3174241219722531,-15.222174241768826,0.19065760466593518,0.1268514520147402,set(),True,True,raw_collision_risk:vehicle_lateral_margin_violation,True,False,right,12,False,raw_predicted_collision,False,0,0,,inf,inf,inf,inf,False,False,1319.051395499797,inf,0.0,True,False,1,0,,True,False,0.0,1.4473524146773165,inf,1.3174241219722482,0.0,vehicle_lateral_margin_violation,True,raw_collision_risk:vehicle_lateral_margin_violation,,False,False,1.7256738824813604,0.935116463332732,inf,0.3174241219722531,True,-80.162655291422,,,
6000,1007,1,371,371,0.8718400001525879,0.9435305595397949,0.15626733005046844,0.30000001192092896,-0.7155726552009583,-0.643530547618866,True,True,predictive_recovery,right_pass,0.0746919409919955,11.867731131518363,10,1,,0,0,0,False,False,False,False,False,False,False,False,True,0.8677971285274694,7.70689969452694,0.0,False,max_steps,,inf,,inf,inf,inf,0.4117293986336952,inf,0.2986919409919948,inf,0.14051731693316127,0.0,set(),True,True,raw_collision_risk:vehicle_lateral_margin_violation,True,False,right,12,False,raw_predicted_collision,False,0,0,,inf,inf,inf,inf,False,False,7868.738900596517,inf,0.0,True,False,1,0,,True,False,0.0,0.9818572442437228,inf,1.2986919409919868,0.0,vehicle_lateral_margin_violation,True,raw_collision_risk:vehicle_lateral_margin_violation,,False,False,1.917083786812286,0.4117293986336952,inf,0.2986919409919948,True,-89.41090694041378,,,
6000,1007,1,372,372,0.8651851415634155,0.9560390710830688,0.8651851415634155,0.9560390710830688,0.0,0.0,True,False,inactive_raw_action,raw_action,0,0,10,2,raw_action_safe_or_candidate_not_better,0,0,0,False,False,False,False,False,False,False,False,True,0.8692303062142919,7.620850726724351,0.0,False,max_steps,,inf,,inf,inf,inf,0.3094355073792521,inf,0.2551795873182028,inf,inf,0.0,set(),False,False,,False,False,,0,False,vehicle_margin_uncertain_or_low,False,0,0,,inf,inf,inf,inf,False,False,inf,inf,0.0,False,False,1,0,,False,False,0.002362004485512581,0.7921266517149581,inf,1.2551795873181972,0.0,,False,raw_action_safe_or_candidate_not_better,candidate_not_better,False,False,0.002362004485512581,0.7921266517149581,inf,1.2551795873181972,False,-18.40749336270983,,,
6000,1007,1,373,373,0.8799371719360352,0.9766643047332764,0.8799371719360352,0.9766643047332764,0.0,0.0,True,False,inactive_raw_action,raw_action,0,0,10,1,raw_action_safe_or_candidate_not_better,0,0,0,False,False,False,False,False,False,False,False,True,0.8706488628950391,7.540330922970495,0.0,False,max_steps,,inf,,inf,inf,inf,0.7791496474965722,inf,1.2431999800550018,inf,inf,0.0,set(),False,False,,False,False,,0,False,vehicle_margin_uncertain_or_low,False,0,0,,inf,inf,inf,inf,False,False,inf,inf,0.0,False,False,1,0,,False,False,0.006739932766447199,0.7791496474965722,inf,1.2431999800550018,0.0,,False,raw_action_safe_or_candidate_not_better,candidate_not_better,False,False,0.006739932766447199,0.7791496474965722,inf,1.2431999800550018,False,-18.77178872271496,,,
6000,1007,1,374,374,0.8192483186721802,0.9823229312896729,0.8192483186721802,0.9823229312896729,0.0,0.0,True,False,inactive_raw_action,raw_action,0,0,10,2,raw_action_safe_or_candidate_not_better,0,0,0,False,False,False,False,False,False,False,False,True,0.8720527307945397,7.496524503416333,0.0,False,max_steps,,inf,,inf,inf,inf,-0.303981308702336,inf,0.28174486844347846,inf,inf,0.0,set(),False,False,,False,False,,0,False,vehicle_margin_uncertain_or_low,False,0,0,,inf,inf,inf,inf,False,False,inf,inf,0.0,False,False,1,0,,False,False,0.18704512936554216,0.17651623544819284,inf,1.2817448684434725,0.0,,False,raw_action_safe_or_candidate_not_better,candidate_not_better,False,False,0.18704512936554216,0.17651623544819284,inf,1.2817448684434725,False,-35.77103601793901,,,
6000,1007,1,375,375,0.7570345401763916,0.9840421676635742,0.20000000298023224,-0.8500000238418579,-0.5570345520973206,-1.8340421915054321,True,True,minimum_risk_stop,pre_contact_minimum_risk,0,0,10,0,no_safe_candidate_before_cost,0,0,0,False,False,False,False,False,False,False,False,True,0.8733817144800842,6.009488914482304,0.0,False,max_steps,,inf,,inf,inf,inf,inf,inf,inf,inf,inf,0.0,set(),True,True,raw_collision_risk:collision,False,False,,0,False,raw_predicted_collision,True,8,0,,inf,inf,inf,inf,False,False,inf,inf,0.0,True,False,1,0,,True,False,0.0,1.1412243951607772,inf,1.3270177087776882,0.0,collision,True,no_safe_candidate_before_cost,no_hard_safe_candidate,False,False,0.0,inf,inf,inf,False,0.0,,,
6000,1007,1,376,376,0.6810129880905151,0.9448515176773071,0.05000000074505806,-0.8500000238418579,-0.6310129761695862,-1.794851541519165,True,True,minimum_risk_stop,pre_contact_minimum_risk,0,0,10,0,no_safe_candidate_before_cost,0,0,0,False,False,False,False,False,False,False,False,True,0.8744567510324467,4.641956017310361,0.0,False,max_steps,,inf,,inf,inf,inf,inf,inf,inf,inf,inf,0.0,set(),True,True,raw_collision_risk:collision,False,False,,0,False,raw_predicted_collision,True,8,0,,inf,inf,inf,inf,False,False,inf,inf,0.0,True,False,1,0,,True,False,0.03605285531101605,0.6798238156299465,inf,1.380414455402637,0.0,collision,True,no_safe_candidate_before_cost,no_hard_safe_candidate,False,False,0.0,inf,inf,inf,False,0.0,,,
6000,1007,1,377,377,0.6063704490661621,0.9355752468109131,0.012500000186264515,-0.8500000238418579,-0.5938704609870911,-1.785575270652771,True,True,minimum_risk_stop,pre_contact_minimum_risk,0,0,10,0,no_safe_candidate_before_cost,0,0,0,False,False,False,False,False,False,False,False,True,0.8752790448300646,3.323810347891229,0.0,False,max_steps,,inf,,inf,inf,inf,inf,inf,inf,inf,inf,0.0,set(),True,True,raw_collision_risk:collision,False,False,,0,False,raw_predicted_collision,True,8,0,,inf,inf,inf,inf,False,False,inf,inf,0.0,True,False,1,0,,True,False,0.11934597300020335,0.4021800899993222,inf,1.415234821146067,0.0,collision,True,no_safe_candidate_before_cost,no_hard_safe_candidate,False,False,0.0,inf,inf,inf,False,0.0,,,
6000,1007,1,378,378,0.6114357709884644,0.9152073860168457,-0.13702110946178436,-1.0,-0.7484568953514099,-1.9152073860168457,True,True,predictive_recovery,keep_stop,1.2008094566986016,0.0,10,1,,0,0,0,False,False,False,False,False,False,False,False,True,0.8758417047921241,1.7597291353104445,0.0,False,max_steps,,inf,,inf,inf,inf,0.35592375307076995,inf,1.4248094566986014,-0.3747981451320661,inf,0.0031233178761005506,set(),True,True,raw_collision_risk:collision,False,False,right,8,False,raw_predicted_collision,True,7,0,,inf,inf,inf,inf,False,False,inf,inf,0.0,True,False,1,0,,True,False,0.0,3.536562258174086,inf,1.4248094566986018,0.0,collision,True,raw_collision_risk:collision,,False,False,0.21749650878633037,0.35592375307076995,inf,1.4248094566986014,True,-58.56060836256911,,,
6000,1007,1,379,379,0.5849518775939941,0.9020297527313232,-0.18563398718833923,-1.0,-0.7705858945846558,-1.9020297527313232,True,True,predictive_recovery,keep_stop,1.1918162014996851,0.0,10,1,,0,0,0,False,False,False,False,False,False,False,False,True,0.8761073003988935,0.32287011159050105,0.0,False,max_steps,,inf,,inf,inf,inf,0.42815300519164623,inf,1.4158162014996853,-0.2772734190391559,inf,0.0023106118253262992,set(),True,True,raw_collision_risk:collision,False,False,right,7,False,raw_predicted_collision,True,6,0,,inf,inf,inf,inf,False,False,inf,inf,0.0,True,False,1,0,,True,False,0.0,1.0851177950881183,inf,1.415816201499685,0.0,collision,True,raw_collision_risk:collision,,False,False,0.16086584247529062,0.42815300519164623,inf,1.4158162014996853,True,-48.653990560218446,,,
6000,1007,1,380,380,0.5231766700744629,0.9483003616333008,-0.39080479741096497,0.30000001192092896,-0.9139814376831055,-0.6483003497123718,True,True,predictive_recovery,right_pass,0.16794232543922583,1.6065776086291241,10,2,,0,0,0,False,False,False,False,False,False,False,False,True,0.8761470653570251,0.21146574542211893,0.0,False,max_steps,,inf,,inf,inf,inf,-1.0786109809968751,inf,0.3919423254392298,-3.4648321721138107,inf,0.05082301904332349,set(),True,True,raw_collision_risk:collision,True,False,right,12,False,raw_predicted_collision,False,0,0,,inf,inf,inf,inf,False,False,inf,inf,0.0,True,False,1,0,,True,False,0.0,1.7330133689192482,inf,1.3919423254392256,0.0,collision,True,raw_collision_risk:collision,,False,False,2.758936529975132,-1.0786109809968751,inf,0.3919423254392298,True,-101.38211286700826,,,
6000,1007,1,381,381,0.3559997081756592,0.9908959865570068,-0.42058777809143066,0.30000001192092896,-0.7765874862670898,-0.6908959746360779,True,True,predictive_recovery,right_pass,0.11914103044105895,1.6346741897250274,10,2,,0,0,0,False,False,False,False,False,False,False,False,True,0.8761820013667506,0.23923805223023803,0.0,False,max_steps,,inf,,inf,inf,inf,-0.7517373992492047,inf,0.34314103044105804,-4.106980156685792,inf,0.06314876216572983,set(),True,True,raw_collision_risk:collision,True,False,right,12,False,raw_predicted_collision,False,0,0,,inf,inf,inf,inf,False,False,inf,inf,0.0,True,False,1,0,,True,False,0.0,1.1781185956108517,inf,1.3431410304410574,0.0,collision,True,raw_collision_risk:collision,,False,False,2.7551953354286023,-0.7517373992492047,inf,0.34314103044105804,True,-107.8047777183907,,,
6000,1007,1,382,382,0.4849705696105957,0.9890284538269043,-0.4255138635635376,0.30000001192092896,-0.9104844331741333,-0.6890284419059753,True,True,predictive_recovery,right_pass,0.11028313705835835,1.6414531330579576,10,2,,0,0,0,False,False,False,False,False,False,False,False,True,0.8762298711013093,0.32398343253092954,0.0,False,max_steps,,inf,,inf,inf,inf,-0.6897695364970504,inf,0.33428313705835744,-2.8153415534660455,inf,0.03588766739605107,set(),True,True,raw_collision_risk:collision,True,False,right,12,False,raw_predicted_collision,False,0,0,,inf,inf,inf,inf,False,False,inf,inf,0.0,True,False,1,0,,True,False,0.08433535435229984,0.5188821521590006,inf,1.3342831370583563,0.0,collision,True,raw_collision_risk:collision,,False,False,2.6395175269562783,-0.6897695364970504,inf,0.33428313705835744,True,-108.28130445246215,,,
6000,1007,1,383,383,0.5152969360351562,0.9839093685150146,-0.40226152539253235,0.30000001192092896,-0.9175584316253662,-0.6839093565940857,True,True,predictive_recovery,right_pass,0.11005753084385317,1.6630514567969732,10,2,,0,0,0,False,False,False,False,False,False,False,False,True,0.8762938757633109,0.41312561347661936,0.0,False,max_steps,,inf,,inf,inf,inf,-0.6150373730575289,inf,0.3340575308438527,-3.6478609287620865,inf,0.05167795381269515,set(),True,True,raw_collision_risk:collision,True,False,right,12,False,raw_predicted_collision,False,0,0,,inf,inf,inf,inf,False,False,inf,inf,0.0,True,False,1,0,,True,False,0.0,2.1603456238954055,inf,1.3340575308438525,0.0,collision,True,raw_collision_risk:collision,,False,False,2.5892222299072207,-0.6150373730575289,inf,0.3340575308438527,True,-109.22218022417911,,,
6000,1007,1,384,384,0.48106813430786133,0.9837825298309326,-0.3795044720172882,0.30000001192092896,-0.8605725765228271,-0.6837825179100037,True,True,predictive_recovery,right_pass,0.11095709226463857,1.6940514492005356,10,2,,0,0,0,False,False,False,False,False,False,False,False,True,0.8763745613504089,0.5027612552134596,0.0,False,max_steps,,inf,,inf,inf,inf,-0.6979042413013907,inf,0.3349570922646383,-4.314743963797256,inf,0.06658196437135525,set(),True,True,raw_collision_risk:collision,True,False,right,12,False,raw_predicted_collision,False,0,0,,inf,inf,inf,inf,False,False,inf,inf,0.0,True,False,1,0,,True,False,0.0,1.366305079499083,inf,1.3349570922646379,0.0,collision,True,raw_collision_risk:collision,,False,False,2.63646368662054,-0.6979042413013907,inf,0.3349570922646383,True,-109.4382466845425,,,
6000,1007,1,385,385,0.5725927352905273,0.9879224300384521,-0.35889795422554016,0.30000001192092896,-0.9314906597137451,-0.6879224181175232,True,True,predictive_recovery,right_pass,0.11178469310488959,1.731944266635273,10,2,,0,0,0,False,False,False,False,False,False,False,False,True,0.8764720283733229,0.5926467983085751,0.0,False,max_steps,,inf,,inf,inf,inf,-0.6976722685276275,inf,0.3357846931048898,-3.337619612332396,inf,0.043645097430001834,set(),True,True,raw_collision_risk:collision,True,False,right,12,False,raw_predicted_collision,False,0,0,,inf,inf,inf,inf,False,False,inf,inf,0.0,True,False,1,0,,True,False,0.04817753593747074,0.6394082135417642,inf,1.335784693104889,0.0,collision,True,raw_collision_risk:collision,,False,False,2.6254609808051113,-0.6976722685276275,inf,0.3357846931048898,True,-109.19840813833693,,,
6000,1007,1,386,386,0.6598076820373535,0.9937617778778076,-0.339754581451416,0.30000001192092896,-0.9995622634887695,-0.6937617659568787,True,True,predictive_recovery,right_pass,0.11251135214676866,1.772601179565548,10,2,,0,0,0,False,False,False,False,False,False,False,False,True,0.8765863352240717,0.6827657204634512,0.0,False,max_steps,,inf,,inf,inf,inf,-0.5413320423424643,inf,0.3365113521467691,-3.9654481494170124,inf,0.05775486258262688,set(),True,True,predicted_collision_within_1s;raw_collision_risk:collision,True,False,right,12,False,raw_predicted_collision,False,0,0,,inf,inf,inf,inf,False,False,inf,inf,0.0,True,False,1,0,,True,False,0.0,2.1742604188971746,inf,1.3365113521467689,0.0,collision,True,predicted_collision_within_1s;raw_collision_risk:collision,,False,False,2.5333461757187097,-0.5413320423424643,inf,0.3365113521467691,True,-109.92230501703298,,,
6000,1007,1,387,387,0.7025943994522095,0.9963134527206421,0.7025943994522095,0.9963134527206421,0.0,0.0,True,False,inactive_raw_action,raw_action,0,0,10,10,raw_action_safe_or_candidate_not_better,0,0,0,False,False,False,False,False,False,False,False,True,0.8767163755994151,0.8544028978288887,0.0,False,max_steps,,inf,,inf,inf,inf,-2.025009457264356,inf,0.33721762403375677,inf,inf,0.0,set(),False,False,,False,False,,0,False,vehicle_margin_uncertain_or_low,False,0,0,,inf,inf,inf,inf,False,False,inf,inf,0.0,False,False,1,0,,False,False,1.6708015665864566,-1.7262768030647866,inf,1.3372176240337548,0.0,,False,raw_action_safe_or_candidate_not_better,vehicle_margin_worse,False,False,1.938525368374708,-2.025009457264356,inf,1.3568935499596826,True,-23.76071344694892,,,
6000,1007,1,388,388,0.8018715381622314,0.9962188005447388,0.8018715381622314,0.9962188005447388,0.0,0.0,True,False,inactive_raw_action,raw_action,0,0,10,10,raw_action_safe_or_candidate_not_better,0,0,0,False,False,False,False,False,False,False,False,True,0.8768728666288003,1.0981554800917903,0.0,False,max_steps,,inf,,inf,inf,inf,-1.9099564718314794,inf,0.34730645579385144,inf,inf,0.0,set(),False,False,,False,False,,0,False,vehicle_margin_uncertain_or_low,False,0,0,,inf,inf,inf,inf,False,False,inf,inf,0.0,False,False,1,0,,False,False,1.5882448051304277,-1.5543968781750044,inf,1.3473064557938499,0.0,,False,raw_action_safe_or_candidate_not_better,vehicle_margin_worse,False,False,1.877706946444311,-1.9099564718314794,inf,1.3669823817197782,True,-24.389203031768627,,,
6000,1007,1,389,389,0.8579167127609253,0.9949383735656738,0.8579167127609253,0.9949383735656738,0.0,0.0,True,False,inactive_raw_action,raw_action,0,0,10,10,raw_action_safe_or_candidate_not_better,0,0,0,False,False,False,False,False,False,False,False,True,0.8770633305043457,1.3485838073131766,0.0,False,max_steps,,inf,,inf,inf,inf,-1.6821989670490227,inf,0.38317727684404956,inf,inf,0.0,set(),False,False,,False,False,,0,False,vehicle_margin_uncertain_or_low,False,0,0,,inf,inf,inf,inf,False,False,inf,inf,0.0,False,False,1,0,,False,False,1.5387817031783897,-1.5123769409092347,inf,1.3831772768440476,0.0,,False,raw_action_safe_or_candidate_not_better,cost_risk_increased,False,False,1.850187527401924,-1.6821989670490227,inf,1.4028532027699767,False,-24.64815094494253,,,
6000,1007,1,390,390,0.9037232398986816,0.9942667484283447,0.0,-0.800000011920929,-0.9037232398986816,-1.794266700744629,True,True,ultra_short_horizon_emergency,ultra_short_horizon_emergency_stop,0,0,0,0,vehicle_collision_step_3,0,0,0,False,False,False,False,False,False,False,False,True,0.8772234507173396,0.19905449556747584,0.0,False,max_steps,,inf,,inf,inf,inf,inf,inf,inf,inf,inf,0.0,set(),True,True,vehicle_collision_step_3,False,False,,0,False,,True,8,0,,inf,0,0,0,0,0,inf,inf,0.0,True,False,1,0,,False,False,0.0,inf,inf,inf,0.0,0,True,vehicle_collision_step_3,,False,False,0.0,inf,inf,inf,False,0.0,,,
6000,1007,1,391,391,0.8919909000396729,0.991629958152771,0.0,-0.800000011920929,-0.8919909000396729,-1.7916300296783447,True,True,ultra_short_horizon_emergency,ultra_short_horizon_emergency_stop,0,0,0,0,vehicle_collision_step_3,0,0,0,False,False,False,False,False,False,False,False,True,0.8772334818474734,0.22119145810660565,0.0,False,max_steps,,inf,,inf,inf,inf,inf,inf,inf,inf,inf,0.0,set(),True,True,vehicle_collision_step_3,False,False,,0,False,,True,8,0,,inf,0,0,0,0,0,inf,inf,0.0,True,False,1,0,,False,False,0.0,inf,inf,inf,0.0,0,True,vehicle_collision_step_3,,False,False,0.0,inf,inf,inf,False,0.0,,,
6000,1007,1,392,392,0.9216587543487549,0.8917055130004883,0.0,-0.800000011920929,-0.9216587543487549,-1.6917054653167725,True,True,ultra_short_horizon_emergency,ultra_short_horizon_emergency_stop,0,0,0,0,vehicle_collision_step_3,0,0,0,False,False,False,False,False,False,False,False,True,0.8772299991988164,0.13844925539618347,0.0,False,max_steps,,inf,,inf,inf,inf,inf,inf,inf,inf,inf,0.0,set(),True,True,vehicle_collision_step_3,False,False,,0,False,,True,8,0,,inf,0,0,0,0,0,inf,inf,0.0,True,False,1,0,,False,False,0.0,inf,inf,inf,0.0,0,True,vehicle_collision_step_3,,False,False,0.0,inf,inf,inf,False,0.0,,,
6000,1007,1,393,393,0.8870115280151367,-0.39682936668395996,0.0,-0.20000000298023224,-0.8870115280151367,0.19682936370372772,True,True,safety_hold,safety_hold_recovery,0,0,0,0,recent_emergency_safety_hold,0,0,0,False,False,False,False,False,False,False,False,True,0.877224254450834,0.019189532221409004,0.0,False,max_steps,,inf,,inf,inf,inf,inf,inf,inf,inf,inf,0.0,set(),True,True,recent_emergency_safety_hold,False,False,,0,False,,True,7,0,,inf,inf,inf,inf,False,False,inf,inf,0.0,True,False,1,0,,False,False,0.4101704562367554,0.07754201815829553,inf,1.5101979485691643,0.0,,True,safety_hold,,False,False,0.0,inf,inf,inf,False,0.0,,,
6000,1007,1,394,394,0.7905541658401489,-0.3237624764442444,0.0,-0.20000000298023224,-0.7905541658401489,0.12376247346401215,True,True,safety_hold,safety_hold_recovery,0,0,0,0,recent_emergency_safety_hold,0,0,0,False,False,False,False,False,False,False,False,True,0.8772160073771408,0.07566004958907348,0.0,False,max_steps,,inf,,inf,inf,inf,inf,inf,inf,inf,inf,0.0,set(),True,True,recent_emergency_safety_hold,False,False,,0,False,,True,6,0,,inf,inf,inf,inf,False,False,inf,inf,0.0,True,False,1,0,,False,False,0.3802982168288751,0.11385756016974735,inf,1.5084960374841456,0.0,,True,safety_hold,,False,False,0.0,inf,inf,inf,False,0.0,,,
6000,1007,1,395,395,0.37315940856933594,-0.7203232645988464,0.0,-0.20000000298023224,-0.37315940856933594,0.5203232765197754,True,True,safety_hold,safety_hold_recovery,0,0,0,0,recent_emergency_safety_hold,0,0,0,False,False,False,False,False,False,False,False,True,0.8772153971760362,0.04499541237784486,0.0,False,max_steps,,inf,,inf,inf,inf,inf,inf,inf,inf,inf,0.0,set(),True,True,recent_emergency_safety_hold,False,False,,0,False,,True,5,0,,inf,inf,inf,inf,False,False,inf,inf,0.0,True,False,1,0,,False,False,0.3670813747305358,0.1303537856964807,inf,1.5069554390402113,0.0,,True,safety_hold,,False,False,0.0,inf,inf,inf,False,0.0,,,
6000,1007,1,396,396,0.30019307136535645,-0.38680464029312134,0.0,-0.20000000298023224,-0.30019307136535645,0.1868046373128891,True,True,safety_hold,safety_hold_recovery,0,0,0,0,recent_emergency_safety_hold,0,0,0,False,False,False,False,False,False,False,False,True,0.8772103512274786,0.07532405638048428,0.0,False,max_steps,,inf,,inf,inf,inf,inf,inf,inf,inf,inf,0.0,set(),True,True,recent_emergency_safety_hold,False,False,,0,False,,True,4,0,,inf,inf,inf,inf,False,False,inf,inf,0.0,True,False,1,0,,False,False,0.398741250925426,0.08919136444279463,inf,1.506830406548239,0.0,,True,safety_hold,,False,False,0.0,inf,inf,inf,False,0.0,,,
6000,1007,1,397,397,0.14876031875610352,-0.5514981150627136,0.0,-0.20000000298023224,-0.14876031875610352,0.3514981269836426,True,True,safety_hold,safety_hold_recovery,0,0,0,0,recent_emergency_safety_hold,0,0,0,False,False,False,False,False,False,False,False,True,0.8772097571688127,0.0449903248253519,0.0,False,max_steps,,inf,,inf,inf,inf,inf,inf,inf,inf,inf,0.0,set(),True,True,recent_emergency_safety_hold,False,False,,0,False,,True,3,0,,inf,inf,inf,inf,False,False,inf,inf,0.0,True,False,1,0,,False,False,0.3655957813871544,0.1779841275338283,inf,1.5063036243993402,0.0,,True,safety_hold,,False,False,0.0,inf,inf,inf,False,0.0,,,
6000,1007,1,398,398,0.11365985870361328,-0.7744966149330139,0.0,-0.20000000298023224,-0.11365985870361328,0.5744966268539429,True,True,safety_hold,safety_hold_recovery,0,0,0,0,recent_emergency_safety_hold,0,0,0,False,False,False,False,False,False,False,False,True,0.8772046661095225,0.07532245410117842,0.0,False,max_steps,,inf,,inf,inf,inf,inf,inf,inf,inf,inf,0.0,set(),True,True,recent_emergency_safety_hold,False,False,,0,False,,True,2,0,,inf,inf,inf,inf,False,False,inf,inf,0.0,True,False,1,0,,False,False,0.3322028103489797,0.09690904699847813,inf,1.5062746970105452,0.0,,True,safety_hold,,False,False,0.0,inf,inf,inf,False,0.0,,,
6000,1007,1,399,399,-0.3342503309249878,-0.5140829086303711,0.0,-0.20000000298023224,0.3342503309249878,0.31408292055130005,True,True,safety_hold,safety_hold_recovery,0,0,0,0,recent_emergency_safety_hold,0,0,0,False,False,False,False,False,False,False,False,True,0.8772040393591798,0.04499023015987848,0.0,False,max_steps,,inf,,inf,inf,inf,inf,inf,inf,inf,inf,0.0,set(),True,True,recent_emergency_safety_hold,False,False,,0,False,,True,1,0,,inf,inf,inf,inf,False,False,inf,inf,0.025176555209401093,True,False,1,0,,False,False,0.2268956154815957,0.1194765817166461,inf,1.505722478441918,0.0,,True,safety_hold,,False,False,0.0,inf,inf,inf,False,0.0,,,
6000,1007,1,400,400,-0.527234673500061,-0.29765093326568604,-0.527234673500061,-0.29765093326568604,0.0,0.0,True,False,inactive_raw_action,raw_action,0,0,9,7,raw_action_safe_or_candidate_not_better,0,0,0,False,False,False,False,False,False,False,False,True,0.8771991767526145,0.09136588391067908,0.0,False,max_steps,,inf,,inf,inf,inf,0.2305873468439703,inf,0.5056751803055765,inf,inf,0.0,set(),False,False,,False,False,,0,False,vehicle_margin_uncertain_or_low,False,0,0,,inf,inf,inf,inf,False,False,inf,inf,0.023720409309036128,False,False,1,0,,False,False,0.1574213000535061,0.2752623331549797,inf,1.5056751803055786,0.0,,False,raw_action_safe_or_candidate_not_better,cost_risk_increased,False,False,0.1708237959468089,0.2305873468439703,inf,1.5056751803055763,False,-12.444556013343359,,,
6000,1007,1,401,401,-0.4720844030380249,0.437518835067749,-0.4720844030380249,0.437518835067749,0.0,0.0,True,False,inactive_raw_action,raw_action,0,0,10,8,raw_action_safe_or_candidate_not_better,0,0,0,False,False,False,False,False,False,False,False,True,0.8771945802675574,0.040302139498826536,0.0,False,max_steps,,inf,,inf,inf,inf,0.4958763590855826,inf,0.5056430490359981,inf,inf,0.0,set(),False,False,,False,False,,0,False,vehicle_margin_uncertain_or_low,False,0,0,,inf,inf,inf,inf,False,False,inf,inf,0.04313240876401442,False,False,1,0,,False,False,0.08562190651446826,0.5145936449517725,inf,1.505643049035997,0.0,,False,raw_action_safe_or_candidate_not_better,candidate_not_better,False,False,0.08562190651446826,0.5145936449517725,inf,1.5056430490359975,False,-11.972500143804126,,,
6000,1007,1,402,402,0.024596095085144043,0.9797124862670898,0.024596095085144043,0.9797124862670898,0.0,0.0,True,False,inactive_raw_action,raw_action,0,0,10,10,raw_action_safe_or_candidate_not_better,0,0,0,False,False,False,False,False,False,False,False,True,0.8772143003567974,0.33767396198828076,0.0,False,max_steps,,inf,,inf,inf,inf,0.8889267616318595,inf,0.5057168968676514,inf,inf,0.0,set(),False,False,,False,False,,0,False,vehicle_margin_uncertain_or_low,False,0,0,,inf,inf,inf,inf,False,False,inf,inf,0.0,False,False,1,0,,False,False,0.0,0.9082540096957166,inf,1.5057168968676495,0.0,,False,raw_action_safe_or_candidate_not_better,candidate_not_better,False,False,0.0,0.9082540096957166,inf,1.5057168968676495,False,-16.77876838759022,,,
6000,1007,1,403,403,0.4332420825958252,0.9940952062606812,0.4332420825958252,0.9940952062606812,0.0,0.0,True,False,inactive_raw_action,raw_action,0,0,10,10,raw_action_safe_or_candidate_not_better,0,0,0,False,False,False,False,False,False,False,False,True,0.8772859145767097,0.6226143698256109,0.0,False,max_steps,,inf,,inf,inf,inf,1.353862606384033,inf,0.507955500794259,inf,inf,0.0,set(),False,False,,False,False,,0,False,vehicle_margin_uncertain_or_low,False,0,0,,inf,inf,inf,inf,False,False,inf,inf,0.0,False,False,1,0,,False,False,0.0,1.373496899118407,inf,1.507955500794257,0.0,,False,raw_action_safe_or_candidate_not_better,candidate_not_better,False,False,0.0,1.353862606384033,inf,1.5276314267201858,False,-15.093455702613385,,,
6000,1007,1,404,404,0.41853761672973633,0.9968724250793457,0.41853761672973633,0.9968724250793457,0.0,0.0,True,False,inactive_raw_action,raw_action,0,0,10,10,raw_action_safe_or_candidate_not_better,0,0,0,False,False,False,False,False,False,False,False,True,0.877407431079808,0.9179440599767476,0.0,False,max_steps,,inf,,inf,inf,inf,1.8954584255177127,inf,0.5191230456956145,inf,inf,0.0,set(),False,False,,False,False,,0,False,vehicle_margin_uncertain_or_low,False,0,0,,inf,inf,inf,inf,False,False,inf,inf,0.0,False,False,1,0,,False,False,0.0,1.915115363027947,inf,1.5191230456956126,0.0,,False,raw_action_safe_or_candidate_not_better,candidate_not_better,False,False,0.0,1.8954584255177127,inf,1.5387989716215418,False,-14.045789024920097,,,
6000,1007,1,405,405,0.19388175010681152,0.9875240325927734,0.19388175010681152,0.9875240325927734,0.0,0.0,True,False,inactive_raw_action,raw_action,0,0,10,10,raw_action_safe_or_candidate_not_better,0,0,0,False,False,False,False,False,False,False,False,True,0.8775825364099024,1.2175881258215329,0.0,False,max_steps,,inf,,inf,inf,inf,2.498183397166082,inf,0.5440207746070925,inf,inf,0.0,set(),False,False,,False,False,,0,False,vehicle_margin_uncertain_or_low,False,0,0,,inf,inf,inf,inf,False,False,inf,inf,0.0,False,False,1,0,,False,False,0.0,2.5176659707104583,inf,1.5440207746070906,0.0,,False,raw_action_safe_or_candidate_not_better,candidate_not_better,False,False,0.0,2.498183397166082,inf,1.5636967005330207,False,-13.192579655749087,,,
6000,1007,1,406,406,0.41085386276245117,0.9947177171707153,0.41085386276245117,0.9947177171707153,0.0,0.0,True,False,inactive_raw_action,raw_action,0,0,10,10,raw_action_safe_or_candidate_not_better,0,0,0,False,False,False,False,False,False,False,False,True,0.8778117933294075,1.4999256910819176,0.0,False,max_steps,,inf,,inf,inf,inf,3.1188627464531193,inf,0.5788734219561379,inf,inf,0.0,set(),False,False,,False,False,,0,False,vehicle_margin_uncertain_or_low,False,0,0,,inf,inf,inf,inf,False,False,inf,inf,0.0,False,False,1,0,,False,False,0.0,3.138442517291622,inf,1.578873421956137,0.0,,False,raw_action_safe_or_candidate_not_better,candidate_not_better,False,False,0.0,3.1188627464531193,inf,1.598549347882066,False,-12.7777730903093,,,
6000,1007,1,407,407,0.45799100399017334,0.9976789951324463,0.45799100399017334,0.9976789951324463,0.0,0.0,True,False,inactive_raw_action,raw_action,0,0,10,10,raw_action_safe_or_candidate_not_better,0,0,0,False,False,False,False,False,False,False,False,True,0.8780881527513492,1.7861264526674463,0.0,False,max_steps,,inf,,inf,inf,inf,3.7898983092252236,inf,0.6228054134006086,inf,inf,0.0,set(),False,False,,False,False,,0,False,vehicle_margin_uncertain_or_low,False,0,0,,inf,inf,inf,inf,False,False,inf,inf,0.0,False,False,1,0,,False,False,0.0,3.814684406231446,inf,1.6228054134006071,0.0,,False,raw_action_safe_or_candidate_not_better,candidate_not_better,False,False,0.0,3.795311360739118,inf,1.6424813393265367,False,-12.393265981912965,,,
6000,1007,1,408,408,0.3917117118835449,0.997786283493042,0.3917117118835449,0.997786283493042,0.0,0.0,True,False,inactive_raw_action,raw_action_safe,0,0,0,0,low_risk_verified_passthrough,0,0,0,False,False,False,False,False,False,False,False,True,0.8784139625620607,2.0863704202374582,0.0,False,max_steps,,inf,,inf,inf,inf,inf,inf,inf,inf,inf,0.0,set(),False,False,,False,False,,0,True,,False,0,0,,inf,inf,inf,inf,False,False,inf,inf,0.0,False,False,1,-1,,False,False,0.0,4.572229817437233,inf,1.6760214719979598,0.0,,False,low_risk_verified,,False,False,0.0,inf,inf,inf,False,0.0,,,
6000,1007,1,409,409,0.4144226312637329,0.9977748394012451,0.4144226312637329,0.9977748394012451,0.0,0.0,True,False,inactive_raw_action,raw_action_safe,0,0,0,0,low_risk_verified_passthrough,0,0,0,False,False,False,False,False,False,False,False,True,0.8787925825858227,2.380119799525302,0.0,False,max_steps,,inf,,inf,inf,inf,inf,inf,inf,inf,inf,0.0,set(),False,False,,False,False,,0,True,,False,0,0,,inf,inf,inf,inf,False,False,inf,inf,0.0,False,False,1,-1,,False,False,0.0,5.342579718779689,inf,1.7355377201558384,0.0,,False,low_risk_verified,,False,False,0.0,inf,inf,inf,False,0.0,,,
6000,1007,1,410,410,0.40753090381622314,0.9980447292327881,0.40753090381622314,0.9980447292327881,0.0,0.0,True,False,inactive_raw_action,raw_action_safe,0,0,0,0,low_risk_verified_passthrough,0,0,0,False,False,False,False,False,False,False,False,True,0.8792217385616253,2.675706562181199,0.0,False,max_steps,,inf,,inf,inf,inf,inf,inf,inf,inf,inf,0.0,set(),False,False,,False,False,,0,True,,False,0,0,,inf,inf,inf,inf,False,False,inf,inf,0.0,False,False,1,-1,,False,False,0.0,6.143880350484265,inf,1.8071968265387537,0.0,,False,low_risk_verified,,False,False,0.0,inf,inf,inf,False,0.0,,,
6000,1007,1,411,411,0.3485713005065918,0.9985597133636475,0.3485713005065918,0.9985597133636475,0.0,0.0,True,False,inactive_raw_action,raw_action_safe,0,0,0,0,low_risk_verified_passthrough,0,0,0,False,False,False,False,False,False,False,False,True,0.8797034342225738,2.9798676513411677,0.0,False,max_steps,,inf,,inf,inf,inf,inf,inf,inf,inf,inf,0.0,set(),False,False,,False,False,,0,True,,False,0,0,,inf,inf,inf,inf,False,False,inf,inf,0.0,False,False,1,-1,,False,False,0.0,6.970857461545842,inf,1.8943228766318878,0.0,,False,low_risk_verified,,False,False,0.0,inf,inf,inf,False,0.0,,,
6000,1007,1,412,412,0.20553696155548096,0.9987564086914062,0.20553696155548096,0.9987564086914062,0.0,0.0,True,False,inactive_raw_action,raw_action_safe,0,0,0,0,low_risk_verified_passthrough,0,0,0,False,False,False,False,False,False,False,False,True,0.8802443617343232,3.2901221495315776,0.0,False,max_steps,,inf,,inf,inf,inf,inf,inf,inf,inf,inf,0.0,set(),False,False,,False,False,,0,True,,False,0,0,,inf,inf,inf,inf,False,False,inf,inf,0.0,False,False,1,-1,,False,False,0.0,7.852244950202822,inf,1.9849331734536606,0.0,,False,low_risk_verified,,False,False,0.0,inf,inf,inf,False,0.0,,,
6000,1007,1,413,413,0.2036200761795044,0.9989469051361084,0.2036200761795044,0.9989469051361084,0.0,0.0,True,False,inactive_raw_action,raw_action_safe,0,0,0,0,low_risk_verified_passthrough,0,0,0,False,False,False,False,False,False,False,False,True,0.8808484109679277,3.594730687499712,0.0,False,max_steps,,inf,,inf,inf,inf,inf,inf,inf,inf,inf,0.0,set(),False,False,,False,False,,0,True,,False,0,0,,inf,inf,inf,inf,False,False,inf,inf,0.0,False,False,1,-1,,False,False,0.0,8.805748587893815,inf,2.108787552721194,0.0,,False,low_risk_verified,,False,False,0.0,inf,inf,inf,False,0.0,,,
6000,1007,1,414,414,0.3144170045852661,0.9990043640136719,0.3144170045852661,0.9990043640136719,0.0,0.0,True,False,inactive_raw_action,raw_action_safe,0,0,0,0,low_risk_verified_passthrough,0,0,0,False,False,False,False,False,False,False,False,True,0.8815055853562082,3.873369249963426,0.0,False,max_steps,,inf,,inf,inf,inf,inf,inf,inf,inf,inf,0.0,set(),False,False,,False,False,,0,True,,False,0,0,,inf,inf,inf,inf,False,False,inf,inf,0.0,False,False,1,-1,,False,False,0.0,9.67629200277215,inf,2.2418422847878055,0.0,,False,low_risk_verified,,False,False,0.0,inf,inf,inf,False,0.0,,,
6000,1007,1,415,415,0.2144312858581543,0.9983857870101929,0.2144312858581543,0.9983857870101929,0.0,0.0,True,False,inactive_raw_action,raw_action_safe,0,0,0,0,low_risk_verified_passthrough,0,0,0,False,False,False,False,False,False,False,False,True,0.8822119048009628,4.181664996966622,0.0,False,max_steps,,inf,,inf,inf,inf,inf,inf,inf,inf,inf,0.0,set(),False,False,,False,False,,0,True,,False,0,0,,inf,inf,inf,inf,False,False,inf,inf,0.0,False,False,1,-1,,False,False,0.0,10.556706393292794,inf,2.395411100055089,0.0,,False,low_risk_verified,,False,False,0.0,inf,inf,inf,False,0.0,,,
6000,1007,1,416,416,0.14996933937072754,0.9981954097747803,0.14996933937072754,0.9981954097747803,0.0,0.0,True,False,inactive_raw_action,raw_action_safe,0,0,0,0,low_risk_verified_passthrough,0,0,0,False,False,False,False,False,False,False,False,True,0.8829817819570505,4.489572164589339,0.0,False,max_steps,,inf,,inf,inf,inf,inf,inf,inf,inf,inf,0.0,set(),False,False,,False,False,,0,True,,False,0,0,,inf,inf,inf,inf,False,False,inf,inf,0.0,False,False,1,-1,,False,False,0.0,11.397089051258522,inf,2.5456672474113087,0.0,,False,low_risk_verified,,False,False,0.0,inf,inf,inf,False,0.0,,,
6000,1007,1,417,417,0.14906024932861328,0.9970617294311523,0.14906024932861328,0.9970617294311523,0.0,0.0,True,False,inactive_raw_action,raw_action_safe,0,0,0,0,low_risk_verified_passthrough,0,0,0,False,False,False,False,False,False,False,False,True,0.8838168699819369,4.792711340200102,0.0,False,max_steps,,inf,,inf,inf,inf,inf,inf,inf,inf,inf,0.0,set(),False,False,,False,False,,0,True,,False,0,0,,inf,inf,inf,inf,False,False,inf,inf,0.0,False,False,1,-1,,False,False,0.0,12.354392416651944,inf,2.69180540708448,0.0,,False,low_risk_verified,,False,False,0.0,inf,inf,inf,False,0.0,,,
6000,1007,1,418,418,0.0005670785903930664,0.9933574199676514,0.0005670785903930664,0.9933574199676514,0.0,0.0,True,False,inactive_raw_action,raw_action_safe,0,0,0,0,low_risk_verified_passthrough,0,0,0,False,False,False,False,False,False,False,False,True,0.8847202082672232,5.089933009478694,0.0,False,max_steps,,inf,,inf,inf,inf,inf,inf,inf,inf,inf,0.0,set(),False,False,,False,False,,0,True,,False,0,0,,inf,inf,inf,inf,False,False,inf,inf,0.0,False,False,1,-1,,False,False,0.0,13.333119301333472,inf,2.8503949249014275,0.0,,False,low_risk_verified,,False,False,0.0,inf,inf,inf,False,0.0,,,
6000,1007,1,419,419,-0.0791541337966919,0.9902224540710449,-0.0791541337966919,0.9902224540710449,0.0,0.0,True,False,inactive_raw_action,raw_action_safe,0,0,0,0,low_risk_verified_passthrough,0,0,0,False,False,False,False,False,False,False,False,True,0.8857020391997372,5.381547636881367,0.0,False,max_steps,,inf,,inf,inf,inf,inf,inf,inf,inf,inf,0.0,set(),False,False,,False,False,,0,True,,False,0,0,,inf,inf,inf,inf,False,False,inf,inf,0.40288923844847513,False,False,1,-1,,False,False,0.0,14.3355437023575,inf,3.018616436557022,0.0,,False,low_risk_verified,,False,False,0.0,inf,inf,inf,False,0.0,,,
6000,1007,1,420,420,-0.13600081205368042,0.9682966470718384,-0.13600081205368042,0.9682966470718384,0.0,0.0,True,False,inactive_raw_action,raw_action_safe,0,0,0,0,low_risk_verified_passthrough,0,0,0,False,False,False,False,False,False,False,False,True,0.886762138330342,5.664499250572151,0.0,False,max_steps,,inf,,inf,inf,inf,inf,inf,inf,inf,inf,0.0,set(),False,False,,False,False,,0,True,,False,0,0,,inf,inf,inf,inf,False,False,inf,inf,0.7318948487214307,False,False,1,-1,,False,False,0.0,15.374931203866575,inf,3.1826724724683593,0.0,,False,low_risk_verified,,False,False,0.0,inf,inf,inf,False,0.0,,,
6000,1007,1,421,421,-0.24693256616592407,0.9594935178756714,-0.24693256616592407,0.9594935178756714,0.0,0.0,True,False,inactive_raw_action,raw_action_safe,0,0,0,0,low_risk_verified_passthrough,0,0,0,False,False,False,False,False,False,False,False,True,0.8878983430028901,5.917626201554227,0.0,False,max_steps,,inf,,inf,inf,inf,inf,inf,inf,inf,inf,0.0,set(),False,False,,False,False,,0,True,,False,0,0,,inf,inf,inf,inf,False,False,inf,inf,1.3987493359887349,False,False,1,-1,,False,False,0.0,16.383931413817894,inf,3.3394070854980407,0.0,,False,low_risk_verified,,False,False,0.0,inf,inf,inf,False,0.0,,,
6000,1007,1,422,422,-0.3047698140144348,0.9385004043579102,-0.3047698140144348,0.9385004043579102,0.0,0.0,True,False,inactive_raw_action,raw_action_safe,0,0,0,0,low_risk_verified_passthrough,0,0,0,False,False,False,False,False,False,False,False,True,0.8891057157135209,6.167641210055908,0.0,False,max_steps,,inf,,inf,inf,inf,inf,inf,inf,inf,inf,0.0,set(),False,False,,False,False,,0,True,,False,0,0,,inf,inf,inf,inf,False,False,inf,inf,1.8035138368546282,False,False,1,-1,,False,False,0.0,17.43235417322011,inf,3.481107193582251,0.0,,False,low_risk_verified,,False,False,0.0,inf,inf,inf,False,0.0,,,
6000,1007,1,423,423,-0.06057929992675781,0.9458738565444946,-0.06057929992675781,0.9458738565444946,0.0,0.0,True,False,inactive_raw_action,raw_action_safe,0,0,0,0,low_risk_verified_passthrough,0,0,0,False,False,False,False,False,False,False,False,True,0.8903736092438356,6.440959455797191,0.0,False,max_steps,,inf,,inf,inf,inf,inf,inf,inf,inf,inf,0.0,set(),False,False,,False,False,,0,True,,False,0,0,,inf,inf,inf,inf,False,False,inf,inf,0.3736313867046084,False,False,1,-1,,False,False,0.0,18.58385457127504,inf,3.522160217659064,0.0,,False,low_risk_verified,,False,False,0.0,inf,inf,inf,False,0.0,,,
6000,1007,1,424,424,0.10838973522186279,0.9654238224029541,0.10838973522186279,0.9654238224029541,0.0,0.0,True,False,inactive_raw_action,raw_action_safe,0,0,0,0,low_risk_verified_passthrough,0,0,0,False,False,False,False,False,False,False,False,True,0.8916965086193437,6.677805757373747,0.0,False,max_steps,,inf,,inf,inf,inf,inf,inf,inf,inf,inf,0.0,set(),False,False,,False,False,,0,True,,False,0,0,,inf,inf,inf,inf,False,False,inf,inf,0.0,False,False,1,-1,,False,False,0.0,19.796228494051512,inf,3.5429188427578597,0.0,,False,low_risk_verified,,False,False,0.0,inf,inf,inf,False,0.0,,,
6000,1007,1,425,425,-0.012440979480743408,0.8757815361022949,-0.012440979480743408,0.8757815361022949,0.0,0.0,True,False,inactive_raw_action,raw_action_safe,0,0,0,0,low_risk_verified_passthrough,0,0,0,False,False,False,False,False,False,False,False,True,0.8930730491077932,6.941033135660955,0.0,False,max_steps,,inf,,inf,inf,inf,inf,inf,inf,inf,inf,0.0,set(),False,False,,False,False,,0,True,,False,0,0,,inf,inf,inf,inf,False,False,inf,inf,0.08307844440387697,False,False,1,-1,,False,False,0.0,20.898745137305937,inf,3.5850035833468206,0.0,,False,low_risk_verified,,False,False,0.0,inf,inf,inf,False,0.0,,,
6000,1007,1,426,426,-0.019142210483551025,0.8142426013946533,-0.019142210483551025,0.8142426013946533,0.0,0.0,True,False,inactive_raw_action,raw_action_safe,0,0,0,0,low_risk_verified_passthrough,0,0,0,False,False,False,False,False,False,False,False,True,0.8945073427566292,7.187662527676675,0.0,False,max_steps,,inf,,inf,inf,inf,inf,inf,inf,inf,inf,0.0,set(),False,False,,False,False,,0,True,,False,0,0,,inf,inf,inf,inf,False,False,inf,inf,0.13286671725612417,False,False,1,-1,,False,False,0.0,22.023400908594017,inf,3.648290004691764,0.0,,False,low_risk_verified,,False,False,0.0,inf,inf,inf,False,0.0,,,
6000,1007,1,427,427,0.08107399940490723,0.8436288833618164,0.08107399940490723,0.8436288833618164,0.0,0.0,True,False,inactive_raw_action,raw_action_safe,0,0,0,0,low_risk_verified_passthrough,0,0,0,False,False,False,False,False,False,False,False,True,0.8959930724673101,7.432335842070656,0.0,False,max_steps,,inf,,inf,inf,inf,inf,inf,inf,inf,inf,0.0,set(),False,False,,False,False,,0,True,,False,0,0,,inf,inf,inf,inf,False,False,inf,inf,0.0,False,False,1,-1,,False,False,0.0,23.20033308659995,inf,3.680517538687679,0.0,,False,low_risk_verified,,False,False,0.0,inf,inf,inf,False,0.0,,,
6000,1007,1,428,428,0.10252940654754639,0.8091199398040771,0.10252940654754639,0.8091199398040771,0.0,0.0,True,False,inactive_raw_action,raw_action_safe,0,0,0,0,low_risk_verified_passthrough,0,0,0,False,False,False,False,False,False,False,False,True,0.8975288340048501,7.671288262482814,0.0,False,max_steps,,inf,,inf,inf,inf,inf,inf,inf,inf,inf,0.0,set(),False,False,,False,False,,0,True,,False,0,0,,inf,inf,inf,inf,False,False,inf,inf,0.0,False,False,1,-1,,False,False,0.0,24.453588182206342,inf,3.6525590089521294,0.0,,False,low_risk_verified,,False,False,0.0,inf,inf,inf,False,0.0,,,
6000,1007,1,429,429,0.13903510570526123,0.8474385738372803,0.13903510570526123,0.8474385738372803,0.0,0.0,True,False,inactive_raw_action,raw_action_safe,0,0,0,0,low_risk_verified_passthrough,0,0,0,False,False,False,False,False,False,False,False,True,0.8991137474454814,7.917526544180118,0.0,False,max_steps,,inf,,inf,inf,inf,inf,inf,inf,inf,inf,0.0,set(),False,False,,False,False,,0,True,,False,0,0,,inf,inf,inf,inf,False,False,inf,inf,0.0,False,False,1,-1,,False,False,0.0,25.650986670539574,inf,3.643968975324563,0.0,,False,low_risk_verified,,False,False,0.0,inf,inf,inf,False,0.0,,,
6000,1007,1,430,430,0.1479053497314453,0.8699092864990234,0.1479053497314453,0.8699092864990234,0.0,0.0,True,False,inactive_raw_action,raw_action_safe,0,0,0,0,low_risk_verified_passthrough,0,0,0,False,False,False,False,False,False,False,False,True,0.9007494698391987,8.174272463046334,0.0,False,max_steps,,inf,,inf,inf,inf,inf,inf,inf,inf,inf,0.0,set(),False,False,,False,False,,0,True,,False,0,0,,inf,inf,inf,inf,False,False,inf,inf,0.0,False,False,1,-1,,False,False,0.0,26.83635414581384,inf,3.6569896554042978,0.0,,False,low_risk_verified,,False,False,0.0,inf,inf,inf,False,0.0,,,
6000,1007,1,431,431,0.15035152435302734,0.8928838968276978,0.15035152435302734,0.8928838968276978,0.0,0.0,True,False,inactive_raw_action,raw_action_safe,0,0,0,0,low_risk_verified_passthrough,0,0,0,False,False,False,False,False,False,False,False,True,0.902437969776658,8.439501895207101,0.0,False,max_steps,,inf,,inf,inf,inf,inf,inf,inf,inf,inf,0.0,set(),False,False,,False,False,,0,True,,False,0,0,,inf,inf,inf,inf,False,False,inf,inf,0.0,False,False,1,-1,,False,False,0.0,28.042975663551687,inf,3.6672680907745367,0.0,,False,low_risk_verified,,False,False,0.0,inf,inf,inf,False,0.0,,,
6000,1007,1,432,432,0.13035845756530762,0.8895491361618042,0.13035845756530762,0.8895491361618042,0.0,0.0,True,False,inactive_raw_action,raw_action_safe,0,0,0,0,low_risk_verified_passthrough,0,0,0,False,False,False,False,False,False,False,False,True,0.9041805738820697,8.708839894394345,0.0,False,max_steps,,inf,,inf,inf,inf,inf,inf,inf,inf,inf,0.0,set(),False,False,,False,False,,0,True,,False,0,0,,inf,inf,inf,inf,False,False,inf,inf,0.0,False,False,1,-1,,False,False,0.0,29.289332341276726,inf,3.633220174544127,0.0,,False,low_risk_verified,,False,False,0.0,inf,inf,inf,False,0.0,,,
6000,1007,1,433,433,0.07314050197601318,0.8477742671966553,0.07314050197601318,0.8477742671966553,0.0,0.0,True,False,inactive_raw_action,raw_action_safe,0,0,0,0,low_risk_verified_passthrough,0,0,0,False,False,False,False,False,False,False,False,True,0.9059765848941838,8.97031090763179,0.0,False,max_steps,,inf,,inf,inf,inf,inf,inf,inf,inf,inf,0.0,set(),False,False,,False,False,,0,True,,False,0,0,,inf,inf,inf,inf,False,False,inf,inf,0.0,False,False,1,-1,,False,False,0.0,30.463706436847932,inf,3.6254255160133178,0.0,,False,low_risk_verified,,False,False,0.0,inf,inf,inf,False,0.0,,,
6000,1007,1,434,434,0.06522691249847412,0.8004753589630127,0.06522691249847412,0.8004753589630127,0.0,0.0,True,False,inactive_raw_action,raw_action_safe,0,0,0,0,low_risk_verified_passthrough,0,0,0,False,False,False,False,False,False,False,False,True,0.9078212189157173,9.214062676116383,0.0,False,max_steps,,inf,,inf,inf,inf,inf,inf,inf,inf,inf,0.0,set(),False,False,,False,False,,0,True,,False,0,0,,inf,inf,inf,inf,False,False,inf,inf,0.0,False,False,1,-1,,False,False,0.0,31.64334607984154,inf,3.6363156791635984,0.0,,False,low_risk_verified,,False,False,0.0,inf,inf,inf,False,0.0,,,
6000,1007,1,435,435,0.1389005184173584,0.765561580657959,0.1389005184173584,0.765561580657959,0.0,0.0,True,False,inactive_raw_action,raw_action_safe,0,0,0,0,low_risk_verified_passthrough,0,0,0,False,False,False,False,False,False,False,False,True,0.9097081935701107,9.424010911216346,0.0,False,max_steps,,inf,,inf,inf,inf,inf,inf,inf,inf,inf,0.0,set(),False,False,,False,False,,0,True,,False,0,0,,inf,inf,inf,inf,False,False,inf,inf,0.0,False,False,1,-1,,False,False,0.0,32.90142943486843,inf,3.5738703853648484,0.0,,False,low_risk_verified,,False,False,0.0,inf,inf,inf,False,0.0,,,
6000,1007,1,436,436,0.16581523418426514,0.7371294498443604,0.16581523418426514,0.7371294498443604,0.0,0.0,True,False,inactive_raw_action,raw_action_safe,0,0,0,0,low_risk_verified_passthrough,0,0,0,False,False,False,False,False,False,False,False,True,0.9116342132407115,9.628942303717528,0.0,False,max_steps,,inf,,inf,inf,inf,inf,inf,inf,inf,inf,0.0,set(),False,False,,False,False,,0,True,,False,0,0,,inf,inf,inf,inf,False,False,inf,inf,0.0,False,False,1,-1,,False,False,0.0,34.100149809779914,inf,3.504043502760878,0.0,,False,low_risk_verified,,False,False,0.0,inf,inf,inf,False,0.0,,,
6000,1007,1,437,437,0.1645045280456543,0.7626991271972656,0.1645045280456543,0.7626991271972656,0.0,0.0,True,False,inactive_raw_action,raw_action_safe,0,0,0,0,low_risk_verified_passthrough,0,0,0,False,False,False,False,False,False,False,False,True,0.9135993277217584,9.850159054331868,0.0,False,max_steps,,inf,,inf,inf,inf,inf,inf,inf,inf,inf,0.0,set(),False,False,,False,False,,0,True,,False,0,0,,inf,inf,inf,inf,False,False,inf,inf,0.0,False,False,1,-1,,False,False,0.0,35.278078103289666,inf,3.473074539528858,0.0,,False,low_risk_verified,,False,False,0.0,inf,inf,inf,False,0.0,,,
6000,1007,1,438,438,0.19405174255371094,0.7930724620819092,0.19405174255371094,0.7930724620819092,0.0,0.0,True,False,inactive_raw_action,raw_action_safe,0,0,0,0,low_risk_verified_passthrough,0,0,0,False,False,False,False,False,False,False,False,True,0.9156055468780977,10.068562868648984,0.0,False,max_steps,,inf,,inf,inf,inf,inf,inf,inf,inf,inf,0.0,set(),False,False,,False,False,,0,True,,False,0,0,,inf,inf,inf,inf,False,False,inf,inf,0.0,False,False,1,-1,,False,False,0.0,36.44153122033648,inf,3.4329475336461948,0.0,,False,low_risk_verified,,False,False,0.0,inf,inf,inf,False,0.0,,,
6000,1007,1,439,439,0.16503942012786865,0.7968753576278687,0.16503942012786865,0.7968753576278687,0.0,0.0,True,False,inactive_raw_action,raw_action_safe,0,0,0,0,low_risk_verified_passthrough,0,0,0,False,False,False,False,False,False,False,False,True,0.9176546743487946,10.306340569811159,0.0,False,max_steps,,inf,,inf,inf,inf,inf,inf,inf,inf,inf,0.0,set(),False,False,,False,False,,0,True,,False,0,0,,inf,inf,inf,inf,False,False,inf,inf,0.0,False,False,1,-1,,False,False,0.0,37.634891120259894,inf,3.389481622842767,0.0,,False,low_risk_verified,,False,False,0.0,inf,inf,inf,False,0.0,,,
6000,1007,1,440,440,0.10007965564727783,0.7511677742004395,0.10007965564727783,0.7511677742004395,0.0,0.0,True,False,inactive_raw_action,raw_action_safe,0,0,0,0,low_risk_verified_passthrough,0,0,0,False,False,False,False,False,False,False,False,True,0.9197477979315797,10.54076540805568,0.0,False,max_steps,,inf,,inf,inf,inf,inf,inf,inf,inf,inf,0.0,set(),False,False,,False,False,,0,True,,False,0,0,,inf,inf,inf,inf,False,False,inf,inf,0.0,False,False,1,-1,,False,False,0.0,38.82039060032977,inf,3.371354322017065,0.0,,False,low_risk_verified,,False,False,0.0,inf,inf,inf,False,0.0,,,
6000,1007,1,441,441,-0.07253128290176392,0.9074468612670898,-0.07253128290176392,0.9074468612670898,0.0,0.0,True,False,inactive_raw_action,raw_action_safe,0,0,0,0,low_risk_verified_passthrough,0,0,0,False,False,False,False,False,False,False,False,True,0.9222925653366466,10.752822951546545,0.0,False,max_steps,,inf,,inf,inf,inf,inf,inf,inf,inf,inf,0.0,set(),False,False,,False,False,,0,True,,False,0,0,,inf,inf,inf,inf,False,False,inf,inf,0.7645352378128135,False,False,1,-1,,False,False,0.0,40.01079824527664,inf,3.37431452709519,0.0,,False,low_risk_verified,,False,False,0.0,inf,inf,inf,False,0.0,,,
6000,1007,1,442,442,-0.16262930631637573,0.8707475662231445,-0.16262930631637573,0.8707475662231445,0.0,0.0,True,False,inactive_raw_action,raw_action_safe,0,0,0,0,low_risk_verified_passthrough,0,0,0,False,False,False,False,False,False,False,False,True,0.9248867271176983,10.929424440916996,0.0,False,max_steps,,inf,,inf,inf,inf,inf,inf,inf,inf,inf,0.0,set(),False,False,,False,False,,0,True,,False,0,0,,inf,inf,inf,inf,False,False,inf,inf,1.7487241375528184,False,False,1,-1,,False,False,0.0,41.20621428128232,inf,3.390519361079565,0.0,,False,low_risk_verified,,False,False,0.0,inf,inf,inf,False,0.0,,,
6000,1007,1,443,443,-0.16873735189437866,0.7671576738357544,-0.16873735189437866,0.7671576738357544,0.0,0.0,True,False,inactive_raw_action,raw_action_safe,0,0,0,0,low_risk_verified_passthrough,0,0,0,False,False,False,False,False,False,False,False,True,0.927521750225301,11.129273046386565,0.0,False,max_steps,,inf,,inf,inf,inf,inf,inf,inf,inf,inf,0.0,set(),False,False,,False,False,,0,True,,False,0,0,,inf,inf,inf,inf,False,False,inf,inf,1.844202137890034,False,False,1,-1,,False,False,0.0,42.44211116807757,inf,3.378556470454565,0.0,,False,low_risk_verified,,False,False,0.0,inf,inf,inf,False,0.0,,,
6000,1007,1,444,444,-0.015332341194152832,0.8810688257217407,-0.015332341194152832,0.8810688257217407,0.0,0.0,True,False,inactive_raw_action,raw_action_safe,0,0,0,0,low_risk_verified_passthrough,0,0,0,False,False,False,False,False,False,False,False,True,0.9302018529878193,11.385768690387035,0.0,False,max_steps,,inf,,inf,inf,inf,inf,inf,inf,inf,inf,0.0,set(),False,False,,False,False,,0,True,,False,0,0,,inf,inf,inf,inf,False,False,inf,inf,0.1706378115900875,False,False,1,-1,,False,False,0.0,43.739816445179734,inf,3.319108228267065,0.0,,False,low_risk_verified,,False,False,0.0,inf,inf,inf,False,0.0,,,
6000,1007,1,445,445,0.05924415588378906,0.8811450004577637,0.05924415588378906,0.8811450004577637,0.0,0.0,True,False,inactive_raw_action,raw_action_safe,0,0,0,0,low_risk_verified_passthrough,0,0,0,False,False,False,False,False,False,False,False,True,0.9329444457637802,11.63277906960704,0.0,False,max_steps,,inf,,inf,inf,inf,inf,inf,inf,inf,inf,0.0,set(),False,False,,False,False,,0,True,,False,0,0,,inf,inf,inf,inf,False,False,inf,inf,0.0,False,False,1,-1,,False,False,0.0,45.09355296787586,inf,3.22300837475144,0.0,,False,low_risk_verified,,False,False,0.0,inf,inf,inf,False,0.0,,,
6000,1007,1,446,446,0.08481252193450928,0.725523829460144,0.08481252193450928,0.725523829460144,0.0,0.0,True,False,inactive_raw_action,raw_action_safe,0,0,0,0,low_risk_verified_passthrough,0,0,0,False,False,False,False,False,False,False,False,True,0.9357488767548945,11.842711396230673,0.0,False,max_steps,,inf,,inf,inf,inf,inf,inf,inf,inf,inf,0.0,set(),False,False,,False,False,,0,True,,False,0,0,,inf,inf,inf,inf,False,False,inf,inf,0.0,False,False,1,-1,,False,False,0.0,46.45931235741125,inf,3.134782056392065,0.0,,False,low_risk_verified,,False,False,0.0,inf,inf,inf,False,0.0,,,
6000,1007,1,447,447,0.0774911642074585,0.6571485996246338,0.0774911642074585,0.6571485996246338,0.0,0.0,True,False,inactive_raw_action,raw_action_safe,0,0,0,0,low_risk_verified_passthrough,0,0,0,False,False,False,False,False,False,False,False,True,0.9386066358623725,12.03911729141222,0.0,False,max_steps,,inf,,inf,inf,inf,inf,inf,inf,inf,inf,0.0,set(),False,False,,False,False,,0,True,,False,0,0,,inf,inf,inf,inf,False,False,inf,inf,0.0,False,False,1,-1,,False,False,0.0,47.82069615255174,inf,3.06944392162644,0.0,,False,low_risk_verified,,False,False,0.0,inf,inf,inf,False,0.0,,,
6000,1007,1,448,448,0.041818857192993164,0.6513969898223877,0.041818857192993164,0.6513969898223877,0.0,0.0,True,False,inactive_raw_action,raw_action_safe,0,0,0,0,low_risk_verified_passthrough,0,0,0,False,False,False,False,False,False,False,False,True,0.9415132890217964,12.238434831377742,0.0,False,max_steps,,inf,,inf,inf,inf,inf,inf,inf,inf,inf,0.0,set(),False,False,,False,False,,0,True,,False,0,0,,inf,inf,inf,inf,False,False,inf,inf,0.0,False,False,1,-1,,False,False,0.0,49.175411163520415,inf,3.031266431392065,0.0,,False,low_risk_verified,,False,False,0.0,inf,inf,inf,False,0.0,,,
6000,1007,1,449,449,-0.008054971694946289,0.5721439123153687,-0.008054971694946289,0.5721439123153687,0.0,0.0,True,False,inactive_raw_action,raw_action_safe,0,0,0,0,low_risk_verified_passthrough,0,0,0,False,False,False,False,False,False,False,False,True,0.9444664677267068,12.411046584588593,0.0,False,max_steps,,inf,,inf,inf,inf,inf,inf,inf,inf,inf,0.0,set(),False,False,,False,False,,0,True,,False,0,0,,inf,inf,inf,inf,False,False,inf,inf,0.09858024615719246,False,False,1,-1,,False,False,0.0,50.4841915262098,inf,3.01451228100144,0.0,,False,low_risk_verified,,False,False,0.0,inf,inf,inf,False,0.0,,,
6000,1007,1,450,450,-0.04741191864013672,0.3600795269012451,-0.04741191864013672,0.3600795269012451,0.0,0.0,True,False,inactive_raw_action,raw_action_safe,0,0,0,0,low_risk_verified_passthrough,0,0,0,False,False,False,False,False,False,False,False,True,0.9474570927023435,12.5145964480425,0.0,False,max_steps,,inf,,inf,inf,inf,inf,inf,inf,inf,inf,0.0,set(),False,False,,False,False,,0,True,,False,0,0,,inf,inf,inf,inf,False,False,inf,inf,0.5884315309074611,False,False,1,-1,,False,False,0.0,51.84217317058229,inf,3.00584528881394,0.0,,False,low_risk_verified,,False,False,0.0,inf,inf,inf,False,0.0,,,
6000,1007,1,451,451,-0.05918246507644653,0.0969388484954834,-0.05918246507644653,0.0969388484954834,0.0,0.0,True,False,inactive_raw_action,raw_action_safe,0,0,0,0,low_risk_verified_passthrough,0,0,0,False,False,False,False,False,False,False,False,True,0.9504677949013381,12.539656444549179,0.0,False,max_steps,,inf,,inf,inf,inf,inf,inf,inf,inf,inf,0.0,{'ROAD_LINE_BROKEN_SINGLE_WHITE'},False,False,,False,False,,0,True,,False,0,0,,inf,inf,inf,inf,False,False,inf,inf,0.7406446672320971,False,False,1,-1,,False,False,0.0,53.17683423840505,inf,2.98881648022019,0.0,,False,low_risk_verified,,False,False,0.0,inf,inf,inf,False,0.0,,,
6000,1007,1,452,452,0.0025635957717895508,0.09521567821502686,0.0025635957717895508,0.09521567821502686,0.0,0.0,True,False,inactive_raw_action,raw_action_safe,0,0,0,0,low_risk_verified_passthrough,0,0,0,False,False,False,False,False,False,False,False,True,0.953484326563905,12.567632643630953,0.0,False,max_steps,,inf,,inf,inf,inf,inf,inf,inf,inf,inf,0.0,{'ROAD_LINE_BROKEN_SINGLE_WHITE'},False,False,,False,False,,0,True,,False,0,0,,inf,inf,inf,inf,False,False,inf,inf,0.0,False,False,1,-1,,False,False,0.0,54.5510597367027,inf,2.951859693110815,0.0,,False,low_risk_verified,,False,False,0.0,inf,inf,inf,False,0.0,,,
6000,1007,1,453,453,0.0470738410949707,0.05385744571685791,0.0470738410949707,0.05385744571685791,0.0,0.0,True,False,inactive_raw_action,raw_action_safe,0,0,0,0,low_risk_verified_passthrough,0,0,0,False,False,False,False,False,False,False,False,True,0.9565071742436967,12.57751262348291,0.0,False,max_steps,,inf,,inf,inf,inf,inf,inf,inf,inf,inf,0.0,{'ROAD_LINE_BROKEN_SINGLE_WHITE'},False,False,,False,False,,0,True,,False,0,0,,inf,inf,inf,inf,False,False,inf,inf,0.0,False,False,1,-1,,False,False,0.0,55.9501451021324,inf,2.901017407954565,0.0,,False,low_risk_verified,,False,False,0.0,inf,inf,inf,False,0.0,,,
6000,1007,1,454,454,0.03815722465515137,-0.13892138004302979,0.03815722465515137,-0.13892138004302979,0.0,0.0,True,False,inactive_raw_action,raw_action_safe,0,0,0,0,low_risk_verified_passthrough,0,0,0,False,False,False,False,False,False,False,False,True,0.9595090909361739,12.15879316610082,0.0,False,max_steps,,inf,,inf,inf,inf,inf,inf,inf,inf,inf,0.0,{'ROAD_LINE_BROKEN_SINGLE_WHITE'},False,False,,False,False,,0,True,,False,0,0,,inf,inf,inf,inf,False,False,inf,inf,0.0,False,False,1,-1,,False,False,0.0,57.261771207262406,inf,2.858781079829565,0.0,,False,low_risk_verified,,False,False,0.0,inf,inf,inf,False,0.0,,,
6000,1007,1,455,455,0.041747093200683594,-0.07131469249725342,0.041747093200683594,-0.07131469249725342,0.0,0.0,True,False,inactive_raw_action,raw_action,0,0,10,10,raw_action_safe_or_candidate_not_better,0,0,0,False,False,False,False,False,False,False,False,True,0.9624265951600739,11.94305180459232,0.0,False,max_steps,,inf,,inf,inf,inf,inf,inf,1.8337871833451902,inf,inf,0.0,{'ROAD_LINE_BROKEN_SINGLE_WHITE'},False,False,,False,False,,0,False,object_list_uncertain,False,0,0,,inf,inf,inf,inf,False,False,inf,inf,0.0,False,False,1,0,,False,False,0.0,inf,inf,2.83378718334519,0.0,,False,raw_action_safe_or_candidate_not_better,candidate_not_better,False,False,0.0,inf,inf,2.853463109271116,False,0.6477599605964883,,,
6000,1007,1,456,456,0.012708544731140137,-0.048211872577667236,0.012708544731140137,-0.048211872577667236,0.0,0.0,True,False,inactive_raw_action,raw_action,0,0,10,10,raw_action_safe_or_candidate_not_better,0,0,0,False,False,False,False,False,False,False,False,True,0.9652944709114206,11.79846175841038,0.0,False,max_steps,,inf,,inf,inf,inf,inf,inf,1.8238384528764402,inf,inf,0.0,{'ROAD_LINE_BROKEN_SINGLE_WHITE'},False,False,,False,False,,0,False,object_list_uncertain,False,0,0,,inf,inf,inf,inf,False,False,inf,inf,0.0,False,False,1,0,,False,False,0.0,inf,inf,2.82383845287644,0.0,,False,raw_action_safe_or_candidate_not_better,candidate_not_better,False,False,0.0,inf,inf,2.843514378802366,False,-0.4805557641889706,,,
6000,1007,1,457,457,-0.0224878191947937,-0.0723230242729187,-0.0224878191947937,-0.0723230242729187,0.0,0.0,True,False,inactive_raw_action,raw_action,0,0,10,10,raw_action_safe_or_candidate_not_better,0,0,0,False,False,False,False,False,False,False,False,True,0.9681224584435212,11.578873718416855,0.0,False,max_steps,,inf,,inf,inf,inf,inf,inf,1.8258220954545652,inf,inf,0.0,{'ROAD_LINE_BROKEN_SINGLE_WHITE'},False,False,,False,False,,0,False,object_list_uncertain,False,0,0,,inf,inf,inf,inf,False,False,inf,inf,0.2653216747998204,False,False,1,0,,False,False,0.0,inf,inf,2.825822095454565,0.0,,False,raw_action_safe_or_candidate_not_better,candidate_not_better,False,False,0.0,inf,inf,2.845498021380491,False,0.6880108430719574,,,
6000,1007,1,458,458,-0.046740949153900146,-0.14941871166229248,-0.046740949153900146,-0.14941871166229248,0.0,0.0,True,False,inactive_raw_action,raw_action,0,0,10,10,raw_action_safe_or_candidate_not_better,0,0,0,False,False,False,False,False,False,False,False,True,0.9708846969707333,11.125823410870357,0.0,False,max_steps,,inf,,inf,inf,inf,inf,inf,1.8272259040483152,inf,inf,0.0,{'ROAD_LINE_BROKEN_SINGLE_WHITE'},False,False,,False,False,,0,False,object_list_uncertain,False,0,0,,inf,inf,inf,inf,False,False,inf,inf,0.5412075477319529,False,False,1,0,,False,False,0.0,inf,inf,2.827225904048315,0.0,,False,raw_action_safe_or_candidate_not_better,candidate_not_better,False,False,0.0,inf,inf,2.846901829974241,False,4.421889610889103,,,
6000,1007,1,459,459,-0.03665870428085327,-0.10085707902908325,-0.03665870428085327,-0.10085707902908325,0.0,0.0,True,False,inactive_raw_action,raw_action,0,0,10,10,raw_action_safe_or_candidate_not_better,0,0,0,False,False,False,False,False,False,False,False,True,0.9735483854326734,10.822169133204367,0.0,False,max_steps,,inf,,inf,inf,inf,inf,inf,1.8173076911576902,inf,inf,0.0,{'ROAD_LINE_BROKEN_SINGLE_WHITE'},False,False,,False,False,,0,False,object_list_uncertain,False,0,0,,inf,inf,inf,inf,False,False,inf,inf,0.4078582703000907,False,False,1,0,,False,False,0.0,inf,inf,2.81730769115769,0.0,,False,raw_action_safe_or_candidate_not_better,candidate_not_better,False,False,0.0,inf,inf,2.836983617083616,False,2.0602432250601197,,,
6000,1007,1,460,460,-0.0119437575340271,-0.013504207134246826,-0.0119437575340271,-0.013504207134246826,0.0,0.0,True,False,inactive_raw_action,raw_action,0,0,10,10,raw_action_safe_or_candidate_not_better,0,0,0,False,False,False,False,False,False,False,False,True,0.9761523471387067,10.781886404500275,0.0,False,max_steps,,inf,,inf,inf,inf,inf,inf,1.7937786384233152,inf,inf,0.0,{'ROAD_LINE_BROKEN_SINGLE_WHITE'},False,False,,False,False,,0,False,object_list_uncertain,False,0,0,,inf,inf,inf,inf,False,False,inf,inf,0.1292573641192252,False,False,1,0,,False,False,0.0,inf,inf,2.793778638423315,0.0,,False,raw_action_safe_or_candidate_not_better,candidate_not_better,False,False,0.0,inf,inf,2.813454564349241,False,-2.8347806427811904,,,
6000,1007,1,461,461,0.008145451545715332,-0.017765700817108154,0.008145451545715332,-0.017765700817108154,0.0,0.0,True,False,inactive_raw_action,raw_action,0,0,10,10,raw_action_safe_or_candidate_not_better,0,0,0,False,False,False,False,False,False,False,False,True,0.9787432545184414,10.728021343633554,0.0,False,max_steps,,inf,,inf,inf,inf,inf,inf,1.7631389899858152,inf,inf,0.0,{'ROAD_LINE_BROKEN_SINGLE_WHITE'},False,False,,False,False,,0,False,object_list_uncertain,False,0,0,,inf,inf,inf,inf,False,False,inf,inf,0.0,False,False,1,0,,False,False,0.0,inf,inf,2.763138989985815,0.0,,False,raw_action_safe_or_candidate_not_better,candidate_not_better,False,False,0.0,inf,inf,2.782814915911741,False,-2.861476438575224,,,
6000,1007,1,462,462,0.015109658241271973,-0.09202474355697632,0.015109658241271973,-0.09202474355697632,0.0,0.0,True,False,inactive_raw_action,raw_action,0,0,10,10,raw_action_safe_or_candidate_not_better,0,0,0,False,False,False,False,False,False,False,False,True,0.9813086866833525,10.450857389153462,0.0,False,max_steps,,inf,,inf,inf,inf,inf,inf,1.7322857185014402,inf,inf,0.0,{'ROAD_LINE_BROKEN_SINGLE_WHITE'},False,False,,False,False,,0,False,object_list_uncertain,False,0,0,,inf,inf,inf,inf,False,False,inf,inf,0.0,False,False,1,0,,False,False,0.0,inf,inf,2.73228571850144,0.0,,False,raw_action_safe_or_candidate_not_better,candidate_not_better,False,False,0.0,inf,inf,2.751961644427366,False,1.54566670998598,,,
6000,1007,1,463,463,0.015980243682861328,-0.12415468692779541,0.015980243682861328,-0.12415468692779541,0.0,0.0,True,False,inactive_raw_action,raw_action,0,0,10,10,raw_action_safe_or_candidate_not_better,0,0,0,False,False,False,False,False,False,False,False,True,0.9838042662682306,10.077267830211142,0.0,False,max_steps,,inf,,inf,inf,inf,inf,inf,1.7053692145951902,inf,inf,0.0,{'ROAD_LINE_BROKEN_SINGLE_WHITE'},False,False,,False,False,,0,False,object_list_uncertain,False,0,0,,inf,inf,inf,inf,False,False,inf,inf,0.0,False,False,1,0,,False,False,0.0,inf,inf,2.70536921459519,0.0,,False,raw_action_safe_or_candidate_not_better,candidate_not_better,False,False,0.0,inf,inf,2.725045140521116,False,3.073146369428841,,,
6000,1007,1,464,464,0.014180898666381836,-0.08773285150527954,0.014180898666381836,-0.08773285150527954,0.0,0.0,True,False,inactive_raw_action,raw_action,0,0,10,10,raw_action_safe_or_candidate_not_better,0,0,0,False,False,False,False,False,False,False,False,True,0.986217388779399,9.813348612362738,0.0,False,max_steps,,inf,,inf,inf,inf,inf,inf,1.6833965583451902,inf,inf,0.0,{'ROAD_LINE_BROKEN_SINGLE_WHITE'},False,False,,False,False,,0,False,object_list_uncertain,False,0,0,,inf,inf,inf,inf,False,False,inf,inf,0.0,False,False,1,0,,False,False,0.0,inf,inf,2.68339655834519,0.0,,False,raw_action_safe_or_candidate_not_better,candidate_not_better,False,False,0.0,inf,inf,2.703072484271116,False,1.2857167255182347,,,
6000,1007,1,465,465,0.006216168403625488,-0.06054288148880005,0.006216168403625488,-0.06054288148880005,0.0,0.0,True,False,inactive_raw_action,raw_action,0,0,10,10,raw_action_safe_or_candidate_not_better,0,0,0,False,False,False,False,False,False,False,False,True,0.9885707937149183,9.631296845204597,0.0,True,arrive_dest,,inf,,inf,inf,inf,inf,inf,1.6661236091264402,inf,inf,0.0,{'ROAD_LINE_BROKEN_SINGLE_WHITE'},False,False,,False,False,,0,False,object_list_uncertain,False,0,0,,inf,inf,inf,inf,False,False,inf,inf,0.0,False,False,1,0,,False,False,0.0,inf,inf,2.66612360912644,0.0,,False,raw_action_safe_or_candidate_not_better,candidate_not_better,False,False,0.0,inf,inf,2.685799535052366,False,-0.05030294820796399,,,
