ckpt_index,env_id,episode,step,global_step,raw_action_steer,raw_action_throttle,safe_action_steer,safe_action_throttle,action_delta_steer,action_delta_throttle,filter_enabled,filter_intervened,recovery_mode,selected_candidate_type,selected_lateral_target,selected_speed_target,num_candidates,num_hard_safe_candidates,fallback_reason,cost,step_cost,episode_cost_so_far,crash,crash_vehicle,crash_object,crash_sidewalk,crash_building,crash_human,out_of_road,out_of_route,on_lane,route_completion,velocity,reward,done,done_reason,front_blocking_object_type,front_blocking_object_distance,front_blocking_object_reason,front_blocking_is_dynamic_vehicle,nearest_object_type,nearest_object_distance,nearest_traffic_object_distance,front_traffic_object_distance,min_vehicle_margin,min_static_margin,min_boundary_margin,rss_longitudinal_margin,rss_lateral_margin,rss_risk_score,contact_results,actual_action_modified,hard_risk,hard_risk_reason,hard_recovery_moving_bypass,hard_recovery_entered_safety_hold,hard_bypass_side,hard_bypass_remaining,low_risk_gate_passed,low_risk_gate_rejected_reason,safety_hold_active,safety_hold_remaining,recent_contact_steps,nearest_static_object_type,nearest_static_object_distance,nearest_static_forward_distance,nearest_static_lateral_gap,front_static_blocking_distance,static_distance_immediate_risk,deadlock_escape_candidate,ttc_vehicle_min,ttc_static_min,boundary_closing_rate,pre_contact_intervention,post_contact_intervention,first_risk_detected_step,risk_to_intervention_delay,intervention_to_first_cost_delay,raw_predicted_collision,raw_predicted_out_of_road,raw_predicted_cost_risk,raw_min_vehicle_margin,raw_min_static_margin,raw_min_boundary_margin,raw_deadlock_risk,raw_failure_reason,allow_intervention,intervention_reason,intervention_rejected_reason,candidate_predicted_collision,candidate_predicted_out_of_road,candidate_predicted_cost_risk,candidate_min_vehicle_margin,candidate_min_static_margin,candidate_min_boundary_margin,vehicle_margin_worse,intervention_score_gain,exception_type,exception_message,exception_traceback
6000,1007,1,1,1,0.3136148452758789,0.9896540641784668,0.2855303883552551,0.30000001192092896,-0.02808445692062378,-0.6896540522575378,True,True,pre_contact_emergency,pre_contact_boundary_recovery,0,0,0,0,boundary_margin_low,0,0,0,False,False,False,False,False,False,False,False,True,0.012037967357630163,0.09067976015612628,0.0,False,max_steps,,inf,,False,,inf,inf,inf,inf,inf,inf,inf,inf,0.0,set(),True,True,boundary_margin,False,False,,0,False,,False,0,0,,inf,inf,inf,inf,False,False,inf,inf,0.0,True,False,1,0,,False,False,4.656,inf,inf,0.22399999999999998,0.0,,True,boundary_margin_low,,False,False,0.0,inf,inf,inf,False,0.0,,,
6000,1007,1,2,2,0.32694029808044434,0.9922659397125244,0.2948582172393799,0.30000001192092896,-0.03208208084106445,-0.6922659277915955,True,True,pre_contact_emergency,pre_contact_boundary_recovery,0,0,0,0,boundary_margin_low,0,0,0,False,False,False,False,False,False,False,False,True,0.012064057649712415,0.1812190064185801,0.0,False,max_steps,,inf,,False,,inf,inf,inf,inf,inf,inf,inf,inf,0.0,set(),True,True,boundary_margin,False,False,,0,False,,False,0,0,,inf,inf,inf,inf,False,False,inf,inf,0.0,True,False,1,0,,False,False,4.654880996019579,inf,inf,0.2241865006634034,0.0,,True,boundary_margin_low,,False,False,0.0,inf,inf,inf,False,0.0,,,
6000,1007,1,3,3,0.3276252746582031,0.9920477867126465,0.2953377068042755,0.30000001192092896,-0.03228756785392761,-0.6920477747917175,True,True,pre_contact_emergency,pre_contact_boundary_recovery,0,0,0,0,boundary_margin_low,0,0,0,False,False,False,False,False,False,False,False,True,0.012111776628686217,0.2711860319295586,0.0,False,max_steps,,inf,,False,,inf,inf,inf,inf,inf,inf,inf,inf,0.0,set(),True,True,boundary_margin,False,False,,0,False,,False,0,0,,inf,inf,inf,inf,False,False,inf,inf,0.0,True,False,1,0,,False,False,4.649446081643924,inf,inf,0.22509231972601262,0.0,,True,boundary_margin_low,,False,False,0.0,inf,inf,inf,False,0.0,,,
6000,1007,1,4,4,0.3258793354034424,0.9918429851531982,0.2941155433654785,0.30000001192092896,-0.03176379203796387,-0.6918429732322693,True,True,pre_contact_emergency,pre_contact_boundary_recovery,0,0,0,0,boundary_margin_low,0,0,0,False,False,False,False,False,False,False,False,True,0.012180861509677942,0.3610072964305191,0.0,False,max_steps,,inf,,False,,inf,inf,inf,inf,inf,inf,inf,inf,0.0,set(),True,True,boundary_margin,False,False,,0,False,,False,0,0,,inf,inf,inf,inf,False,False,inf,inf,0.0,True,False,1,0,,False,False,4.637733842287212,inf,inf,0.22704435961879788,0.0,,True,boundary_margin_low,,False,False,0.0,inf,inf,inf,False,0.0,,,
6000,1007,1,5,5,0.3219670057296753,0.9916739463806152,0.29137691855430603,0.30000001192092896,-0.030590087175369263,-0.6916739344596863,True,True,pre_contact_emergency,pre_contact_boundary_recovery,0,0,0,0,boundary_margin_low,0,0,0,False,False,False,False,False,False,False,False,True,0.012271326063073977,0.4511600697629002,0.0,False,max_steps,,inf,,False,,inf,inf,inf,inf,inf,inf,inf,inf,0.0,set(),True,True,boundary_margin,False,False,,0,False,,False,0,0,,inf,inf,inf,inf,False,False,inf,inf,0.0,True,False,1,0,,False,False,4.617024334654212,inf,inf,0.23049594422429798,0.0,,True,boundary_margin_low,,False,False,0.0,inf,inf,inf,False,0.0,,,
6000,1007,1,6,6,0.3162827491760254,0.9914891719818115,0.28739792108535767,0.30000001192092896,-0.028884828090667725,-0.6914891600608826,True,True,pre_contact_emergency,pre_contact_boundary_recovery,0,0,0,0,boundary_margin_low,0,0,0,False,False,False,False,False,False,False,False,True,0.012383318320528029,0.5414839436364932,0.0,False,max_steps,,inf,,False,,inf,inf,inf,inf,inf,inf,inf,inf,0.0,set(),True,True,boundary_margin,False,False,,0,False,,False,0,0,,inf,inf,inf,inf,False,False,inf,inf,0.0,True,False,1,0,,False,False,4.58787379091978,inf,inf,0.23535436818003652,0.0,,True,boundary_margin_low,,False,False,0.0,inf,inf,inf,False,0.0,,,
6000,1007,1,7,7,0.30944299697875977,0.9912519454956055,0.28261008858680725,0.30000001192092896,-0.026832908391952515,-0.6912519335746765,True,True,pre_contact_emergency,pre_contact_boundary_recovery,0,0,0,0,boundary_margin_low,0,0,0,False,False,False,False,False,False,False,False,True,0.012516875003070473,0.631842558153012,0.0,False,max_steps,,inf,,False,,inf,inf,inf,inf,inf,inf,inf,inf,0.0,set(),True,True,boundary_margin,False,False,,0,False,,False,0,0,,inf,inf,inf,inf,False,False,inf,inf,0.0,True,False,1,0,,False,False,4.551765345543623,inf,inf,0.24137244240939615,0.0,,True,boundary_margin_low,,False,False,0.0,inf,inf,inf,False,0.0,,,
6000,1007,1,8,8,0.3014882802963257,0.9909777641296387,0.27704179286956787,0.30000001192092896,-0.024446487426757812,-0.6909777522087097,True,True,pre_contact_emergency,pre_contact_boundary_recovery,0,0,0,0,boundary_margin_low,0,0,0,False,False,False,False,False,False,False,False,True,0.012671972012525125,0.7222275159604377,0.0,False,max_steps,,inf,,False,,inf,inf,inf,inf,inf,inf,inf,inf,0.0,set(),True,True,boundary_margin,False,False,,0,False,,False,0,0,,inf,inf,inf,inf,False,False,inf,inf,0.0,True,False,1,0,,False,False,4.508802816778421,inf,inf,0.24853286387026308,0.0,,True,boundary_margin_low,,False,False,0.0,inf,inf,inf,False,0.0,,,
6000,1007,1,9,9,0.2923380136489868,0.9906768798828125,0.2706366181373596,0.30000001192092896,-0.021701395511627197,-0.6906768679618835,True,True,pre_contact_emergency,pre_contact_boundary_recovery,0,0,0,0,boundary_margin_low,0,0,0,False,False,False,False,False,False,False,False,True,0.012848586398248,0.8126597549451651,0.0,False,max_steps,,inf,,False,,inf,inf,inf,inf,inf,inf,inf,inf,0.0,set(),True,True,boundary_margin,False,False,,0,False,,False,0,0,,inf,inf,inf,inf,False,False,inf,inf,0.0,True,False,1,0,,False,False,4.458381947636604,inf,inf,0.2569363420605659,0.0,,True,boundary_margin_low,,False,False,0.0,inf,inf,inf,False,0.0,,,
6000,1007,1,10,10,0.2819807529449463,0.9903476238250732,0.2633865177631378,0.30000001192092896,-0.01859423518180847,-0.6903476119041443,True,True,pre_contact_emergency,pre_contact_boundary_recovery,0,0,0,0,boundary_margin_low,0,0,0,False,False,False,False,False,False,False,False,True,0.01304669750465951,0.903168527744795,0.0,False,max_steps,,inf,,False,,inf,inf,inf,inf,inf,inf,inf,inf,0.0,set(),True,True,boundary_margin,False,False,,0,False,,False,0,0,,inf,inf,inf,inf,False,False,inf,inf,0.0,True,False,1,0,,False,False,4.399882678449154,inf,inf,0.2666862202584743,0.0,,True,boundary_margin_low,,False,False,0.0,inf,inf,inf,False,0.0,,,
6000,1007,1,11,11,0.2704874277114868,0.9899846315383911,0.25534120202064514,0.30000001192092896,-0.015146225690841675,-0.6899846196174622,True,True,pre_contact_emergency,pre_contact_boundary_recovery,0,0,0,0,boundary_margin_low,0,0,0,False,False,False,False,False,False,False,False,True,0.01326630074163086,0.9937765977451231,0.0,False,max_steps,,inf,,False,,inf,inf,inf,inf,inf,inf,inf,inf,0.0,set(),True,True,boundary_margin,False,False,,0,False,,False,0,0,,inf,inf,inf,inf,False,False,inf,inf,0.0,True,False,1,0,,False,False,4.332749154925346,inf,inf,0.2778751408457756,0.0,,True,boundary_margin_low,,False,False,0.0,inf,inf,inf,False,0.0,,,
6000,1007,1,12,12,0.25806117057800293,0.9895821809768677,0.2466428130865097,0.30000001192092896,-0.011418357491493225,-0.6895821690559387,True,True,pre_contact_emergency,pre_contact_boundary_recovery,0,0,0,0,boundary_margin_low,0,0,0,False,False,False,False,False,False,False,False,True,0.013507393814097652,1.084482518672874,0.0,False,max_steps,,inf,,False,,inf,inf,inf,inf,inf,inf,inf,inf,0.0,set(),True,True,boundary_margin,False,False,,0,False,,False,0,0,,inf,inf,inf,inf,False,False,inf,inf,0.0,True,False,1,0,,False,False,4.256529715418815,inf,inf,0.2905783807635307,0.0,,True,boundary_margin_low,,False,False,0.0,inf,inf,inf,False,0.0,,,
6000,1007,1,13,13,0.24479389190673828,0.9891320466995239,0.23735572397708893,0.30000001192092896,-0.007438167929649353,-0.689132034778595,True,True,pre_contact_emergency,pre_contact_boundary_recovery,0,0,0,0,boundary_margin_low,0,0,0,False,False,False,False,False,False,False,False,True,0.013769974426995483,1.175282710178234,0.0,False,max_steps,,inf,,False,,inf,inf,inf,inf,inf,inf,inf,inf,0.0,set(),True,True,boundary_margin,False,False,,0,False,,False,0,0,,inf,inf,inf,inf,False,False,inf,inf,0.0,True,False,1,0,,False,False,4.1708334503173825,inf,inf,0.3048610916137695,0.0,,True,boundary_margin_low,,False,False,0.0,inf,inf,inf,False,0.0,,,
6000,1007,1,14,14,0.23115968704223633,0.9886239767074585,0.2278117835521698,0.30000001192092896,-0.0033479034900665283,-0.6886239647865295,True,True,pre_contact_emergency,pre_contact_boundary_recovery,0,0,0,0,boundary_margin_low,0,0,0,False,False,False,False,False,False,False,False,True,0.014054029957470167,1.2661634193561575,0.0,False,max_steps,,inf,,False,,inf,inf,inf,inf,inf,inf,inf,inf,0.0,set(),True,True,boundary_margin,False,False,,0,False,,False,0,0,,inf,inf,inf,inf,False,False,inf,inf,0.0,True,False,1,0,,False,False,4.075214934110641,inf,inf,0.32079751098155973,0.0,,True,boundary_margin_low,,False,False,0.0,inf,inf,inf,False,0.0,,,
6000,1007,1,15,15,0.2167987823486328,0.9880608320236206,0.2177591472864151,0.30000001192092896,0.0009603649377822876,-0.6880608201026917,True,True,pre_contact_emergency,pre_contact_boundary_recovery,0,0,0,0,boundary_margin_low,0,0,0,False,False,False,False,False,False,False,False,True,0.014359543192538711,1.3571298799824847,0.0,False,max_steps,,inf,,False,,inf,inf,inf,inf,inf,inf,inf,inf,0.0,set(),True,True,boundary_margin,False,False,,0,False,,False,0,0,,inf,inf,inf,inf,False,False,inf,inf,0.0,True,False,1,0,,False,False,3.9691582438945763,inf,inf,0.3384736260175705,0.0,,True,boundary_margin_low,,False,False,0.0,inf,inf,inf,False,0.0,,,
6000,1007,1,16,16,0.20174479484558105,0.9874398708343506,0.20174479484558105,0.9874398708343506,0.0,0.0,True,False,inactive_raw_action,raw_action,0,0,10,6,raw_action_safe_or_candidate_not_better,0,0,0,False,False,False,False,False,False,False,False,True,0.014698449614605563,1.6564517965086356,0.0,False,max_steps,,inf,,False,,inf,inf,inf,inf,inf,0.3579805275201797,inf,inf,0.0,set(),False,False,,False,False,,0,False,boundary_margin_uncertain_or_low,False,0,0,,inf,inf,inf,inf,False,False,inf,inf,0.0,False,False,1,0,,False,False,3.8521168348789208,inf,inf,0.3579805275201797,0.0,,False,raw_action_safe_or_candidate_not_better,boundary_margin_insufficient,False,False,1.242438524049742,inf,inf,0.37765645344610577,False,-36.19555844838855,,,
6000,1007,1,17,17,0.14366114139556885,0.9936394691467285,0.14366114139556885,0.9936394691467285,0.0,0.0,True,False,inactive_raw_action,raw_action,0,0,10,7,raw_action_safe_or_candidate_not_better,0,0,0,False,False,False,False,False,False,False,False,True,0.015106945831831812,1.9590434857234862,0.0,False,max_steps,,inf,,False,,inf,inf,inf,inf,inf,0.3800259163379669,inf,inf,0.0,set(),False,False,,False,False,,0,False,boundary_margin_uncertain_or_low,False,0,0,,inf,inf,inf,inf,False,False,inf,inf,0.0,False,False,1,0,,False,False,3.7198445019721977,inf,inf,0.3800259163379669,0.0,,False,raw_action_safe_or_candidate_not_better,boundary_margin_insufficient,False,False,1.1672139176527665,inf,inf,0.39970184226389294,False,-34.73719988194668,,,
6000,1007,1,18,18,0.12391448020935059,0.9928553104400635,0.12391448020935059,0.9928553104400635,0.0,0.0,True,False,inactive_raw_action,raw_action,0,0,10,7,raw_action_safe_or_candidate_not_better,0,0,0,False,False,False,False,False,False,False,False,True,0.015587883461732604,2.2610233503377564,0.0,False,max_steps,,inf,,False,,inf,inf,inf,inf,inf,0.4059894909858702,inf,inf,0.0,set(),False,False,,False,False,,0,False,boundary_margin_uncertain_or_low,False,0,0,,inf,inf,inf,inf,False,False,inf,inf,0.0,False,False,1,0,,False,False,3.564063054084778,inf,inf,0.4059894909858702,0.0,,False,raw_action_safe_or_candidate_not_better,boundary_margin_insufficient,False,False,1.0893231937090562,inf,inf,0.42566541691179627,False,-33.09247523169623,,,
6000,1007,1,19,19,0.10780417919158936,0.9916549921035767,0.10780417919158936,0.9916549921035767,0.0,0.0,True,False,inactive_raw_action,raw_action,0,0,10,7,raw_action_safe_or_candidate_not_better,0,0,0,False,False,False,False,False,False,False,False,True,0.01614081381921803,2.562507667627335,0.0,False,max_steps,,inf,,False,,inf,inf,inf,inf,inf,0.4350684514045714,inf,inf,0.0,set(),False,False,,False,False,,0,False,boundary_margin_uncertain_or_low,False,0,0,,inf,inf,inf,inf,False,False,inf,inf,0.0,False,False,1,0,,False,False,3.389589291572571,inf,inf,0.4350684514045714,0.0,,False,raw_action_safe_or_candidate_not_better,boundary_margin_insufficient,False,False,1.0020863124529527,inf,inf,0.45474437733049744,False,-31.41243860952723,,,
6000,1007,1,20,20,0.09208989143371582,0.990304708480835,0.09208989143371582,0.990304708480835,0.0,0.0,True,False,inactive_raw_action,raw_action,0,0,10,6,raw_action_safe_or_candidate_not_better,0,0,0,False,False,False,False,False,False,False,False,True,0.016765443136045083,2.8636005417234216,0.0,False,max_steps,,inf,,False,,inf,inf,inf,inf,inf,0.468199365377426,inf,inf,0.0,set(),False,False,,False,False,,0,False,boundary_margin_uncertain_or_low,False,0,0,,inf,inf,inf,inf,False,False,inf,inf,0.0,False,False,1,0,,False,False,3.1908038077354433,inf,inf,0.468199365377426,0.0,,False,raw_action_safe_or_candidate_not_better,boundary_margin_insufficient,False,False,0.9026935705343886,inf,inf,0.48787529130335205,False,-29.672838336128763,,,
6000,1007,1,21,21,0.07678532600402832,0.9886949062347412,0.07678532600402832,0.9886949062347412,0.0,0.0,True,False,inactive_raw_action,raw_action,0,0,10,7,raw_action_safe_or_candidate_not_better,0,0,0,False,False,False,False,False,False,False,False,True,0.017461608462641467,3.164235791465157,0.0,False,max_steps,,inf,,False,,inf,inf,inf,inf,inf,0.5058910181522368,inf,inf,0.0,set(),False,False,,False,False,,0,False,boundary_margin_uncertain_or_low,False,0,0,,inf,inf,inf,inf,False,False,inf,inf,0.0,False,False,1,0,,False,False,2.964653891086579,inf,inf,0.5058910181522368,0.0,,False,raw_action_safe_or_candidate_not_better,boundary_margin_insufficient,False,False,0.7925641212860746,inf,inf,0.5255669440781628,False,-27.87593769943646,,,
6000,1007,1,22,22,0.06155204772949219,0.9866997003555298,0.06155204772949219,0.9866997003555298,0.0,0.0,True,False,inactive_raw_action,raw_action,0,0,10,7,raw_action_safe_or_candidate_not_better,0,0,0,False,False,False,False,False,False,False,False,True,0.01822918930812626,3.4642805605188163,0.0,False,max_steps,,inf,,False,,inf,inf,inf,inf,inf,0.5483330121040343,inf,inf,0.0,set(),False,False,,False,False,,0,False,boundary_margin_uncertain_or_low,False,0,0,,inf,inf,inf,inf,False,False,inf,inf,0.0,False,False,1,0,,False,False,2.710001927375794,inf,inf,0.5483330121040343,0.0,,False,raw_action_safe_or_candidate_not_better,boundary_margin_insufficient,False,False,0.6864591364065808,inf,inf,0.5680089380299603,False,-26.03715031186584,,,
6000,1007,1,23,23,0.04648458957672119,0.984255313873291,0.04648458957672119,0.984255313873291,0.0,0.0,True,False,inactive_raw_action,raw_action,0,0,10,6,raw_action_safe_or_candidate_not_better,0,0,0,False,False,False,False,False,False,False,False,True,0.01906808583719813,3.7635608594311387,0.0,False,max_steps,,inf,,False,,inf,inf,inf,inf,inf,0.595520698070526,inf,inf,0.0,set(),False,False,,False,False,,0,False,boundary_margin_uncertain_or_low,False,0,0,,inf,inf,inf,inf,False,False,inf,inf,0.0,False,False,1,0,,False,False,2.426875811576844,inf,inf,0.595520698070526,0.0,,False,raw_action_safe_or_candidate_not_better,candidate_not_better,False,False,0.5684899214903516,inf,inf,0.615196623996452,False,-24.174282485932945,,,
6000,1007,1,24,24,0.0318911075592041,0.9812464714050293,0.0318911075592041,0.9812464714050293,0.0,0.0,True,False,inactive_raw_action,raw_action,0,0,10,6,raw_action_safe_or_candidate_not_better,0,0,0,False,False,False,False,False,False,False,False,True,0.019978193624426942,4.06186754725618,0.0,False,max_steps,,inf,,False,,inf,inf,inf,inf,inf,0.6473029484748839,inf,inf,0.0,{'ROAD_LINE_BROKEN_SINGLE_WHITE'},False,False,,False,False,,0,False,boundary_margin_uncertain_or_low,False,0,0,,inf,inf,inf,inf,False,False,inf,inf,0.0,False,False,1,0,,False,False,2.116182309150697,inf,inf,0.6473029484748839,0.0,,False,raw_action_safe_or_candidate_not_better,candidate_not_better,False,False,0.45076447342060244,inf,inf,0.6669788744008099,False,-22.302149834813036,,,
6000,1007,1,25,25,0.017738819122314453,0.977510929107666,0.017738819122314453,0.977510929107666,0.0,0.0,True,False,inactive_raw_action,raw_action,0,0,10,6,raw_action_safe_or_candidate_not_better,0,0,0,False,False,False,False,False,False,False,False,True,0.020959400211657167,4.358947346030692,0.0,False,max_steps,,inf,,False,,inf,inf,inf,inf,inf,0.7034190227985381,inf,inf,0.0,{'ROAD_LINE_BROKEN_SINGLE_WHITE'},False,False,,False,False,,0,False,boundary_margin_uncertain_or_low,False,0,0,,inf,inf,inf,inf,False,False,inf,inf,0.0,False,False,1,0,,False,False,1.779485863208772,inf,inf,0.7034190227985381,0.0,,False,raw_action_safe_or_candidate_not_better,candidate_not_better,False,False,0.3385323247732941,inf,inf,0.7230949487244641,False,-20.431091867599438,,,
6000,1007,1,26,26,0.0035272836685180664,0.9728531837463379,0.0035272836685180664,0.9728531837463379,0.0,0.0,True,False,inactive_raw_action,raw_action,0,0,10,6,raw_action_safe_or_candidate_not_better,0,0,0,False,False,False,False,False,False,False,False,True,0.022011593140733282,4.6544829495913955,0.0,False,max_steps,,inf,,False,,inf,inf,inf,inf,inf,0.7634880771636962,inf,inf,0.0,{'ROAD_LINE_BROKEN_SINGLE_WHITE'},False,False,,False,False,,0,False,object_list_uncertain,False,0,0,,inf,inf,inf,inf,False,False,inf,inf,0.0,False,False,1,0,,False,False,1.4190715370178235,inf,inf,0.7634880771636962,0.0,,False,raw_action_safe_or_candidate_not_better,candidate_not_better,False,False,0.22976788425445577,inf,inf,0.7831640030896222,False,-18.568390416480327,,,
6000,1007,1,27,27,-0.010268867015838623,0.9670708179473877,-0.010268867015838623,0.9670708179473877,0.0,0.0,True,False,inactive_raw_action,raw_action,0,0,10,6,raw_action_safe_or_candidate_not_better,0,0,0,False,False,False,False,False,False,False,False,True,0.02313464618311337,4.948096453700443,0.0,False,max_steps,,inf,,False,,inf,inf,inf,inf,inf,0.8269309630393981,inf,inf,0.0,{'ROAD_LINE_BROKEN_SINGLE_WHITE'},False,False,,False,False,,0,False,object_list_uncertain,False,0,0,,inf,inf,inf,inf,False,False,inf,inf,0.047796266436842344,False,False,1,0,,False,False,1.0384142217636119,inf,inf,0.8269309630393981,0.0,,False,raw_action_safe_or_candidate_not_better,candidate_not_better,False,False,0.1346035554409029,inf,inf,0.8466068889653241,False,-16.72196233964098,,,
6000,1007,1,28,28,-0.02266901731491089,0.959794282913208,-0.02266901731491089,0.959794282913208,0.0,0.0,True,False,inactive_raw_action,raw_action,0,0,10,6,raw_action_safe_or_candidate_not_better,0,0,0,False,False,False,False,False,False,False,False,True,0.02432837114351675,5.239332136025697,0.0,False,max_steps,,inf,,False,,inf,inf,inf,inf,inf,0.8929378619194029,inf,inf,0.0,{'ROAD_LINE_BROKEN_SINGLE_WHITE'},False,False,,False,False,,0,False,object_list_uncertain,False,0,0,,inf,inf,inf,inf,False,False,inf,inf,0.1121684841847845,False,False,1,0,,False,False,0.6423728284835823,inf,inf,0.8929378619194029,0.0,,False,raw_action_safe_or_candidate_not_better,candidate_not_better,False,False,0.06018713808059706,inf,inf,0.912613787845329,False,-14.89976084597469,,,
6000,1007,1,29,29,0.041635751724243164,0.9908857345581055,0.041635751724243164,0.9908857345581055,0.0,0.0,True,False,inactive_raw_action,raw_action,0,0,10,7,raw_action_safe_or_candidate_not_better,0,0,0,False,False,False,False,False,False,False,False,True,0.02559136344253153,5.5373561118746135,0.0,False,max_steps,,inf,,False,,inf,inf,inf,inf,inf,0.9605646362304686,inf,inf,0.0,{'ROAD_LINE_BROKEN_SINGLE_WHITE'},False,False,,False,False,,0,False,object_list_uncertain,False,0,0,,inf,inf,inf,inf,False,False,inf,inf,0.0,False,False,1,0,,False,False,0.2366121826171883,inf,inf,0.9605646362304686,0.0,,False,raw_action_safe_or_candidate_not_better,candidate_not_better,False,False,0.009879718921802672,inf,inf,0.9802405621563947,False,-13.569679265598438,,,
6000,1007,1,30,30,0.038622140884399414,0.989478588104248,0.038622140884399414,0.989478588104248,0.0,0.0,True,False,inactive_raw_action,raw_action,0,0,10,7,raw_action_safe_or_candidate_not_better,0,0,0,False,False,False,False,False,False,False,False,True,0.026922858823713015,5.837472177838064,0.0,False,max_steps,,inf,,False,,inf,inf,inf,inf,inf,1.033590935707092,inf,inf,0.0,{'ROAD_LINE_BROKEN_SINGLE_WHITE'},False,False,,False,False,,0,False,object_list_uncertain,False,0,0,,inf,inf,inf,inf,False,False,inf,inf,0.0,False,False,1,0,,False,False,0.0,inf,inf,1.033590935707092,0.0,,False,raw_action_safe_or_candidate_not_better,candidate_not_better,False,False,0.0,inf,inf,1.053266861633018,False,-13.615915559423236,,,
6000,1007,1,31,31,0.019469499588012695,0.9886386394500732,0.019469499588012695,0.9886386394500732,0.0,0.0,True,False,inactive_raw_action,raw_action,0,0,10,7,raw_action_safe_or_candidate_not_better,0,0,0,False,False,False,False,False,False,False,False,True,0.028324688748451215,6.137981746281046,0.0,False,max_steps,,inf,,False,,inf,inf,inf,inf,inf,1.1183548202514646,inf,inf,0.0,{'ROAD_LINE_BROKEN_SINGLE_WHITE'},False,False,,False,False,,0,False,object_list_uncertain,False,0,0,,inf,inf,inf,inf,False,False,inf,inf,0.0,False,False,1,0,,False,False,0.0,inf,inf,1.1183548202514646,0.0,,False,raw_action_safe_or_candidate_not_better,candidate_not_better,False,False,0.0,inf,inf,1.1380307461773906,False,-13.038829858726558,,,
6000,1007,1,32,32,-0.0018895864486694336,0.9868438243865967,-0.0018895864486694336,0.9868438243865967,0.0,0.0,True,False,inactive_raw_action,raw_action,0,0,10,7,raw_action_safe_or_candidate_not_better,0,0,0,False,False,False,False,False,False,False,False,True,0.02979830828757478,6.437586572920662,0.0,False,max_steps,,inf,,False,,inf,inf,inf,inf,inf,1.210561059951782,inf,inf,0.0,{'ROAD_LINE_BROKEN_SINGLE_WHITE'},False,False,,False,False,,0,False,object_list_uncertain,False,0,0,,inf,inf,inf,inf,False,False,inf,inf,0.01159824712995301,False,False,1,0,,False,False,0.0,inf,inf,1.210561059951782,0.0,,False,raw_action_safe_or_candidate_not_better,candidate_not_better,False,False,0.0,inf,inf,1.2302369858777076,False,-12.489759076225667,,,
6000,1007,1,33,33,-0.019476354122161865,0.9839158058166504,-0.019476354122161865,0.9839158058166504,0.0,0.0,True,False,inactive_raw_action,raw_action,0,0,10,10,raw_action_safe_or_candidate_not_better,0,0,0,False,False,False,False,False,False,False,False,True,0.03134440825546766,6.7359169824638245,0.0,False,max_steps,,inf,,False,,inf,inf,inf,inf,inf,0.30633261108398435,inf,inf,0.0,{'ROAD_LINE_BROKEN_SINGLE_WHITE'},False,False,,False,False,,0,False,object_list_uncertain,False,0,0,,inf,inf,inf,inf,False,False,inf,inf,0.1253807157862772,False,False,1,0,,False,False,0.0,inf,inf,1.3063326110839841,0.0,,False,raw_action_safe_or_candidate_not_better,candidate_not_better,False,False,0.0,inf,inf,1.3260085370099097,False,-11.985329923767296,,,
6000,1007,1,34,34,-0.0323796272277832,0.9801700115203857,-0.0323796272277832,0.9801700115203857,0.0,0.0,True,False,inactive_raw_action,raw_action,0,0,10,10,raw_action_safe_or_candidate_not_better,0,0,0,False,False,False,False,False,False,False,False,True,0.03296318832273253,7.032922084833681,0.0,False,max_steps,,inf,,False,,inf,inf,inf,inf,inf,0.4031603565216063,inf,inf,0.0,{'ROAD_LINE_BROKEN_SINGLE_WHITE'},False,False,,False,False,,0,False,object_list_uncertain,False,0,0,,inf,inf,inf,inf,False,False,inf,inf,0.21810648092947293,False,False,1,0,,False,False,0.0,inf,inf,1.4031603565216062,0.0,,False,raw_action_safe_or_candidate_not_better,candidate_not_better,False,False,0.0,inf,inf,1.4228362824475318,False,-11.530815248191466,,,
6000,1007,1,35,35,-0.04038822650909424,0.9781477451324463,-0.04038822650909424,0.9781477451324463,0.0,0.0,True,False,inactive_raw_action,raw_action,0,0,10,10,raw_action_safe_or_candidate_not_better,0,0,0,False,False,False,False,False,False,False,False,True,0.03465466684988458,7.329323777536822,0.0,False,max_steps,,inf,,False,,inf,inf,inf,inf,inf,0.4994770517349242,inf,inf,0.0,{'ROAD_LINE_BROKEN_SINGLE_WHITE'},False,False,,False,False,,0,False,object_list_uncertain,False,0,0,,inf,inf,inf,inf,False,False,inf,inf,0.284047250183074,False,False,1,0,,False,False,0.0,inf,inf,1.499477051734924,0.0,,False,raw_action_safe_or_candidate_not_better,candidate_not_better,False,False,0.0,inf,inf,1.5191529776608497,False,-11.149515858446549,,,
6000,1007,1,36,36,-0.04312002658843994,0.9757070541381836,-0.04312002658843994,0.9757070541381836,0.0,0.0,True,False,inactive_raw_action,raw_action,0,0,10,10,raw_action_safe_or_candidate_not_better,0,0,0,False,False,False,False,False,False,False,False,True,0.03641883924679501,7.62518864568531,0.0,False,max_steps,,inf,,False,,inf,inf,inf,inf,inf,0.5941335191726683,inf,inf,0.0,{'ROAD_LINE_BROKEN_SINGLE_WHITE'},False,False,,False,False,,0,False,object_list_uncertain,False,0,0,,inf,inf,inf,inf,False,False,inf,inf,0.31604063616267286,False,False,1,0,,False,False,0.0,inf,inf,1.5941335191726682,0.0,,False,raw_action_safe_or_candidate_not_better,candidate_not_better,False,False,0.0,inf,inf,1.6138094450985938,False,-10.811350664825547,,,
6000,1007,1,37,37,-0.042024433612823486,0.9726085662841797,-0.042024433612823486,0.9726085662841797,0.0,0.0,True,False,inactive_raw_action,raw_action,0,0,10,10,raw_action_safe_or_candidate_not_better,0,0,0,False,False,False,False,False,False,False,False,True,0.03825555862934231,7.9203401913103715,0.0,False,max_steps,,inf,,False,,inf,inf,inf,inf,inf,0.6863039960861205,inf,inf,0.0,{'ROAD_LINE_BROKEN_SINGLE_WHITE'},False,False,,False,False,,0,False,object_list_uncertain,False,0,0,,inf,inf,inf,inf,False,False,inf,inf,0.32044423402585775,False,False,1,0,,False,False,0.0,inf,inf,1.6863039960861204,0.0,,False,raw_action_safe_or_candidate_not_better,candidate_not_better,False,False,0.0,inf,inf,1.705979922012046,False,-10.507084337623155,,,
6000,1007,1,38,38,-0.03860098123550415,0.9686329364776611,-0.03860098123550415,0.9686329364776611,0.0,0.0,True,False,inactive_raw_action,raw_action,0,0,10,10,raw_action_safe_or_candidate_not_better,0,0,0,False,False,False,False,False,False,False,False,True,0.04016454958979866,8.214459739341525,0.0,False,max_steps,,inf,,False,,inf,inf,inf,inf,inf,0.7755465736389159,inf,inf,0.0,{'ROAD_LINE_BROKEN_SINGLE_WHITE'},False,False,,False,False,,0,False,object_list_uncertain,False,0,0,,inf,inf,inf,inf,False,False,inf,inf,0.305732903103581,False,False,1,0,,False,False,0.0,inf,inf,1.7755465736389158,0.0,,False,raw_action_safe_or_candidate_not_better,candidate_not_better,False,False,0.0,inf,inf,1.7952224995648414,False,-10.227954427603223,,,
6000,1007,1,39,39,-0.03552424907684326,0.9633517265319824,-0.03552424907684326,0.9633517265319824,0.0,0.0,True,False,inactive_raw_action,raw_action,0,0,10,10,raw_action_safe_or_candidate_not_better,0,0,0,False,False,False,False,False,False,False,False,True,0.04214541967215193,8.507001948975514,0.0,False,max_steps,,inf,,False,,inf,inf,inf,inf,inf,0.8617079486846922,inf,inf,0.0,{'ROAD_LINE_BROKEN_SINGLE_WHITE'},False,False,,False,False,,0,False,object_list_uncertain,False,0,0,,inf,inf,inf,inf,False,False,inf,inf,0.2918125138120693,False,False,1,0,,False,False,0.0,inf,inf,1.8617079486846921,0.0,,False,raw_action_safe_or_candidate_not_better,candidate_not_better,False,False,0.0,inf,inf,1.8813838746106177,False,-9.96331110151474,,,
6000,1007,1,40,40,-0.031819701194763184,0.9565095901489258,-0.031819701194763184,0.9565095901489258,0.0,0.0,True,False,inactive_raw_action,raw_action,0,0,10,10,raw_action_safe_or_candidate_not_better,0,0,0,False,False,False,False,False,False,False,False,True,0.0441977029783292,8.797515592116994,0.0,False,max_steps,,inf,,False,,inf,inf,inf,inf,inf,0.9447015752792357,inf,inf,0.0,{'ROAD_LINE_BROKEN_SINGLE_WHITE'},False,False,,False,False,,0,False,object_list_uncertain,False,0,0,,inf,inf,inf,inf,False,False,inf,inf,0.2706902600796689,False,False,1,0,,False,False,0.0,inf,inf,1.9447015752792356,0.0,,False,raw_action_safe_or_candidate_not_better,candidate_not_better,False,False,0.0,inf,inf,1.9643775012051612,False,-9.706081791738868,,,
6000,1007,1,41,41,-0.04185515642166138,0.948714017868042,-0.04185515642166138,0.948714017868042,0.0,0.0,True,False,inactive_raw_action,raw_action,0,0,10,10,raw_action_safe_or_candidate_not_better,0,0,0,False,False,False,False,False,False,False,False,True,0.04632099098686755,9.084705416797783,0.0,False,max_steps,,inf,,False,,inf,inf,inf,inf,inf,1.0066336587278575,inf,inf,0.0,{'ROAD_LINE_BROKEN_SINGLE_WHITE'},False,False,,False,False,,0,False,object_list_uncertain,False,0,0,,inf,inf,inf,inf,False,False,inf,inf,0.3682213912300617,False,False,1,0,,False,False,0.0,inf,inf,2.0066336587278575,0.0,,False,raw_action_safe_or_candidate_not_better,candidate_not_better,False,False,0.0,inf,inf,2.0440431620633155,False,-9.45977717712411,,,
6000,1007,1,42,42,-0.040985703468322754,0.9396038055419922,-0.040985703468322754,0.9396038055419922,0.0,0.0,True,False,inactive_raw_action,raw_action,0,0,10,10,raw_action_safe_or_candidate_not_better,0,0,0,False,False,False,False,False,False,False,False,True,0.048514930257849614,9.36960775425362,0.0,False,max_steps,,inf,,False,,inf,inf,inf,inf,inf,1.0815524056760997,inf,inf,0.0,{'ROAD_LINE_BROKEN_SINGLE_WHITE'},False,False,,False,False,,0,False,object_list_uncertain,False,0,0,,inf,inf,inf,inf,False,False,inf,inf,0.3723430423099394,False,False,1,0,,False,False,0.0,inf,inf,2.0815524056760997,0.0,,False,raw_action_safe_or_candidate_not_better,candidate_not_better,False,False,0.0,inf,inf,2.1189619090115577,False,-9.22248319876725,,,
6000,1007,1,43,43,-0.0342751145362854,0.9304277896881104,-0.0342751145362854,0.9304277896881104,0.0,0.0,True,False,inactive_raw_action,raw_action,0,0,10,10,raw_action_safe_or_candidate_not_better,0,0,0,False,False,False,False,False,False,False,False,True,0.05077862571615996,9.652214082904917,0.0,False,max_steps,,inf,,False,,inf,inf,inf,inf,inf,1.1491593316404551,inf,inf,0.0,{'ROAD_LINE_BROKEN_SINGLE_WHITE'},False,False,,False,False,,0,False,object_list_uncertain,False,0,0,,inf,inf,inf,inf,False,False,inf,inf,0.3211443789371107,False,False,1,0,,False,False,0.0,inf,inf,2.149159331640455,0.0,,False,raw_action_safe_or_candidate_not_better,candidate_not_better,False,False,0.0,inf,inf,2.186568834975913,False,-9.002383997411513,,,
6000,1007,1,44,44,-0.02392524480819702,0.9169802665710449,-0.02392524480819702,0.9169802665710449,0.0,0.0,True,False,inactive_raw_action,raw_action,0,0,10,10,raw_action_safe_or_candidate_not_better,0,0,0,False,False,False,False,False,False,False,False,True,0.05311102163217528,9.930982830788356,0.0,False,max_steps,,inf,,False,,inf,inf,inf,inf,inf,1.2099881366102427,inf,inf,0.0,{'ROAD_LINE_BROKEN_SINGLE_WHITE'},False,False,,False,False,,0,False,object_list_uncertain,False,0,0,,inf,inf,inf,inf,False,False,inf,inf,0.23093158487462706,False,False,1,0,,False,False,0.0,inf,inf,2.2099881366102427,0.0,,False,raw_action_safe_or_candidate_not_better,candidate_not_better,False,False,0.0,inf,inf,2.2473976399457007,False,-8.755151413113992,,,
6000,1007,1,45,45,-0.013952970504760742,0.8967330455780029,-0.013952970504760742,0.8967330455780029,0.0,0.0,True,False,inactive_raw_action,raw_action,0,0,10,10,raw_action_safe_or_candidate_not_better,0,0,0,False,False,False,False,False,False,False,False,True,0.055510685885710905,10.20357035293708,0.0,False,max_steps,,inf,,False,,inf,inf,inf,inf,inf,1.2656800940839976,inf,inf,0.0,{'ROAD_LINE_BROKEN_SINGLE_WHITE'},False,False,,False,False,,0,False,object_list_uncertain,False,0,0,,inf,inf,inf,inf,False,False,inf,inf,0.13856671052127525,False,False,1,0,,False,False,0.0,inf,inf,2.2656800940839976,0.0,,False,raw_action_safe_or_candidate_not_better,candidate_not_better,False,False,0.0,inf,inf,2.3030895974194556,False,-8.446226828710678,,,
6000,1007,1,46,46,-0.010281145572662354,0.8672604560852051,-0.010281145572662354,0.8672604560852051,0.0,0.0,True,False,inactive_raw_action,raw_action,0,0,10,10,raw_action_safe_or_candidate_not_better,0,0,0,False,False,False,False,False,False,False,False,True,0.05797577783511922,10.46708296571334,0.0,False,max_steps,,inf,,False,,inf,inf,inf,inf,inf,1.318335552534315,inf,inf,0.0,{'ROAD_LINE_BROKEN_SINGLE_WHITE'},False,False,,False,False,,0,False,object_list_uncertain,False,0,0,,inf,inf,inf,inf,False,False,inf,inf,0.1049043921594479,False,False,1,0,,False,False,0.0,inf,inf,2.318335552534315,0.0,,False,raw_action_safe_or_candidate_not_better,candidate_not_better,False,False,0.0,inf,inf,2.355745055869773,False,-8.042927702322515,,,
6000,1007,1,47,47,-0.013277113437652588,0.8282400369644165,-0.013277113437652588,0.8282400369644165,0.0,0.0,True,False,inactive_raw_action,raw_action,0,0,10,10,raw_action_safe_or_candidate_not_better,0,0,0,False,False,False,False,False,False,False,False,True,0.060503993235744145,10.718571480897447,0.0,False,max_steps,,inf,,False,,inf,inf,inf,inf,inf,1.369307060560438,inf,inf,0.0,{'ROAD_LINE_BROKEN_SINGLE_WHITE'},False,False,,False,False,,0,False,object_list_uncertain,False,0,0,,inf,inf,inf,inf,False,False,inf,inf,0.1389726478970971,False,False,1,0,,False,False,0.0,inf,inf,2.369307060560438,0.0,,False,raw_action_safe_or_candidate_not_better,candidate_not_better,False,False,0.0,inf,inf,2.406716563895896,False,-7.555377096931807,,,
6000,1007,1,48,48,-0.018407702445983887,0.7837764024734497,-0.018407702445983887,0.7837764024734497,0.0,0.0,True,False,inactive_raw_action,raw_action,0,0,10,10,raw_action_safe_or_candidate_not_better,0,0,0,False,False,False,False,False,False,False,False,True,0.06309252751889068,10.956349164740073,0.0,False,max_steps,,inf,,False,,inf,inf,inf,inf,inf,1.4181053832380504,inf,inf,0.0,{'ROAD_LINE_BROKEN_SINGLE_WHITE'},False,False,,False,False,,0,False,object_list_uncertain,False,0,0,,inf,inf,inf,inf,False,False,inf,inf,0.19730427446636906,False,False,1,0,,False,False,0.0,inf,inf,2.4181053832380504,0.0,,False,raw_action_safe_or_candidate_not_better,candidate_not_better,False,False,0.0,inf,inf,2.4555148865735084,False,-7.088283662448717,,,
6000,1007,1,49,49,-0.020854532718658447,0.7376695871353149,-0.020854532718658447,0.7376695871353149,0.0,0.0,True,False,inactive_raw_action,raw_action,0,0,10,10,raw_action_safe_or_candidate_not_better,0,0,0,False,False,False,False,False,False,False,False,True,0.06573815841414332,11.180124700833264,0.0,False,max_steps,,inf,,False,,inf,inf,inf,inf,inf,1.4629614547102183,inf,inf,0.0,{'ROAD_LINE_BROKEN_SINGLE_WHITE'},False,False,,False,False,,0,False,object_list_uncertain,False,0,0,,inf,inf,inf,inf,False,False,inf,inf,0.228489542133118,False,False,1,0,,False,False,0.0,inf,inf,2.4629614547102183,0.0,,False,raw_action_safe_or_candidate_not_better,candidate_not_better,False,False,0.0,inf,inf,2.5003709580456763,False,-6.619242358204858,,,
6000,1007,1,50,50,-0.017626702785491943,0.6901247501373291,-0.017626702785491943,0.6901247501373291,0.0,0.0,True,False,inactive_raw_action,raw_action,0,0,10,10,raw_action_safe_or_candidate_not_better,0,0,0,False,False,False,False,False,False,False,False,True,0.06843745709529071,11.389707207342187,0.0,False,max_steps,,inf,,False,,inf,inf,inf,inf,inf,1.5023005202619761,inf,inf,0.0,{'ROAD_LINE_BROKEN_SINGLE_WHITE'},False,False,,False,False,,0,False,object_list_uncertain,False,0,0,,inf,inf,inf,inf,False,False,inf,inf,0.19706873520632498,False,False,1,0,,False,False,0.0,inf,inf,2.502300520261976,0.0,,False,raw_action_safe_or_candidate_not_better,candidate_not_better,False,False,0.0,inf,inf,2.539710023597434,False,-6.144804108647278,,,
6000,1007,1,51,51,-0.011305928230285645,0.6330512762069702,-0.011305928230285645,0.6330512762069702,0.0,0.0,True,False,inactive_raw_action,raw_action,0,0,10,10,raw_action_safe_or_candidate_not_better,0,0,0,False,False,False,False,False,False,False,False,True,0.0711866504764617,11.582080853715151,0.0,False,max_steps,,inf,,False,,inf,inf,inf,inf,inf,1.5358615115492076,inf,inf,0.0,{'ROAD_LINE_BROKEN_SINGLE_WHITE'},False,False,,False,False,,0,False,object_list_uncertain,False,0,0,,inf,inf,inf,inf,False,False,inf,inf,0.1287712122501779,False,False,1,0,,False,False,0.0,inf,inf,2.5358615115492076,0.0,,False,raw_action_safe_or_candidate_not_better,candidate_not_better,False,False,0.0,inf,inf,2.5732710148846656,False,-5.659467318449799,,,
6000,1007,1,52,52,-0.005110323429107666,0.5572974681854248,-0.005110323429107666,0.5572974681854248,0.0,0.0,True,False,inactive_raw_action,raw_action,0,0,10,10,raw_action_safe_or_candidate_not_better,0,0,0,False,False,False,False,False,False,False,False,True,0.07398113465847285,11.751427768772604,0.0,False,max_steps,,inf,,False,,inf,inf,inf,inf,inf,1.5649454787580699,inf,inf,0.0,{'ROAD_LINE_BROKEN_SINGLE_WHITE'},False,False,,False,False,,0,False,object_list_uncertain,False,0,0,,inf,inf,inf,inf,False,False,inf,inf,0.05918817914455986,False,False,1,0,,False,False,0.0,inf,inf,2.56494547875807,0.0,,False,raw_action_safe_or_candidate_not_better,candidate_not_better,False,False,0.0,inf,inf,2.602354982093528,False,-5.10393979453228,,,
6000,1007,1,53,53,-0.00045353174209594727,0.461919903755188,-0.00045353174209594727,0.461919903755188,0.0,0.0,True,False,inactive_raw_action,raw_action,0,0,10,10,raw_action_safe_or_candidate_not_better,0,0,0,False,False,False,False,False,False,False,False,True,0.07681497460478964,11.891754980447912,0.0,False,max_steps,,inf,,False,,inf,inf,inf,inf,inf,1.5914101794569224,inf,inf,0.0,{'ROAD_LINE_BROKEN_SINGLE_WHITE'},False,False,,False,False,,0,False,object_list_uncertain,False,0,0,,inf,inf,inf,inf,False,False,inf,inf,0.00532964550808613,False,False,1,0,,False,False,0.0,inf,inf,2.5914101794569224,0.0,,False,raw_action_safe_or_candidate_not_better,candidate_not_better,False,False,0.0,inf,inf,2.6288196827923804,False,-4.4904472061681275,,,
6000,1007,1,54,54,0.003942012786865234,0.35559916496276855,0.003942012786865234,0.35559916496276855,0.0,0.0,True,False,inactive_raw_action,raw_action,0,0,10,10,raw_action_safe_or_candidate_not_better,0,0,0,False,False,False,False,False,False,False,False,True,0.07968098217371593,11.999733227737686,0.0,False,max_steps,,inf,,False,,inf,inf,inf,inf,inf,1.6169393256513804,inf,inf,0.0,{'ROAD_LINE_BROKEN_SINGLE_WHITE'},False,False,,False,False,,0,False,object_list_uncertain,False,0,0,,inf,inf,inf,inf,False,False,inf,inf,0.0,False,False,1,0,,False,False,0.0,inf,inf,2.6169393256513804,0.0,,False,raw_action_safe_or_candidate_not_better,candidate_not_better,False,False,0.0,inf,inf,2.6543488289868384,False,-3.9396509382525693,,,
6000,1007,1,55,55,0.004036664962768555,0.24835610389709473,0.004036664962768555,0.24835610389709473,0.0,0.0,True,False,inactive_raw_action,raw_action,0,0,10,10,raw_action_safe_or_candidate_not_better,0,0,0,False,False,False,False,False,False,False,False,True,0.08257133119565281,12.075162909738303,0.0,False,max_steps,,inf,,False,,inf,inf,inf,inf,inf,1.6430208876936168,inf,inf,0.0,{'ROAD_LINE_BROKEN_SINGLE_WHITE'},False,False,,False,False,,0,False,object_list_uncertain,False,0,0,,inf,inf,inf,inf,False,False,inf,inf,0.0,False,False,1,0,,False,False,0.0,inf,inf,2.6430208876936168,0.0,,False,raw_action_safe_or_candidate_not_better,candidate_not_better,False,False,0.0,inf,inf,2.6804303910290748,False,-3.560825503426372,,,
6000,1007,1,56,56,0.0002601146697998047,0.16447782516479492,0.0002601146697998047,0.16447782516479492,0.0,0.0,True,False,inactive_raw_action,raw_action,0,0,10,10,raw_action_safe_or_candidate_not_better,0,0,0,False,False,False,False,False,False,False,False,True,0.08547862697310829,12.125127602366474,0.0,False,max_steps,,inf,,False,,inf,inf,inf,inf,inf,1.6706648066847056,inf,inf,0.0,{'ROAD_LINE_BROKEN_SINGLE_WHITE'},False,False,,False,False,,0,False,object_list_uncertain,False,0,0,,inf,inf,inf,inf,False,False,inf,inf,0.0,False,False,1,0,,False,False,0.0,inf,inf,2.6706648066847056,0.0,,False,raw_action_safe_or_candidate_not_better,candidate_not_better,False,False,0.0,inf,inf,2.7080743100201636,False,-3.2940370438116133,,,
6000,1007,1,57,57,-0.006703436374664307,0.08853304386138916,-0.006703436374664307,0.08853304386138916,0.0,0.0,True,False,inactive_raw_action,raw_action,0,0,10,10,raw_action_safe_or_candidate_not_better,0,0,0,False,False,False,False,False,False,False,False,True,0.08839690233864624,12.151900419119702,0.0,False,max_steps,,inf,,False,,inf,inf,inf,inf,inf,1.6992938712446422,inf,inf,0.0,{'ROAD_LINE_BROKEN_SINGLE_WHITE'},False,False,,False,False,,0,False,object_list_uncertain,False,0,0,,inf,inf,inf,inf,False,False,inf,inf,0.08128002141714963,False,False,1,0,,False,False,0.0,inf,inf,2.699293871244642,0.0,,False,raw_action_safe_or_candidate_not_better,candidate_not_better,False,False,0.0,inf,inf,2.7367033745801,False,-3.108218112128071,,,
6000,1007,1,58,58,-0.01345062255859375,0.026680946350097656,-0.01345062255859375,0.026680946350097656,0.0,0.0,True,False,inactive_raw_action,raw_action,0,0,10,10,raw_action_safe_or_candidate_not_better,0,0,0,False,False,False,False,False,False,False,False,True,0.09132092454543804,12.159698862491231,0.0,False,max_steps,,inf,,False,,inf,inf,inf,inf,inf,1.7270031169264048,inf,inf,0.0,{'ROAD_LINE_BROKEN_SINGLE_WHITE'},False,False,,False,False,,0,False,object_list_uncertain,False,0,0,,inf,inf,inf,inf,False,False,inf,inf,0.1634506259071963,False,False,1,0,,False,False,0.0,inf,inf,2.727003116926405,0.0,,False,raw_action_safe_or_candidate_not_better,candidate_not_better,False,False,0.0,inf,inf,2.764412620261863,False,-2.954506534486441,,,
6000,1007,1,59,59,-0.013199865818023682,-0.005306720733642578,-0.013199865818023682,-0.005306720733642578,0.0,0.0,True,False,inactive_raw_action,raw_action,0,0,10,10,raw_action_safe_or_candidate_not_better,0,0,0,False,False,False,False,False,False,False,False,True,0.09424584641747406,12.143602916264262,0.0,False,max_steps,,inf,,False,,inf,inf,inf,inf,inf,1.7511298850385875,inf,inf,0.0,{'ROAD_LINE_BROKEN_SINGLE_WHITE'},False,False,,False,False,,0,False,object_list_uncertain,False,0,0,,inf,inf,inf,inf,False,False,inf,inf,0.16050639337245945,False,False,1,0,,False,False,0.0,inf,inf,2.7511298850385875,0.0,,False,raw_action_safe_or_candidate_not_better,candidate_not_better,False,False,0.0,inf,inf,2.7885393883740455,False,-2.873721685172981,,,
6000,1007,1,60,60,-0.009962618350982666,-0.028815507888793945,-0.009962618350982666,-0.028815507888793945,0.0,0.0,True,False,inactive_raw_action,raw_action,0,0,10,10,raw_action_safe_or_candidate_not_better,0,0,0,False,False,False,False,False,False,False,False,True,0.09716321293751021,12.056923849116751,0.0,False,max_steps,,inf,,False,,inf,inf,inf,inf,inf,1.7701049044935444,inf,inf,0.0,{'ROAD_LINE_BROKEN_SINGLE_WHITE'},False,False,,False,False,,0,False,object_list_uncertain,False,0,0,,inf,inf,inf,inf,False,False,inf,inf,0.12098208126062096,False,False,1,0,,False,False,0.0,inf,inf,2.7701049044935417,0.0,,False,raw_action_safe_or_candidate_not_better,candidate_not_better,False,False,0.0,inf,inf,2.8075144078290015,False,-2.839829975045454,,,
6000,1007,1,61,61,-0.007411777973175049,-0.050850510597229004,-0.007411777973175049,-0.050850510597229004,0.0,0.0,True,False,inactive_raw_action,raw_action,0,0,10,10,raw_action_safe_or_candidate_not_better,0,0,0,False,False,False,False,False,False,False,False,True,0.10005665570625628,11.903981278603876,0.0,False,max_steps,,inf,,False,,inf,inf,inf,inf,inf,1.7845051482527006,inf,inf,0.0,{'ROAD_LINE_BROKEN_SINGLE_WHITE'},False,False,,False,False,,0,False,object_list_uncertain,False,0,0,,inf,inf,inf,inf,False,False,inf,inf,0.08936324260913246,False,False,1,0,,False,False,0.0,inf,inf,2.784505148252698,0.0,,False,raw_action_safe_or_candidate_not_better,candidate_not_better,False,False,0.0,inf,inf,2.821914651588157,False,-0.38984712591868487,,,
6000,1007,1,62,62,-0.006703197956085205,-0.06880611181259155,-0.006703197956085205,-0.06880611181259155,0.0,0.0,True,False,inactive_raw_action,raw_action,0,0,10,10,raw_action_safe_or_candidate_not_better,0,0,0,False,False,False,False,False,False,False,False,True,0.10291087123430304,11.697018715469657,0.0,False,max_steps,,inf,,False,,inf,inf,inf,inf,inf,1.7953076556532133,inf,inf,0.0,{'ROAD_LINE_BROKEN_SINGLE_WHITE'},False,False,,False,False,,0,False,object_list_uncertain,False,0,0,,inf,inf,inf,inf,False,False,inf,inf,0.07979474297601405,False,False,1,0,,False,False,0.0,inf,inf,2.7953076556532097,0.0,,False,raw_action_safe_or_candidate_not_better,candidate_not_better,False,False,0.0,inf,inf,2.8327171589886695,False,0.49060563144740854,,,
6000,1007,1,63,63,-0.007189273834228516,-0.07717174291610718,-0.007189273834228516,-0.07717174291610718,0.0,0.0,True,False,inactive_raw_action,raw_action,0,0,10,10,raw_action_safe_or_candidate_not_better,0,0,0,False,False,False,False,False,False,False,False,True,0.10571436583914273,11.464863952417913,0.0,False,max_steps,,inf,,False,,inf,inf,inf,inf,inf,1.8031130030958402,inf,inf,0.0,{'ROAD_LINE_BROKEN_SINGLE_WHITE'},False,False,,False,False,,0,False,object_list_uncertain,False,0,0,,inf,inf,inf,inf,False,False,inf,inf,0.08409307058960724,False,False,1,0,,False,False,0.0,inf,inf,2.803113003095835,0.0,,False,raw_action_safe_or_candidate_not_better,candidate_not_better,False,False,0.0,inf,inf,2.8405225064312964,False,0.9038015898468643,,,
6000,1007,1,64,64,-0.008007168769836426,-0.07620632648468018,-0.008007168769836426,-0.07620632648468018,0.0,0.0,True,False,inactive_raw_action,raw_action,0,0,10,10,raw_action_safe_or_candidate_not_better,0,0,0,False,False,False,False,False,False,False,False,True,0.10846243004862964,11.235612464190876,0.0,False,max_steps,,inf,,False,,inf,inf,inf,inf,inf,1.8080506518690336,inf,inf,0.0,{'ROAD_LINE_BROKEN_SINGLE_WHITE'},False,False,,False,False,,0,False,object_list_uncertain,False,0,0,,inf,inf,inf,inf,False,False,inf,inf,0.09180110059022412,False,False,1,0,,False,False,0.0,inf,inf,2.80805065186903,0.0,,False,raw_action_safe_or_candidate_not_better,candidate_not_better,False,False,0.0,inf,inf,2.84546015520449,False,0.8623065701723505,,,
6000,1007,1,65,65,-0.008569478988647461,-0.07076144218444824,-0.008569478988647461,-0.07076144218444824,0.0,0.0,True,False,inactive_raw_action,raw_action,0,0,10,10,raw_action_safe_or_candidate_not_better,0,0,0,False,False,False,False,False,False,False,False,True,0.1111562389357358,11.022724261560175,0.0,False,max_steps,,inf,,False,,inf,inf,inf,inf,inf,1.810054321607803,inf,inf,0.0,{'ROAD_LINE_BROKEN_SINGLE_WHITE'},False,False,,False,False,,0,False,object_list_uncertain,False,0,0,,inf,inf,inf,inf,False,False,inf,inf,0.09628334493646923,False,False,1,0,,False,False,0.0,inf,inf,2.8100543216078004,0.0,,False,raw_action_safe_or_candidate_not_better,candidate_not_better,False,False,0.0,inf,inf,2.8474638249432593,False,0.6006536859000775,,,
6000,1007,1,66,66,-0.008509695529937744,-0.06536990404129028,-0.008509695529937744,-0.06536990404129028,0.0,0.0,True,False,inactive_raw_action,raw_action,0,0,10,10,raw_action_safe_or_candidate_not_better,0,0,0,False,False,False,False,False,False,False,False,True,0.11379959312710512,10.82606829220347,0.0,False,max_steps,,inf,,False,,inf,inf,inf,inf,inf,1.8090779975263804,inf,inf,0.0,{'ROAD_LINE_BROKEN_SINGLE_WHITE'},False,False,,False,False,,0,False,object_list_uncertain,False,0,0,,inf,inf,inf,inf,False,False,inf,inf,0.09380002737633494,False,False,1,0,,False,False,0.0,inf,inf,2.809077997526377,0.0,,False,raw_action_safe_or_candidate_not_better,candidate_not_better,False,False,0.0,inf,inf,2.8464875008618384,False,0.3395048985997491,,,
6000,1007,1,67,67,-0.0077974796295166016,-0.06234383583068848,-0.0077974796295166016,-0.06234383583068848,0.0,0.0,True,False,inactive_raw_action,raw_action,0,0,10,10,raw_action_safe_or_candidate_not_better,0,0,0,False,False,False,False,False,False,False,False,True,0.11639595357985058,10.638535502818346,0.0,False,max_steps,,inf,,False,,inf,inf,inf,inf,inf,1.8052199080793572,inf,inf,0.0,{'ROAD_LINE_BROKEN_SINGLE_WHITE'},False,False,,False,False,,0,False,object_list_uncertain,False,0,0,,inf,inf,inf,inf,False,False,inf,inf,0.08441604697621213,False,False,1,0,,False,False,0.0,inf,inf,2.805219908079357,0.0,,False,raw_action_safe_or_candidate_not_better,candidate_not_better,False,False,0.0,inf,inf,2.825023479684551,False,0.17159480636320978,,,
6000,1007,1,68,68,-0.0069272518157958984,-0.06249344348907471,-0.0069272518157958984,-0.06249344348907471,0.0,0.0,True,False,inactive_raw_action,raw_action_safe,0,0,0,0,low_risk_verified_passthrough,0,0,0,False,False,False,False,False,False,False,False,True,0.11894703700214224,10.45055852035943,0.0,False,max_steps,,inf,,False,,inf,inf,inf,inf,inf,inf,inf,inf,0.0,{'ROAD_LINE_BROKEN_SINGLE_WHITE'},False,False,,False,False,,0,True,,False,0,0,,inf,inf,inf,inf,False,False,16.386620972760127,inf,0.07369581437930751,False,False,1,-1,,False,False,0.0,20.321003976633207,inf,2.7987513736097536,0.0,,False,low_risk_verified,,False,False,0.0,inf,inf,inf,False,0.0,,,
6000,1007,1,69,69,-0.005882203578948975,-0.0637671947479248,-0.005882203578948975,-0.0637671947479248,0.0,0.0,True,False,inactive_raw_action,raw_action_safe,0,0,0,0,low_risk_verified_passthrough,0,0,0,False,False,False,False,False,False,False,False,True,0.12145262306779786,10.258758300576993,0.0,False,max_steps,,inf,,False,,inf,inf,inf,inf,inf,inf,inf,inf,0.0,set(),False,False,,False,False,,0,True,,False,0,0,,inf,inf,inf,inf,False,False,17.158154713485917,inf,0.06147231273047393,False,False,1,-1,,False,False,0.0,20.88622182596663,inf,2.7900619700758154,0.0,,False,low_risk_verified,,False,False,0.0,inf,inf,inf,False,0.0,,,
6000,1007,1,70,70,-0.39082038402557373,0.4326971769332886,-0.39082038402557373,0.4326971769332886,0.0,0.0,True,False,inactive_raw_action,raw_action_safe,0,0,0,0,low_risk_verified_passthrough,0,0,0,False,False,False,False,False,False,False,False,True,0.12469151547491779,10.210045639775046,0.0,False,max_steps,,inf,,False,,inf,inf,inf,inf,inf,inf,inf,inf,0.0,set(),False,False,,False,False,,0,True,,False,0,0,,inf,inf,inf,inf,False,False,18.32506074708938,inf,4.009331858657043,False,False,1,-1,,False,False,0.0,18.50407976879092,inf,2.805117450313307,0.0,,False,low_risk_verified,,False,False,0.0,inf,inf,inf,False,0.0,,,
6000,1007,1,71,71,-0.5116639137268066,0.5690560340881348,-0.5116639137268066,0.5690560340881348,0.0,0.0,True,False,inactive_raw_action,raw_action_safe,0,0,0,0,low_risk_verified_passthrough,0,0,0,False,False,False,False,False,False,False,False,True,0.12789450682423428,10.159753408703791,0.0,False,max_steps,,inf,,False,,inf,inf,inf,inf,inf,inf,inf,inf,0.0,{'ROAD_LINE_BROKEN_SINGLE_WHITE'},False,False,,False,False,,0,True,,False,0,0,,inf,inf,inf,inf,False,False,19.120725268100696,inf,5.2241119113766175,False,False,1,-1,,False,False,0.0,19.165288821744358,inf,2.8843500075836865,0.0,,False,low_risk_verified,,False,False,0.0,inf,inf,inf,False,0.0,,,
6000,1007,1,72,72,-0.4789102077484131,0.7642269134521484,-0.4789102077484131,0.7642269134521484,0.0,0.0,True,False,inactive_raw_action,raw_action_safe,0,0,0,0,low_risk_verified_passthrough,0,0,0,False,False,False,False,False,False,False,False,True,0.13106465669600437,10.175209432411691,0.0,False,max_steps,,inf,,False,,inf,inf,inf,inf,inf,inf,inf,inf,0.0,{'ROAD_LINE_BROKEN_SINGLE_WHITE'},False,False,,False,False,,0,True,,False,0,0,,inf,inf,inf,inf,False,False,20.503137063201923,inf,4.86560961563498,False,False,1,-1,,False,False,0.0,19.858842574380205,inf,2.914694685592248,0.0,,False,low_risk_verified,,False,False,0.0,inf,inf,inf,False,0.0,,,
6000,1007,1,73,73,-0.44777023792266846,0.8612246513366699,-0.44777023792266846,0.8612246513366699,0.0,0.0,True,False,inactive_raw_action,raw_action_safe,0,0,0,0,low_risk_verified_passthrough,0,0,0,False,False,False,False,False,False,False,False,True,0.1342197757280696,10.236002314921304,0.0,False,max_steps,,inf,,False,,inf,inf,inf,inf,inf,inf,inf,inf,0.0,{'ROAD_LINE_BROKEN_SINGLE_WHITE'},False,False,,False,False,,0,True,,False,0,0,,inf,inf,inf,inf,False,False,21.349440964972143,inf,4.556155948463963,False,False,1,-1,,False,False,0.0,20.402271596035103,inf,3.026825475873816,0.0,,False,low_risk_verified,,False,False,0.0,inf,inf,inf,False,0.0,,,
6000,1007,1,74,74,-0.4217180013656616,0.898472785949707,-0.4217180013656616,0.898472785949707,0.0,0.0,True,False,inactive_raw_action,raw_action_safe,0,0,0,0,low_risk_verified_passthrough,0,0,0,False,False,False,False,False,False,False,False,True,0.137372822272839,10.323591665813817,0.0,False,max_steps,,inf,,False,,inf,inf,inf,inf,inf,inf,inf,inf,0.0,{'ROAD_LINE_BROKEN_SINGLE_WHITE'},False,False,,False,False,,0,True,,False,0,0,,inf,inf,inf,inf,False,False,21.50033004886545,inf,4.316706438222898,False,False,1,-1,,False,False,0.0,21.120839270598275,inf,3.138192919518612,0.0,,False,low_risk_verified,,False,False,0.0,inf,inf,inf,False,0.0,,,
6000,1007,1,75,75,-0.3978773355484009,0.9144103527069092,-0.3978773355484009,0.9144103527069092,0.0,0.0,True,False,inactive_raw_action,raw_action_safe,0,0,0,0,low_risk_verified_passthrough,0,0,0,False,False,False,False,False,False,False,False,True,0.1405318348557986,10.424373010498355,0.0,False,max_steps,,inf,,False,,inf,inf,inf,inf,inf,inf,inf,inf,0.0,{'ROAD_LINE_BROKEN_SINGLE_WHITE'},False,False,,False,False,,0,True,,False,0,0,,inf,inf,inf,inf,False,False,21.258827948610392,inf,4.107523145283679,False,False,1,-1,,False,False,0.0,21.89263689100775,inf,3.180454310710503,0.0,,False,low_risk_verified,,False,False,0.0,inf,inf,inf,False,0.0,,,
6000,1007,1,76,76,-0.3722879886627197,0.924323558807373,-0.3722879886627197,0.924323558807373,0.0,0.0,True,False,inactive_raw_action,raw_action_safe,0,0,0,0,low_risk_verified_passthrough,0,0,0,False,False,False,False,False,False,False,False,True,0.1437009368187077,10.534496099630594,0.0,False,max_steps,,inf,,False,,inf,inf,inf,inf,inf,inf,inf,inf,0.0,{'ROAD_LINE_BROKEN_SINGLE_WHITE'},False,False,,False,False,,0,True,,False,0,0,,inf,inf,inf,inf,False,False,20.847864057943642,inf,3.880868861148373,False,False,1,-1,,False,False,0.0,22.468945832577145,inf,3.3285172140253976,0.0,,False,low_risk_verified,,False,False,0.0,inf,inf,inf,False,0.0,,,
6000,1007,1,77,77,-0.34065622091293335,0.9300073385238647,-0.34065622091293335,0.9300073385238647,0.0,0.0,True,False,inactive_raw_action,raw_action_safe,0,0,0,0,low_risk_verified_passthrough,0,0,0,False,False,False,False,False,False,False,False,True,0.14688388485124698,10.659444462640847,0.0,False,max_steps,,inf,,False,,inf,inf,inf,inf,inf,inf,inf,inf,0.0,{'ROAD_LINE_BROKEN_SINGLE_WHITE'},False,False,,False,False,,0,True,,False,0,0,,inf,inf,inf,inf,False,False,20.181414320182046,inf,3.5886416305221944,False,False,1,-1,,False,False,0.0,23.098999074268107,inf,3.430718581708278,0.0,,False,low_risk_verified,,False,False,0.0,inf,inf,inf,False,0.0,,,
6000,1007,1,78,78,-0.2859764099121094,0.9343975782394409,-0.2859764099121094,0.9343975782394409,0.0,0.0,True,False,inactive_raw_action,raw_action_safe,0,0,0,0,low_risk_verified_passthrough,0,0,0,False,False,False,False,False,False,False,False,True,0.15008801767945715,10.83037043875381,0.0,False,max_steps,,inf,,False,,inf,inf,inf,inf,inf,inf,inf,inf,0.0,{'ROAD_LINE_BROKEN_SINGLE_WHITE'},False,False,,False,False,,0,True,,False,0,0,,inf,inf,inf,inf,False,False,19.18340051093901,inf,3.0483496590835433,False,False,1,-1,,False,False,0.0,23.72083753451705,inf,3.4661190333135194,0.0,,False,low_risk_verified,,False,False,0.0,inf,inf,inf,False,0.0,,,
6000,1007,1,79,79,-0.287264883518219,0.9085595607757568,-0.287264883518219,0.9085595607757568,0.0,0.0,True,False,inactive_raw_action,raw_action_safe,0,0,0,0,low_risk_verified_passthrough,0,0,0,False,False,False,False,False,False,False,False,True,0.1533221881378219,10.981166870540056,0.0,False,max_steps,,inf,,False,,inf,inf,inf,inf,inf,inf,inf,inf,0.0,{'ROAD_LINE_BROKEN_SINGLE_WHITE'},False,False,,False,False,,0,True,,False,0,0,,inf,inf,inf,inf,False,False,3.975713177463211,inf,3.111185102547776,False,False,1,-1,,False,False,0.0,24.1158931109912,inf,3.62431974129531,0.0,,False,low_risk_verified,,False,False,0.0,inf,inf,inf,False,0.0,,,
6000,1007,1,80,80,-0.29622137546539307,0.904026985168457,-0.35347819328308105,0.30000001192092896,-0.05725681781768799,-0.6040269732475281,True,True,predictive_recovery,right_pass,-0.9778522186995253,15.049288303798113,10,10,,0,0,0,False,False,False,False,False,False,False,False,True,0.15657057995337656,10.961955023240744,0.0,False,max_steps,,inf,,False,,inf,inf,inf,23.82005512640072,inf,2.7001563825700674,inf,inf,0.0,{'ROAD_LINE_BROKEN_SINGLE_WHITE'},True,True,vehicle_ttc,True,False,right,12,False,vehicle_ttc_low,False,0,0,,inf,inf,inf,inf,False,False,1.3507326190483169,inf,0.0,True,False,1,0,,False,False,0.0,24.558783295792743,inf,3.695837689513381,0.0,,True,vehicle_ttc,,False,False,0.0,25.303011081580287,inf,2.7022699612152272,False,-8.216484306773538,,,
6000,1007,1,81,81,-0.3292207717895508,0.8175880908966064,-0.3292207717895508,0.8175880908966064,0.0,0.0,True,False,inactive_raw_action,raw_action_safe,0,0,0,0,low_risk_verified_passthrough,0,0,0,False,False,False,False,False,False,False,False,True,0.15980435435214638,11.041020956494673,0.0,False,max_steps,,inf,,False,,inf,inf,inf,inf,inf,inf,inf,inf,0.0,set(),False,False,,False,False,,0,True,,False,0,0,,inf,inf,inf,inf,False,False,15.95200793868136,inf,0.0,False,False,1,-1,,False,False,0.0,25.352847640662127,inf,3.6418691123370732,0.0,,False,low_risk_verified,,False,False,0.0,inf,inf,inf,False,0.0,,,
6000,1007,1,82,82,-0.21634793281555176,0.9043014049530029,-0.21634793281555176,0.9043014049530029,0.0,0.0,True,False,inactive_raw_action,raw_action_safe,0,0,0,0,low_risk_verified_passthrough,0,0,0,False,False,False,False,False,False,False,False,True,0.1630532615612218,11.26074548944527,0.0,False,max_steps,,inf,,False,,inf,inf,inf,inf,inf,inf,inf,inf,0.0,set(),False,False,,False,False,,0,True,,False,0,0,,inf,inf,inf,inf,False,False,11.103467146493966,inf,0.0,False,False,1,-1,,False,False,0.0,23.604117022004864,inf,3.510823320341888,0.0,,False,low_risk_verified,,False,False,0.0,inf,inf,inf,False,0.0,,,
6000,1007,1,83,83,-0.16161125898361206,0.9063336849212646,-0.16161125898361206,0.9063336849212646,0.0,0.0,True,False,inactive_raw_action,raw_action_safe,0,0,0,0,low_risk_verified_passthrough,0,0,0,False,False,False,False,False,False,False,False,True,0.16634647632339772,11.510464579547488,0.0,False,max_steps,,inf,,False,,inf,inf,inf,inf,inf,inf,inf,inf,0.0,set(),False,False,,False,False,,0,True,,False,0,0,,inf,inf,inf,inf,False,False,8.660156306461158,inf,0.0,False,False,1,-1,,False,False,0.0,22.54677937583641,inf,3.4625059839854884,0.0,,False,low_risk_verified,,False,False,0.0,inf,inf,inf,False,0.0,,,
6000,1007,1,84,84,-0.23763024806976318,0.8055479526519775,-0.23763024806976318,0.8055479526519775,0.0,0.0,True,False,inactive_raw_action,raw_action_safe,0,0,0,0,low_risk_verified_passthrough,0,0,0,False,False,False,False,False,False,False,False,True,0.16967677263464961,11.642818535689589,0.0,False,max_steps,,inf,,False,,inf,inf,inf,inf,inf,inf,inf,inf,0.0,set(),False,False,,False,False,,0,True,,False,0,0,,inf,inf,inf,inf,False,False,8.017342642684673,inf,0.0,False,False,1,-1,,False,False,0.0,23.20279565555304,inf,3.4127449415690543,0.0,,False,low_risk_verified,,False,False,0.0,inf,inf,inf,False,0.0,,,
6000,1007,1,85,85,-0.264495849609375,0.711915135383606,-0.264495849609375,0.711915135383606,0.0,0.0,True,False,inactive_raw_action,raw_action_safe,0,0,0,0,low_risk_verified_passthrough,0,0,0,False,False,False,False,False,False,False,False,True,0.17301633283740958,11.738414606134537,0.0,False,max_steps,,inf,,False,,inf,inf,inf,inf,inf,inf,inf,inf,0.0,set(),False,False,,False,False,,0,True,,False,0,0,,inf,inf,inf,inf,False,False,7.555758795561488,inf,0.0,False,False,1,-1,,False,False,0.0,23.997826214782076,inf,3.382458527272623,0.0,,False,low_risk_verified,,False,False,0.0,inf,inf,inf,False,0.0,,,
6000,1007,1,86,86,0.5499281883239746,0.9276759624481201,0.09850019216537476,0.30000001192092896,-0.45142799615859985,-0.6276759505271912,True,True,predictive_recovery,right_pass,-0.70808585282152,15.912956437151077,10,8,,0,0,0,False,False,False,False,False,False,False,False,True,0.17563080540373988,11.762969979171709,0.0,False,max_steps,,inf,,False,,inf,inf,inf,18.618906717728088,inf,2.415996362322307,8.567656887759114,0.3095540536013044,0.0,set(),True,True,raw_collision_risk:vehicle_lateral_margin_violation,True,False,right,12,False,raw_predicted_collision,False,0,0,,inf,inf,inf,inf,False,False,6.440216128151642,inf,6.455285078147248,True,False,1,0,,True,False,0.0,19.60967933188315,inf,3.4159963623223066,0.0,vehicle_lateral_margin_violation,True,raw_collision_risk:vehicle_lateral_margin_violation,,False,False,0.0,18.618906717728088,inf,3.0098101845159015,True,-8.302632451369277,,,
6000,1007,1,87,87,0.7300875186920166,0.853003740310669,0.7300875186920166,0.853003740310669,0.0,0.0,True,False,inactive_raw_action,raw_action_safe,0,0,0,0,low_risk_verified_passthrough,0,0,0,False,False,False,False,False,False,False,False,True,0.17823218630690196,11.652035806454323,0.0,False,max_steps,,inf,,False,,inf,inf,inf,inf,inf,inf,inf,inf,0.0,set(),False,False,,False,False,,0,True,,False,0,0,,inf,inf,inf,inf,False,False,5.07364841661506,inf,8.587997564542155,False,False,1,-1,,False,False,0.0,18.663587081867963,inf,3.551488356308458,0.0,,False,low_risk_verified,,False,False,0.0,inf,inf,inf,False,0.0,,,
6000,1007,1,88,88,0.7902326583862305,0.8150970935821533,0.7902326583862305,0.8150970935821533,0.0,0.0,True,False,inactive_raw_action,raw_action_safe,0,0,0,0,low_risk_verified_passthrough,0,0,0,False,False,False,False,False,False,False,False,True,0.18080300007834899,11.521553237379086,0.0,False,max_steps,,inf,,False,,inf,inf,inf,inf,inf,inf,inf,inf,0.0,set(),False,False,,False,False,,0,True,,False,0,0,,inf,inf,inf,inf,False,False,4.559177380393404,inf,0.0,False,False,1,-1,,False,False,0.0,19.326578263763786,inf,3.710332331090067,0.0,,False,low_risk_verified,,False,False,0.0,inf,inf,inf,False,0.0,,,
6000,1007,1,89,89,0.7750339508056641,0.8468623161315918,0.7750339508056641,0.8468623161315918,0.0,0.0,True,False,inactive_raw_action,raw_action_safe,0,0,0,0,low_risk_verified_passthrough,0,0,0,False,False,False,False,False,False,False,False,True,0.18334631353431108,11.426489989491971,0.0,False,max_steps,,inf,,False,,inf,inf,inf,inf,inf,inf,inf,inf,0.0,set(),False,False,,False,False,,0,True,,False,0,0,,inf,inf,inf,inf,False,False,4.547194101889987,inf,0.0,False,False,1,-1,,False,False,0.0,19.47584540202954,inf,3.5835954910878463,0.0,,False,low_risk_verified,,False,False,0.0,inf,inf,inf,False,0.0,,,
6000,1007,1,90,90,0.7572677135467529,0.908362865447998,0.7572677135467529,0.908362865447998,0.0,0.0,True,False,inactive_raw_action,raw_action_safe,0,0,0,0,low_risk_verified_passthrough,0,0,0,False,False,False,False,False,False,False,False,True,0.18587109367631321,11.358533703299335,0.0,False,max_steps,,inf,,False,,inf,inf,inf,inf,inf,inf,inf,inf,0.0,set(),False,False,,False,False,,0,True,,False,0,0,,inf,inf,inf,inf,False,False,4.788947342174749,inf,0.0,False,False,1,-1,,False,False,0.0,19.300476457702874,inf,3.450066241751554,0.0,,False,low_risk_verified,,False,False,0.0,inf,inf,inf,False,0.0,,,
6000,1007,1,91,91,0.7250523567199707,0.9237804412841797,0.7250523567199707,0.9237804412841797,0.0,0.0,True,False,inactive_raw_action,raw_action_safe,0,0,0,0,low_risk_verified_passthrough,0,0,0,False,False,False,False,False,False,False,False,True,0.18838309291664498,11.307977121619677,0.0,False,max_steps,,inf,,False,,inf,inf,inf,inf,inf,inf,inf,inf,0.0,set(),False,False,,False,False,,0,True,,False,0,0,,inf,inf,inf,inf,False,False,5.170948400669162,inf,0.0,False,False,1,-1,,False,False,0.0,19.260434966381563,inf,3.3665568184199013,0.0,,False,low_risk_verified,,False,False,0.0,inf,inf,inf,False,0.0,,,
6000,1007,1,92,92,0.7015769481658936,0.9194246530532837,0.7015769481658936,0.9194246530532837,0.0,0.0,True,False,inactive_raw_action,raw_action_safe,0,0,0,0,low_risk_verified_passthrough,0,0,0,False,False,False,False,False,False,False,False,True,0.19088495861828456,11.26541364631984,0.0,False,max_steps,,inf,,False,,inf,inf,inf,inf,inf,inf,inf,inf,0.0,set(),False,False,,False,False,,0,True,,False,0,0,,inf,inf,inf,inf,False,False,5.633684247946029,inf,0.0,False,False,1,-1,,False,False,0.0,19.24573333270932,inf,3.3346939692599853,0.0,,False,low_risk_verified,,False,False,0.0,inf,inf,inf,False,0.0,,,
6000,1007,1,93,93,0.6645722389221191,0.9112987518310547,0.6645722389221191,0.9112987518310547,0.0,0.0,True,False,inactive_raw_action,raw_action_safe,0,0,0,0,low_risk_verified_passthrough,0,0,0,False,False,False,False,False,False,False,False,True,0.193376950098352,11.229839663895708,0.0,False,max_steps,,inf,,False,,inf,inf,inf,inf,inf,inf,inf,inf,0.0,set(),False,False,,False,False,,0,True,,False,0,0,,inf,inf,inf,inf,False,False,6.153561399965463,inf,0.0,False,False,1,-1,,False,False,0.0,19.154200848671202,inf,3.3158216602784596,0.0,,False,low_risk_verified,,False,False,0.0,inf,inf,inf,False,0.0,,,
6000,1007,1,94,94,0.5664949417114258,0.9152871370315552,0.5664949417114258,0.9152871370315552,0.0,0.0,True,False,inactive_raw_action,raw_action_safe,0,0,0,0,low_risk_verified_passthrough,0,0,0,False,False,False,False,False,False,False,False,True,0.19585984461167746,11.227688821009986,0.0,False,max_steps,,inf,,False,,inf,inf,inf,inf,inf,inf,inf,inf,0.0,set(),False,False,,False,False,,0,True,,False,0,0,,inf,inf,inf,inf,False,False,6.718057652329551,inf,0.0,False,False,1,-1,,False,False,0.0,18.8909549945969,inf,3.3686765855568237,0.0,,False,low_risk_verified,,False,False,0.0,inf,inf,inf,False,0.0,,,
6000,1007,1,95,95,0.47943246364593506,0.9110206365585327,0.47943246364593506,0.9110206365585327,0.0,0.0,True,False,inactive_raw_action,raw_action_safe,0,0,0,0,low_risk_verified_passthrough,0,0,0,False,False,False,False,False,False,False,False,True,0.19833804456998952,11.257421781820085,0.0,False,max_steps,,inf,,False,,inf,inf,inf,inf,inf,inf,inf,inf,0.0,set(),False,False,,False,False,,0,True,,False,0,0,,inf,inf,inf,inf,False,False,7.274615491924334,inf,0.0,False,False,1,-1,,False,False,0.0,16.12169759801835,inf,3.4589069421240386,0.0,,False,low_risk_verified,,False,False,0.0,inf,inf,inf,False,0.0,,,
6000,1007,1,96,96,0.38390886783599854,0.9083170890808105,0.38390886783599854,0.9083170890808105,0.0,0.0,True,False,inactive_raw_action,raw_action_safe,0,0,0,0,low_risk_verified_passthrough,0,0,0,False,False,False,False,False,False,False,False,True,0.20081584398261354,11.32828948510251,0.0,False,max_steps,,inf,,False,,inf,inf,inf,inf,inf,inf,inf,inf,0.0,set(),False,False,,False,False,,0,True,,False,0,0,,inf,inf,inf,inf,False,False,7.403914942809567,inf,0.0,False,False,1,-1,,False,False,0.0,15.255867653788616,inf,3.591352685411185,0.0,,False,low_risk_verified,,False,False,0.0,inf,inf,inf,False,0.0,,,
6000,1007,1,97,97,0.25954341888427734,0.8992185592651367,0.25954341888427734,0.8992185592651367,0.0,0.0,True,False,inactive_raw_action,raw_action_safe,0,0,0,0,low_risk_verified_passthrough,0,0,0,False,False,False,False,False,False,False,False,True,0.20330091094257863,11.485266740233348,0.0,False,max_steps,,inf,,False,,inf,inf,inf,inf,inf,inf,inf,inf,0.0,set(),False,False,,False,False,,0,True,,False,0,0,,inf,inf,inf,inf,False,False,7.175999571376745,inf,2.9401829830743154,False,False,1,-1,,False,False,0.0,14.097326244287334,inf,3.6238457685826897,0.0,,False,low_risk_verified,,False,False,0.0,inf,inf,inf,False,0.0,,,
6000,1007,1,98,98,0.09320271015167236,0.8708229064941406,0.09320271015167236,0.8708229064941406,0.0,0.0,True,False,inactive_raw_action,raw_action_safe,0,0,0,0,low_risk_verified_passthrough,0,0,0,False,False,False,False,False,False,False,False,True,0.20581844023602425,11.74079047424785,0.0,False,max_steps,,inf,,False,,inf,inf,inf,inf,inf,inf,inf,inf,0.0,{'ROAD_LINE_BROKEN_SINGLE_WHITE'},False,False,,False,False,,0,True,,False,0,0,,inf,inf,inf,inf,False,False,6.886597963222577,inf,1.0704579870046116,False,False,1,-1,,False,False,0.0,13.021839686689914,inf,3.388688268976121,0.0,,False,low_risk_verified,,False,False,0.0,inf,inf,inf,False,0.0,,,
6000,1007,1,99,99,-0.005187273025512695,0.8206394910812378,-0.005187273025512695,0.8206394910812378,0.0,0.0,True,False,inactive_raw_action,raw_action_safe,0,0,0,0,low_risk_verified_passthrough,0,0,0,False,False,False,False,False,False,False,False,True,0.2084064249135177,11.983865630684543,0.0,False,max_steps,,inf,,False,,inf,inf,inf,inf,inf,inf,inf,inf,0.0,{'ROAD_LINE_BROKEN_SINGLE_WHITE'},False,False,,False,False,,0,True,,False,0,0,,inf,inf,inf,inf,False,False,6.45114791795723,inf,0.0,False,False,1,-1,,False,False,0.0,11.91002584197823,inf,3.098753164208228,0.0,,False,low_risk_verified,,False,False,0.0,inf,inf,inf,False,0.0,,,
6000,1007,1,100,100,-0.10539215803146362,0.5655840635299683,-0.10539215803146362,0.5655840635299683,0.0,0.0,True,False,inactive_raw_action,raw_action,0,0,10,10,raw_action_safe_or_candidate_not_better,0,0,0,False,False,False,False,False,False,False,False,True,0.21107536710659577,12.110691489725243,0.0,False,max_steps,,inf,,False,,inf,inf,inf,12.4931637518162,inf,1.78843108361834,inf,inf,0.0,{'ROAD_LINE_BROKEN_SINGLE_WHITE'},False,False,,False,False,,0,False,route_deviation_rising,False,0,0,,inf,inf,inf,inf,False,False,5.988233894547672,inf,0.0,False,False,1,0,,False,False,0.0,12.676397279246496,inf,2.7884310836183395,0.0,,False,raw_action_safe_or_candidate_not_better,candidate_not_better,False,False,0.0,12.913906555760791,inf,2.808107009544266,False,-5.342197459982941,,,
6000,1007,1,101,101,-0.21637731790542603,0.06551933288574219,-0.21637731790542603,0.06551933288574219,0.0,0.0,True,False,inactive_raw_action,raw_action,0,0,10,10,raw_action_safe_or_candidate_not_better,0,0,0,False,False,False,False,False,False,False,False,True,0.21380960244304206,12.06870403313453,0.0,False,max_steps,,inf,,False,,inf,inf,inf,17.04320671083735,inf,1.5370075398074725,inf,inf,0.0,{'ROAD_LINE_BROKEN_SINGLE_WHITE'},False,False,,False,False,,0,False,route_deviation_rising,False,0,0,,inf,inf,inf,inf,False,False,5.618988213843433,inf,0.0,False,False,1,0,,False,False,0.0,17.217996336045523,inf,2.537007539807472,0.0,,False,raw_action_safe_or_candidate_not_better,candidate_not_better,False,False,0.0,17.436193658087166,inf,2.5566834657333986,False,-3.5659287411436367,,,
6000,1007,1,102,102,-0.16250604391098022,0.10565519332885742,-0.16250604391098022,0.10565519332885742,0.0,0.0,True,False,inactive_raw_action,raw_action,0,0,10,10,raw_action_safe_or_candidate_not_better,0,0,0,False,False,False,False,False,False,False,False,True,0.2165746819492592,12.078041891568224,0.0,False,max_steps,,inf,,False,,inf,inf,inf,16.01226997678003,inf,1.3216801081134864,inf,inf,0.0,{'ROAD_LINE_BROKEN_SINGLE_WHITE'},False,False,,False,False,,0,False,route_deviation_rising,False,0,0,,inf,inf,inf,inf,False,False,5.370620747936502,inf,0.0,False,False,1,0,,False,False,0.0,16.238961946372868,inf,2.3216801081134864,0.0,,False,raw_action_safe_or_candidate_not_better,candidate_not_better,False,False,0.0,16.509967264162558,inf,2.341356034039412,False,-3.9478579779542358,,,
6000,1007,1,103,103,0.021290302276611328,0.35329461097717285,0.021290302276611328,0.35329461097717285,0.0,0.0,True,False,inactive_raw_action,raw_action,0,0,10,10,raw_action_safe_or_candidate_not_better,0,0,0,False,False,False,False,False,False,False,False,True,0.21936093532955933,12.165539688829671,0.0,False,max_steps,,inf,,False,,inf,inf,inf,12.53558943238283,inf,1.2149367714797292,inf,inf,0.0,{'ROAD_LINE_BROKEN_SINGLE_WHITE'},False,False,,False,False,,0,False,route_deviation_rising,False,0,0,,inf,inf,inf,inf,False,False,5.025794176837496,inf,0.257145162781062,False,False,1,0,,False,False,0.0,12.876158898262618,inf,2.2149367714797292,0.0,,False,raw_action_safe_or_candidate_not_better,candidate_not_better,False,False,0.0,13.2654070820797,inf,2.234612697405655,False,-4.882081203658728,,,
6000,1007,1,104,104,0.06950962543487549,0.3506268262863159,0.06950962543487549,0.3506268262863159,0.0,0.0,True,False,inactive_raw_action,raw_action_safe,0,0,0,0,low_risk_verified_passthrough,0,0,0,False,False,False,False,False,False,False,False,True,0.22217044815181552,12.25694233185693,0.0,False,max_steps,,inf,,False,,inf,inf,inf,inf,inf,inf,inf,inf,0.0,{'ROAD_LINE_BROKEN_SINGLE_WHITE'},False,False,,False,False,,0,True,,False,0,0,,inf,inf,inf,inf,False,False,4.640672995127817,inf,0.8456221069836621,False,False,1,-1,,False,False,0.0,12.497442776561824,inf,2.167505269241512,0.0,,False,low_risk_verified,,False,False,0.0,inf,inf,inf,False,0.0,,,
6000,1007,1,105,105,0.08370077610015869,-0.12670373916625977,0.08370077610015869,-0.12670373916625977,0.0,0.0,True,False,inactive_raw_action,raw_action_safe,0,0,0,0,low_risk_verified_passthrough,0,0,0,False,False,False,False,False,False,False,False,True,0.22497652368567966,11.867600124645366,0.0,False,max_steps,,inf,,False,,inf,inf,inf,inf,inf,inf,inf,inf,0.0,{'ROAD_LINE_BROKEN_SINGLE_WHITE'},False,False,,False,False,,0,True,,False,0,0,,inf,inf,inf,inf,False,False,4.309509275481484,inf,1.0259155857913138,False,False,1,-1,,False,False,0.0,18.53618648966704,inf,2.1201811715829693,0.0,,False,low_risk_verified,,False,False,0.0,inf,inf,inf,False,0.0,,,
6000,1007,1,106,106,0.19219088554382324,0.007012844085693359,0.19219088554382324,0.007012844085693359,0.0,0.0,True,False,inactive_raw_action,raw_action_safe,0,0,0,0,low_risk_verified_passthrough,0,0,0,False,False,False,False,False,False,False,False,True,0.2277168254134517,11.817170011696351,0.0,False,max_steps,,inf,,False,,inf,inf,inf,inf,inf,inf,inf,inf,0.0,{'ROAD_LINE_BROKEN_SINGLE_WHITE'},False,False,,False,False,,0,True,,False,0,0,,inf,inf,inf,inf,False,False,3.9455556716239366,inf,2.28084457723558,False,False,1,-1,,False,False,0.0,13.881881491394353,inf,2.1188235052296718,0.0,,False,low_risk_verified,,False,False,0.0,inf,inf,inf,False,0.0,,,
6000,1007,1,107,107,0.19482886791229248,0.15370237827301025,0.19482886791229248,0.15370237827301025,0.0,0.0,True,False,inactive_raw_action,raw_action_safe,0,0,0,0,low_risk_verified_passthrough,0,0,0,False,False,False,False,False,False,False,False,True,0.23044491726132704,11.826284731237704,0.0,False,max_steps,,inf,,False,,inf,inf,inf,inf,inf,inf,inf,inf,0.0,{'ROAD_LINE_BROKEN_SINGLE_WHITE'},False,False,,False,False,,0,True,,False,0,0,,inf,inf,inf,inf,False,False,3.9649468327817554,inf,2.302325855305892,False,False,1,-1,,False,False,0.0,12.506567312753093,inf,2.1345090518293457,0.0,,False,low_risk_verified,,False,False,0.0,inf,inf,inf,False,0.0,,,
6000,1007,1,108,108,0.6071369647979736,0.6545157432556152,0.10797441005706787,0.18000000715255737,-0.49916255474090576,-0.47451573610305786,True,True,predictive_recovery,right_pass,-0.5455254712597232,8.0,10,4,,0,0,0,False,False,False,False,False,False,False,False,True,0.23307067390217026,11.888099655524535,0.0,False,max_steps,vehicle,35.83544559165161,dynamic_vehicle,True,,inf,inf,inf,23.87611470858874,inf,2.098742373950905,15.458923232275755,-0.5160508146611078,0.014654841095958665,{'ROAD_LINE_BROKEN_SINGLE_WHITE'},True,True,raw_collision_risk:cut_in_danger,True,False,right,12,False,raw_predicted_collision,False,0,0,,inf,inf,inf,inf,False,False,4.101610829495879,inf,7.180174616560279,True,False,1,0,,True,False,0.0,12.549444987995331,inf,2.098742373950905,0.0,cut_in_danger,True,raw_collision_risk:cut_in_danger,,False,False,0.0,23.87611470858874,inf,2.1413290916656567,False,-83.8124752163547,,,
6000,1007,1,109,109,0.5668251514434814,0.6785643100738525,0.09804976731538773,0.18000000715255737,-0.4687753915786743,-0.49856430292129517,True,True,predictive_recovery,right_pass,-0.44836717204881305,8.0,10,4,,0,0,0,False,False,False,False,False,False,False,False,True,0.23570936964436706,11.94129565789353,0.0,False,max_steps,vehicle,35.061807109538286,dynamic_vehicle,True,,inf,inf,inf,23.800035663045417,inf,2.1223872381009756,14.900709758330658,-0.4872482085819847,0.013836903010702025,{'ROAD_LINE_BROKEN_SINGLE_WHITE'},True,True,raw_collision_risk:cut_in_danger,True,False,right,12,False,raw_predicted_collision,False,0,0,,inf,inf,inf,inf,False,False,4.2160375342953165,inf,6.738473887617894,True,False,1,0,,True,False,0.0,12.134708155290037,inf,2.1223872381009756,0.0,cut_in_danger,True,raw_collision_risk:cut_in_danger,,False,False,0.0,23.800035663045417,inf,2.162597041721819,False,-84.60767268564446,,,
6000,1007,1,110,110,0.5609872341156006,0.5813665390014648,0.12098424136638641,0.18000000715255737,-0.440002977848053,-0.40136653184890747,True,True,predictive_recovery,right_pass,-0.34574231513076403,8.0,10,4,,0,0,0,False,False,False,False,False,False,False,False,True,0.23835637816897381,11.982949237940847,0.0,False,max_steps,vehicle,34.495458730786126,dynamic_vehicle,True,,inf,inf,inf,23.865464116048418,inf,2.116065647108679,14.573074050084475,-0.46428701323394694,0.013184849647663073,{'ROAD_LINE_BROKEN_SINGLE_WHITE'},True,True,raw_collision_risk:cut_in_danger,True,False,right,12,False,raw_predicted_collision,False,0,0,,inf,inf,inf,inf,False,False,4.290586849125202,inf,6.698914422878323,True,False,1,0,,True,False,0.0,14.367581021750574,inf,2.116065647108679,0.0,cut_in_danger,True,raw_collision_risk:cut_in_danger,,False,False,0.0,23.865464116048418,inf,2.154380594802743,False,-82.46131415939503,,,
6000,1007,1,111,111,0.5648856163024902,0.5428516864776611,0.13670340180397034,0.18000000715255737,-0.4281822144985199,-0.36285167932510376,True,True,predictive_recovery,right_pass,-0.2332946757619253,8.0,10,4,,0,0,0,False,False,False,False,False,False,False,False,True,0.24100847336642203,12.021842804728829,0.0,False,max_steps,vehicle,33.75445522184474,dynamic_vehicle,True,,inf,inf,inf,23.76284830123842,inf,2.1497244237385185,14.087672224769337,-0.6525160467913964,0.023070854902528633,{'ROAD_LINE_BROKEN_SINGLE_WHITE'},True,True,raw_collision_risk:cut_in_danger,True,False,right,12,False,raw_predicted_collision,False,0,0,,inf,inf,inf,inf,False,False,4.356190468681423,inf,6.768995665395671,True,False,1,0,,True,False,0.0,14.184938605787792,inf,2.1497244237385185,0.0,cut_in_danger,True,raw_collision_risk:cut_in_danger,,False,False,0.0,23.76284830123842,inf,2.1851645924140897,False,-81.67048204013076,,,
6000,1007,1,112,112,0.5625513792037964,0.5604463815689087,0.16629765927791595,0.30000001192092896,-0.39625370502471924,-0.26044636964797974,True,True,predictive_recovery,right_pass,-0.10315726129156155,14.543851521788918,10,7,,0,0,0,False,False,False,False,False,False,False,False,True,0.24366586678565103,12.085298288621019,0.0,False,max_steps,vehicle,33.21622183411095,dynamic_vehicle,True,,inf,inf,inf,7.293824362236407,inf,0.52427948545509,-18.92376978759324,-1.2186037172140303,0.9127670430262723,{'ROAD_LINE_BROKEN_SINGLE_WHITE'},True,True,raw_collision_risk:cut_in_danger,True,False,right,12,False,raw_predicted_collision,False,0,0,,inf,inf,inf,inf,False,False,4.438519060974677,inf,6.762904250371439,True,False,1,0,,True,False,0.0,14.025131982311681,inf,2.190946152121757,0.0,cut_in_danger,True,raw_collision_risk:cut_in_danger,,False,False,0.0,7.293824362236407,inf,2.2230146709958105,True,69.95064738537994,,,
6000,1007,1,113,113,0.5287604331970215,0.6992067098617554,0.1615927368402481,0.18000000715255737,-0.36716771125793457,-0.519206702709198,True,True,predictive_recovery,right_pass,0.017574791669406786,8.0,10,6,,0,0,0,False,False,False,False,False,False,False,False,True,0.24633214620712812,12.123825140269819,0.0,False,max_steps,vehicle,32.676025878786184,dynamic_vehicle,True,,inf,inf,inf,22.760401239355712,inf,0.5419297199467176,13.475612006276087,-0.5403064777105633,0.019103487816816523,{'ROAD_LINE_BROKEN_SINGLE_WHITE'},True,True,raw_collision_risk:cut_in_danger,True,False,right,12,False,raw_predicted_collision,False,0,0,,inf,inf,inf,inf,False,False,4.522761542333827,inf,6.3902275584064725,True,False,1,0,,True,False,0.0,12.99666344303884,inf,2.2085963866133844,0.0,cut_in_danger,True,raw_collision_risk:cut_in_danger,,False,False,0.0,23.438848009937388,inf,2.23794210585006,False,-85.81617805068217,,,
6000,1007,1,114,114,0.5116543769836426,0.6871969699859619,0.17193780839443207,0.30000001192092896,-0.3397165536880493,-0.38719695806503296,True,True,predictive_recovery,right_pass,-0.21902352985258067,15.216211505206648,10,7,,0,0,0,False,False,False,False,False,False,False,False,True,0.2490052154858008,12.193498700830222,0.0,False,max_steps,vehicle,32.17042093059156,dynamic_vehicle,True,,inf,inf,inf,6.016461909965745,inf,0.6033143995366294,-13.788512218785588,-1.0833636317768742,0.4712479532416228,{'ROAD_LINE_BROKEN_SINGLE_WHITE'},True,True,raw_collision_risk:cut_in_danger,True,False,right,12,False,raw_predicted_collision,False,0,0,,inf,inf,inf,inf,False,False,4.649515955332319,inf,6.203208198803377,True,False,1,0,,True,False,0.0,12.973833734116555,inf,2.269981066203296,0.0,cut_in_danger,True,raw_collision_risk:cut_in_danger,,False,False,0.0,6.016461909965745,inf,2.302774276079839,True,73.45144581066202,,,
6000,1007,1,115,115,0.48840785026550293,0.6463570594787598,0.16391192376613617,0.30000001192092896,-0.32449591159820557,-0.3463570475578308,True,True,predictive_recovery,right_pass,-0.21525330969857914,15.102105468484641,10,7,,0,0,0,False,False,False,False,False,False,False,False,True,0.25169097350669906,12.269334599478787,0.0,False,max_steps,vehicle,31.675559676018285,dynamic_vehicle,True,,inf,inf,inf,6.22885098109934,inf,0.5995441793826274,-11.303082104877806,-0.9735223551569354,0.33934313332329935,{'ROAD_LINE_BROKEN_SINGLE_WHITE'},True,True,raw_collision_risk:cut_in_danger,True,False,right,12,False,raw_predicted_collision,False,0,0,,inf,inf,inf,inf,False,False,4.748851912817904,inf,5.955400487687692,True,False,1,0,,True,False,0.0,14.59812030610151,inf,2.2662108460492942,0.0,cut_in_danger,True,raw_collision_risk:cut_in_danger,,False,False,0.0,6.22885098109934,inf,2.299004055925838,True,74.58157880833579,,,
6000,1007,1,116,116,0.4743846654891968,0.6653532981872559,0.1621081829071045,0.30000001192092896,-0.3122764825820923,-0.3653532862663269,True,True,predictive_recovery,right_pass,-0.2740758801915191,15.263424441321439,10,8,,0,0,0,False,False,False,False,False,False,False,False,True,0.2543907753643921,12.343949401593612,0.0,False,max_steps,vehicle,31.018784305085706,dynamic_vehicle,True,,inf,inf,inf,5.506177725007845,inf,0.6583667498755675,-10.223201053473943,-0.7956885136481229,0.25708603719642265,{'ROAD_LINE_BROKEN_SINGLE_WHITE'},True,True,raw_collision_risk:cut_in_danger,True,False,right,12,False,raw_predicted_collision,False,0,0,,inf,inf,inf,inf,False,False,4.837971907213355,inf,5.820384189748773,True,False,1,0,,True,False,0.0,14.093616588112756,inf,2.3250334165422344,0.0,cut_in_danger,True,raw_collision_risk:cut_in_danger,,False,False,0.0,5.743546872814941,inf,2.3578266264187775,True,75.85421496004825,,,
6000,1007,1,117,117,0.4594838619232178,0.6542680263519287,0.1524427831172943,0.30000001192092896,-0.30704107880592346,-0.35426801443099976,True,True,predictive_recovery,right_pass,-0.28044949568340405,15.288155520177291,10,8,,0,0,0,False,False,False,False,False,False,False,False,True,0.25710495590244364,12.42235492412569,0.0,False,max_steps,vehicle,30.733142501206707,dynamic_vehicle,True,,inf,inf,inf,5.35053397366228,inf,0.6647403653674525,-10.126754784647336,-0.6939473998198529,0.25043641317375415,{'ROAD_LINE_BROKEN_SINGLE_WHITE'},True,True,raw_collision_risk:cut_in_danger,True,False,right,12,False,raw_predicted_collision,False,0,0,,inf,inf,inf,inf,False,False,4.912504926058811,inf,5.6718455424290255,True,False,1,0,,True,False,0.0,13.906865810032784,inf,2.3314070320341194,0.0,cut_in_danger,True,raw_collision_risk:cut_in_danger,,False,False,0.0,5.636632735800044,inf,2.3642002419106625,True,76.3392568351697,,,
6000,1007,1,118,118,0.445919394493103,0.5825051069259644,0.15508314967155457,0.30000001192092896,-0.29083624482154846,-0.2825050950050354,True,True,predictive_recovery,right_pass,-0.30834370509535836,15.04362790529253,10,7,,0,0,0,False,False,False,False,False,False,False,False,True,0.259833877469215,12.497256042562123,0.0,False,max_steps,vehicle,30.100404899061115,dynamic_vehicle,True,,inf,inf,inf,5.735960906141393,inf,0.6926345747794068,-7.637557769855771,-0.5844431604860243,0.1554179177188552,{'ROAD_LINE_BROKEN_SINGLE_WHITE'},True,True,raw_collision_risk:vehicle_lateral_margin_violation,True,False,right,12,False,raw_predicted_collision,False,0,0,,inf,inf,inf,inf,False,False,4.963576897884492,inf,5.539368985944544,True,False,1,0,,True,False,0.0,13.689637068644597,inf,2.3593012414460737,0.0,vehicle_lateral_margin_violation,True,raw_collision_risk:vehicle_lateral_margin_violation,,False,False,0.0,5.86312365130202,inf,2.3920944513226168,True,77.32867944710935,,,
6000,1007,1,119,119,0.39319705963134766,0.5317881107330322,0.14909231662750244,0.30000001192092896,-0.24410474300384521,-0.23178809881210327,True,True,predictive_recovery,right_pass,-0.33044588448335266,14.890302540860768,10,7,,0,0,0,False,False,False,False,False,False,False,False,True,0.26257733641935666,12.575079697686064,0.0,False,max_steps,vehicle,29.63595142387013,dynamic_vehicle,True,,inf,inf,inf,5.876274707319608,inf,0.7147367541674013,-7.276356267307715,-0.4780620091837662,0.14865684033801843,{'ROAD_LINE_BROKEN_SINGLE_WHITE'},True,True,raw_collision_risk:vehicle_lateral_margin_violation,True,False,right,12,False,raw_predicted_collision,False,0,0,,inf,inf,inf,inf,False,False,4.99597237425551,inf,4.913884329395519,True,False,1,0,,True,False,0.0,13.607083238238541,inf,2.381403420834068,0.0,vehicle_lateral_margin_violation,True,raw_collision_risk:vehicle_lateral_margin_violation,,False,False,0.0,6.014312337943661,inf,2.414196630710611,True,77.87133885137739,,,
6000,1007,1,120,120,0.38574182987213135,0.5225493907928467,0.15630397200584412,0.30000001192092896,-0.22943785786628723,-0.22254937887191772,True,True,predictive_recovery,right_pass,-0.33418288496245596,14.926551956253874,10,7,,0,0,0,False,False,False,False,False,False,False,False,True,0.2653352342138195,12.647657538038088,0.0,False,max_steps,vehicle,29.222955863667632,dynamic_vehicle,True,,inf,inf,inf,5.464583059423131,inf,0.7184737546465044,-5.830677662566234,-0.387282626899339,0.08992736704151826,{'ROAD_LINE_BROKEN_SINGLE_WHITE'},True,True,raw_collision_risk:vehicle_lateral_margin_violation,True,False,right,12,False,raw_predicted_collision,False,0,0,,inf,inf,inf,inf,False,False,5.006160094056974,inf,4.850734253373311,True,False,1,0,,True,False,0.0,13.089538738200021,inf,2.3851404213131713,0.0,vehicle_lateral_margin_violation,True,raw_collision_risk:vehicle_lateral_margin_violation,,False,False,0.0,5.613305284171773,inf,2.4179336311897144,True,78.65589284741579,,,
6000,1007,1,121,121,0.3325585126876831,0.5251505374908447,0.15102607011795044,0.30000001192092896,-0.18153244256973267,-0.22515052556991577,True,True,predictive_recovery,right_pass,-0.37388293405141804,15.010834956746889,10,6,,0,0,0,False,False,False,False,False,False,False,False,True,0.2681072562486148,12.7241174403057,0.0,False,max_steps,vehicle,28.765546440822884,dynamic_vehicle,True,,inf,inf,inf,5.091719606623256,inf,2.4248404704021334,-6.425341297071345,-0.4534706317530288,0.10681290259229755,{'ROAD_LINE_BROKEN_SINGLE_WHITE'},True,True,raw_collision_risk:vehicle_lateral_margin_violation,True,False,right,12,False,raw_predicted_collision,False,0,0,,inf,inf,inf,inf,False,False,5.0036269581810355,inf,4.20608617983311,True,False,1,0,,True,False,0.0,12.754135987697437,inf,2.4248404704021334,0.0,vehicle_lateral_margin_violation,True,raw_collision_risk:vehicle_lateral_margin_violation,,False,False,0.0,5.270110759308334,inf,2.4576336802786765,True,79.26939165219295,,,
6000,1007,1,122,122,0.3252067565917969,0.48176109790802,0.15799486637115479,0.30000001192092896,-0.1672118902206421,-0.18176108598709106,True,True,predictive_recovery,right_pass,-0.35609195142617955,14.89204238089179,10,7,,0,0,0,False,False,False,False,False,False,False,False,True,0.27089349649943045,12.794901231844916,0.0,False,max_steps,vehicle,28.151460990084612,dynamic_vehicle,True,,inf,inf,inf,4.964361133004175,inf,0.7403828211102278,-6.505976109215524,-0.4237294814728041,0.11625717854809761,{'ROAD_LINE_BROKEN_SINGLE_WHITE'},True,True,raw_collision_risk:vehicle_lateral_margin_violation,True,False,right,12,False,raw_predicted_collision,False,0,0,,inf,inf,inf,inf,False,False,4.982920989920362,inf,4.137968963254933,True,False,1,0,,True,False,0.0,12.3330307747842,inf,2.4070494877768946,0.0,vehicle_lateral_margin_violation,True,raw_collision_risk:vehicle_lateral_margin_violation,,False,False,0.0,5.142434263690024,inf,2.439842697653438,True,79.7582659766082,,,
6000,1007,1,123,123,0.2829378843307495,0.48869431018829346,0.14610186219215393,0.30000001192092896,-0.13683602213859558,-0.1886942982673645,True,True,predictive_recovery,right_pass,-0.4114772807592464,14.994025627692237,10,6,,0,0,0,False,False,False,False,False,False,False,False,True,0.2736936781015123,12.871917857206038,0.0,False,max_steps,vehicle,27.691667020362697,dynamic_vehicle,True,,inf,inf,inf,4.537798672381841,inf,2.4624348171099615,-5.5390595755003496,-0.3153554593275556,0.0679756643958645,{'ROAD_LINE_BROKEN_SINGLE_WHITE'},True,True,raw_collision_risk:vehicle_lateral_margin_violation,True,False,right,12,False,raw_predicted_collision,False,0,0,,inf,inf,inf,inf,False,False,4.953466566259661,inf,3.6201622847591013,True,False,1,0,,True,False,0.0,11.92790829099996,inf,2.4624348171099615,0.0,vehicle_lateral_margin_violation,True,raw_collision_risk:vehicle_lateral_margin_violation,,False,False,0.0,4.762239479065979,inf,2.495228026986505,True,80.65817144668553,,,
6000,1007,1,124,124,0.32776451110839844,0.4074922800064087,0.32776451110839844,0.4074922800064087,0.0,0.0,True,False,inactive_raw_action,raw_action_safe,0,0,0,0,low_risk_verified_passthrough,0,0,0,False,False,False,False,False,False,False,False,True,0.2765039315113211,12.86359322065724,0.0,False,max_steps,vehicle,26.873728773509022,dynamic_vehicle,True,,inf,inf,inf,inf,inf,inf,inf,inf,0.0,{'ROAD_LINE_BROKEN_SINGLE_WHITE'},False,False,,False,False,,0,True,,False,0,0,,inf,inf,inf,inf,False,False,4.905071638033509,inf,4.218957863494601,False,False,1,-1,,False,False,0.0,4.276927263923605,inf,2.449828965719479,0.0,,False,low_risk_verified,,False,False,0.0,inf,inf,inf,False,0.0,,,
6000,1007,1,125,125,0.3967549800872803,0.4141378402709961,0.1291896551847458,0.30000001192092896,-0.2675653100013733,-0.11413782835006714,True,True,predictive_recovery,right_pass,-0.4428114409245205,14.727213501876722,10,6,,0,0,0,False,False,False,False,False,False,False,False,True,0.2793161860387696,12.946704529073681,0.0,False,max_steps,vehicle,25.480294889818147,dynamic_vehicle,True,,inf,inf,inf,4.593376720386164,inf,2.4605341353158745,-3.9602039089327192,-0.2592781469957772,0.04149512155797238,{'ROAD_LINE_BROKEN_SINGLE_WHITE'},True,True,raw_collision_risk:vehicle_lateral_margin_violation,True,False,right,12,False,raw_predicted_collision,False,0,0,,inf,inf,inf,inf,False,False,4.933509440220966,inf,5.103694672112737,True,False,1,0,,True,False,0.0,12.807994734220442,inf,2.4605341353158745,0.0,vehicle_lateral_margin_violation,True,raw_collision_risk:vehicle_lateral_margin_violation,,False,False,0.0,4.857754444123847,inf,2.493327345192418,True,82.4372823153602,,,
6000,1007,1,126,126,0.3133336305618286,0.46543288230895996,0.10929874330759048,0.30000001192092896,-0.20403489470481873,-0.165432870388031,True,True,predictive_recovery,right_pass,-0.42102104003968877,15.041152499464001,10,6,,0,0,0,False,False,False,False,False,False,False,False,True,0.2821428081522143,13.033931367841944,0.0,False,max_steps,vehicle,24.10702419309196,dynamic_vehicle,True,,inf,inf,inf,3.78279318039696,inf,2.438743734431043,-5.590191772798768,-0.20462657469673018,0.06646823394727686,{'ROAD_LINE_BROKEN_SINGLE_WHITE'},True,True,raw_collision_risk:vehicle_lateral_margin_violation,True,False,right,12,False,raw_predicted_collision,False,0,0,,inf,inf,inf,inf,False,False,4.856843109960935,inf,4.056637933905926,True,False,1,0,,True,False,0.0,12.091498354051856,inf,2.438743734431043,0.0,vehicle_lateral_margin_violation,True,raw_collision_risk:vehicle_lateral_margin_violation,,False,False,0.0,4.071934952591125,inf,2.471536944307586,True,84.03061068236565,,,
6000,1007,1,127,127,0.2364940643310547,0.5229471921920776,0.08080215007066727,0.30000001192092896,-0.15569192171096802,-0.22294718027114868,True,True,predictive_recovery,right_pass,-0.4579419773765947,15.387193732706294,10,6,,0,0,0,False,False,False,False,False,False,False,False,True,0.28498255384524035,13.125019205128375,0.0,False,max_steps,vehicle,22.761094017296617,dynamic_vehicle,True,,inf,inf,inf,3.1196027844497487,inf,2.4756646717679494,-3.3742794763432684,-0.08138777152853183,0.029475458495002764,{'ROAD_LINE_BROKEN_SINGLE_WHITE'},True,True,raw_collision_risk:vehicle_lateral_margin_violation,True,False,right,12,False,raw_predicted_collision,False,0,0,,inf,inf,inf,inf,False,False,4.751162813155823,inf,3.0824474033929645,True,False,1,0,,True,False,0.0,12.93220888079618,inf,2.4756646717679494,0.0,vehicle_lateral_margin_violation,True,raw_collision_risk:vehicle_lateral_margin_violation,,False,False,0.0,3.4796609281033306,inf,2.508457881644492,True,85.89603429409661,,,
6000,1007,1,128,128,0.18394315242767334,0.8318240642547607,0.18394315242767334,0.8318240642547607,0.0,0.0,True,False,inactive_raw_action,raw_action_safe,0,0,0,0,low_risk_verified_passthrough,0,0,0,False,False,False,False,False,False,False,False,True,0.28799531355242297,13.27209644585107,0.0,False,max_steps,vehicle,24.92168397974663,dynamic_vehicle,True,,inf,inf,inf,inf,inf,inf,inf,inf,0.0,{'ROAD_LINE_BROKEN_SINGLE_WHITE'},False,False,,False,False,,0,True,,False,0,0,,inf,inf,inf,inf,False,False,4.521490272320861,inf,2.4142574082650685,False,False,1,-1,,False,False,0.0,6.926572888370153,inf,2.489297977296651,0.0,,False,low_risk_verified,,False,False,0.0,inf,inf,inf,False,0.0,,,
6000,1007,1,129,129,0.1373506784439087,0.855694055557251,0.1373506784439087,0.855694055557251,0.0,0.0,True,False,inactive_raw_action,raw_action_safe,0,0,0,0,low_risk_verified_passthrough,0,0,0,False,False,False,False,False,False,False,False,True,0.29104681987858233,13.51093604608958,0.0,False,max_steps,vehicle,24.287979671837537,dynamic_vehicle,True,,inf,inf,inf,inf,inf,inf,inf,inf,0.0,{'ROAD_LINE_BROKEN_SINGLE_WHITE'},False,False,,False,False,,0,True,,False,0,0,,inf,inf,inf,inf,False,False,4.300384722464521,inf,1.8229314512106336,False,False,1,-1,,False,False,0.0,7.324850693129605,inf,2.490026912621587,0.0,,False,low_risk_verified,,False,False,0.0,inf,inf,inf,False,0.0,,,
6000,1007,1,130,130,0.05451703071594238,0.8917562961578369,0.05451703071594238,0.8917562961578369,0.0,0.0,True,False,inactive_raw_action,raw_action_safe,0,0,0,0,low_risk_verified_passthrough,0,0,0,False,False,False,False,False,False,False,False,True,0.2941566667331107,13.787025907003303,0.0,False,max_steps,vehicle,22.95635228707997,dynamic_vehicle,True,,inf,inf,inf,inf,inf,inf,inf,inf,0.0,{'ROAD_LINE_BROKEN_SINGLE_WHITE'},False,False,,False,False,,0,True,,False,0,0,,inf,inf,inf,inf,False,False,4.067016693302289,inf,0.7365761154257987,False,False,1,-1,,False,False,0.0,7.451329253932917,inf,2.4524185559162426,0.0,,False,low_risk_verified,,False,False,0.0,inf,inf,inf,False,0.0,,,
6000,1007,1,131,131,-0.01691383123397827,0.886601448059082,-0.01691383123397827,0.886601448059082,0.0,0.0,True,False,inactive_raw_action,raw_action_safe,0,0,0,0,low_risk_verified_passthrough,0,0,0,False,False,False,False,False,False,False,False,True,0.2973323593037783,14.050814045889712,0.0,False,max_steps,,inf,,False,,inf,inf,inf,inf,inf,inf,inf,inf,0.0,{'ROAD_LINE_BROKEN_SINGLE_WHITE'},False,False,,False,False,,0,True,,False,0,0,,inf,inf,inf,inf,False,False,3.8349126663260806,inf,0.0,False,False,1,-1,,False,False,0.0,7.984232992798013,inf,2.403419357237571,0.0,,False,low_risk_verified,,False,False,0.0,inf,inf,inf,False,0.0,,,
6000,1007,1,132,132,-0.036877989768981934,0.7916059494018555,-0.036877989768981934,0.7916059494018555,0.0,0.0,True,False,inactive_raw_action,raw_action_safe,0,0,0,0,low_risk_verified_passthrough,0,0,0,False,False,False,False,False,False,False,False,True,0.3005677881928438,14.287699043734042,0.0,False,max_steps,,inf,,False,,inf,inf,inf,inf,inf,inf,inf,inf,0.0,{'ROAD_LINE_BROKEN_SINGLE_WHITE'},False,False,,False,False,,0,True,,False,0,0,,inf,inf,inf,inf,False,False,3.584945166685216,inf,0.0,False,False,1,-1,,False,False,0.0,8.045645795464804,inf,2.3798417194128674,0.0,,False,low_risk_verified,,False,False,0.0,inf,inf,inf,False,0.0,,,
6000,1007,1,133,133,0.09325718879699707,0.586067795753479,0.09325718879699707,0.586067795753479,0.0,0.0,True,False,inactive_raw_action,raw_action_safe,0,0,0,0,low_risk_verified_passthrough,0,0,0,False,False,False,False,False,False,False,False,True,0.30384444491077,14.406110695898118,0.0,False,max_steps,,inf,,False,,inf,inf,inf,inf,inf,inf,inf,inf,0.0,{'ROAD_LINE_BROKEN_SINGLE_WHITE'},False,False,,False,False,,0,True,,False,0,0,,inf,inf,inf,inf,False,False,3.322433892441709,inf,1.33243064719618,False,False,1,-1,,False,False,0.0,8.503476846669624,inf,2.395570852899237,0.0,,False,low_risk_verified,,False,False,0.0,inf,inf,inf,False,0.0,,,
6000,1007,1,134,134,0.20023763179779053,0.21277296543121338,0.20023763179779053,0.21277296543121338,0.0,0.0,True,False,inactive_raw_action,raw_action_safe,0,0,0,0,low_risk_verified_passthrough,0,0,0,False,False,False,False,False,False,False,False,True,0.3071376190144747,14.39415133519592,0.0,False,max_steps,,inf,,False,,inf,inf,inf,inf,inf,inf,inf,inf,0.0,{'ROAD_LINE_BROKEN_SINGLE_WHITE'},False,False,,False,False,,0,True,,False,0,0,,inf,inf,inf,inf,False,False,3.126361535206491,inf,2.884645489163459,False,False,1,-1,,False,False,0.0,9.431895329066023,inf,2.4674813980530406,0.0,,False,low_risk_verified,,False,False,0.0,inf,inf,inf,False,0.0,,,
6000,1007,1,135,135,0.25905346870422363,0.08646607398986816,0.25905346870422363,0.08646607398986816,0.0,0.0,True,False,inactive_raw_action,raw_action_safe,0,0,0,0,low_risk_verified_passthrough,0,0,0,False,False,False,False,False,False,False,False,True,0.31042427046815013,14.338263344816616,0.0,False,max_steps,,inf,,False,,inf,inf,inf,inf,inf,inf,inf,inf,0.0,{'ROAD_LINE_BROKEN_SINGLE_WHITE'},False,False,,False,False,,0,True,,False,0,0,,inf,inf,inf,inf,False,False,3.0380856881031697,inf,3.728854832436035,False,False,1,-1,,False,False,0.0,9.85142236830287,inf,2.5281164333643953,0.0,,False,low_risk_verified,,False,False,0.0,inf,inf,inf,False,0.0,,,
6000,1007,1,136,136,0.2035658359527588,0.2716768980026245,0.2035658359527588,0.2716768980026245,0.0,0.0,True,False,inactive_raw_action,raw_action_safe,0,0,0,0,low_risk_verified_passthrough,0,0,0,False,False,False,False,False,False,False,False,True,0.31370139870085617,14.348707754293539,0.0,False,max_steps,,inf,,False,,inf,inf,inf,inf,inf,inf,inf,inf,0.0,{'ROAD_LINE_BROKEN_SINGLE_WHITE'},False,False,,False,False,,0,True,,False,0,0,,inf,inf,inf,inf,False,False,2.997188557122671,inf,2.9187805638983937,False,False,1,-1,,False,False,0.0,9.846647080980562,inf,2.5879075504657316,0.0,,False,low_risk_verified,,False,False,0.0,inf,inf,inf,False,0.0,,,
6000,1007,1,137,137,0.1233443021774292,0.3655519485473633,0.1233443021774292,0.3655519485473633,0.0,0.0,True,False,inactive_raw_action,raw_action_safe,0,0,0,0,low_risk_verified_passthrough,0,0,0,False,False,False,False,False,False,False,False,True,0.3169849621529329,14.439538063301232,0.0,False,max_steps,,inf,,False,,inf,inf,inf,inf,inf,inf,inf,inf,0.0,{'ROAD_LINE_BROKEN_SINGLE_WHITE'},False,False,,False,False,,0,True,,False,0,0,,inf,inf,inf,inf,False,False,2.9339525773697335,inf,1.7698313451012038,False,False,1,-1,,False,False,0.0,9.715887664663102,inf,2.5999024500262355,0.0,,False,low_risk_verified,,False,False,0.0,inf,inf,inf,False,0.0,,,
6000,1007,1,138,138,0.05732131004333496,0.6223242282867432,0.05732131004333496,0.6223242282867432,0.0,0.0,True,False,inactive_raw_action,raw_action_safe,0,0,0,0,low_risk_verified_passthrough,0,0,0,False,False,False,False,False,False,False,False,True,0.3202944606870112,14.624020152577485,0.0,False,max_steps,,inf,,False,,inf,inf,inf,inf,inf,inf,inf,inf,0.0,{'ROAD_LINE_BROKEN_SINGLE_WHITE'},False,False,,False,False,,0,True,,False,0,0,,inf,inf,inf,inf,False,False,2.8334858860942878,inf,0.8276932382090263,False,False,1,-1,,False,False,0.0,9.925956201630877,inf,2.599907924342069,0.0,,False,low_risk_verified,,False,False,0.0,inf,inf,inf,False,0.0,,,
6000,1007,1,139,139,0.02097344398498535,0.5488685369491577,0.02097344398498535,0.5488685369491577,0.0,0.0,True,False,inactive_raw_action,raw_action_safe,0,0,0,0,low_risk_verified_passthrough,0,0,0,False,False,False,False,False,False,False,False,True,0.3236462322506737,14.792016254083894,0.0,False,max_steps,,inf,,False,,inf,inf,inf,inf,inf,inf,inf,inf,0.0,{'ROAD_LINE_BROKEN_SINGLE_WHITE'},False,False,,False,False,,0,True,,False,0,0,,inf,inf,inf,inf,False,False,2.680903760567935,inf,0.30671606750538083,False,False,1,-1,,False,False,0.0,9.838258022549178,inf,2.5640085422405376,0.0,,False,low_risk_verified,,False,False,0.0,inf,inf,inf,False,0.0,,,
6000,1007,1,140,140,-0.007226049900054932,-0.08288305997848511,-0.007226049900054932,-0.08288305997848511,0.0,0.0,True,False,inactive_raw_action,raw_action_safe,0,0,0,0,low_risk_verified_passthrough,0,0,0,False,False,False,False,False,False,False,False,True,0.32701404400621303,14.542175055126211,0.0,False,max_steps,,inf,,False,,inf,inf,inf,inf,inf,inf,inf,inf,0.0,{'ROAD_LINE_BROKEN_SINGLE_WHITE'},False,False,,False,False,,0,True,,False,0,0,,inf,inf,inf,inf,False,False,2.5164015147639085,inf,0.0,False,False,1,-1,,False,False,0.0,10.550971176436564,inf,2.557127114189434,0.0,,False,low_risk_verified,,False,False,0.0,inf,inf,inf,False,0.0,,,
6000,1007,1,141,141,0.015956401824951172,-0.3711082339286804,0.015956401824951172,-0.3711082339286804,0.0,0.0,True,False,inactive_raw_action,raw_action_safe,0,0,0,0,low_risk_verified_passthrough,0,0,0,False,False,False,False,False,False,False,False,True,0.33028025103675945,13.570451176216787,0.0,False,max_steps,,inf,,False,,inf,inf,inf,inf,inf,inf,inf,inf,0.0,{'ROAD_LINE_BROKEN_SINGLE_WHITE'},False,False,,False,False,,0,True,,False,0,0,,inf,inf,inf,inf,False,False,2.4956375030075337,inf,0.2320407885883753,False,False,1,-1,,False,False,0.0,10.998961122797635,inf,2.5573988629492095,0.0,,False,low_risk_verified,,False,False,0.0,inf,inf,inf,False,0.0,,,
6000,1007,1,142,142,-0.004120051860809326,-0.3298799991607666,-0.004120051860809326,-0.3298799991607666,0.0,0.0,True,False,inactive_raw_action,raw_action_safe,0,0,0,0,low_risk_verified_passthrough,0,0,0,False,False,False,False,False,False,False,False,True,0.33333563798102267,12.740713246417112,0.0,False,max_steps,,inf,,False,,inf,inf,inf,inf,inf,inf,inf,inf,0.0,{'ROAD_LINE_BROKEN_SINGLE_WHITE'},False,False,,False,False,,0,True,,False,0,0,,inf,inf,inf,inf,False,False,2.805502828116335,inf,0.0,False,False,1,-1,,False,False,0.0,11.121570612913937,inf,2.617191580662515,0.0,,False,low_risk_verified,,False,False,0.0,inf,inf,inf,False,0.0,,,
6000,1007,1,143,143,0.11443626880645752,-0.4041323661804199,0.11443626880645752,-0.4041323661804199,0.0,0.0,True,False,inactive_raw_action,raw_action_safe,0,0,0,0,low_risk_verified_passthrough,0,0,0,False,False,False,False,False,False,False,False,True,0.33618681330966993,11.787133016555712,0.0,False,max_steps,,inf,,False,,inf,inf,inf,inf,inf,inf,inf,inf,0.0,{'ROAD_LINE_BROKEN_SINGLE_WHITE'},False,False,,False,False,,0,True,,False,0,0,,inf,inf,inf,inf,False,False,3.1684579884152257,inf,1.4579996858529827,False,False,1,-1,,False,False,0.0,11.223929083789107,inf,2.6923109148172872,0.0,,False,low_risk_verified,,False,False,0.0,inf,inf,inf,False,0.0,,,
6000,1007,1,144,144,0.2133544683456421,-0.15000444650650024,0.2133544683456421,-0.15000444650650024,0.0,0.0,True,False,inactive_raw_action,raw_action_safe,0,0,0,0,low_risk_verified_passthrough,0,0,0,False,False,False,False,False,False,False,False,True,0.3388477884365396,11.333711785712165,0.0,False,max_steps,,inf,,False,,inf,inf,inf,inf,inf,inf,inf,inf,0.0,{'ROAD_LINE_BROKEN_SINGLE_WHITE'},False,False,,False,False,,0,True,,False,0,0,,inf,inf,inf,inf,False,False,3.86681233161572,inf,2.5148374980666084,False,False,1,-1,,False,False,0.0,11.350951214220393,inf,2.74206715740207,0.0,,False,low_risk_verified,,False,False,0.0,inf,inf,inf,False,0.0,,,
6000,1007,1,145,145,0.21959984302520752,-0.03379148244857788,0.21959984302520752,-0.03379148244857788,0.0,0.0,True,False,inactive_raw_action,raw_action_safe,0,0,0,0,low_risk_verified_passthrough,0,0,0,False,False,False,False,False,False,False,False,True,0.3414189529426791,11.197244237151622,0.0,False,max_steps,,inf,,False,,inf,inf,inf,inf,inf,inf,inf,inf,0.0,{'ROAD_LINE_BROKEN_SINGLE_WHITE'},False,False,,False,False,,0,True,,False,0,0,,inf,inf,inf,inf,False,False,4.344874319495528,inf,2.488881329035336,False,False,1,-1,,False,False,0.0,11.328817020035077,inf,2.667698947901884,0.0,,False,low_risk_verified,,False,False,0.0,inf,inf,inf,False,0.0,,,
6000,1007,1,146,146,-0.7028552293777466,0.2480783462524414,-0.7028552293777466,0.2480783462524414,0.0,0.0,True,False,inactive_raw_action,raw_action_safe,0,0,0,0,low_risk_verified_passthrough,0,0,0,False,False,False,False,False,False,False,False,True,0.3443679768511861,11.00960412461586,0.0,False,max_steps,,inf,,False,,inf,inf,inf,inf,inf,inf,inf,inf,0.0,{'ROAD_LINE_BROKEN_SINGLE_WHITE'},False,False,,False,False,,0,True,,False,0,0,,inf,inf,inf,inf,False,False,4.5284992688068595,inf,0.0,False,False,1,-1,,False,False,0.0,11.434816750991233,inf,2.530851262926365,0.0,,False,low_risk_verified,,False,False,0.0,inf,inf,inf,False,0.0,,,
6000,1007,1,147,147,-0.8366934657096863,0.06890320777893066,-0.8366934657096863,0.06890320777893066,0.0,0.0,True,False,inactive_raw_action,raw_action_safe,0,0,0,0,low_risk_verified_passthrough,0,0,0,False,False,False,False,False,False,False,False,True,0.34716241769946,10.749152970276644,0.0,False,max_steps,,inf,,False,,inf,inf,inf,inf,inf,inf,inf,inf,0.0,set(),False,False,,False,False,,0,True,,False,0,0,,inf,inf,inf,inf,False,False,4.820824324898555,inf,0.0,False,False,1,-1,,False,False,0.0,11.621116726020892,inf,2.254632309220675,0.0,,False,low_risk_verified,,False,False,0.0,inf,inf,inf,False,0.0,,,
6000,1007,1,148,148,-0.9421120285987854,-0.6612306237220764,-0.9421120285987854,-0.6612306237220764,0.0,0.0,True,False,inactive_raw_action,raw_action,0,0,10,10,raw_action_safe_or_candidate_not_better,0,0,0,False,False,False,False,False,False,False,False,True,0.3497587032936712,9.817142117802199,0.0,False,max_steps,,inf,,False,,inf,inf,inf,12.062977401830368,inf,0.9175824117238532,inf,inf,0.0,set(),False,False,,False,False,,0,False,route_deviation_rising,False,0,0,,inf,inf,inf,inf,False,False,5.174079528601678,inf,0.0,False,False,1,0,,False,False,0.0,12.120396607906743,inf,1.9175824117238531,0.0,,False,raw_action_safe_or_candidate_not_better,candidate_not_better,False,False,0.0,12.062977401830368,inf,1.9175824117238531,False,27.268784263652513,,,
6000,1007,1,149,149,-0.9435223340988159,-0.5920737981796265,-0.9435223340988159,-0.5920737981796265,0.0,0.0,True,False,inactive_raw_action,raw_action_safe,0,0,0,0,low_risk_verified_passthrough,0,0,0,False,False,False,False,False,False,False,False,True,0.35208025022966444,8.934377717880839,0.0,False,max_steps,,inf,,False,,inf,inf,inf,inf,inf,inf,inf,inf,0.0,set(),False,False,,False,False,,0,True,,False,0,0,,inf,inf,inf,inf,False,False,7.953854324985531,inf,0.0,False,False,1,-1,,False,False,0.0,12.329679559855114,inf,1.5658829196168456,0.0,,False,low_risk_verified,,False,False,0.0,inf,inf,inf,False,0.0,,,
6000,1007,1,150,150,-0.957566499710083,-0.45014870166778564,-0.957566499710083,-0.45014870166778564,0.0,0.0,True,False,inactive_raw_action,raw_action_safe,0,0,0,0,low_risk_verified_passthrough,0,0,0,False,False,False,False,False,False,False,False,True,0.35415861462583614,8.056009681472496,0.0,False,max_steps,,inf,,False,,inf,inf,inf,inf,inf,inf,inf,inf,0.0,set(),False,False,,False,False,,0,True,,False,0,0,,inf,inf,inf,inf,False,False,17.966928636897123,inf,0.0,False,False,1,-1,,False,False,0.0,12.739209399412042,inf,1.1954893393667754,0.0,,False,low_risk_verified,,False,False,0.0,inf,inf,inf,False,0.0,,,
6000,1007,1,151,151,-0.9599640965461731,-0.614937424659729,-0.9599640965461731,-0.614937424659729,0.0,0.0,True,False,inactive_raw_action,raw_action_safe,0,0,0,0,low_risk_verified_passthrough,0,0,0,False,False,False,False,False,False,False,False,True,0.35601811081600654,7.171300793952746,0.0,False,max_steps,,inf,,False,,inf,inf,inf,inf,inf,inf,inf,inf,0.0,{'ROAD_LINE_BROKEN_SINGLE_WHITE'},False,False,,False,False,,0,True,,False,0,0,,inf,inf,inf,inf,False,False,inf,inf,0.0,False,False,1,-1,,False,False,0.5457754848363519,13.25555344155571,inf,0.9090374191939411,0.0,,False,low_risk_verified,,False,False,0.0,inf,inf,inf,False,0.0,,,
6000,1007,1,152,152,-0.9473394751548767,-0.13966190814971924,-0.9473394751548767,-0.13966190814971924,0.0,0.0,True,False,inactive_raw_action,raw_action,0,0,10,6,raw_action_safe_or_candidate_not_better,0,0,0,False,False,False,False,False,False,False,False,True,0.3576923285152375,6.668448222425269,0.0,False,max_steps,,inf,,False,,inf,inf,inf,13.874122041004966,inf,0.701571027814981,inf,inf,0.0,{'ROAD_LINE_BROKEN_SINGLE_WHITE'},False,False,,False,False,,0,False,boundary_margin_uncertain_or_low,False,0,0,,inf,inf,inf,inf,False,False,inf,inf,0.0,False,False,1,0,,False,False,1.7905738331101135,13.874435008328376,inf,0.701571027814981,0.0,,False,raw_action_safe_or_candidate_not_better,candidate_not_better,False,False,0.34222831474040794,13.896509411099995,inf,0.721246953740908,False,-8.260132045510936,,,
6000,1007,1,153,153,-0.9281119108200073,0.457714319229126,-0.9281119108200073,0.457714319229126,0.0,0.0,True,False,inactive_raw_action,raw_action,0,0,10,6,raw_action_safe_or_candidate_not_better,0,0,0,False,False,False,False,False,False,False,False,True,0.3592749039682514,6.517760401024529,0.0,False,max_steps,,inf,,False,,inf,inf,inf,14.486182713091559,inf,0.46720999831736976,inf,inf,0.0,{'ROAD_LINE_BROKEN_SINGLE_WHITE'},False,False,,False,False,,0,False,boundary_margin_uncertain_or_low,False,0,0,,inf,inf,inf,inf,False,False,inf,inf,0.0,False,False,1,0,,False,False,3.1967400100957817,14.500439916076132,inf,0.46720999831736976,0.0,,False,raw_action_safe_or_candidate_not_better,boundary_margin_insufficient,False,False,0.905661671714558,14.520082849599628,inf,0.4868859242432958,False,-25.497325007039706,,,
6000,1007,1,154,154,-0.8998145461082458,0.8408504724502563,-0.3499999940395355,0.30000001192092896,0.5498145818710327,-0.5408504605293274,True,True,pre_contact_emergency,pre_contact_boundary_recovery,0,0,0,0,boundary_margin_low,0,0,0,False,False,False,False,False,False,False,False,True,0.3608385732354006,6.627790693102412,0.0,False,max_steps,,inf,,False,,inf,inf,inf,inf,inf,inf,inf,inf,0.0,{'ROAD_LINE_BROKEN_SINGLE_WHITE'},True,True,boundary_margin,False,False,,0,False,,False,0,0,,inf,inf,inf,inf,False,False,inf,inf,0.0,True,False,1,0,,False,False,4.126238073841341,15.241797989152513,inf,0.3122936543597765,0.0,,True,boundary_margin_low,,False,False,0.0,inf,inf,inf,False,0.0,,,
6000,1007,1,155,155,-0.8617138862609863,0.7971541881561279,-0.3499999940395355,0.30000001192092896,0.5117138624191284,-0.497154176235199,True,True,pre_contact_emergency,pre_contact_boundary_recovery,0,0,0,0,boundary_margin_low,0,0,0,False,False,False,False,False,False,False,False,True,0.36241948523013884,6.711966894246807,0.0,False,max_steps,,inf,,False,,inf,inf,inf,inf,inf,inf,inf,inf,0.0,{'ROAD_LINE_BROKEN_SINGLE_WHITE'},True,True,boundary_margin,False,False,,0,False,,False,0,0,,inf,inf,inf,inf,False,False,inf,inf,0.0,True,False,1,0,,False,False,4.723052343607311,16.151213147849845,inf,0.21282460939878156,0.0,,True,boundary_margin_low,,False,False,0.0,inf,inf,inf,False,0.0,,,
6000,1007,1,156,156,-0.8651016354560852,0.6572171449661255,-0.3499999940395355,0.30000001192092896,0.5151016712188721,-0.35721713304519653,True,True,pre_contact_emergency,pre_contact_boundary_recovery,0,0,0,0,boundary_margin_low,0,0,0,False,False,False,False,False,False,False,False,True,0.36401767803435325,6.788562917020053,0.0,False,max_steps,,inf,,False,,inf,inf,inf,inf,inf,inf,inf,inf,0.0,{'ROAD_LINE_BROKEN_SINGLE_WHITE'},True,True,predicted_out_of_road_within_2s;boundary_margin,False,False,,0,False,,False,0,0,,inf,inf,inf,inf,False,False,inf,inf,0.0,True,False,1,0,,False,True,2.0,inf,inf,0.14597414254289154,0.0,boundary_margin,True,boundary_margin_low,,False,False,0.0,inf,inf,inf,False,0.0,,,
6000,1007,1,157,157,-0.8212563395500183,0.8824934959411621,-0.3499999940395355,0.30000001192092896,0.4712563455104828,-0.5824934840202332,True,True,pre_contact_emergency,pre_contact_boundary_recovery,0,0,0,0,boundary_margin_low,0,0,0,False,False,False,False,False,False,False,False,True,0.3656326695315404,6.863035920015908,0.0,False,max_steps,,inf,,False,,inf,inf,inf,inf,inf,inf,inf,inf,0.0,{'ROAD_LINE_BROKEN_SINGLE_WHITE'},True,True,predicted_out_of_road_within_2s;boundary_margin,False,False,,0,False,,False,0,0,,inf,inf,inf,inf,False,False,inf,inf,0.0,True,False,1,0,,False,True,2.0,inf,inf,0.05977174302577626,0.0,boundary_margin,True,boundary_margin_low,,False,False,0.0,inf,inf,inf,False,0.0,,,
6000,1007,1,158,158,-0.7741788625717163,0.944544792175293,-0.3499999940395355,0.30000001192092896,0.4241788685321808,-0.644544780254364,True,True,pre_contact_emergency,pre_contact_boundary_recovery,0,0,0,0,boundary_margin_low,0,0,0,False,False,False,False,False,False,False,False,True,0.36726436877770957,6.936867530552332,0.0,False,max_steps,,inf,,False,,inf,inf,inf,inf,inf,inf,inf,inf,0.0,{'ROAD_LINE_BROKEN_SINGLE_WHITE'},True,True,predicted_out_of_road_within_2s;boundary_margin,False,False,,0,False,,False,0,0,,inf,inf,inf,inf,False,False,inf,inf,0.0,True,False,1,0,,False,True,3.0,inf,inf,-0.03329342780999345,0.0,boundary_invalid,True,boundary_margin_low,,False,False,0.0,inf,inf,inf,False,0.0,,,
6000,1007,1,159,159,-0.7537634372711182,0.953891396522522,-0.3499999940395355,0.30000001192092896,0.40376344323158264,-0.653891384601593,True,True,pre_contact_emergency,pre_contact_boundary_recovery,0,0,0,0,boundary_margin_low,0,0,0,False,False,False,False,False,False,False,False,True,0.3689129976889476,7.010371839063141,0.0,False,max_steps,,inf,,False,,inf,inf,inf,inf,inf,inf,inf,inf,0.0,{'ROAD_LINE_BROKEN_SINGLE_WHITE'},True,True,predicted_out_of_road_within_2s;boundary_margin,False,False,,0,False,,False,0,0,,inf,inf,inf,inf,False,False,inf,inf,0.0,True,False,1,0,,False,True,3.0,inf,inf,-0.08196397092231877,0.0,boundary_invalid,True,boundary_margin_low,,False,False,0.0,inf,inf,inf,False,0.0,,,
6000,1007,1,160,160,-0.7811339497566223,0.8902187347412109,-0.3499999940395355,0.30000001192092896,0.4311339557170868,-0.590218722820282,True,True,pre_contact_emergency,pre_contact_boundary_recovery,0,0,0,0,boundary_margin_low,0,0,0,False,False,False,False,False,False,False,False,True,0.37057879587612613,7.083508799573043,0.0,False,max_steps,,inf,,False,,inf,inf,inf,inf,inf,inf,inf,inf,0.0,{'ROAD_LINE_BROKEN_SINGLE_WHITE'},True,True,predicted_out_of_road_within_2s;boundary_margin,False,False,,0,False,,False,0,0,,inf,inf,inf,inf,False,False,inf,inf,0.0,True,False,1,0,,False,True,3.0,inf,inf,-0.08457828570729431,0.0,boundary_invalid,True,boundary_margin_low,,False,False,0.0,inf,inf,inf,False,0.0,,,
6000,1007,1,161,161,-0.8218961358070374,0.8202030658721924,-0.3499999940395355,0.30000001192092896,0.47189614176750183,-0.5202030539512634,True,True,pre_contact_emergency,pre_contact_boundary_recovery,0,0,0,0,boundary_margin_low,0,0,0,False,False,False,False,False,False,False,False,True,0.3722621288064197,7.15617423430345,0.0,False,max_steps,,inf,,False,,inf,inf,inf,inf,inf,inf,inf,inf,0.0,{'ROAD_LINE_BROKEN_SINGLE_WHITE'},True,True,predicted_out_of_road_within_2s;boundary_margin,False,False,,0,False,,False,0,0,,inf,inf,inf,inf,False,False,inf,inf,0.0,True,False,1,0,,False,True,3.0,inf,inf,-0.05481742610015483,0.0,boundary_invalid,True,boundary_margin_low,,False,False,0.0,inf,inf,inf,False,0.0,,,
6000,1007,1,162,162,-0.6885724663734436,0.9076390266418457,-0.3499999940395355,0.30000001192092896,0.3385724723339081,-0.6076390147209167,True,True,pre_contact_emergency,pre_contact_boundary_recovery,0,0,0,0,boundary_margin_low,0,0,0,False,False,False,False,False,False,False,False,True,0.3739631931507416,7.228336049808632,0.0,False,max_steps,,inf,,False,,inf,inf,inf,inf,inf,inf,inf,inf,0.0,{'ROAD_LINE_BROKEN_SINGLE_WHITE'},True,True,predicted_out_of_road_within_2s;boundary_margin,False,False,,0,False,,False,0,0,,inf,inf,inf,inf,False,False,inf,inf,0.0,True,False,1,0,,False,True,3.0,inf,inf,-0.07704381413956107,0.0,boundary_invalid,True,boundary_margin_low,,False,False,0.0,inf,inf,inf,False,0.0,,,
6000,1007,1,163,163,-0.6908257603645325,0.8972101211547852,-0.3499999940395355,0.30000001192092896,0.34082576632499695,-0.5972101092338562,True,True,pre_contact_emergency,pre_contact_boundary_recovery,0,0,0,0,boundary_margin_low,0,0,0,False,False,False,False,False,False,False,False,True,0.3756823277540058,7.299996237993047,0.0,False,max_steps,,inf,,False,,inf,inf,inf,inf,inf,inf,inf,inf,0.0,{'ROAD_LINE_BROKEN_SINGLE_WHITE'},True,True,predicted_out_of_road_within_2s;boundary_margin,False,False,,0,False,,False,0,0,,inf,inf,inf,inf,False,False,inf,inf,0.0,True,False,1,0,,False,True,3.0,inf,inf,-0.05025481506942131,0.0,boundary_invalid,True,boundary_margin_low,,False,False,0.0,inf,inf,inf,False,0.0,,,
6000,1007,1,164,164,-0.6180757284164429,0.9502032995223999,-0.3499999940395355,0.30000001192092896,0.26807573437690735,-0.650203287601471,True,True,pre_contact_emergency,pre_contact_boundary_recovery,0,0,0,0,boundary_margin_low,0,0,0,False,False,False,False,False,False,False,False,True,0.3774199039157516,7.371166522104214,0.0,False,max_steps,,inf,,False,,inf,inf,inf,inf,inf,inf,inf,inf,0.0,set(),True,True,predicted_out_of_road_within_2s;boundary_margin,False,False,,0,False,,False,0,0,,inf,inf,inf,inf,False,False,inf,inf,0.0,True,False,1,0,,False,True,2.0,inf,inf,0.02693034428914798,0.0,boundary_margin,True,boundary_margin_low,,False,False,0.0,inf,inf,inf,False,0.0,,,
6000,1007,1,165,165,-0.6252649426460266,0.9194533824920654,-0.3499999940395355,0.30000001192092896,0.2752649486064911,-0.6194533705711365,True,True,pre_contact_emergency,pre_contact_boundary_recovery,0,0,0,0,boundary_margin_low,0,0,0,False,False,False,False,False,False,False,False,True,0.3791762319493851,7.441849451542613,0.0,False,max_steps,,inf,,False,,inf,inf,inf,inf,inf,inf,inf,inf,0.0,set(),True,True,boundary_margin,False,False,,0,False,,False,0,0,,inf,inf,inf,inf,False,False,inf,inf,0.0,True,False,1,0,,False,False,5.066121000967431,28.147830098704734,inf,0.15564649983876144,0.0,,True,boundary_margin_low,,False,False,0.0,inf,inf,inf,False,0.0,,,
6000,1007,1,166,166,-0.560703694820404,0.9448015689849854,-0.3499999940395355,0.30000001192092896,0.21070370078086853,-0.6448015570640564,True,True,pre_contact_emergency,pre_contact_boundary_recovery,0,0,0,0,boundary_margin_low,0,0,0,False,False,False,False,False,False,False,False,True,0.38095181162259306,7.512036967470437,0.0,False,max_steps,,inf,,False,,inf,inf,inf,inf,inf,inf,inf,inf,0.0,set(),True,True,boundary_margin,False,False,,0,False,,False,0,0,,inf,inf,inf,inf,False,False,inf,inf,0.0,True,False,1,0,,False,False,4.4380382128923435,29.599767809393512,inf,0.2603269645179427,0.0,,True,boundary_margin_low,,False,False,0.0,inf,inf,inf,False,0.0,,,
6000,1007,1,167,167,-0.5021486878395081,0.9528424739837646,-0.5021486878395081,0.9528424739837646,0.0,0.0,True,False,inactive_raw_action,raw_action,0,0,10,6,raw_action_safe_or_candidate_not_better,0,0,0,False,False,False,False,False,False,False,False,True,0.38274816417739804,7.636644240037698,0.0,False,max_steps,,inf,,False,,inf,inf,inf,30.883536468925058,inf,0.4063048591614177,inf,inf,0.0,set(),False,False,,False,False,,0,False,boundary_margin_uncertain_or_low,False,0,0,,inf,inf,inf,inf,False,False,inf,inf,0.0,False,False,1,0,,False,False,3.5621708450314933,31.09395863855392,inf,0.4063048591614177,0.0,,False,raw_action_safe_or_candidate_not_better,boundary_margin_insufficient,False,False,1.0883770891824138,31.106978586825804,inf,0.4259807850873437,False,-34.554853124412574,,,
6000,1007,1,168,168,-0.4178413152694702,0.981881856918335,-0.4178413152694702,0.981881856918335,0.0,0.0,True,False,inactive_raw_action,raw_action,0,0,10,6,raw_action_safe_or_candidate_not_better,0,0,0,False,False,False,False,False,False,False,False,True,0.38457724495020823,7.873041731611273,0.0,False,max_steps,,inf,,False,,inf,inf,inf,32.41101900126082,inf,0.5896229972839763,inf,inf,0.0,set(),False,False,,False,False,,0,False,boundary_margin_uncertain_or_low,False,0,0,,inf,inf,inf,inf,False,False,inf,inf,0.0,False,False,1,0,,False,False,2.462262016296142,32.62330012265468,inf,0.5896229972839763,0.0,,False,raw_action_safe_or_candidate_not_better,candidate_not_better,False,False,0.5832341734567259,32.63617352514592,inf,0.6092989232099023,False,-26.02879410400511,,,
6000,1007,1,169,169,-0.3346976041793823,0.9779152870178223,-0.3346976041793823,0.9779152870178223,0.0,0.0,True,False,inactive_raw_action,raw_action,0,0,10,6,raw_action_safe_or_candidate_not_better,0,0,0,False,False,False,False,False,False,False,False,True,0.38646936476967664,8.171626827867277,0.0,False,max_steps,,inf,,False,,inf,inf,inf,33.282137677635,inf,0.8418140640259196,inf,inf,0.0,{'ROAD_LINE_BROKEN_SINGLE_WHITE'},False,False,,False,False,,0,False,route_deviation_rising,False,0,0,,inf,inf,inf,inf,False,False,inf,inf,0.0,False,False,1,0,,False,False,0.9491156158444825,33.282137677635,inf,0.8418140640259196,0.0,,False,raw_action_safe_or_candidate_not_better,candidate_not_better,False,False,0.11227890396112056,33.30808816169382,inf,0.8614899899518457,False,-18.404931190198646,,,
6000,1007,1,170,170,0.04565095901489258,0.9965444803237915,0.04565095901489258,0.9965444803237915,0.0,0.0,True,False,inactive_raw_action,raw_action,0,0,10,7,raw_action_safe_or_candidate_not_better,0,0,0,False,False,False,False,False,False,False,False,True,0.3882407872750219,8.35625528999818,0.0,False,max_steps,,inf,,False,,inf,inf,inf,32.36219991351462,inf,1.1600566139221598,inf,inf,0.0,{'ROAD_LINE_BROKEN_SINGLE_WHITE'},False,False,,False,False,,0,False,boundary_closing,False,0,0,,inf,inf,inf,inf,False,False,inf,inf,0.3730426014039657,False,False,1,0,,False,False,0.0,32.36219991351462,inf,1.1600566139221598,0.0,,False,raw_action_safe_or_candidate_not_better,candidate_not_better,False,False,0.0,32.39723863706875,inf,1.1797325398480858,False,-15.067367672257753,,,
6000,1007,1,171,171,0.21530985832214355,0.9951061010360718,0.21530985832214355,0.9951061010360718,0.0,0.0,True,False,inactive_raw_action,raw_action,0,0,10,10,raw_action_safe_or_candidate_not_better,0,0,0,False,False,False,False,False,False,False,False,True,0.3900661896950202,8.491072044429634,0.0,False,max_steps,,inf,,False,,inf,inf,inf,31.907543553316685,inf,0.5215711822510173,inf,inf,0.0,{'ROAD_LINE_BROKEN_SINGLE_WHITE'},False,False,,False,False,,0,False,route_deviation_rising,False,0,0,,inf,inf,inf,inf,False,False,1888.8832358515958,inf,1.7991841425931705,False,False,1,0,,False,False,0.0,31.926021070876374,inf,1.5215711822510172,0.0,,False,raw_action_safe_or_candidate_not_better,candidate_not_better,False,False,0.0,31.97116347718012,inf,1.5412471081769428,False,-13.148610205446332,,,
6000,1007,1,172,172,0.3116281032562256,0.9876929521560669,0.3116281032562256,0.9876929521560669,0.0,0.0,True,False,inactive_raw_action,raw_action,0,0,10,10,raw_action_safe_or_candidate_not_better,0,0,0,False,False,False,False,False,False,False,False,True,0.39195357721429336,8.60946091810047,0.0,False,max_steps,,inf,,False,,inf,inf,inf,31.635711765327883,inf,0.8771810760498454,inf,inf,0.0,{'ROAD_LINE_BROKEN_SINGLE_WHITE'},False,False,,False,False,,0,False,route_deviation_rising,False,0,0,,inf,inf,inf,inf,False,False,270.76008143150693,inf,2.6460566758175683,False,False,1,0,,False,False,0.0,31.663930659406653,inf,1.8771810760498453,0.0,,False,raw_action_safe_or_candidate_not_better,candidate_not_better,False,False,0.0,31.718982867543488,inf,1.896857001975771,False,-12.348647813822993,,,
6000,1007,1,173,173,0.3844020366668701,0.9804158210754395,0.3844020366668701,0.9804158210754395,0.0,0.0,True,False,inactive_raw_action,raw_action_safe,0,0,0,0,low_risk_verified_passthrough,0,0,0,False,False,False,False,False,False,False,False,True,0.39390845798739793,8.720165063816177,0.0,False,max_steps,,inf,,False,,inf,inf,inf,inf,inf,inf,inf,inf,0.0,{'ROAD_LINE_BROKEN_SINGLE_WHITE'},False,False,,False,False,,0,True,,False,0,0,,inf,inf,inf,inf,False,False,155.08274751118995,inf,3.309494311521642,False,False,1,-1,,False,False,0.0,31.426676269447483,inf,2.2074833145142008,0.0,,False,low_risk_verified,,False,False,0.0,inf,inf,inf,False,0.0,,,
6000,1007,1,174,174,0.3701896667480469,0.9877133369445801,0.3701896667480469,0.9877133369445801,0.0,0.0,True,False,inactive_raw_action,raw_action_safe,0,0,0,0,low_risk_verified_passthrough,0,0,0,False,False,False,False,False,False,False,False,True,0.3959319336452451,8.870364961791477,0.0,False,max_steps,,inf,,False,,inf,inf,inf,inf,inf,inf,inf,inf,0.0,{'ROAD_LINE_BROKEN_SINGLE_WHITE'},False,False,,False,False,,0,True,,False,0,0,,inf,inf,inf,inf,False,False,112.39030905086932,inf,3.2281149989620714,False,False,1,-1,,False,False,0.0,31.0788618397349,inf,2.4980635871887613,0.0,,False,low_risk_verified,,False,False,0.0,inf,inf,inf,False,0.0,,,
6000,1007,1,175,175,0.29643118381500244,0.9909045696258545,0.29643118381500244,0.9909045696258545,0.0,0.0,True,False,inactive_raw_action,raw_action_safe,0,0,0,0,low_risk_verified_passthrough,0,0,0,False,False,False,False,False,False,False,False,True,0.3980330008402771,9.137230273022732,0.0,False,max_steps,,inf,,False,,inf,inf,inf,inf,inf,inf,inf,inf,0.0,{'ROAD_LINE_BROKEN_SINGLE_WHITE'},False,False,,False,False,,0,True,,False,0,0,,inf,inf,inf,inf,False,False,82.70325350969173,inf,2.6294527864949666,False,False,1,-1,,False,False,0.0,30.613694258315093,inf,2.7395286788940836,0.0,,False,low_risk_verified,,False,False,0.0,inf,inf,inf,False,0.0,,,
6000,1007,1,176,176,0.1918700933456421,0.991279125213623,0.1918700933456421,0.991279125213623,0.0,0.0,True,False,inactive_raw_action,raw_action_safe,0,0,0,0,low_risk_verified_passthrough,0,0,0,False,False,False,False,False,False,False,False,True,0.400222896207789,9.452419622967309,0.0,False,max_steps,,inf,,False,,inf,inf,inf,inf,inf,inf,inf,inf,0.0,set(),False,False,,False,False,,0,True,,False,0,0,,inf,inf,inf,inf,False,False,56.48761306371814,inf,1.7531612254054985,False,False,1,-1,,False,False,0.0,29.785789109691436,inf,2.924957298278849,0.0,,False,low_risk_verified,,False,False,0.0,inf,inf,inf,False,0.0,,,
6000,1007,1,177,177,0.09216499328613281,0.9879820346832275,0.09216499328613281,0.9879820346832275,0.0,0.0,True,False,inactive_raw_action,raw_action_safe,0,0,0,0,low_risk_verified_passthrough,0,0,0,False,False,False,False,False,False,False,False,True,0.4024960014301332,9.763423756326715,0.0,False,max_steps,,inf,,False,,inf,inf,inf,inf,inf,inf,inf,inf,0.0,set(),False,False,,False,False,,0,True,,False,0,0,,inf,inf,inf,inf,False,False,41.27822653754328,inf,0.871182191088492,False,False,1,-1,,False,False,0.0,28.801273899781933,inf,3.0630450477600504,0.0,,False,low_risk_verified,,False,False,0.0,inf,inf,inf,False,0.0,,,
6000,1007,1,178,178,0.028461694717407227,0.9810624122619629,0.028461694717407227,0.9810624122619629,0.0,0.0,True,False,inactive_raw_action,raw_action_safe,0,0,0,0,low_risk_verified_passthrough,0,0,0,False,False,False,False,False,False,False,False,True,0.4048455231166902,10.063988376102667,0.0,False,max_steps,,inf,,False,,inf,inf,inf,inf,inf,inf,inf,inf,0.0,set(),False,False,,False,False,,0,True,,False,0,0,,inf,inf,inf,inf,False,False,32.57620995862341,inf,0.27788358634925225,False,False,1,-1,,False,False,0.0,27.820633440343585,inf,3.1784773101807047,0.0,,False,low_risk_verified,,False,False,0.0,inf,inf,inf,False,0.0,,,
6000,1007,1,179,179,-0.02134263515472412,0.9630722999572754,-0.02134263515472412,0.9630722999572754,0.0,0.0,True,False,inactive_raw_action,raw_action_safe,0,0,0,0,low_risk_verified_passthrough,0,0,0,False,False,False,False,False,False,False,False,True,0.40726617343908583,10.353953278636546,0.0,False,max_steps,,inf,,False,,inf,inf,inf,inf,inf,inf,inf,inf,0.0,set(),False,False,,False,False,,0,True,,False,0,0,,inf,inf,inf,inf,False,False,26.97034670735117,inf,0.0,False,False,1,-1,,False,False,0.0,26.920761406257938,inf,3.2872622241974283,0.0,,False,low_risk_verified,,False,False,0.0,inf,inf,inf,False,0.0,,,
6000,1007,1,180,180,-0.036013782024383545,0.9304938316345215,-0.036013782024383545,0.9304938316345215,0.0,0.0,True,False,inactive_raw_action,raw_action_safe,0,0,0,0,low_risk_verified_passthrough,0,0,0,False,False,False,False,False,False,False,False,True,0.40975354587367485,10.634698141927771,0.0,False,max_steps,,inf,,False,,inf,inf,inf,inf,inf,inf,inf,inf,0.0,set(),False,False,,False,False,,0,True,,False,0,0,,inf,inf,inf,inf,False,False,23.04784626620892,inf,0.0,False,False,1,-1,,False,False,0.0,26.130778034821844,inf,3.3996825447082926,0.0,,False,low_risk_verified,,False,False,0.0,inf,inf,inf,False,0.0,,,
6000,1007,1,181,181,-0.021412372589111328,0.9068222045898438,-0.021412372589111328,0.9068222045898438,0.0,0.0,True,False,inactive_raw_action,raw_action_safe,0,0,0,0,low_risk_verified_passthrough,0,0,0,False,False,False,False,False,False,False,False,True,0.41230573092687783,10.910286885344131,0.0,False,max_steps,,inf,,False,,inf,inf,inf,inf,inf,inf,inf,inf,0.0,set(),False,False,,False,False,,0,True,,False,0,0,,inf,inf,inf,inf,False,False,20.132359727570503,inf,0.0,False,False,1,-1,,False,False,0.0,25.278237150280248,inf,3.5232036342621256,0.0,,False,low_risk_verified,,False,False,0.0,inf,inf,inf,False,0.0,,,
6000,1007,1,182,182,0.023927927017211914,0.903053879737854,0.023927927017211914,0.903053879737854,0.0,0.0,True,False,inactive_raw_action,raw_action_safe,0,0,0,0,low_risk_verified_passthrough,0,0,0,False,False,False,False,False,False,False,False,True,0.4149237200665148,11.182086974647904,0.0,False,max_steps,,inf,,False,,inf,inf,inf,inf,inf,inf,inf,inf,0.0,set(),False,False,,False,False,,0,True,,False,0,0,,inf,inf,inf,inf,False,False,17.859833913806014,inf,0.26106054832935865,False,False,1,-1,,False,False,0.0,24.272328938277134,inf,3.657343648910563,0.0,,False,low_risk_verified,,False,False,0.0,inf,inf,inf,False,0.0,,,
6000,1007,1,183,183,0.05164039134979248,0.8743515014648438,0.05164039134979248,0.8743515014648438,0.0,0.0,True,False,inactive_raw_action,raw_action_safe,0,0,0,0,low_risk_verified_passthrough,0,0,0,False,False,False,False,False,False,False,False,True,0.4176097899964692,11.44311143432255,0.0,False,max_steps,,inf,,False,,inf,inf,inf,inf,inf,inf,inf,inf,0.0,set(),False,False,,False,False,,0,True,,False,0,0,,inf,inf,inf,inf,False,False,16.050248951300453,inf,0.0,False,False,1,-1,,False,False,0.0,23.43392598693029,inf,3.654126905441243,0.0,,False,low_risk_verified,,False,False,0.0,inf,inf,inf,False,0.0,,,
6000,1007,1,184,184,0.057816267013549805,0.8600200414657593,0.057816267013549805,0.8600200414657593,0.0,0.0,True,False,inactive_raw_action,raw_action_safe,0,0,0,0,low_risk_verified_passthrough,0,0,0,False,False,False,False,False,False,False,False,True,0.4203630226909815,11.70140926619689,0.0,False,max_steps,,inf,,False,,inf,inf,inf,inf,inf,inf,inf,inf,0.0,set(),False,False,,False,False,,0,True,,False,0,0,,inf,inf,inf,inf,False,False,14.627087553464337,inf,0.0,False,False,1,-1,,False,False,0.0,22.496039152362684,inf,3.527272247314412,0.0,,False,low_risk_verified,,False,False,0.0,inf,inf,inf,False,0.0,,,
6000,1007,1,185,185,0.03774547576904297,0.862069845199585,0.03774547576904297,0.862069845199585,0.0,0.0,True,False,inactive_raw_action,raw_action_safe,0,0,0,0,low_risk_verified_passthrough,0,0,0,False,False,False,False,False,False,False,False,True,0.4231821329139887,11.963653411932905,0.0,False,max_steps,,inf,,False,,inf,inf,inf,inf,inf,inf,inf,inf,0.0,set(),False,False,,False,False,,0,True,,False,0,0,,inf,inf,inf,inf,False,False,13.446758680969024,inf,0.0,False,False,1,-1,,False,False,0.0,21.420017728751205,inf,3.4161827793120927,0.0,,False,low_risk_verified,,False,False,0.0,inf,inf,inf,False,0.0,,,
6000,1007,1,186,186,0.0007517337799072266,0.8350803852081299,0.0007517337799072266,0.8350803852081299,0.0,0.0,True,False,inactive_raw_action,raw_action_safe,0,0,0,0,low_risk_verified_passthrough,0,0,0,False,False,False,False,False,False,False,False,True,0.42606513772985033,12.217179621821623,0.0,False,max_steps,,inf,,False,,inf,inf,inf,inf,inf,inf,inf,inf,0.0,set(),False,False,,False,False,,0,True,,False,0,0,,inf,inf,inf,inf,False,False,12.415587879215032,inf,0.0,False,False,1,-1,,False,False,0.0,20.515625136268547,inf,3.319963478088338,0.0,,False,low_risk_verified,,False,False,0.0,inf,inf,inf,False,0.0,,,
6000,1007,1,187,187,-0.029127895832061768,0.7714382410049438,-0.029127895832061768,0.7714382410049438,0.0,0.0,True,False,inactive_raw_action,raw_action_safe,0,0,0,0,low_risk_verified_passthrough,0,0,0,False,False,False,False,False,False,False,False,True,0.42900700635740496,12.44896392464492,0.0,False,max_steps,,inf,,False,,inf,inf,inf,inf,inf,inf,inf,inf,0.0,set(),False,False,,False,False,,0,True,,False,0,0,,inf,inf,inf,inf,False,False,7.074127961316734,inf,0.35586073538600804,False,False,1,-1,,False,False,0.0,19.945631764833244,inf,3.229523920059163,0.0,,False,low_risk_verified,,False,False,0.0,inf,inf,inf,False,0.0,,,
6000,1007,1,188,188,-0.03918814659118652,0.6480555534362793,-0.03918814659118652,0.6480555534362793,0.0,0.0,True,False,inactive_raw_action,raw_action_safe,0,0,0,0,low_risk_verified_passthrough,0,0,0,False,False,False,False,False,False,False,False,True,0.4320000641013039,12.64368160202083,0.0,False,max_steps,,inf,,False,,inf,inf,inf,inf,inf,inf,inf,inf,0.0,set(),False,False,,False,False,,0,True,,False,0,0,,inf,inf,inf,inf,False,False,6.970120944800899,inf,0.4878518231873778,False,False,1,-1,,False,False,0.0,19.938421763152185,inf,3.1331038703918046,0.0,,False,low_risk_verified,,False,False,0.0,inf,inf,inf,False,0.0,,,
6000,1007,1,189,189,0.005202651023864746,0.6627289056777954,0.005202651023864746,0.6627289056777954,0.0,0.0,True,False,inactive_raw_action,raw_action_safe,0,0,0,0,low_risk_verified_passthrough,0,0,0,False,False,False,False,False,False,False,False,True,0.43503858248080857,12.844232952413119,0.0,False,max_steps,,inf,,False,,inf,inf,inf,inf,inf,inf,inf,inf,0.0,{'ROAD_LINE_BROKEN_SINGLE_WHITE'},False,False,,False,False,,0,True,,False,0,0,,inf,inf,inf,inf,False,False,6.891258571686888,inf,0.0,False,False,1,-1,,False,False,0.0,18.836727415136686,inf,3.022464059829671,0.0,,False,low_risk_verified,,False,False,0.0,inf,inf,inf,False,0.0,,,
6000,1007,1,190,190,0.06390500068664551,0.6365182399749756,0.06390500068664551,0.6365182399749756,0.0,0.0,True,False,inactive_raw_action,raw_action_safe,0,0,0,0,low_risk_verified_passthrough,0,0,0,False,False,False,False,False,False,False,False,True,0.43812616015689576,13.02511717830817,0.0,False,max_steps,,inf,,False,,inf,inf,inf,inf,inf,inf,inf,inf,0.0,{'ROAD_LINE_BROKEN_SINGLE_WHITE'},False,False,,False,False,,0,True,,False,0,0,,inf,inf,inf,inf,False,False,6.806495145286763,inf,0.0,False,False,1,-1,,False,False,0.0,18.0893799137409,inf,2.9015455474853105,0.0,,False,low_risk_verified,,False,False,0.0,inf,inf,inf,False,0.0,,,
6000,1007,1,191,191,0.0843660831451416,0.5437119007110596,0.0843660831451416,0.5437119007110596,0.0,0.0,True,False,inactive_raw_action,raw_action_safe,0,0,0,0,low_risk_verified_passthrough,0,0,0,False,False,False,False,False,False,False,False,True,0.4412614384514415,13.179953526657316,0.0,False,max_steps,,inf,,False,,inf,inf,inf,inf,inf,inf,inf,inf,0.0,{'ROAD_LINE_BROKEN_SINGLE_WHITE'},False,False,,False,False,,0,True,,False,0,0,,inf,inf,inf,inf,False,False,6.746309397359644,inf,0.0,False,False,1,-1,,False,False,0.0,18.006528817891336,inf,2.7905795803069657,0.0,,False,low_risk_verified,,False,False,0.0,inf,inf,inf,False,0.0,,,
6000,1007,1,192,192,0.04390513896942139,0.5777338743209839,0.04390513896942139,0.5777338743209839,0.0,0.0,True,False,inactive_raw_action,raw_action_safe,0,0,0,0,low_risk_verified_passthrough,0,0,0,False,False,False,False,False,False,False,False,True,0.44443942330431474,13.35674976550358,0.0,False,max_steps,,inf,,False,,inf,inf,inf,inf,inf,inf,inf,inf,0.0,{'ROAD_LINE_BROKEN_SINGLE_WHITE'},False,False,,False,False,,0,True,,False,0,0,,inf,inf,inf,inf,False,False,6.717096526191178,inf,0.0,False,False,1,-1,,False,False,0.0,16.78621465525177,inf,2.708419584274251,0.0,,False,low_risk_verified,,False,False,0.0,inf,inf,inf,False,0.0,,,
6000,1007,1,193,193,-0.024648427963256836,0.5662350654602051,-0.024648427963256836,0.5662350654602051,0.0,0.0,True,False,inactive_raw_action,raw_action_safe,0,0,0,0,low_risk_verified_passthrough,0,0,0,False,False,False,False,False,False,False,False,True,0.4476597475052117,13.523850594590082,0.0,False,max_steps,,inf,,False,,inf,inf,inf,inf,inf,inf,inf,inf,0.0,{'ROAD_LINE_BROKEN_SINGLE_WHITE'},False,False,,False,False,,0,True,,False,0,0,,inf,inf,inf,inf,False,False,6.669202772266278,inf,0.32922288441826264,False,False,1,-1,,False,False,0.0,15.908427573571105,inf,2.655349992752034,0.0,,False,low_risk_verified,,False,False,0.0,inf,inf,inf,False,0.0,,,
6000,1007,1,194,194,-0.07068675756454468,0.3739888668060303,-0.07068675756454468,0.3739888668060303,0.0,0.0,True,False,inactive_raw_action,raw_action_safe,0,0,0,0,low_risk_verified_passthrough,0,0,0,False,False,False,False,False,False,False,False,True,0.4509147363587837,13.62495213591797,0.0,False,max_steps,,inf,,False,,inf,inf,inf,inf,inf,inf,inf,inf,0.0,{'ROAD_LINE_BROKEN_SINGLE_WHITE'},False,False,,False,False,,0,True,,False,0,0,,inf,inf,inf,inf,False,False,6.6210361079194575,inf,0.9559571483189124,False,False,1,-1,,False,False,0.0,16.87106685584009,inf,2.6104295482635087,0.0,,False,low_risk_verified,,False,False,0.0,inf,inf,inf,False,0.0,,,
6000,1007,1,195,195,-0.04618990421295166,0.24539148807525635,-0.04618990421295166,0.24539148807525635,0.0,0.0,True,False,inactive_raw_action,raw_action_safe,0,0,0,0,low_risk_verified_passthrough,0,0,0,False,False,False,False,False,False,False,False,True,0.45418988505803226,13.699039831994472,0.0,False,max_steps,,inf,,False,,inf,inf,inf,inf,inf,inf,inf,inf,0.0,{'ROAD_LINE_BROKEN_SINGLE_WHITE'},False,False,,False,False,,0,True,,False,0,0,,inf,inf,inf,inf,False,False,6.618744874937258,inf,0.6293352340641022,False,False,1,-1,,False,False,0.0,17.521258504258924,inf,2.548336767196614,0.0,,False,low_risk_verified,,False,False,0.0,inf,inf,inf,False,0.0,,,
6000,1007,1,196,196,0.026911139488220215,0.3270244598388672,0.026911139488220215,0.3270244598388672,0.0,0.0,True,False,inactive_raw_action,raw_action_safe,0,0,0,0,low_risk_verified_passthrough,0,0,0,False,False,False,False,False,False,False,False,True,0.45748258640980055,13.792757438372808,0.0,False,max_steps,,inf,,False,,inf,inf,inf,inf,inf,inf,inf,inf,0.0,{'ROAD_LINE_BROKEN_SINGLE_WHITE'},False,False,,False,False,,0,True,,False,0,0,,inf,inf,inf,inf,False,False,6.6329918994231765,inf,0.0,False,False,1,-1,,False,False,0.0,15.863442981326584,inf,2.4591906299590653,0.0,,False,low_risk_verified,,False,False,0.0,inf,inf,inf,False,0.0,,,
6000,1007,1,197,197,0.08667099475860596,0.25559449195861816,0.08667099475860596,0.25559449195861816,0.0,0.0,True,False,inactive_raw_action,raw_action_safe,0,0,0,0,low_risk_verified_passthrough,0,0,0,False,False,False,False,False,False,False,False,True,0.46079816496349324,13.84968502590572,0.0,False,max_steps,,inf,,False,,inf,inf,inf,inf,inf,inf,inf,inf,0.0,{'ROAD_LINE_BROKEN_SINGLE_WHITE'},False,False,,False,False,,0,True,,False,0,0,,inf,inf,inf,inf,False,False,6.633498218148871,inf,0.0,False,False,1,-1,,False,False,0.0,15.91236921439309,inf,2.3606031169890946,0.0,,False,low_risk_verified,,False,False,0.0,inf,inf,inf,False,0.0,,,
6000,1007,1,198,198,0.07846736907958984,0.15005719661712646,0.07846736907958984,0.15005719661712646,0.0,0.0,True,False,inactive_raw_action,raw_action_safe,0,0,0,0,low_risk_verified_passthrough,0,0,0,False,False,False,False,False,False,False,False,True,0.46413118600661457,13.889314270511166,0.0,False,max_steps,,inf,,False,,inf,inf,inf,inf,inf,inf,inf,inf,0.0,{'ROAD_LINE_BROKEN_SINGLE_WHITE'},False,False,,False,False,,0,True,,False,0,0,,inf,inf,inf,inf,False,False,6.678524509789277,inf,0.0,False,False,1,-1,,False,False,0.0,16.466618091081394,inf,2.2812078227996415,0.0,,False,low_risk_verified,,False,False,0.0,inf,inf,inf,False,0.0,,,
6000,1007,1,199,199,0.014786005020141602,0.17733514308929443,0.014786005020141602,0.17733514308929443,0.0,0.0,True,False,inactive_raw_action,raw_action_safe,0,0,0,0,low_risk_verified_passthrough,0,0,0,False,False,False,False,False,False,False,False,True,0.46747632498976005,13.944285245889585,0.0,False,max_steps,,inf,,False,,inf,inf,inf,inf,inf,inf,inf,inf,0.0,{'ROAD_LINE_BROKEN_SINGLE_WHITE'},False,False,,False,False,,0,True,,False,0,0,,inf,inf,inf,inf,False,False,6.747453868187379,inf,0.0,False,False,1,-1,,False,False,0.0,15.491190004635618,inf,2.2390485038756913,0.0,,False,low_risk_verified,,False,False,0.0,inf,inf,inf,False,0.0,,,
6000,1007,1,200,200,0.13701820373535156,0.7380406856536865,0.027709471061825752,0.18000000715255737,-0.10930873453617096,-0.5580406785011292,True,True,predictive_recovery,left_pass,-0.5006742477417401,13.944285245889585,10,7,,0,0,0,False,False,False,False,False,False,False,False,True,0.4708346101017801,13.997963033296292,0.0,False,max_steps,,inf,,False,,inf,inf,inf,16.819117727744107,inf,1.2233257522582597,-0.7072244158201073,-2.165603530036078,0.11330565774474927,{'ROAD_LINE_BROKEN_SINGLE_WHITE'},True,True,raw_collision_risk:cut_in_danger,True,False,left,12,False,raw_predicted_collision,False,0,0,,inf,inf,inf,inf,False,False,6.796867984651009,inf,0.0,True,False,1,0,,True,False,0.0,9.213569807885536,inf,2.2233257522582597,0.0,cut_in_danger,True,raw_collision_risk:cut_in_danger,,False,False,0.0,16.819117727744107,inf,2.2430016781841853,False,-22.279570290460455,,,
6000,1007,1,201,201,0.12905967235565186,0.6422162055969238,0.016109026968479156,0.18000000715255737,-0.1129506453871727,-0.46221619844436646,True,True,predictive_recovery,left_pass,0.0,8.398777819977775,10,5,,0,0,0,False,False,False,False,False,False,False,False,True,0.47420585773752305,14.052745681444698,0.0,False,max_steps,vehicle,48.28045654296875,dynamic_vehicle,True,,inf,inf,inf,9.953160234901793,inf,0.5523499081929116,23.299181145446383,0.37482644157935074,0.0,{'ROAD_LINE_BROKEN_SINGLE_WHITE'},True,True,raw_collision_risk:cut_in_danger,True,False,left,12,False,raw_predicted_collision,False,0,0,,inf,inf,inf,inf,False,False,6.755208302148038,inf,0.0,True,False,1,0,,True,False,0.0,9.321689586498517,inf,2.219016574859578,0.0,cut_in_danger,True,raw_collision_risk:cut_in_danger,,False,False,0.0,30.06336165440012,inf,2.248628517252387,False,-89.60965303888287,,,
6000,1007,1,202,202,0.10638654232025146,0.6241894960403442,0.002256200183182955,0.18000000715255737,-0.1041303426027298,-0.44418948888778687,True,True,predictive_recovery,left_pass,0.0,8.431647408866818,10,7,,0,0,0,False,False,False,False,False,False,False,False,True,0.4775901046180191,14.107486291249604,0.0,False,max_steps,vehicle,47.5772705078125,dynamic_vehicle,True,,inf,inf,inf,9.196932754283422,inf,0.5630239079792886,22.806883359853632,0.37653202517822915,0.0,{'ROAD_LINE_BROKEN_SINGLE_WHITE'},True,True,raw_collision_risk:cut_in_danger,True,False,left,12,False,raw_predicted_collision,False,0,0,,inf,inf,inf,inf,False,False,6.599297829796826,inf,0.0,True,False,1,0,,True,False,0.0,10.810448786101308,inf,2.229690574645955,0.0,cut_in_danger,True,raw_collision_risk:cut_in_danger,,False,False,0.0,29.381348598040844,inf,2.259092496209634,False,-89.2080080362583,,,
6000,1007,1,203,203,0.08652865886688232,0.5797016620635986,-0.006171735003590584,0.18000000715255737,-0.09270039200782776,-0.39970165491104126,True,True,predictive_recovery,left_pass,0.0,8.464491774749762,10,7,,0,0,0,False,False,False,False,False,False,False,False,True,0.4809874241853291,14.162009960023477,0.0,False,max_steps,vehicle,46.88751220703125,dynamic_vehicle,True,,inf,inf,inf,8.912939541445182,inf,0.5809145997364907,22.313215075492508,0.3788853009938753,0.0,{'ROAD_LINE_BROKEN_SINGLE_WHITE'},True,True,raw_collision_risk:cut_in_danger,True,False,left,12,False,raw_predicted_collision,False,0,0,,inf,inf,inf,inf,False,False,6.4419602458102325,inf,0.0,True,False,1,0,,True,False,0.0,10.473468939016339,inf,2.247581266403157,0.0,cut_in_danger,True,raw_collision_risk:cut_in_danger,,False,False,0.0,28.69418083650673,inf,2.276631172041058,False,-88.14779473007133,,,
6000,1007,1,204,204,0.08189666271209717,0.5287234783172607,-0.008252618834376335,0.18000000715255737,-0.09014928340911865,-0.34872347116470337,True,True,predictive_recovery,left_pass,0.0,8.497205976014087,10,7,,0,0,0,False,False,False,False,False,False,False,False,True,0.48439796332357443,14.21656882948154,0.0,False,max_steps,vehicle,46.2099609375,dynamic_vehicle,True,,inf,inf,inf,8.682041464544795,inf,0.6001871655781655,21.811482585224077,0.3813604683080867,0.0,{'ROAD_LINE_BROKEN_SINGLE_WHITE'},True,True,raw_collision_risk:cut_in_danger,True,False,left,12,False,raw_predicted_collision,False,0,0,,inf,inf,inf,inf,False,False,6.28341699220166,inf,0.0,True,False,1,0,,True,False,0.0,10.18402670203962,inf,2.266853832244832,0.0,cut_in_danger,True,raw_collision_risk:cut_in_danger,,False,False,0.0,28.00221312006861,inf,2.2955245323048294,False,-86.92700630242808,,,
6000,1007,1,205,205,0.08166611194610596,0.5264472961425781,-0.006066211964935064,0.18000000715255737,-0.08773232251405716,-0.34644728899002075,True,True,predictive_recovery,left_pass,0.0,8.529941297688923,10,7,,0,0,0,False,False,False,False,False,False,False,False,True,0.48782172203275526,14.271239264908434,0.0,False,max_steps,vehicle,45.54316711425781,dynamic_vehicle,True,,inf,inf,inf,8.270157786174888,inf,0.617203099568644,21.29359703992054,0.38362905089056043,0.0,{'ROAD_LINE_BROKEN_SINGLE_WHITE'},True,True,raw_collision_risk:cut_in_danger,True,False,left,12,False,raw_predicted_collision,False,0,0,,inf,inf,inf,inf,False,False,6.124655578315771,inf,0.0,True,False,1,0,,True,False,0.0,9.500826532765174,inf,2.2838697662353105,0.0,cut_in_danger,True,raw_collision_risk:cut_in_danger,,False,False,0.0,27.304860429648322,inf,2.312205662038551,False,-86.90238423247453,,,
6000,1007,1,206,206,0.0801159143447876,0.5191383361816406,-0.002481002826243639,0.18000000715255737,-0.08259692043066025,-0.33913832902908325,True,True,predictive_recovery,left_pass,0.0,8.56274355894506,10,7,,0,0,0,False,False,False,False,False,False,False,False,True,0.49125870031287144,14.32593582780395,0.0,False,max_steps,vehicle,44.88557434082031,dynamic_vehicle,True,,inf,inf,inf,7.6652587805512855,inf,0.6308528016407876,20.75276578451555,0.38558992283869675,0.0,{'ROAD_LINE_BROKEN_SINGLE_WHITE'},True,True,raw_collision_risk:cut_in_danger,True,False,left,12,False,raw_predicted_collision,False,0,0,,inf,inf,inf,inf,False,False,5.967053422118335,inf,0.0,True,False,1,0,,True,False,0.0,8.856364311848402,inf,2.297519468307454,0.0,cut_in_danger,True,raw_collision_risk:cut_in_danger,,False,False,0.0,26.601970148566657,inf,2.325586793583812,False,-86.76012128916207,,,
6000,1007,1,207,207,0.07858538627624512,0.48659443855285645,0.0003789917682297528,0.18000000715255737,-0.07820639759302139,-0.3065944314002991,True,True,predictive_recovery,left_pass,0.0,8.59556149668237,10,6,,0,0,0,False,False,False,False,False,False,False,False,True,0.4947088247218623,14.380620244510887,0.0,False,max_steps,vehicle,44.23548889160156,dynamic_vehicle,True,,inf,inf,inf,7.285260295719242,inf,0.6420665810902505,20.18399186278798,0.3873275472455113,0.0,{'ROAD_LINE_BROKEN_SINGLE_WHITE'},True,True,raw_collision_risk:cut_in_danger,True,False,left,12,False,raw_predicted_collision,False,0,0,,inf,inf,inf,inf,False,False,5.811748429686955,inf,0.0,True,False,1,0,,True,False,0.0,8.42449730215307,inf,2.308733247756917,0.0,cut_in_danger,True,raw_collision_risk:cut_in_danger,,False,False,0.0,25.893743155129258,inf,2.3365799315394775,False,-86.00419748093174,,,
6000,1007,1,208,208,0.07422518730163574,0.4483315944671631,0.0016580201918259263,0.18000000715255737,-0.0725671648979187,-0.2683315873146057,True,True,predictive_recovery,left_pass,0.0,8.628372146706532,10,6,,0,0,0,False,False,False,False,False,False,False,False,True,0.4981721319807582,14.435295485412027,0.0,False,max_steps,vehicle,43.5911865234375,dynamic_vehicle,True,,inf,inf,inf,6.9752080343752905,inf,0.6522379945118814,19.584047934291203,0.38896725446643665,0.0,{'ROAD_LINE_BROKEN_SINGLE_WHITE'},True,True,raw_collision_risk:cut_in_danger,True,False,left,12,False,raw_predicted_collision,False,0,0,,inf,inf,inf,inf,False,False,5.65918131135096,inf,0.0,True,False,1,0,,True,False,0.0,8.06072836095985,inf,2.3189046611785478,0.0,cut_in_danger,True,raw_collision_risk:cut_in_danger,,False,False,0.0,25.180304384196106,inf,2.3465512129840627,False,-85.11026403817154,,,
6000,1007,1,209,209,0.06670808792114258,0.4087721109390259,0.0015464886091649532,0.18000000715255737,-0.06516160070896149,-0.2287721037864685,True,True,predictive_recovery,left_pass,0.0,8.661177291247215,10,6,,0,0,0,False,False,False,False,False,False,False,False,True,0.5016485853685287,14.489975405323472,0.0,False,max_steps,vehicle,42.95088195800781,dynamic_vehicle,True,,inf,inf,inf,6.674728599153186,inf,0.6624806950886636,18.951581662239846,-2.6308883654453563,0.04384813942408927,{'ROAD_LINE_BROKEN_SINGLE_WHITE'},True,True,raw_collision_risk:cut_in_danger,True,False,left,12,False,raw_predicted_collision,False,0,0,,inf,inf,inf,inf,False,False,5.509182880310753,inf,0.0,True,False,1,0,,True,False,0.0,9.571057939604295,inf,2.32914736175533,0.0,cut_in_danger,True,raw_collision_risk:cut_in_danger,,False,False,0.0,24.461654215453393,inf,2.3565923789430143,False,-84.31653470556846,,,
6000,1007,1,210,210,0.07905006408691406,0.4304666519165039,0.0007285138126462698,0.18000000715255737,-0.07832155376672745,-0.25046664476394653,True,True,predictive_recovery,left_pass,0.0,8.693985243194083,10,6,,0,0,0,False,False,False,False,False,False,False,False,True,0.505138184885174,14.544659896617127,0.0,False,max_steps,vehicle,41.81856135701224,dynamic_vehicle,True,,inf,inf,inf,5.827707547845103,inf,0.6733797620137124,17.7927627274228,-2.6304594669783987,0.04384099111630665,{'ROAD_LINE_BROKEN_SINGLE_WHITE'},True,True,raw_collision_risk:cut_in_danger,True,False,left,12,False,raw_predicted_collision,False,0,0,,inf,inf,inf,inf,False,False,5.361318055282037,inf,0.0,True,False,1,0,,True,False,0.0,8.688083874063565,inf,2.340046428680379,0.0,cut_in_danger,True,raw_collision_risk:cut_in_danger,,False,False,0.0,23.737795093998322,inf,2.3672769966345846,False,-84.89053509659624,,,
6000,1007,1,211,211,0.06907510757446289,0.397574782371521,0.02091698721051216,0.18000000715255737,-0.04815812036395073,-0.21757477521896362,True,True,predictive_recovery,left_pass,2.5760011920928547,8.726795937970275,10,6,,0,0,0,False,False,False,False,False,False,False,False,True,0.508640746925542,14.597992795722517,0.0,False,max_steps,vehicle,40.36851863240287,dynamic_vehicle,True,,inf,inf,inf,5.471076819273133,inf,0.6849297116597085,14.226598385880104,-2.4144972663852884,0.22438871818398254,{'ROAD_LINE_BROKEN_SINGLE_WHITE'},True,True,raw_collision_risk:cut_in_danger,True,False,left,12,False,raw_predicted_collision,False,0,0,,inf,inf,inf,inf,False,False,5.215188706092326,inf,0.0,True,False,1,0,,True,False,0.0,8.237214381994653,inf,2.351596378326375,0.0,cut_in_danger,True,raw_collision_risk:cut_in_danger,,False,False,0.0,22.816097214112176,inf,1.147998807907145,False,-88.6447914632283,,,
6000,1007,1,212,212,0.05824542045593262,0.3773452043533325,-0.027231698855757713,0.30000001192092896,-0.08547712117433548,-0.07734519243240356,True,True,predictive_recovery,right_pass,-3.0234743754069417,16.296046215312515,10,5,,0,0,0,False,False,False,False,False,False,False,False,True,0.5121579239359997,14.685549563641443,0.0,False,max_steps,vehicle,38.91308955525443,dynamic_vehicle,True,,inf,inf,inf,5.008840171221655,inf,0.7005256245930581,-7.88089126478528,-0.5922616099840338,0.18035709618946055,{'ROAD_LINE_BROKEN_SINGLE_WHITE'},True,True,raw_collision_risk:cut_in_danger,True,False,right,12,False,raw_predicted_collision,False,0,0,,inf,inf,inf,inf,False,False,5.073136965694647,inf,0.0,True,False,1,0,,True,False,0.0,9.558189544645732,inf,2.3671922912597245,0.0,cut_in_danger,True,raw_collision_risk:cut_in_danger,,False,False,0.3906154174805505,5.008840171221655,inf,0.7005256245930581,True,48.27785927289956,,,
6000,1007,1,213,213,0.029896140098571777,0.372988224029541,-0.03002721257507801,0.30000001192092896,-0.05992335081100464,-0.07298821210861206,True,True,predictive_recovery,right_pass,-3.0055593649546712,16.36399657177438,10,5,,0,0,0,False,False,False,False,False,False,False,False,True,0.5156963257020148,14.77518604227106,0.0,False,max_steps,vehicle,37.45158748005912,dynamic_vehicle,True,,inf,inf,inf,4.342623874955768,inf,0.7184406350453286,-10.785463281122325,-0.8106891414971998,0.30645064807226313,{'ROAD_LINE_BROKEN_SINGLE_WHITE'},True,True,raw_collision_risk:cut_in_danger,True,False,right,12,False,raw_predicted_collision,False,0,0,,inf,inf,inf,inf,False,False,4.9056850530236416,inf,0.0,True,False,1,0,,True,False,0.0,8.801979901400633,inf,2.385107301711995,0.0,cut_in_danger,True,raw_collision_risk:cut_in_danger,,False,False,0.3547853965760095,4.342623874955768,inf,0.7184406350453286,True,50.655715183987994,,,
6000,1007,1,214,214,0.02659916877746582,0.3695865869522095,-0.018800564110279083,0.30000001192092896,-0.045399732887744904,-0.06958657503128052,True,True,predictive_recovery,right_pass,-3.001765171686849,16.438325683556002,10,5,,0,0,0,False,False,False,False,False,False,False,False,True,0.5192563561549215,14.866313314642094,0.0,False,max_steps,vehicle,39.71405029296875,dynamic_vehicle,True,,inf,inf,inf,3.6972171167163843,inf,0.7222348283131509,-8.948323975913446,-0.5924387549883062,0.21411359282035453,{'ROAD_LINE_BROKEN_SINGLE_WHITE'},True,True,raw_collision_risk:cut_in_danger,True,False,right,12,False,raw_predicted_collision,False,0,0,,inf,inf,inf,inf,False,False,4.733136923681673,inf,0.0,True,False,1,0,,True,False,0.0,6.159786419169542,inf,2.3889014949798173,0.0,cut_in_danger,True,raw_collision_risk:cut_in_danger,,False,False,0.34719701004036496,3.6972171167163843,inf,0.7222348283131509,True,49.364224922091935,,,
6000,1007,1,215,215,0.0741724967956543,0.4888855218887329,-0.0044852010905742645,0.30000001192092896,-0.07865770161151886,-0.18888550996780396,True,True,predictive_recovery,right_pass,-3.0112947622935384,17.06629816314139,10,5,,0,0,0,False,False,False,False,False,False,False,False,True,0.5228381621788413,14.957557631870532,0.0,False,max_steps,vehicle,39.028961181640625,dynamic_vehicle,True,,inf,inf,inf,2.279523574581898,inf,0.7127052377064614,-12.316889052911876,-0.7969857952447584,0.3564565774337103,{'ROAD_LINE_BROKEN_SINGLE_WHITE'},True,True,raw_collision_risk:cut_in_danger,True,False,right,12,False,raw_predicted_collision,False,0,0,,inf,inf,inf,inf,False,False,4.561010148093451,inf,0.0,True,False,1,0,,True,False,0.0,6.440530936328312,inf,2.379371904373128,0.0,cut_in_danger,True,raw_collision_risk:cut_in_danger,,False,False,0.36625619125374387,2.279523574581898,inf,0.7127052377064614,True,49.053535251874294,,,
6000,1007,1,216,216,0.0833357572555542,0.43443405628204346,0.005346533376723528,0.30000001192092896,-0.07798922061920166,-0.1344340443611145,True,True,predictive_recovery,right_pass,-3.029268423716268,16.912510885139728,10,5,,0,0,0,False,False,False,False,False,False,False,False,True,0.5264417804948044,15.048536618609834,0.0,False,max_steps,vehicle,38.3424072265625,dynamic_vehicle,True,,inf,inf,inf,2.103526185760998,inf,0.6947315762837319,-12.111969714073709,-0.7881848118158034,0.3517338453140515,{'ROAD_LINE_BROKEN_SINGLE_WHITE'},True,True,raw_collision_risk:cut_in_danger,True,False,right,12,False,raw_predicted_collision,False,0,0,,inf,inf,inf,inf,False,False,4.394130993595544,inf,0.0,True,False,1,0,,True,False,0.0,6.025568408609907,inf,2.3613982429503984,0.0,cut_in_danger,True,raw_collision_risk:cut_in_danger,,False,False,0.40220351409920285,2.103526185760998,inf,0.6947315762837319,True,47.970599481762704,,,
6000,1007,1,217,217,0.01284480094909668,0.297041654586792,0.008438336662948132,0.18000000715255737,-0.004406464286148548,-0.11704164743423462,True,True,predictive_recovery,right_pass,-3.049739281336507,16.385224064250398,10,4,,0,0,0,False,False,False,False,False,False,False,False,True,0.5300653016092314,15.103063327400125,0.0,False,max_steps,vehicle,37.65296936035156,dynamic_vehicle,True,,inf,inf,inf,2.441787611687209,inf,0.6742607186634927,-10.112471943406032,-0.7626530430169757,0.2789603469921419,{'ROAD_LINE_BROKEN_SINGLE_WHITE'},True,True,raw_collision_risk:cut_in_danger,True,False,right,12,False,raw_predicted_collision,False,0,0,,inf,inf,inf,inf,False,False,4.234058199289977,inf,0.0,True,False,1,0,,True,False,0.0,6.1953439189237525,inf,2.340927385330159,0.0,cut_in_danger,True,raw_collision_risk:cut_in_danger,,False,False,0.44314522933968137,2.441787611687209,inf,0.6742607186634927,True,46.70176911033249,,,
6000,1007,1,218,218,0.00914013385772705,0.19748902320861816,0.006435236427932978,0.18000000715255737,-0.002704897429794073,-0.01748901605606079,True,True,predictive_recovery,right_pass,-3.0683299700419515,15.991763931838907,10,4,,0,0,0,False,False,False,False,False,False,False,False,True,0.5337023727838672,15.157720603294274,0.0,False,max_steps,vehicle,36.960784912109375,dynamic_vehicle,True,,inf,inf,inf,2.6604338681907187,inf,0.6556700299580484,-8.74213851954877,-0.7359830639215167,0.22918997661393817,{'ROAD_LINE_BROKEN_SINGLE_WHITE'},True,True,raw_collision_risk:cut_in_danger,True,False,right,12,False,raw_predicted_collision,False,0,0,,inf,inf,inf,inf,False,False,4.101703414705174,inf,0.0,True,False,1,0,,True,False,0.0,6.24421206099499,inf,2.3223366966247148,0.0,cut_in_danger,True,raw_collision_risk:cut_in_danger,,False,False,0.48032660675057004,2.6604338681907187,inf,0.6556700299580484,True,45.26411180210775,,,
6000,1007,1,219,219,0.018502354621887207,0.0780644416809082,0.0023579823318868876,0.0780644416809082,-0.016144372522830963,0.0,True,True,predictive_recovery,right_pass,-3.0832642714182943,15.509010590858361,10,4,,0,0,0,False,False,False,False,False,False,False,False,True,0.5373508641989501,15.181440506492478,0.0,False,max_steps,vehicle,36.26739501953125,dynamic_vehicle,True,,inf,inf,inf,3.0965381549689592,inf,0.6407357285817056,-6.8930540165276035,-0.7225200435968097,0.16548690678452194,{'ROAD_LINE_BROKEN_SINGLE_WHITE'},True,True,raw_collision_risk:cut_in_danger,True,False,right,12,False,raw_predicted_collision,False,0,0,,inf,inf,inf,inf,False,False,3.9715671477746968,inf,0.0,True,False,1,0,,True,False,0.0,6.530654377778305,inf,2.307402395248372,0.0,cut_in_danger,True,raw_collision_risk:cut_in_danger,,False,False,0.5101952095032556,3.0965381549689592,inf,0.6407357285817056,True,43.857501845480925,,,
6000,1007,1,220,220,0.016298532485961914,-0.011754333972930908,-0.0010757646523416042,-0.07052600383758545,-0.017374297603964806,-0.05877166986465454,True,True,predictive_recovery,right_pass,-3.0952977339427084,15.0756515007361,10,5,,0,0,0,False,False,False,False,False,False,False,False,True,0.540991754360745,14.969307051218962,0.0,False,max_steps,vehicle,35.57286071777344,dynamic_vehicle,True,,inf,inf,inf,3.4837360993787403,inf,0.6287022660572915,-5.326076653784238,-0.7145120403619464,0.11849536770314757,{'ROAD_LINE_BROKEN_SINGLE_WHITE'},True,True,raw_collision_risk:cut_in_danger,True,False,right,12,False,raw_predicted_collision,False,0,0,,inf,inf,inf,inf,False,False,3.8597929011835315,inf,0.0,True,False,1,0,,True,False,0.0,6.751506696864302,inf,2.295368932723958,0.0,cut_in_danger,True,raw_collision_risk:cut_in_danger,,False,False,0.5342621345520837,3.4837360993787403,inf,0.6287022660572915,True,42.55363838162394,,,
6000,1007,1,221,221,0.015918612480163574,-0.0715099573135376,-0.0028629968874156475,-0.4290597438812256,-0.01878160983324051,-0.357549786567688,True,True,predictive_recovery,right_pass,-3.1061484018961996,14.325717435397124,10,5,,0,0,0,False,False,False,False,False,False,False,False,True,0.5445276958177249,13.902261840849505,0.0,False,max_steps,vehicle,34.88427734375,dynamic_vehicle,True,,inf,inf,inf,4.588404442173605,inf,0.6178515981038003,-2.2434825749083416,-0.7010471126886065,0.05027698912271886,{'ROAD_LINE_BROKEN_SINGLE_WHITE'},True,True,raw_collision_risk:cut_in_danger,True,False,right,12,False,raw_predicted_collision,False,0,0,,inf,inf,inf,inf,False,False,3.8814952492840558,inf,0.0,True,False,1,0,,True,False,0.0,7.625298926211366,inf,2.2845182647704667,0.0,cut_in_danger,True,raw_collision_risk:cut_in_danger,,False,False,0.5559634704590661,4.588404442173605,inf,0.6178515981038003,True,40.37514601762197,,,
6000,1007,1,222,222,0.008518218994140625,-0.11792635917663574,-0.003783242544159293,-0.7075581550598145,-0.012301461771130562,-0.5896317958831787,True,True,predictive_recovery,right_pass,-3.117096344629964,12.840924608259783,10,5,,0,0,0,False,False,False,False,False,False,False,False,True,0.5478060392466162,12.623070293864028,0.0,False,max_steps,vehicle,34.24150085449219,dynamic_vehicle,True,,inf,inf,inf,7.697326148402315,inf,0.6069036553700357,4.275212666156293,-0.4790275668626959,0.013052458590048348,{'ROAD_LINE_BROKEN_SINGLE_WHITE'},True,True,raw_collision_risk:cut_in_danger,True,False,right,12,False,raw_predicted_collision,False,0,0,,inf,inf,inf,inf,False,False,4.510815860345148,inf,0.0,True,False,1,0,,True,False,0.0,9.058587736338941,inf,2.273570322036702,0.0,cut_in_danger,True,raw_collision_risk:cut_in_danger,,False,False,0.5778593559265954,7.697326148402315,inf,0.6069036553700357,True,35.48839891721212,,,
6000,1007,1,223,223,0.005649685859680176,-0.04247623682022095,-0.003740097628906369,-0.2548574209213257,-0.009389783255755901,-0.21238118410110474,True,True,predictive_recovery,right_pass,-3.1284405390421957,12.24078416248204,10,5,,0,0,0,False,False,False,False,False,False,False,False,True,0.5508193302782524,11.927420355465816,0.0,False,max_steps,vehicle,33.70747375488281,dynamic_vehicle,True,,inf,inf,inf,8.897450061104562,inf,0.5955594609578042,6.662331888206591,-0.46778017039357966,0.012490088766592538,{'ROAD_LINE_BROKEN_SINGLE_WHITE'},True,True,raw_collision_risk:cut_in_danger,True,False,right,12,False,raw_predicted_collision,False,0,0,,inf,inf,inf,inf,False,False,5.731705502487197,inf,0.0,True,False,1,0,,True,False,0.0,9.138020197534976,inf,2.2622261276244706,0.0,cut_in_danger,True,raw_collision_risk:cut_in_danger,,False,False,0.6005477447510583,8.897450061104562,inf,0.5955594609578042,True,32.805245596904854,,,
6000,1007,1,224,224,-0.006840348243713379,0.29971814155578613,-0.002272974466904998,0.29971814155578613,0.004567373543977737,0.0,True,True,predictive_recovery,right_pass,-3.1401590506236166,13.276151992466854,10,5,,0,0,0,False,False,False,False,False,False,False,False,True,0.5537021882099925,12.0184755264854,0.0,False,max_steps,vehicle,33.28485107421875,dynamic_vehicle,True,,inf,inf,inf,6.177929528568113,inf,0.5838409493763833,1.8028754890857712,-0.6644522449823077,0.023077680529684712,{'ROAD_LINE_BROKEN_SINGLE_WHITE'},True,True,raw_collision_risk:cut_in_danger,True,False,right,12,False,raw_predicted_collision,False,0,0,,inf,inf,inf,inf,False,False,6.722949263102324,inf,0.0815877088805418,True,False,1,0,,True,False,0.0,7.584290825415856,inf,2.2505076160430497,0.0,cut_in_danger,True,raw_collision_risk:cut_in_danger,,False,False,0.6239847679139001,6.177929528568113,inf,0.5838409493763833,True,34.33815999114327,,,
6000,1007,1,225,225,-0.059160590171813965,0.503144383430481,-0.000631084491033107,0.30000001192092896,0.058529507368803024,-0.203144371509552,True,True,predictive_recovery,right_pass,-3.152623335520467,14.282625251922564,10,5,,0,0,0,False,False,False,False,False,False,False,False,True,0.5565987430860629,12.109613833882012,0.0,False,max_steps,vehicle,32.91740417480469,dynamic_vehicle,True,,inf,inf,inf,3.964794696852964,inf,0.5713766644795327,-2.875460488798751,-0.6508480808587725,0.05765435882262904,{'ROAD_LINE_BROKEN_SINGLE_WHITE'},True,True,raw_collision_risk:cut_in_danger,True,False,right,12,False,raw_predicted_collision,False,0,0,,inf,inf,inf,inf,False,False,6.456396408833197,inf,0.7110201051123788,True,False,1,0,,True,False,0.0,6.79913481440814,inf,2.238043331146199,0.0,cut_in_danger,True,raw_collision_risk:cut_in_danger,,False,False,0.6489133377076013,3.964794696852964,inf,0.5713766644795327,True,34.95257033530177,,,
6000,1007,1,226,226,-0.06439530849456787,0.46181583404541016,0.0004885630332864821,0.30000001192092896,0.06488387286663055,-0.1618158221244812,True,True,predictive_recovery,right_pass,-3.165799061457357,14.187785087086358,10,5,,0,0,0,False,False,False,False,False,False,False,False,True,0.5595171469752073,12.20074952783251,0.0,False,max_steps,vehicle,32.54498291015625,dynamic_vehicle,True,,inf,inf,inf,3.8272283504908966,inf,0.5582009385426431,-2.878885019279025,-0.6352049610467608,0.05699731221364819,{'ROAD_LINE_BROKEN_SINGLE_WHITE'},True,True,raw_collision_risk:cut_in_danger,True,False,right,12,False,raw_predicted_collision,False,0,0,,inf,inf,inf,inf,False,False,6.2015368716951,inf,0.7798023185829189,True,False,1,0,,True,False,0.0,6.551391156838287,inf,2.2248676052093095,0.0,cut_in_danger,True,raw_collision_risk:cut_in_danger,,False,False,0.6801149375940099,3.8272283504908966,inf,0.5582009385426431,True,34.08568523771294,,,
6000,1007,1,227,227,-0.07434654235839844,0.41532814502716064,0.0009472332312725484,0.30000001192092896,0.07529377192258835,-0.11532813310623169,True,True,predictive_recovery,right_pass,-3.179198900858602,14.069726180454733,10,4,,0,0,0,False,False,False,False,False,False,False,False,True,0.5624575834825772,12.291885962328449,0.0,False,max_steps,vehicle,32.164031982421875,dynamic_vehicle,True,,inf,inf,inf,3.7270813152850852,inf,0.544801099141398,-2.795332452842082,-0.6216825744958575,0.055183438263858686,{'ROAD_LINE_BROKEN_SINGLE_WHITE'},True,True,raw_collision_risk:cut_in_danger,True,False,right,12,False,raw_predicted_collision,False,0,0,,inf,inf,inf,inf,False,False,5.956954901926398,inf,0.9070835415752094,True,False,1,0,,True,False,0.0,6.334310395295359,inf,2.2114677658080644,0.0,cut_in_danger,True,raw_collision_risk:cut_in_danger,,False,False,0.7136145360971227,3.7270813152850852,inf,0.544801099141398,True,33.15531147270872,,,
6000,1007,1,228,228,-0.08433753252029419,0.3710097074508667,0.0009149095858447254,0.30000001192092896,0.08525244146585464,-0.07100969552993774,True,True,predictive_recovery,right_pass,-3.192490736643514,13.961429645857349,10,4,,0,0,0,False,False,False,False,False,False,False,False,True,0.565419869003021,12.383018873570414,0.0,False,max_steps,vehicle,31.774337768554688,dynamic_vehicle,True,,inf,inf,inf,3.6061027022013246,inf,0.5315092633564859,-1.3588993998364387,-0.7927505511531124,0.04449827248291858,{'ROAD_LINE_BROKEN_SINGLE_WHITE'},True,True,raw_collision_risk:cut_in_danger,True,False,right,12,False,raw_predicted_collision,False,0,0,,inf,inf,inf,inf,False,False,5.721767183702208,inf,1.0366673320836233,True,False,1,0,,True,False,0.0,6.0956364095795355,inf,2.1981759300231523,0.0,cut_in_danger,True,raw_collision_risk:cut_in_danger,,False,False,0.7468441255594029,3.6061027022013246,inf,0.5315092633564859,True,32.28041419280768,,,
6000,1007,1,229,229,-0.07657134532928467,0.2917649745941162,0.0006470147636719048,0.2917649745941162,0.07721836119890213,0.0,True,True,predictive_recovery,right_pass,-3.2055735985438436,13.695961259243937,10,4,,0,0,0,False,False,False,False,False,False,False,False,True,0.5684040035365385,12.471659926563147,0.0,False,max_steps,vehicle,31.375885009765625,dynamic_vehicle,True,,inf,inf,inf,3.770785693436732,inf,0.5184264014561563,-0.7026570337009446,-0.7793043393382321,0.0381331719774641,{'ROAD_LINE_BROKEN_SINGLE_WHITE'},True,True,raw_collision_risk:cut_in_danger,True,False,right,12,False,raw_predicted_collision,False,0,0,,inf,inf,inf,inf,False,False,5.49513822813117,inf,0.9481844143872098,True,False,1,0,,True,False,0.0,6.122808074658359,inf,2.1850930681228227,0.0,cut_in_danger,True,raw_collision_risk:cut_in_danger,,False,False,0.7795512803102269,3.770785693436732,inf,0.5184264014561563,True,31.084263636299823,,,
6000,1007,1,230,230,-0.0273512601852417,0.2824079990386963,0.0003518929588608444,0.2824079990386963,0.02770315296947956,0.0,True,True,predictive_recovery,right_pass,-3.2184567848841756,13.74249592223728,10,4,,0,0,0,False,False,False,False,False,False,False,False,True,0.5714092893835527,12.557456497091227,0.0,False,max_steps,vehicle,30.96856689453125,dynamic_vehicle,True,,inf,inf,inf,3.39551288038008,inf,0.5055432151158242,-1.3328301087410637,-0.7652490872630368,0.04244759746445208,{'ROAD_LINE_BROKEN_SINGLE_WHITE'},True,True,raw_collision_risk:cut_in_danger,True,False,right,12,False,raw_predicted_collision,False,0,0,,inf,inf,inf,inf,False,False,5.279490710843226,inf,0.341115615593281,True,False,1,0,,True,False,0.0,5.653972684255695,inf,2.1722098817824906,0.0,cut_in_danger,True,raw_collision_risk:cut_in_danger,,False,False,0.811759246161057,3.39551288038008,inf,0.5055432151158242,True,30.277557057178115,,,
6000,1007,1,231,231,-0.03633689880371094,0.23395287990570068,0.00014678870502393693,0.23395287990570068,0.03648368641734123,0.0,True,True,predictive_recovery,right_pass,-3.231211225191793,13.61024445666688,10,4,,0,0,0,False,False,False,False,False,False,False,False,True,0.57443440458697,12.628528812604928,0.0,False,max_steps,vehicle,30.552627563476562,dynamic_vehicle,True,,inf,inf,inf,3.3386790214972937,inf,0.49278877480820704,-1.2203233852458055,-0.7524595994242916,0.040657408912741916,{'ROAD_LINE_BROKEN_SINGLE_WHITE'},True,True,raw_collision_risk:cut_in_danger,True,False,right,12,False,raw_predicted_collision,False,0,0,,inf,inf,inf,inf,False,False,5.074142978005886,inf,0.4562990259668063,True,False,1,0,,True,False,0.0,5.48151140834182,inf,2.1594554414748734,0.0,cut_in_danger,True,raw_collision_risk:cut_in_danger,,False,False,0.8436453469301,3.3386790214972937,inf,0.49278877480820704,True,29.177142427148596,,,
6000,1007,1,232,232,-0.0443914532661438,0.1696763038635254,4.479982453631237e-05,0.1696763038635254,0.0444362536072731,0.0,True,True,predictive_recovery,right_pass,-3.2439227501551717,13.392072179990793,10,4,,0,0,0,False,False,False,False,False,False,False,False,True,0.5774756770437529,12.680068613794372,0.0,False,max_steps,vehicle,30.128570556640625,dynamic_vehicle,True,,inf,inf,inf,3.4298519974891395,inf,0.48007724984482814,-0.7566142842751518,-0.7404568928965812,0.035992985969472466,{'ROAD_LINE_BROKEN_SINGLE_WHITE'},True,True,raw_collision_risk:cut_in_danger,True,False,right,12,False,raw_predicted_collision,False,0,0,,inf,inf,inf,inf,False,False,4.891669866994933,inf,0.5605987466049022,True,False,1,0,,True,False,0.0,5.450761118545062,inf,2.1467439165114945,0.0,cut_in_danger,True,raw_collision_risk:cut_in_danger,,False,False,0.8754241593385472,3.4298519974891395,inf,0.48007724984482814,True,27.91778448414634,,,
6000,1007,1,233,233,-0.03335195779800415,0.38652193546295166,1.4481336620519869e-05,0.30000001192092896,0.03336643800139427,-0.0865219235420227,True,True,predictive_recovery,right_pass,-3.2566366593043417,14.419417323377655,10,4,,0,0,0,False,False,False,False,False,False,False,False,True,0.5805318215178381,12.771204861867304,0.0,False,max_steps,vehicle,29.697891235351562,dynamic_vehicle,True,,inf,inf,inf,1.7530335797535255,inf,0.4673633406956582,-10.09933333198819,-0.7277665871867424,0.2985347946326946,{'ROAD_LINE_BROKEN_SINGLE_WHITE'},True,True,raw_collision_risk:cut_in_danger,True,False,right,12,False,raw_predicted_collision,False,0,0,,inf,inf,inf,inf,False,False,4.734702358521583,inf,0.4229051132830669,True,False,1,0,,True,False,0.0,4.755284411487841,inf,2.1340300073623246,0.0,cut_in_danger,True,raw_collision_risk:cut_in_danger,,False,False,0.907208932211472,1.7530335797535255,inf,0.4673633406956582,True,26.973619078726315,,,
6000,1007,1,234,234,-0.0424044132232666,0.4150928258895874,7.991323218448088e-05,0.30000001192092896,0.04248432815074921,-0.11509281396865845,True,True,predictive_recovery,right_pass,-3.2693802515666097,14.639122578370447,10,4,,0,0,0,False,False,False,False,False,False,False,False,True,0.5836095212367541,12.862340260457485,0.0,False,max_steps,vehicle,29.261093139648438,dynamic_vehicle,True,,inf,inf,inf,1.4245977466553494,inf,0.45461974843339015,-12.31680052685489,-0.7145611781367546,0.4065182402143654,{'ROAD_LINE_BROKEN_SINGLE_WHITE'},True,True,raw_collision_risk:cut_in_danger,True,False,right,12,False,raw_predicted_collision,False,0,0,,inf,inf,inf,inf,False,False,4.5391008909159005,inf,0.5415554483216126,True,False,1,0,,True,False,0.0,4.075181660312381,inf,2.1212864151000566,0.0,cut_in_danger,True,raw_collision_risk:cut_in_danger,,False,False,0.9390679128671422,1.4245977466553494,inf,0.45461974843339015,True,25.518502123896965,,,
6000,1007,1,235,235,-0.048330485820770264,0.3764117956161499,0.0001567498838994652,0.30000001192092896,0.048487234860658646,-0.07641178369522095,True,True,predictive_recovery,right_pass,-3.2821891705195516,14.55619334073016,10,3,,0,0,0,False,False,False,False,False,False,False,False,True,0.5867091434108046,12.953480100174852,0.0,False,max_steps,vehicle,28.815414428710938,dynamic_vehicle,True,,inf,inf,inf,1.3611104547494044,inf,0.44181082948044825,-13.235873942496001,-0.8503565432819326,0.4598545218231311,{'ROAD_LINE_BROKEN_SINGLE_WHITE'},True,True,raw_collision_risk:cut_in_danger,True,False,right,12,False,raw_predicted_collision,False,0,0,,inf,inf,inf,inf,False,False,4.349384387532841,inf,0.6216431535799629,True,False,1,0,,True,False,0.0,3.7535177773354267,inf,2.1084774961471147,0.0,cut_in_danger,True,raw_collision_risk:cut_in_danger,,False,False,0.9710902102494969,1.3611104547494044,inf,0.44181082948044825,True,24.250942639205718,,,
6000,1007,1,236,236,-0.07842886447906494,0.42036402225494385,0.00020859473443124443,0.30000001192092896,0.07863745838403702,-0.12036401033401489,True,True,predictive_recovery,right_pass,-3.2950408856074422,14.8451182003221,10,2,,0,0,0,False,False,False,False,False,False,False,False,True,0.5898306880399897,13.044617816034695,0.0,False,max_steps,vehicle,28.360626220703125,dynamic_vehicle,True,,inf,inf,inf,1.202245195768631,inf,0.42895911439255763,-15.797582197154616,-0.8380007388385732,0.6082779392714439,{'ROAD_LINE_BROKEN_SINGLE_WHITE'},True,True,raw_collision_risk:cut_in_danger,True,False,right,12,False,raw_predicted_collision,False,0,0,,inf,inf,inf,inf,False,False,4.1651955009243045,inf,1.0159267353088781,True,False,1,0,,True,False,0.0,3.012167220585521,inf,2.095625781059224,0.0,cut_in_danger,True,raw_collision_risk:cut_in_danger,,False,False,1.0032194979692235,1.202245195768631,inf,0.42895911439255763,True,22.869406552205675,,,
6000,1007,1,237,237,-0.10310107469558716,0.18976104259490967,0.00022783875465393066,0.18976104259490967,0.10332891345024109,0.0,True,True,predictive_recovery,right_pass,-3.3079065481822103,13.898542507711788,10,2,,0,0,0,False,False,False,False,False,False,False,False,True,0.5929722089096995,13.102260266361073,0.0,False,max_steps,vehicle,27.896804809570312,dynamic_vehicle,True,,inf,inf,inf,1.5765344389319083,inf,0.41609345181778956,-12.860359352844297,-0.8253105523380239,0.4000261574055588,{'ROAD_LINE_BROKEN_SINGLE_WHITE'},True,True,raw_collision_risk:cut_in_danger,True,False,right,12,False,raw_predicted_collision,False,0,0,,inf,inf,inf,inf,False,False,3.9862255717481814,inf,1.34491411582638,True,False,1,0,,True,False,0.0,3.7961506690470674,inf,2.082760118484456,0.0,cut_in_danger,True,raw_collision_risk:cut_in_danger,,False,False,1.0353836544061437,1.5765344389319083,inf,0.41609345181778956,True,21.788360132525696,,,
6000,1007,1,238,238,-0.10805153846740723,0.10776090621948242,4.8367441195296124e-05,0.10776090621948242,0.10809990763664246,0.0,True,True,predictive_recovery,right_pass,-3.320760051409444,13.587184344348744,10,2,,0,0,0,False,False,False,False,False,False,False,False,True,0.5961265086979801,13.134989016678702,0.0,False,max_steps,vehicle,27.4246826171875,dynamic_vehicle,True,,inf,inf,inf,1.7227970799884673,inf,0.4032399485905557,-12.696674579646453,-0.8123449923786122,0.3717553907215447,{'ROAD_LINE_BROKEN_SINGLE_WHITE'},True,True,raw_collision_risk:cut_in_danger,True,False,right,12,False,raw_predicted_collision,False,0,0,,inf,inf,inf,inf,False,False,3.839115248573523,inf,1.4157193791806948,True,False,1,0,,True,False,0.0,3.8694369868983642,inf,2.069906615257222,0.0,cut_in_danger,True,raw_collision_risk:cut_in_danger,,False,False,1.0675174124742284,1.7227970799884673,inf,0.4032399485905557,True,20.334184563982063,,,
6000,1007,1,239,239,-0.1686488389968872,-0.15885889530181885,-0.0010897022439166903,-0.9531533718109131,0.16755913197994232,-0.7942944765090942,True,True,predictive_recovery,right_pass,-3.3335930506388753,11.705258958962332,10,3,,0,0,0,False,False,False,False,False,False,False,False,True,0.5991920170348112,11.573222741185274,0.0,False,max_steps,vehicle,26.947250366210938,dynamic_vehicle,True,,inf,inf,inf,4.63243422695151,inf,0.39040694936112463,-5.452527987722949,-0.6511039275416618,0.09022051287439585,{'ROAD_LINE_BROKEN_SINGLE_WHITE'},True,True,raw_collision_risk:vehicle_lateral_margin_violation,True,False,right,12,False,raw_predicted_collision,False,0,0,,inf,inf,inf,inf,False,False,3.7135791887770813,inf,2.2152006478997284,True,False,1,0,,True,False,0.0,5.793935358823491,inf,2.057073616027791,0.0,vehicle_lateral_margin_violation,True,raw_collision_risk:vehicle_lateral_margin_violation,,False,False,1.099599910547806,4.63243422695151,inf,0.39040694936112463,True,16.262179004612435,,,
6000,1007,1,240,240,-0.11181408166885376,-0.26257407665252686,-0.003282736288383603,-1.0,0.10853134840726852,-0.7374259233474731,True,True,predictive_recovery,right_pass,-3.3461678425471395,9.210056051312533,10,4,,0,0,0,False,False,False,False,False,False,False,False,True,0.6019019189134797,10.030551893352092,0.0,False,max_steps,vehicle,26.5067138671875,dynamic_vehicle,True,,inf,inf,inf,10.292608877384543,inf,0.3778321574528605,2.1847542291475133,-0.6388879555949455,0.02291660444707048,{'ROAD_LINE_BROKEN_SINGLE_WHITE'},True,True,raw_collision_risk:vehicle_lateral_margin_violation,True,False,right,12,False,raw_predicted_collision,False,0,0,,inf,inf,inf,inf,False,False,5.367643748804537,inf,1.294049272754726,True,False,1,0,,True,False,0.0,9.859877149954631,inf,2.0444988241195268,0.0,vehicle_lateral_margin_violation,True,raw_collision_risk:vehicle_lateral_margin_violation,,False,False,1.1310368903184664,10.292608877384543,inf,0.3778321574528605,False,8.27300528875724,,,
6000,1007,1,241,241,-0.09758079051971436,-0.08867114782333374,-0.005019839387387037,-0.5320268869400024,0.09256095439195633,-0.4433557391166687,True,True,predictive_recovery,right_pass,-3.357906619707784,9.232511562942088,10,4,,0,0,0,False,False,False,False,False,False,False,False,True,0.6042777695788164,9.04527762019176,0.0,False,max_steps,vehicle,26.213943481445312,dynamic_vehicle,True,,inf,inf,inf,10.344253141088158,inf,0.36609338029221594,1.4128722854478664,-0.6273575562724357,0.022147911158903164,{'ROAD_LINE_BROKEN_SINGLE_WHITE'},True,True,raw_collision_risk:vehicle_lateral_margin_violation,True,False,right,12,False,raw_predicted_collision,False,0,0,,inf,inf,inf,inf,False,False,10.07302686577411,inf,0.9787891831023147,True,False,1,0,,True,False,0.0,9.917681880801592,inf,2.0327600469588822,0.0,vehicle_lateral_margin_violation,True,raw_collision_risk:vehicle_lateral_margin_violation,,False,False,1.1638726369011305,10.344253141088158,inf,0.36609338029221594,False,6.035881545501674,,,
6000,1007,1,242,242,-0.09167945384979248,0.09877848625183105,-0.004763569682836533,0.09877848625183105,0.08691588044166565,0.0,True,True,predictive_recovery,right_pass,-3.369268695513448,9.489780808325,10,4,,0,0,0,False,False,False,False,False,False,False,False,True,0.6064663062682043,9.0752721991764,0.0,False,max_steps,vehicle,26.059982299804688,dynamic_vehicle,True,,inf,inf,inf,9.656725595178777,inf,0.3547313044865519,-0.07509000280440681,-0.6160343426951652,0.02201878027712185,{'ROAD_LINE_BROKEN_SINGLE_WHITE'},True,True,raw_collision_risk:vehicle_lateral_margin_violation,True,False,right,12,False,raw_predicted_collision,False,0,0,,inf,inf,inf,inf,False,False,23.791143703079957,inf,0.8292661121389312,True,False,1,0,,True,False,0.0,9.257488204732665,inf,2.021397971153218,0.0,vehicle_lateral_margin_violation,True,raw_collision_risk:vehicle_lateral_margin_violation,,False,False,1.1979588643181227,9.656725595178777,inf,0.3547313044865519,False,5.153525632402541,,,
6000,1007,1,243,243,-0.1145172119140625,0.34073662757873535,-0.0028436218854039907,0.30000001192092896,0.11167359352111816,-0.040736615657806396,True,True,predictive_recovery,right_pass,-3.3808633486430257,10.608587023280709,10,4,,0,0,0,False,False,False,False,False,False,False,False,True,0.6086551000048049,9.166419244148935,0.0,False,max_steps,vehicle,25.983901977539062,dynamic_vehicle,True,,inf,inf,inf,6.975245234442083,inf,0.34313665135697424,-1.6112930955959843,-0.604579164434362,0.034107789573906894,{'ROAD_LINE_BROKEN_SINGLE_WHITE'},True,True,raw_collision_risk:vehicle_lateral_margin_violation,True,False,right,12,False,raw_predicted_collision,False,0,0,,inf,inf,inf,inf,False,False,22.719049133188385,inf,1.0392748696108838,True,False,1,0,,True,False,0.0,7.181409417040955,inf,2.0098033180236405,0.0,vehicle_lateral_margin_violation,True,raw_collision_risk:vehicle_lateral_margin_violation,,False,False,1.2327428237068556,6.975245234442083,inf,0.34313665135697424,True,6.349697420692955,,,
6000,1007,1,244,244,-0.12973320484161377,0.8857245445251465,-0.0011305202497169375,0.30000001192092896,0.12860268354415894,-0.5857245326042175,True,True,predictive_recovery,right_pass,-3.393292943636617,13.152179694512094,10,4,,0,0,0,False,False,False,False,False,False,False,False,True,0.6108651919390237,9.257564370399841,0.0,False,max_steps,vehicle,25.907669067382812,dynamic_vehicle,True,,inf,inf,inf,2.961039862001039,inf,1.1283080558777256,0.5594544397225114,-0.592413260389257,0.020072051908351773,{'ROAD_LINE_BROKEN_SINGLE_WHITE'},True,True,raw_collision_risk:vehicle_lateral_margin_violation,True,False,right,12,False,raw_predicted_collision,False,0,0,,inf,inf,inf,inf,False,False,20.13504419799368,inf,0.0,True,False,1,0,,True,False,0.0,4.553112546183105,inf,5.450626276969951,0.0,vehicle_lateral_margin_violation,True,raw_collision_risk:vehicle_lateral_margin_violation,,False,False,0.0,2.961039862001039,inf,3.830707056363383,True,71.03665968734596,,,
6000,1007,1,245,245,-0.1265384554862976,0.8815709352493286,7.315563561860472e-05,0.30000001192092896,0.1266116052865982,-0.5815709233283997,True,True,predictive_recovery,right_pass,-3.4061733881632894,13.22463357902182,10,4,,0,0,0,False,False,False,False,False,False,False,False,True,0.6130972797704378,9.348705323175784,0.0,False,max_steps,vehicle,25.822586059570312,dynamic_vehicle,True,,inf,inf,inf,2.78095666413828,inf,1.1285009365082188,0.0906825743193238,-0.5797256964930778,0.019437673713542814,{'ROAD_LINE_BROKEN_SINGLE_WHITE'},True,True,raw_collision_risk:vehicle_lateral_margin_violation,True,False,right,12,False,raw_predicted_collision,False,0,0,,inf,inf,inf,inf,False,False,18.053154935592197,inf,0.0,True,False,1,0,,True,False,0.0,4.325826755538468,inf,5.463506721496623,0.0,vehicle_lateral_margin_violation,True,raw_collision_risk:vehicle_lateral_margin_violation,,False,False,0.0,2.78095666413828,inf,3.817826611836711,True,71.32913486027195,,,
6000,1007,1,246,246,-0.08777254819869995,0.8873932361602783,-0.08777254819869995,0.8873932361602783,0.0,0.0,True,False,inactive_raw_action,raw_action,0,0,10,7,raw_action_safe_or_candidate_not_better,0,0,0,False,False,False,False,False,False,False,False,True,0.6153594421257299,9.601425682094186,0.0,False,max_steps,vehicle,25.728363037109375,dynamic_vehicle,True,,inf,inf,inf,1.2147141666742947,inf,1.1285960655212812,inf,inf,0.0,{'ROAD_LINE_BROKEN_SINGLE_WHITE'},False,False,,False,False,,0,False,vehicle_margin_uncertain_or_low,False,0,0,,inf,inf,inf,inf,False,False,16.338112237821054,inf,0.8205596885738893,False,False,1,0,,False,False,0.0,1.2147141666742947,inf,5.471451901435811,0.0,,False,raw_action_safe_or_candidate_not_better,candidate_not_better,False,False,0.0,2.6346965087071705,inf,3.7239999999999998,False,71.56375185204456,,,
6000,1007,1,247,247,-0.03959643840789795,0.9596517086029053,0.008439172059297562,0.30000001192092896,0.04803561046719551,-0.6596516966819763,True,True,predictive_recovery,right_pass,0.0,13.91985837080726,10,4,,0,0,0,False,False,False,False,False,False,False,False,True,0.6176706270565743,9.689777752855152,0.0,False,max_steps,vehicle,25.62164306640625,dynamic_vehicle,True,,inf,inf,inf,1.9923767346312484,inf,1.1287302951813154,-1.9251907370508796,-0.6894723358684139,0.057530054148889086,{'ROAD_LINE_BROKEN_SINGLE_WHITE'},True,True,raw_collision_risk:vehicle_lateral_margin_violation,True,False,right,12,False,raw_predicted_collision,False,0,0,,inf,inf,inf,inf,False,False,12.974050910793313,inf,0.38018226064905203,True,False,1,0,,True,False,0.0,4.44216573005655,inf,5.44855883026119,0.0,vehicle_lateral_margin_violation,True,raw_collision_risk:vehicle_lateral_margin_violation,,False,False,0.0,1.9923767346312484,inf,3.7239999999999998,True,71.6272090759103,,,
6000,1007,1,248,248,0.04578816890716553,0.9588041305541992,0.02648027054965496,0.30000001192092896,-0.019307898357510567,-0.6588041186332703,True,True,predictive_recovery,right_pass,0.0,14.004396340349048,10,4,,0,0,0,False,False,False,False,False,False,False,False,True,0.6200057173781934,9.779228223423633,0.0,False,max_steps,vehicle,25.494552612304688,dynamic_vehicle,True,,inf,inf,inf,1.8514866908635366,inf,1.1289303283691816,-3.276413314061646,-0.6532371943350214,0.07097876128624188,{'ROAD_LINE_BROKEN_SINGLE_WHITE'},True,True,raw_collision_risk:vehicle_lateral_margin_violation,True,False,right,12,False,raw_predicted_collision,False,0,0,,inf,inf,inf,inf,False,False,11.984116393690467,inf,0.0,True,False,1,0,,True,False,0.0,4.207279285338732,inf,5.41007473373409,0.0,vehicle_lateral_margin_violation,True,raw_collision_risk:vehicle_lateral_margin_violation,,False,False,0.0,1.8514866908635366,inf,3.7239999999999998,True,71.80978850476767,,,
6000,1007,1,249,249,-0.005034208297729492,0.9292973279953003,0.027773257344961166,0.30000001192092896,0.03280746564269066,-0.6292973160743713,True,True,predictive_recovery,right_pass,0.0,13.961066199402485,10,5,,0,0,0,False,False,False,False,False,False,False,False,True,0.6223628770390687,9.869814489368077,0.0,False,max_steps,vehicle,25.357528686523438,dynamic_vehicle,True,,inf,inf,inf,1.7889355205777768,inf,1.12909793663029,-4.224051773231832,-0.6252794679270878,0.08165972531026569,{'ROAD_LINE_BROKEN_SINGLE_WHITE'},True,True,raw_collision_risk:vehicle_lateral_margin_violation,True,False,right,12,False,raw_predicted_collision,False,0,0,,inf,inf,inf,inf,False,False,11.145180007950316,inf,0.049230671867749695,True,False,1,0,,True,False,0.0,4.028461126203412,inf,5.3803677787780355,0.0,vehicle_lateral_margin_violation,True,raw_collision_risk:vehicle_lateral_margin_violation,,False,False,0.0,1.7889355205777768,inf,3.7239999999999998,True,72.17872786733146,,,
6000,1007,1,250,250,-0.008662104606628418,0.9351789951324463,0.020639870315790176,0.30000001192092896,0.029301974922418594,-0.6351789832115173,True,True,predictive_recovery,right_pass,0.0,14.078119967464085,10,5,,0,0,0,False,False,False,False,False,False,False,False,True,0.6247422162022911,9.960992218401762,0.0,False,max_steps,vehicle,25.211334228515625,dynamic_vehicle,True,,inf,inf,inf,1.6548501619676212,inf,1.1292090396881513,-5.706056946802482,-0.6047407967779398,0.10416407476217318,{'ROAD_LINE_BROKEN_SINGLE_WHITE'},True,True,raw_collision_risk:vehicle_lateral_margin_violation,True,False,right,12,False,raw_predicted_collision,False,0,0,,inf,inf,inf,inf,False,False,10.412308790535743,inf,0.08549336555492312,True,False,1,0,,True,False,0.0,3.756264027877826,inf,5.358556770324666,0.0,vehicle_lateral_margin_violation,True,raw_collision_risk:vehicle_lateral_margin_violation,,False,False,0.0,1.6548501619676212,inf,3.7239999999999998,True,72.2969136528531,,,
6000,1007,1,251,251,-0.06670373678207397,0.9079195261001587,0.011618741787970066,0.30000001192092896,0.07832247763872147,-0.6079195141792297,True,True,predictive_recovery,right_pass,0.0,14.046630085852476,10,5,,0,0,0,False,False,False,False,False,False,False,False,True,0.6271435879837391,10.05224904660792,0.0,False,max_steps,vehicle,25.055923461914062,dynamic_vehicle,True,,inf,inf,inf,1.5984702882926136,inf,1.1293339710236006,-6.714051474082433,-0.5897713846785076,0.1292002107691002,{'ROAD_LINE_BROKEN_SINGLE_WHITE'},True,True,raw_collision_risk:vehicle_lateral_margin_violation,True,False,right,12,False,raw_predicted_collision,False,0,0,,inf,inf,inf,inf,False,False,9.756152134583278,inf,0.6644354030245583,True,False,1,0,,True,False,0.0,3.5526136090958484,inf,5.342613600730855,0.0,vehicle_lateral_margin_violation,True,raw_collision_risk:vehicle_lateral_margin_violation,,False,False,0.0,1.5984702882926136,inf,3.7239999999999998,True,72.61097162329084,,,
6000,1007,1,252,252,-0.0765790343284607,0.8997807502746582,0.00428972952067852,0.30000001192092896,0.08086876571178436,-0.5997807383537292,True,True,predictive_recovery,right_pass,0.0,14.101262422843883,10,5,,0,0,0,False,False,False,False,False,False,False,False,True,0.629566992383413,10.14343189639452,0.0,False,max_steps,vehicle,24.891357421875,dynamic_vehicle,True,,inf,inf,inf,1.520525578530524,inf,1.1294937114715986,-8.013441252097232,-0.5781217575779692,0.16003770436722015,{'ROAD_LINE_BROKEN_SINGLE_WHITE'},True,True,raw_collision_risk:vehicle_lateral_margin_violation,True,False,right,12,False,raw_predicted_collision,False,0,0,,inf,inf,inf,inf,False,False,9.159689209089095,inf,0.7697915248184243,True,False,1,0,,True,False,0.0,3.299497219031755,inf,5.330140136718709,0.0,vehicle_lateral_margin_violation,True,raw_collision_risk:vehicle_lateral_margin_violation,,False,False,0.0,1.520525578530524,inf,3.7239999999999998,True,72.81487006378237,,,
6000,1007,1,253,253,-0.13498860597610474,0.8362936973571777,-0.00014529093459714204,0.30000001192092896,0.13484331965446472,-0.5362936854362488,True,True,predictive_recovery,right_pass,0.0,13.906753534501819,10,5,,0,0,0,False,False,False,False,False,False,False,False,True,0.6320123192382213,10.234567538217702,0.0,False,max_steps,vehicle,24.717636108398438,dynamic_vehicle,True,,inf,inf,inf,1.5240629067294496,inf,1.1296389083862715,-8.509772351486545,-0.5680619273627269,0.18453147954974275,{'ROAD_LINE_BROKEN_SINGLE_WHITE'},True,True,raw_collision_risk:vehicle_lateral_margin_violation,True,False,right,12,False,raw_predicted_collision,False,0,0,,inf,inf,inf,inf,False,False,8.61230353735458,inf,1.3692477315078526,True,False,1,0,,True,False,0.0,3.1654695431913176,inf,5.319361232757528,0.0,vehicle_lateral_margin_violation,True,raw_collision_risk:vehicle_lateral_margin_violation,,False,False,0.0,1.5240629067294496,inf,3.7239999999999998,True,73.34942452881505,,,
6000,1007,1,254,254,-0.1415194272994995,0.8194888830184937,-0.001946746720932424,0.30000001192092896,0.13957267999649048,-0.5194888710975647,True,True,predictive_recovery,right_pass,0.0,13.922267511800923,10,5,,0,0,0,False,False,False,False,False,False,False,False,True,0.6344796052691947,10.325697975249518,0.0,False,max_steps,vehicle,24.534805297851562,dynamic_vehicle,True,,inf,inf,inf,1.4731127347134567,inf,1.129752872467082,-9.68416361221088,-0.5583307828218872,0.2174332784623713,{'ROAD_LINE_BROKEN_SINGLE_WHITE'},True,True,raw_collision_risk:vehicle_lateral_margin_violation,True,False,right,12,False,raw_predicted_collision,False,0,0,,inf,inf,inf,inf,False,False,8.107442034807852,inf,1.4483901366666176,True,False,1,0,,True,False,0.0,2.9356732913172667,inf,5.3089624872207235,0.0,vehicle_lateral_margin_violation,True,raw_collision_risk:vehicle_lateral_margin_violation,,False,False,0.0,1.4731127347134567,inf,3.7239999999999998,True,73.5825487371007,,,
6000,1007,1,255,255,-0.1431017518043518,0.8079509735107422,-0.0019972973968833685,0.30000001192092896,0.14110445976257324,-0.5079509615898132,True,True,predictive_recovery,right_pass,0.0,13.961477356047858,10,5,,0,0,0,False,False,False,False,False,False,False,False,True,0.6369687403132417,10.416835433941097,0.0,False,max_steps,vehicle,24.342849731445312,dynamic_vehicle,True,,inf,inf,inf,1.431739640256838,inf,1.1298708896637373,-10.947635132182965,-0.5482642010008872,0.25759005590348094,{'ROAD_LINE_BROKEN_SINGLE_WHITE'},True,True,raw_collision_risk:vehicle_lateral_margin_violation,True,False,right,12,False,raw_predicted_collision,False,0,0,,inf,inf,inf,inf,False,False,7.640808769113762,inf,1.4776254688608546,True,False,1,0,,True,False,0.0,2.6906381046000796,inf,5.2982051601409506,0.0,vehicle_lateral_margin_violation,True,raw_collision_risk:vehicle_lateral_margin_violation,,False,False,0.0,1.431739640256838,inf,3.7239999999999998,True,73.80534819771925,,,
6000,1007,1,256,256,-0.06679171323776245,0.8627321720123291,-0.06679171323776245,0.8627321720123291,0.0,0.0,True,False,inactive_raw_action,raw_action,0,0,10,7,raw_action_safe_or_candidate_not_better,0,0,0,False,False,False,False,False,False,False,False,True,0.6394885374176529,10.6693210481258,0.0,False,max_steps,vehicle,24.141815185546875,dynamic_vehicle,True,,inf,inf,inf,-0.14938724907710954,inf,1.1300072650909834,inf,inf,0.0,{'ROAD_LINE_BROKEN_SINGLE_WHITE'},False,False,,False,False,,0,False,vehicle_margin_uncertain_or_low,False,0,0,,inf,inf,inf,inf,False,False,7.209083489440386,inf,0.6957582851487566,False,False,1,0,,False,False,0.6303206264514144,-0.14938724907710954,inf,5.286890291213949,0.0,,False,raw_action_safe_or_candidate_not_better,candidate_not_better,False,False,0.0,1.4116930664761718,inf,3.7239999999999998,False,79.02498989031587,,,
6000,1007,1,257,257,-0.07451075315475464,0.9429447650909424,0.0067405737936496735,0.30000001192092896,0.08125132322311401,-0.6429447531700134,True,True,predictive_recovery,right_pass,0.0,14.912572491035041,10,5,,0,0,0,False,False,False,False,False,False,False,False,True,0.6420575039817378,10.758779347381449,0.0,False,max_steps,vehicle,23.92803955078125,dynamic_vehicle,True,,inf,inf,inf,1.37732228254057,inf,1.130137680053752,-16.696122724550058,-0.5187422892164323,0.40548084707344667,{'ROAD_LINE_BROKEN_SINGLE_WHITE'},True,True,raw_collision_risk:vehicle_lateral_margin_violation,True,False,right,12,False,raw_predicted_collision,False,0,0,,inf,inf,inf,inf,False,False,6.326002768115555,inf,0.7949791469457296,True,False,1,0,,True,False,0.0,2.8131935939917874,inf,5.2667412986754965,0.0,vehicle_lateral_margin_violation,True,raw_collision_risk:vehicle_lateral_margin_violation,,False,False,0.0,1.37732228254057,inf,3.7239999999999998,True,74.41478319466955,,,
6000,1007,1,258,258,-0.13317418098449707,0.8868823051452637,0.022194428369402885,0.30000001192092896,0.1553686112165451,-0.5868822932243347,True,True,predictive_recovery,right_pass,0.0,14.749749720535135,10,5,,0,0,0,False,False,False,False,False,False,False,False,True,0.6446501923314456,10.84864245853092,0.0,False,max_steps,vehicle,23.693832397460938,dynamic_vehicle,True,,inf,inf,inf,1.3836917272367621,inf,1.1302509288788252,-17.33269706597973,-0.5795448260605333,0.39796801649344726,{'ROAD_LINE_BROKEN_SINGLE_WHITE'},True,True,raw_collision_risk:vehicle_lateral_margin_violation,True,False,right,12,False,raw_predicted_collision,False,0,0,,inf,inf,inf,inf,False,False,5.97124419053136,inf,1.4327916279804462,True,False,1,0,,True,False,0.0,2.6119946910862577,inf,5.2330676546096395,0.0,vehicle_lateral_margin_violation,True,raw_collision_risk:vehicle_lateral_margin_violation,,False,False,0.0,1.3836917272367621,inf,3.7239999999999998,True,75.12186802951841,,,
6000,1007,1,259,259,-0.12474757432937622,0.8571120500564575,0.023019593209028244,0.30000001192092896,0.14776717126369476,-0.5571120381355286,True,True,predictive_recovery,right_pass,0.0,14.705646683784979,10,5,,0,0,0,False,False,False,False,False,False,False,False,True,0.6472649132993792,10.939344270100245,0.0,False,max_steps,vehicle,23.44976806640625,dynamic_vehicle,True,,inf,inf,inf,1.3595395989412804,inf,1.1303637008667402,-14.373932500401681,-0.5524928566636859,0.2979951194468687,{'ROAD_LINE_BROKEN_SINGLE_WHITE'},True,True,raw_collision_risk:vehicle_lateral_margin_violation,True,False,right,12,False,raw_predicted_collision,False,0,0,,inf,inf,inf,inf,False,False,5.659934366927696,inf,1.3533418314684127,True,False,1,0,,True,False,0.0,2.3723908155436266,inf,5.206121229171712,0.0,vehicle_lateral_margin_violation,True,raw_collision_risk:vehicle_lateral_margin_violation,,False,False,0.0,1.3595395989412804,inf,3.7239999999999998,True,76.065527219974,,,
6000,1007,1,260,260,-0.1335289478302002,0.8635411262512207,0.016287239268422127,0.30000001192092896,0.14981618523597717,-0.5635411143302917,True,True,predictive_recovery,right_pass,0.0,14.825279338230738,10,5,,0,0,0,False,False,False,False,False,False,False,False,True,0.6499016668855384,11.03051662723238,0.0,False,max_steps,vehicle,23.196548461914062,dynamic_vehicle,True,,inf,inf,inf,1.3099605349090329,inf,1.1304864864349775,-15.867189861269518,-0.5327474525559827,0.3434734992175165,{'ROAD_LINE_BROKEN_SINGLE_WHITE'},True,True,raw_collision_risk:vehicle_lateral_margin_violation,True,False,right,12,False,raw_predicted_collision,False,0,0,,inf,inf,inf,inf,False,False,5.376554199907752,inf,1.460719130338815,True,False,1,0,,True,False,0.0,2.0862209480890854,inf,5.18641271495815,0.0,vehicle_lateral_margin_violation,True,raw_collision_risk:vehicle_lateral_margin_violation,,False,False,0.0,1.3099605349090329,inf,3.7239999999999998,True,76.27366574176321,,,
6000,1007,1,261,261,-0.0699496865272522,0.8655717372894287,0.008021908812224865,0.30000001192092896,0.07797159254550934,-0.5655717253684998,True,True,predictive_recovery,right_pass,0.0,14.92558944503481,10,4,,0,0,0,False,False,False,False,False,False,False,False,True,0.6525604530899233,11.12173696253352,0.0,False,max_steps,vehicle,22.934173583984375,dynamic_vehicle,True,,inf,inf,inf,1.298026804156157,inf,1.130607126236003,-17.373176828267454,-0.5188556750494017,0.39157266382088735,{'ROAD_LINE_BROKEN_SINGLE_WHITE'},True,True,raw_collision_risk:vehicle_lateral_margin_violation,True,False,right,12,False,raw_predicted_collision,False,0,0,,inf,inf,inf,inf,False,False,5.110084339003969,inf,0.7715811803085482,True,False,1,0,,True,False,0.0,1.8072650420433831,inf,5.172512911796529,0.0,vehicle_lateral_margin_violation,True,raw_collision_risk:vehicle_lateral_margin_violation,,False,False,0.0,1.298026804156157,inf,3.7239999999999998,True,76.60502904979425,,,
6000,1007,1,262,262,-0.07640784978866577,0.8563144207000732,0.0016281480202451348,0.30000001192092896,0.07803599536418915,-0.5563144087791443,True,True,predictive_recovery,right_pass,0.0,14.97515185568385,10,5,,0,0,0,False,False,False,False,False,False,False,False,True,0.6552412719125339,11.212889147799284,0.0,False,max_steps,vehicle,22.662643432617188,dynamic_vehicle,True,,inf,inf,inf,1.2756368309810941,inf,1.1307187061310224,-18.890001195092097,-0.5084217692569447,0.4520756206599401,{'ROAD_LINE_BROKEN_SINGLE_WHITE'},True,True,raw_collision_risk:vehicle_lateral_margin_violation,True,False,right,12,False,raw_predicted_collision,False,0,0,,inf,inf,inf,inf,False,False,4.854864845669196,inf,0.8497880072223131,True,False,1,0,,True,False,0.0,1.5464308877848438,inf,5.162052177429159,0.0,vehicle_lateral_margin_violation,True,raw_collision_risk:vehicle_lateral_margin_violation,,False,False,0.0,1.2756368309810941,inf,3.7239999999999998,True,76.88199429990074,,,
6000,1007,1,263,263,-0.07889723777770996,0.8447296619415283,-0.0018147147493436933,0.30000001192092896,0.07708252221345901,-0.5447296500205994,True,True,predictive_recovery,right_pass,0.0,15.014172626536162,10,5,,0,0,0,False,False,False,False,False,False,False,False,True,0.657944013190279,11.304008284366228,0.0,False,max_steps,vehicle,22.3819580078125,dynamic_vehicle,True,,inf,inf,inf,1.1593931270524118,inf,1.1308295707703047,-20.417137489307787,-0.4995393298720866,0.5129181515409932,{'ROAD_LINE_BROKEN_SINGLE_WHITE'},True,True,raw_collision_risk:vehicle_lateral_margin_violation,True,False,right,12,False,raw_predicted_collision,False,0,0,,inf,inf,inf,inf,False,False,4.608646254555609,inf,0.8846659812690237,True,False,1,0,,True,False,0.0,1.296678260698263,inf,5.153131150245626,0.0,vehicle_lateral_margin_violation,True,raw_collision_risk:vehicle_lateral_margin_violation,,False,False,0.0,1.1593931270524118,inf,3.7239999999999998,False,76.84592664285192,,,
6000,1007,1,264,264,-0.06594198942184448,0.849679708480835,-0.06594198942184448,0.849679708480835,0.0,0.0,True,False,inactive_raw_action,raw_action,0,0,10,6,raw_action_safe_or_candidate_not_better,0,0,0,False,False,False,False,False,False,False,False,True,0.6606771227601452,11.551812725501177,0.0,False,max_steps,vehicle,22.0921630859375,dynamic_vehicle,True,,inf,inf,inf,-0.10007148455432979,inf,1.1309449653625898,inf,inf,0.0,{'ROAD_LINE_BROKEN_SINGLE_WHITE'},False,False,,False,False,,0,False,vehicle_margin_uncertain_or_low,False,0,0,,inf,inf,inf,inf,False,False,4.37115988691079,inf,0.7454087947121202,False,False,1,0,,False,False,0.8478703787842774,-0.10007148455432979,inf,5.144315861701925,0.0,,False,raw_action_safe_or_candidate_not_better,candidate_not_better,False,False,0.033308954943753986,0.6889701501874868,inf,3.7239999999999998,False,81.04504929557592,,,
6000,1007,1,265,265,-0.12422734498977661,0.8936662673950195,0.005167152266949415,0.30000001192092896,0.1293945014476776,-0.5936662554740906,True,True,predictive_recovery,right_pass,0.0,15.573310928778765,10,5,,0,0,0,False,False,False,False,False,False,False,False,True,0.6634586306480472,11.641497749675176,0.0,False,max_steps,vehicle,21.789749145507812,dynamic_vehicle,True,,inf,inf,inf,-0.2674280154810491,inf,1.1310598831177168,-24.225052644474296,-0.47249145553509353,0.6567136309777527,{'ROAD_LINE_BROKEN_SINGLE_WHITE'},True,True,raw_collision_risk:vehicle_lateral_margin_violation,True,False,right,12,False,raw_predicted_collision,False,0,0,,inf,inf,inf,inf,False,False,3.9314949356120086,inf,1.4350510247081263,True,False,1,0,,True,False,0.0,1.6513300662099777,inf,5.126072191238363,0.0,vehicle_lateral_margin_violation,True,raw_collision_risk:vehicle_lateral_margin_violation,,False,False,0.32022840464431473,-0.2674280154810491,inf,3.7239999999999998,True,57.17896465041463,,,
6000,1007,1,266,266,-0.06475979089736938,0.7414329051971436,0.018841365352272987,0.30000001192092896,0.08360115438699722,-0.4414328932762146,True,True,predictive_recovery,right_pass,-0.2978401581446737,14.977945823062322,10,5,,0,0,0,False,False,False,False,False,False,False,False,True,0.666263750158481,11.731598598009395,0.0,False,max_steps,vehicle,21.46722412109375,dynamic_vehicle,True,,inf,inf,inf,0.14550725105514672,inf,1.1311697940826826,-6.778999921279178,-0.44149938902442865,0.09942134796094389,{'ROAD_LINE_BROKEN_SINGLE_WHITE'},True,True,raw_collision_risk:vehicle_lateral_margin_violation,True,False,right,12,False,raw_predicted_collision,False,0,0,,inf,inf,inf,inf,False,False,3.70769056578185,inf,0.7539009600011607,True,False,1,0,,True,False,0.0,1.5099615055623268,inf,5.092826508521993,0.0,vehicle_lateral_margin_violation,True,raw_collision_risk:vehicle_lateral_margin_violation,,False,False,0.13098268122726278,0.3633910625757908,inf,3.4261598418553265,True,71.12954280206958,,,
6000,1007,1,267,267,-0.05592381954193115,0.6826996803283691,0.02009469084441662,0.30000001192092896,0.07601851224899292,-0.3826996684074402,True,True,predictive_recovery,right_pass,-0.3252967993418783,14.803747159487056,10,6,,0,0,0,False,False,False,False,False,False,False,False,True,0.6690909022871406,11.82233057191116,0.0,False,max_steps,vehicle,21.1348876953125,dynamic_vehicle,True,,inf,inf,inf,0.07148041276567874,inf,1.131278989791911,-7.4602751161654535,-0.41415194353645257,0.11319606388187606,{'ROAD_LINE_BROKEN_SINGLE_WHITE'},True,True,raw_collision_risk:vehicle_lateral_margin_violation,True,False,right,12,False,raw_predicted_collision,False,0,0,,inf,inf,inf,inf,False,False,3.5100485507622228,inf,0.6560758029334499,True,False,1,0,,True,False,0.0,1.313231115041333,inf,5.0653698673247884,0.0,vehicle_lateral_margin_violation,True,raw_collision_risk:vehicle_lateral_margin_violation,,False,False,0.14599939827799283,0.3133353390733573,inf,3.398703200658122,True,69.4169340091277,,,
6000,1007,1,268,268,-0.054000675678253174,0.6881177425384521,0.013857318088412285,0.30000001192092896,0.06785799562931061,-0.3881177306175232,True,True,predictive_recovery,right_pass,-0.34617988268538413,14.918860413334194,10,6,,0,0,0,False,False,False,False,False,False,False,False,True,0.6719400870340259,11.913490381832712,0.0,False,max_steps,vehicle,20.79339599609375,dynamic_vehicle,True,,inf,inf,inf,-0.3541200998516789,inf,1.1313898544311933,-8.15451707099402,-0.43774700878284645,0.14297154372056403,{'ROAD_LINE_BROKEN_SINGLE_WHITE'},True,True,raw_collision_risk:vehicle_lateral_margin_violation,True,False,right,12,False,raw_predicted_collision,False,0,0,,inf,inf,inf,inf,False,False,3.32823513218457,inf,0.6384138389748719,True,False,1,0,,True,False,0.0,1.0627998279537874,inf,5.044486783981283,0.0,vehicle_lateral_margin_violation,True,raw_collision_risk:vehicle_lateral_margin_violation,,False,False,0.2618798957705312,-0.07293298590177066,inf,3.377820117314616,True,60.8782696533537,,,
6000,1007,1,269,269,-0.04793757200241089,0.7177374362945557,0.006061040796339512,0.30000001192092896,0.053998611867427826,-0.4177374243736267,True,True,predictive_recovery,right_pass,-0.36130587259932456,15.143308845158213,10,6,,0,0,0,False,False,False,False,False,False,False,False,True,0.6748113043991367,12.004691396461338,0.0,False,max_steps,vehicle,20.4427490234375,dynamic_vehicle,True,,inf,inf,inf,-0.8175108766302608,inf,1.1315004806518965,-8.860959437151847,-0.42273164508960914,0.17570097805834112,{'ROAD_LINE_BROKEN_SINGLE_WHITE'},True,True,raw_collision_risk:vehicle_lateral_margin_violation,True,False,right,12,False,raw_predicted_collision,False,0,0,,inf,inf,inf,inf,False,False,3.1544628459860418,inf,0.5711038029791352,True,False,1,0,,True,False,0.0,0.8112645385469892,inf,5.029360794067342,0.0,vehicle_lateral_margin_violation,True,raw_collision_risk:vehicle_lateral_margin_violation,,False,False,0.4992522176449822,-0.4917847631111032,inf,3.3626941274006756,True,61.39969736451589,,,
6000,1007,1,270,270,-0.06854128837585449,0.657947301864624,0.00017658379510976374,0.30000001192092896,0.06871787458658218,-0.35794728994369507,True,True,predictive_recovery,right_pass,-0.37296823660536704,14.965454254852146,10,6,,0,0,0,False,False,False,False,False,False,False,False,True,0.6777045543824733,12.095824235977934,0.0,False,max_steps,vehicle,20.08294677734375,dynamic_vehicle,True,,inf,inf,inf,-0.8697142524032615,inf,1.1316080074310713,-9.578103843278205,-0.41117680786274147,0.16806736285815946,{'ROAD_LINE_BROKEN_SINGLE_WHITE'},True,True,raw_collision_risk:vehicle_lateral_margin_violation,True,False,right,12,False,raw_predicted_collision,False,0,0,,inf,inf,inf,inf,False,False,2.9846488424891677,inf,0.822817014867996,True,False,1,0,,True,False,0.04379417731349069,0.6540194089550311,inf,5.0176984300613,0.0,vehicle_lateral_margin_violation,True,raw_collision_risk:vehicle_lateral_margin_violation,,False,False,0.540318193951651,-0.5292222250193088,inf,3.351031763394633,True,62.33002746032186,,,
6000,1007,1,271,271,-0.07188814878463745,0.5182888507843018,-0.0027087710332125425,0.30000001192092896,0.06917937844991684,-0.2182888388633728,True,True,predictive_recovery,right_pass,-0.38322166601820884,14.428124064507292,10,6,,0,0,0,False,False,False,False,False,False,False,False,True,0.6806198369840356,12.18693807623507,0.0,False,max_steps,vehicle,19.7139892578125,dynamic_vehicle,True,,inf,inf,inf,-0.5279822615824585,inf,1.131715534210246,-10.305521104023507,-0.4010309052290745,0.21612374583138838,{'ROAD_LINE_BROKEN_SINGLE_WHITE'},True,True,raw_collision_risk:vehicle_lateral_margin_violation,True,False,right,12,False,raw_predicted_collision,False,0,0,,inf,inf,inf,inf,False,False,2.817466519584092,inf,0.8695464123488054,True,False,1,0,,True,False,0.05447318544312474,0.6184227151895842,inf,5.007445000648458,0.0,vehicle_lateral_margin_violation,True,raw_collision_risk:vehicle_lateral_margin_violation,,False,False,0.3265054976809521,-0.20427925057933294,inf,3.3407783339817914,True,62.26974869190026,,,
6000,1007,1,272,272,-0.043448686599731445,0.5100600719451904,-0.043448686599731445,0.5100600719451904,0.0,0.0,True,False,inactive_raw_action,raw_action,0,0,10,6,raw_action_safe_or_candidate_not_better,0,0,0,False,False,False,False,False,False,False,False,True,0.683560016444193,12.337179663210819,0.0,False,max_steps,vehicle,19.33587646484375,dynamic_vehicle,True,,inf,inf,inf,-0.817167940110914,inf,1.1318240146637373,inf,inf,0.0,{'ROAD_LINE_BROKEN_SINGLE_WHITE'},False,False,,False,False,,0,False,vehicle_margin_uncertain_or_low,False,0,0,,inf,inf,inf,inf,False,False,2.653222169373123,inf,0.5295064530846716,False,False,1,0,,False,False,1.8238172322745438,-1.895555994627474,inf,4.997033738136251,0.0,,False,raw_action_safe_or_candidate_not_better,candidate_not_better,False,False,0.5155998227826417,-0.4620711879569743,inf,3.3303670714695843,False,76.87985160905674,,,
6000,1007,1,273,273,0.03331804275512695,0.29697227478027344,0.002767720026895404,0.29697227478027344,-0.03055032342672348,0.0,True,True,predictive_recovery,right_pass,-0.4110021988551229,13.673554899722049,10,6,,0,0,0,False,False,False,False,False,False,False,False,True,0.686531996316656,12.426823560355738,0.0,False,max_steps,vehicle,18.947418212890625,dynamic_vehicle,True,,inf,inf,inf,0.02712908523576374,inf,1.131931541442912,-8.990469857019667,-0.37346637962482643,0.22485299674291961,{'ROAD_LINE_BROKEN_SINGLE_WHITE'},True,True,raw_collision_risk:vehicle_lateral_margin_violation,True,False,right,12,False,raw_predicted_collision,False,0,0,,inf,inf,inf,inf,False,False,2.4508877829503235,inf,0.0,True,False,1,0,,True,False,0.07328704157097363,0.5557098614300879,inf,4.979664467811544,0.0,vehicle_lateral_margin_violation,True,raw_collision_risk:vehicle_lateral_margin_violation,,False,False,0.13893931298645804,0.3368689567118066,inf,3.3129978011448773,True,72.31129480073511,,,
6000,1007,1,274,274,0.13372600078582764,0.30462515354156494,0.13372600078582764,0.30462515354156494,0.0,0.0,True,False,inactive_raw_action,raw_action,0,0,10,6,raw_action_safe_or_candidate_not_better,0,0,0,False,False,False,False,False,False,False,False,True,0.6895229242407931,12.463370156873463,0.0,False,max_steps,vehicle,18.511138916015625,dynamic_vehicle,True,,inf,inf,inf,-1.2608867250668698,inf,1.1320331077576093,inf,inf,0.0,{'ROAD_LINE_BROKEN_SINGLE_WHITE'},False,False,,False,False,,0,False,vehicle_margin_uncertain_or_low,False,0,0,,inf,inf,inf,inf,False,False,2.2875457111694817,inf,0.0,False,False,1,0,,False,False,3.4944285858129676,-2.4632236643643832,inf,4.9513890972137045,0.0,,False,raw_action_safe_or_candidate_not_better,candidate_not_better,False,False,1.8450200196834712,-1.2608867250668698,inf,3.7239999999999998,False,90.06229441642598,,,
6000,1007,1,275,275,0.07671153545379639,0.543552041053772,0.00795887503772974,0.30000001192092896,-0.06875266134738922,-0.24355202913284302,True,True,predictive_recovery,right_pass,-0.4547934929530233,14.909354341615437,10,4,,0,0,0,False,False,False,False,False,False,False,False,True,0.6925267779676226,12.553529137499945,0.0,False,max_steps,vehicle,17.976348876953125,dynamic_vehicle,True,,inf,inf,inf,-1.3109452553278937,inf,3.269206507046977,-16.61627707356871,-0.3298665356459446,0.3824105752409459,{'ROAD_LINE_BROKEN_SINGLE_WHITE'},True,True,raw_collision_risk:vehicle_lateral_margin_violation,True,False,right,12,False,raw_predicted_collision,False,0,0,,inf,inf,inf,inf,False,False,2.17448148244244,inf,0.0,True,False,1,0,,True,False,0.09307462678049394,0.48975124406502024,inf,4.935873173713643,0.0,vehicle_lateral_margin_violation,True,raw_collision_risk:vehicle_lateral_margin_violation,,False,False,1.4321696167762903,-0.8917149520586101,inf,3.269206507046977,True,64.82206111815516,,,
6000,1007,1,276,276,0.020599007606506348,0.5620052814483643,-0.014835231006145477,0.30000001192092896,-0.035434238612651825,-0.2620052695274353,True,True,predictive_recovery,right_pass,0.0,15.082552904017584,10,4,,0,0,0,False,False,False,False,False,False,False,False,True,0.6955520033341311,12.64344653626275,0.0,False,max_steps,vehicle,17.44915771484375,dynamic_vehicle,True,,inf,inf,inf,-1.239067629204114,inf,3.2818724940617474,-17.053123739804,-0.32727314113908224,0.5243263741900104,{'ROAD_LINE_BROKEN_SINGLE_WHITE'},True,True,raw_collision_risk:vehicle_lateral_margin_violation,True,False,right,12,False,raw_predicted_collision,False,0,0,,inf,inf,inf,inf,False,False,2.0552682838546668,inf,0.0,True,False,1,0,,True,False,0.1414112255608271,0.32862924813057637,inf,4.948539160728414,0.0,vehicle_lateral_margin_violation,True,raw_collision_risk:vehicle_lateral_margin_violation,,False,False,1.9025580026994364,-1.239067629204114,inf,3.7239999999999998,True,65.8139993145515,,,
6000,1007,1,277,277,-0.03873556852340698,0.4403170347213745,-0.022461460903286934,0.30000001192092896,0.01627410762012005,-0.14031702280044556,True,True,predictive_recovery,right_pass,0.0,14.624873192508936,10,4,,0,0,0,False,False,False,False,False,False,False,False,True,0.6985990409926831,12.733697292473588,0.0,False,max_steps,vehicle,16.930419921875,dynamic_vehicle,True,,inf,inf,inf,-1.3257871792061438,inf,3.291433317502299,-16.601757579453192,-0.3372613050474046,0.5450929865180195,{'ROAD_LINE_BROKEN_SINGLE_WHITE'},True,True,raw_collision_risk:vehicle_lateral_margin_violation,True,False,right,12,False,raw_predicted_collision,False,0,0,,inf,inf,inf,inf,False,False,1.9210333604409684,inf,0.48975108967743847,True,False,1,0,,True,False,0.17730657282355497,0.26644660744452375,inf,4.958099984168966,0.0,vehicle_lateral_margin_violation,True,raw_collision_risk:vehicle_lateral_margin_violation,,False,False,2.084960594655498,-1.3257871792061438,inf,3.7239999999999998,True,66.08114930036984,,,
6000,1007,1,278,278,-0.13303273916244507,0.4666473865509033,-0.017894897609949112,0.30000001192092896,0.11513784527778625,-0.16664737462997437,True,True,predictive_recovery,right_pass,0.0,14.833610531952653,10,5,,0,0,0,False,False,False,False,False,False,False,False,True,0.7016678175012176,12.824705864426956,0.0,False,max_steps,vehicle,16.418487548828125,dynamic_vehicle,True,,inf,inf,inf,-1.2765006591862074,inf,3.294533951123515,-17.488232268069552,-0.34056711275709894,0.6078449936945588,{'ROAD_LINE_BROKEN_SINGLE_WHITE'},True,True,raw_collision_risk:vehicle_lateral_margin_violation,True,False,right,12,False,raw_predicted_collision,False,0,0,,inf,inf,inf,inf,False,False,1.7792167173018731,inf,1.6939986304831718,True,False,1,0,,True,False,0.2670319021886721,0.18467418936145785,inf,4.9612006177901815,0.0,vehicle_lateral_margin_violation,True,raw_collision_risk:vehicle_lateral_margin_violation,,False,False,2.0434929875097176,-1.2765006591862074,inf,3.7239999999999998,True,67.52436835662905,,,
6000,1007,1,279,279,-0.13783174753189087,0.4562246799468994,-0.00877076480537653,0.30000001192092896,0.12906098365783691,-0.15622466802597046,True,True,predictive_recovery,right_pass,0.0,14.877716924188004,10,6,,0,0,0,False,False,False,False,False,False,False,False,True,0.7047584797438564,12.915930625964329,0.0,False,max_steps,vehicle,15.911834716796875,dynamic_vehicle,True,,inf,inf,inf,-2.371300372687406,inf,3.2900416682560834,-17.855304806550457,-0.3360182683931444,0.6612681587279883,{'ROAD_LINE_BROKEN_SINGLE_WHITE'},True,True,vehicle_ttc,True,False,right,12,False,vehicle_margin_uncertain_or_low,False,0,0,,inf,inf,inf,inf,False,False,1.6368196796066306,inf,1.7676516208764566,True,False,1,0,,False,False,3.8530556830250804,-2.371300372687406,inf,4.95670833492275,0.0,,True,vehicle_ttc,,False,False,2.190821158155604,-1.3617866877547833,inf,3.7239999999999998,False,96.69379464070659,,,
6000,1007,1,280,280,-0.261128306388855,0.3878833055496216,-0.0006790999905206263,0.30000001192092896,0.26044920086860657,-0.08788329362869263,True,True,predictive_recovery,right_pass,0.0,14.661405500937626,10,4,,0,0,0,False,False,False,False,False,False,False,False,True,0.7078709542785386,13.007073366060023,0.0,False,max_steps,vehicle,15.408660888671875,dynamic_vehicle,True,,inf,inf,inf,-1.3516903234088682,inf,3.2800843547184857,-17.38083166216512,-0.32581701953543407,0.7017178152746455,{'ROAD_LINE_BROKEN_SINGLE_WHITE'},True,True,predicted_collision_within_1s;raw_collision_risk:vehicle_lateral_margin_violation,True,False,right,12,False,raw_predicted_collision,False,0,0,,inf,inf,inf,inf,False,False,1.498884400157891,inf,3.3727150897940086,True,False,1,0,,True,False,0.15815270500026588,0.2894073448424739,inf,4.946751021385152,0.0,vehicle_lateral_margin_violation,True,predicted_collision_within_1s;raw_collision_risk:vehicle_lateral_margin_violation,,False,False,2.2900651006172037,-1.3516903234088682,inf,3.7239999999999998,True,67.21709517741292,,,
6000,1007,1,281,281,-0.2726988196372986,0.2285679578781128,0.003851386019960046,0.2285679578781128,0.27655020356178284,0.0,True,True,predictive_recovery,right_pass,0.0,14.03562917651153,10,4,,0,0,0,False,False,False,False,False,False,False,False,True,0.7110041394743529,13.076449920953651,0.0,False,max_steps,vehicle,14.907196044921875,dynamic_vehicle,True,,inf,inf,inf,-1.3289012694086395,inf,3.2673941682179364,-15.489361266942803,-0.31278967522250156,0.6800423359218255,{'ROAD_LINE_BROKEN_SINGLE_WHITE'},True,True,predicted_collision_within_1s;raw_collision_risk:vehicle_lateral_margin_violation,True,False,right,12,False,raw_predicted_collision,False,0,0,,inf,inf,inf,inf,False,False,1.3674490546023945,inf,3.5470135538603125,True,False,1,0,,True,False,0.19831896865336934,0.27328474411841563,inf,4.934060834884603,0.0,vehicle_lateral_margin_violation,True,predicted_collision_within_1s;raw_collision_risk:vehicle_lateral_margin_violation,,False,False,2.484303951341489,-1.3289012694086395,inf,3.7239999999999998,True,66.83177278489144,,,
6000,1007,1,282,282,-0.32911986112594604,0.06539082527160645,0.0006373188807629049,0.06539082527160645,0.3297571837902069,0.0,True,True,predictive_recovery,right_pass,-0.4695370594660848,13.37070863467588,10,3,,0,0,0,False,False,False,False,False,False,False,False,True,0.714151352103771,13.09630707394208,0.0,False,max_steps,vehicle,14.406158447265625,dynamic_vehicle,True,,inf,inf,inf,-1.2607948797282833,inf,3.2544629405339154,-12.065107977272431,-0.3158165287794895,0.38360134930105894,{'ROAD_LINE_BROKEN_SINGLE_WHITE'},True,True,predicted_collision_within_1s;raw_collision_risk:vehicle_lateral_margin_violation,True,False,right,12,False,raw_predicted_collision,False,0,0,,inf,inf,inf,inf,False,False,1.2479343422965112,inf,4.303719382004654,True,False,1,0,,True,False,0.20362103048633648,0.2922012318267879,inf,4.921129607200582,0.0,vehicle_lateral_margin_violation,True,predicted_collision_within_1s;raw_collision_risk:vehicle_lateral_margin_violation,,False,False,1.7651332686096644,-0.800778082107811,inf,3.2544629405339154,True,66.41746252505322,,,
6000,1007,1,283,283,-0.4460332989692688,-0.5232982039451599,0.0031602142844349146,0.0,0.4491935074329376,0.5232982039451599,True,True,predictive_recovery,right_slow_follow,0.0,8.386623238435641,10,1,,0,0,0,False,False,False,False,False,False,False,False,True,0.7173006211108901,13.05993011012884,0.0,False,max_steps,vehicle,13.90673828125,dynamic_vehicle,True,,inf,inf,inf,1.4224209334950793,inf,3.7239999999999998,-5.767940974017696,-0.28693624167971976,0.09803483815659178,{'ROAD_LINE_BROKEN_SINGLE_WHITE'},True,True,raw_collision_risk:vehicle_lateral_margin_violation,True,False,right,12,False,raw_predicted_collision,False,0,0,,inf,inf,inf,inf,False,False,1.1438272427583056,inf,5.841389048504958,True,False,1,0,,True,False,0.0,1.2328081777552473,inf,4.9088735809325765,0.0,vehicle_lateral_margin_violation,True,raw_collision_risk:vehicle_lateral_margin_violation,,False,False,0.0,1.4224209334950793,inf,3.7239999999999998,False,26.988146750737904,,,
6000,1007,1,284,284,-0.3263211250305176,-0.2974354028701782,0.0007900535711087286,-0.8500000238418579,0.3271111845970154,-0.5525646209716797,True,True,minimum_risk_stop,pre_contact_minimum_risk,0,0,10,0,no_safe_candidate_before_cost,0,0,0,False,False,False,False,False,False,False,False,True,0.7203484666321103,11.5279997394256,0.0,False,max_steps,vehicle,13.412384033203125,dynamic_vehicle,True,,inf,inf,inf,inf,inf,inf,inf,inf,0.0,{'ROAD_LINE_BROKEN_SINGLE_WHITE'},True,True,raw_collision_risk:vehicle_lateral_margin_violation,False,False,,0,False,raw_predicted_collision,True,8,0,,inf,inf,inf,inf,False,False,1.052737663686252,inf,4.261731086357175,True,False,1,0,,True,False,0.11509931448955676,0.5212886674343404,inf,4.8970303764342855,0.0,vehicle_lateral_margin_violation,True,no_safe_candidate_before_cost,no_hard_safe_candidate,False,False,0.0,inf,inf,inf,False,0.0,,,
6000,1007,1,285,285,-0.3333805799484253,0.09420084953308105,0.00019751339277718216,-0.8500000238418579,0.33357807993888855,-0.944200873374939,True,True,minimum_risk_stop,pre_contact_minimum_risk,0,0,10,0,no_safe_candidate_before_cost,0,0,0,False,False,False,False,False,False,False,False,True,0.7230567895064726,10.152297625989528,0.0,False,max_steps,vehicle,12.964813232421875,dynamic_vehicle,True,,inf,inf,inf,inf,inf,inf,inf,inf,0.0,{'ROAD_LINE_BROKEN_SINGLE_WHITE'},True,True,predicted_collision_within_1s;raw_collision_risk:vehicle_lateral_margin_violation,False,False,,0,False,raw_predicted_collision,True,8,0,,inf,inf,inf,inf,False,False,1.4233147452528039,inf,3.843211238775002,True,False,1,0,,True,False,0.21117837413907403,0.3364153750696057,inf,4.886535429000814,0.0,vehicle_lateral_margin_violation,True,no_safe_candidate_before_cost,no_hard_safe_candidate,False,False,0.0,inf,inf,inf,False,0.0,,,
6000,1007,1,286,286,-0.3339601159095764,0.29346132278442383,4.937834819429554e-05,-0.8500000238418579,0.3340094983577728,-1.1434613466262817,True,True,minimum_risk_stop,pre_contact_minimum_risk,0,0,10,0,no_safe_candidate_before_cost,0,0,0,False,False,False,False,False,False,False,False,True,0.7254326401718093,8.747418484977814,0.0,False,max_steps,vehicle,12.6619873046875,dynamic_vehicle,True,,inf,inf,inf,inf,inf,inf,inf,inf,0.0,{'ROAD_LINE_BROKEN_SINGLE_WHITE'},True,True,predicted_collision_within_1s;raw_collision_risk:vehicle_lateral_margin_violation,False,False,,0,False,raw_predicted_collision,True,8,0,,inf,inf,inf,inf,False,False,2.3410649494947933,inf,3.39046249192398,True,False,1,0,,True,False,0.14465645034973645,0.439291800495202,inf,4.877172254562337,0.0,vehicle_lateral_margin_violation,True,no_safe_candidate_before_cost,no_hard_safe_candidate,False,False,0.0,inf,inf,inf,False,0.0,,,
6000,1007,1,287,287,-0.26511263847351074,0.534553050994873,-0.012100286781787872,0.18000000715255737,0.25301235914230347,-0.3545530438423157,True,True,predictive_recovery,right_pass,-0.521658102671346,8.0,10,1,,0,0,0,False,False,False,False,False,False,False,False,True,0.7275545281910645,8.80184746449232,0.0,False,max_steps,vehicle,12.50006103515625,dynamic_vehicle,True,,inf,inf,inf,1.6143414205277047,inf,3.202341897328654,-0.33307409893658324,-0.2642149996580906,0.01790670344725185,{'ROAD_LINE_BROKEN_SINGLE_WHITE'},True,True,raw_collision_risk:vehicle_lateral_margin_violation,True,False,right,12,False,raw_predicted_collision,False,0,0,,inf,inf,inf,inf,False,False,9.919767734808614,inf,2.319051194384428,True,False,1,0,,True,False,0.12305937988417201,0.48279670198742464,inf,4.869008563995321,0.0,vehicle_lateral_margin_violation,True,raw_collision_risk:vehicle_lateral_margin_violation,,False,False,0.0,1.6143414205277047,inf,3.202341897328654,False,55.20125505399134,,,
6000,1007,1,288,288,-0.29553723335266113,0.7199767827987671,-0.003025071695446968,-0.8500000238418579,0.2925121486186981,-1.569976806640625,True,True,minimum_risk_stop,pre_contact_minimum_risk,0,0,10,0,no_safe_candidate_before_cost,0,0,0,False,False,False,False,False,False,False,False,True,0.7295703658745935,7.035260113608709,0.0,False,max_steps,vehicle,12.44580078125,dynamic_vehicle,True,,inf,inf,inf,inf,inf,inf,inf,inf,0.0,{'ROAD_LINE_BROKEN_SINGLE_WHITE'},True,True,raw_collision_risk:vehicle_lateral_margin_violation,False,False,,0,False,raw_predicted_collision,True,8,0,,inf,inf,inf,inf,False,False,8.660083661003705,inf,2.6012736480481955,True,False,1,0,,True,False,0.16352520727262426,0.40328387150912404,inf,4.860844635009725,0.0,vehicle_lateral_margin_violation,True,no_safe_candidate_before_cost,no_hard_safe_candidate,False,False,0.0,inf,inf,inf,False,0.0,,,
6000,1007,1,289,289,-0.2411874532699585,0.670440673828125,-0.012100648134946823,0.30000001192092896,0.22908680140972137,-0.37044066190719604,True,True,predictive_recovery,right_pass,-0.5392560164134115,8.0,10,3,,0,0,0,False,False,False,False,False,False,False,False,True,0.7312837691519445,7.126269230031628,0.0,False,max_steps,vehicle,12.4371337890625,dynamic_vehicle,True,,inf,inf,inf,1.7397076485497216,inf,1.1335387210846357,-0.046237431311435984,-0.2468197417082615,0.012146031333660458,{'ROAD_LINE_BROKEN_SINGLE_WHITE'},True,True,raw_collision_risk:vehicle_lateral_margin_violation,True,False,right,12,False,raw_predicted_collision,False,0,0,,inf,inf,inf,inf,False,False,inf,inf,1.6968164698930035,True,False,1,0,,True,False,0.0,1.2383857058910586,inf,4.851410650253255,0.0,vehicle_lateral_margin_violation,True,raw_collision_risk:vehicle_lateral_margin_violation,,False,False,0.0,1.7397076485497216,inf,3.1847439835865887,False,59.77240492119596,,,
6000,1007,1,290,290,-0.256025493144989,0.8311021327972412,-0.009616069495677948,0.30000001192092896,0.24640941619873047,-0.5311021208763123,True,True,predictive_recovery,right_pass,-0.5477850834529012,8.0,10,3,,0,0,0,False,False,False,False,False,False,False,False,True,0.7330030477941557,7.217408529503884,0.0,False,max_steps,vehicle,12.5552978515625,dynamic_vehicle,True,,inf,inf,inf,1.805921223524587,inf,1.1336400489807539,0.04229955521985573,-0.23839200256488968,0.01119887012984038,{'ROAD_LINE_BROKEN_SINGLE_WHITE'},True,True,raw_collision_risk:vehicle_lateral_margin_violation,True,False,right,12,False,raw_predicted_collision,False,0,0,,inf,inf,inf,inf,False,False,inf,inf,1.8245065939028087,True,False,1,0,,True,False,0.0,1.2040467267181079,inf,4.8428815832137655,0.0,vehicle_lateral_margin_violation,True,raw_collision_risk:vehicle_lateral_margin_violation,,False,False,0.0,1.805921223524587,inf,3.176214916547099,False,55.492161563783675,,,
6000,1007,1,291,291,-0.2843559980392456,0.8319392204284668,0.10511689633131027,0.18000000715255737,0.3894729018211365,-0.6519392132759094,True,True,predictive_recovery,left_pass,6.090260053634602,3.0,10,2,,0,0,0,False,False,False,False,False,False,False,False,True,0.7347405400674334,7.253413258893359,0.0,False,max_steps,vehicle,12.671875,dynamic_vehicle,True,,inf,inf,inf,1.9474072004725151,inf,1.1337399463653974,2.152427000383206,-3.725059678483892,0.3655191014831449,{'ROAD_LINE_BROKEN_SINGLE_WHITE'},True,True,raw_collision_risk:vehicle_lateral_margin_violation,True,False,left,12,False,raw_predicted_collision,False,0,0,,inf,inf,inf,inf,False,False,inf,inf,2.052313405664041,True,False,1,0,,True,False,0.0,1.2159144056914908,inf,4.832136892318685,0.0,vehicle_lateral_margin_violation,True,raw_collision_risk:vehicle_lateral_margin_violation,,False,False,0.0,1.9474072004725151,inf,1.1337399463653974,False,-121.52035309760566,,,
6000,1007,1,292,292,-0.2920517921447754,0.7495946884155273,0.099932461977005,0.18000000715255737,0.3919842541217804,-0.56959468126297,True,True,predictive_recovery,left_pass,6.090163255691487,3.0,10,2,,0,0,0,False,False,False,False,False,False,False,False,True,0.7364878001347912,7.304564819604506,0.0,False,max_steps,vehicle,12.781524658203125,dynamic_vehicle,True,,inf,inf,inf,2.0159401341715846,inf,1.1338367443085127,2.225487627740759,-3.727109157151646,0.36548399173506985,{'ROAD_LINE_BROKEN_SINGLE_WHITE'},True,True,raw_collision_risk:vehicle_lateral_margin_violation,True,False,left,12,False,raw_predicted_collision,False,0,0,,inf,inf,inf,inf,False,False,inf,inf,2.1183723414264812,True,False,1,0,,True,False,0.0,1.2759283799087449,inf,4.829298995971639,0.0,vehicle_lateral_margin_violation,True,raw_collision_risk:vehicle_lateral_margin_violation,,False,False,0.0,2.0159401341715846,inf,1.1338367443085127,False,-119.46479566210778,,,
6000,1007,1,293,293,-0.3545267581939697,0.43202102184295654,0.07601600140333176,0.18000000715255737,0.4305427670478821,-0.25202101469039917,True,True,predictive_recovery,left_pass,6.09006693458553,3.0,10,2,,0,0,0,False,False,False,False,False,False,False,False,True,0.7382465906056872,7.36006699222568,0.0,False,max_steps,vehicle,12.8875732421875,dynamic_vehicle,True,,inf,inf,inf,2.0632352459442167,inf,1.1339330654144697,2.278713990663136,-3.7121116152471965,0.36574091556955274,{'ROAD_LINE_BROKEN_SINGLE_WHITE'},True,True,raw_collision_risk:vehicle_lateral_margin_violation,True,False,left,12,False,raw_predicted_collision,False,0,0,,inf,inf,inf,inf,False,False,inf,inf,2.5896636855121047,True,False,1,0,,True,False,0.0,1.4378515280519952,inf,4.849261306762655,0.0,vehicle_lateral_margin_violation,True,raw_collision_risk:vehicle_lateral_margin_violation,,False,False,0.0,2.0632352459442167,inf,1.1339330654144697,False,-111.69625636487642,,,
6000,1007,1,294,294,-0.27991199493408203,0.5355664491653442,0.04890378937125206,0.18000000715255737,0.3288157880306244,-0.35556644201278687,True,True,predictive_recovery,left_pass,6.089970851898152,3.0,10,2,,0,0,0,False,False,False,False,False,False,False,False,True,0.7400179396689717,7.415960951710699,0.0,False,max_steps,vehicle,12.989166259765625,dynamic_vehicle,True,,inf,inf,inf,2.098071564116765,inf,1.1340291481018476,2.3226782252820106,-3.687433464158464,0.3661636785293803,{'ROAD_LINE_BROKEN_SINGLE_WHITE'},True,True,raw_collision_risk:vehicle_lateral_margin_violation,True,False,left,12,False,raw_predicted_collision,False,0,0,,inf,inf,inf,inf,False,False,inf,inf,2.0601710346423787,True,False,1,0,,True,False,0.0,1.2244258623785296,inf,4.882171296119649,0.0,vehicle_lateral_margin_violation,True,raw_collision_risk:vehicle_lateral_margin_violation,,False,False,0.0,2.098071564116765,inf,1.1340291481018476,False,-114.24563101613619,,,
6000,1007,1,295,295,-0.40803825855255127,0.3647574186325073,0.02618895098567009,0.18000000715255737,0.43422719836235046,-0.18475741147994995,True,True,predictive_recovery,left_pass,6.08987596130367,3.0,10,2,,0,0,0,False,False,False,False,False,False,False,False,True,0.7418022879770094,7.471280217450703,0.0,False,max_steps,vehicle,13.08575439453125,dynamic_vehicle,True,,inf,inf,inf,2.1252698289473013,inf,1.13412403869633,2.361054539891633,-3.657540613629199,0.36667577483359687,{'ROAD_LINE_BROKEN_SINGLE_WHITE'},True,True,raw_collision_risk:vehicle_lateral_margin_violation,True,False,left,12,False,raw_predicted_collision,False,0,0,,inf,inf,inf,inf,False,False,inf,inf,3.0259957922297542,True,False,1,0,,True,False,0.0,1.5472071861119385,inf,4.922056936263997,0.0,vehicle_lateral_margin_violation,True,raw_collision_risk:vehicle_lateral_margin_violation,,False,False,0.0,2.1252698289473013,inf,1.13412403869633,False,-110.09741622810873,,,
6000,1007,1,296,296,-0.4751049280166626,0.23955249786376953,0.010130164213478565,0.18000000715255737,0.4852350950241089,-0.05955249071121216,True,True,predictive_recovery,left_pass,6.089781785964925,3.0,10,4,,0,0,0,False,False,False,False,False,False,False,False,True,0.7435997824139218,7.5261434285240005,0.0,False,max_steps,vehicle,13.177154541015625,dynamic_vehicle,True,,inf,inf,inf,2.14749070322285,inf,1.1342182140350752,2.3947175487548247,-3.625159314159993,0.36723050091325504,{'ROAD_LINE_BROKEN_SINGLE_WHITE'},True,True,raw_collision_risk:vehicle_lateral_margin_violation,True,False,left,12,False,raw_predicted_collision,False,0,0,,inf,inf,inf,inf,False,False,inf,inf,3.5496420499042314,True,False,1,0,,True,False,0.0,1.8850992362762469,inf,4.965271495819051,0.0,vehicle_lateral_margin_violation,True,raw_collision_risk:vehicle_lateral_margin_violation,,False,False,0.0,2.14749070322285,inf,1.1342182140350752,False,-107.0681013423318,,,
6000,1007,1,297,297,-0.53304123878479,-0.2999865412712097,0.00029051012825220823,0.0,0.5333317518234253,0.2999865412712097,True,True,predictive_recovery,left_pass,6.089688325881917,3.0,10,4,,0,0,0,False,False,False,False,False,False,False,False,True,0.7454052085933954,7.489763115914128,0.0,False,max_steps,vehicle,13.263214111328125,dynamic_vehicle,True,,inf,inf,inf,2.1661310336791875,inf,1.134311674118083,2.4234234707522573,-3.5918990045741745,0.367800285370556,{'ROAD_LINE_BROKEN_SINGLE_WHITE'},True,True,raw_collision_risk:vehicle_lateral_margin_violation,True,False,left,12,False,raw_predicted_collision,False,0,0,,inf,inf,inf,inf,False,False,inf,inf,4.01174481641244,True,False,1,0,,True,False,0.0,2.2346910212618454,inf,5.009662412643392,0.0,vehicle_lateral_margin_violation,True,raw_collision_risk:vehicle_lateral_margin_violation,,False,False,0.0,2.1661310336791875,inf,1.134311674118083,False,-86.57786871177782,,,
6000,1007,1,298,298,-0.5607605576515198,-0.21140265464782715,-0.00375360157340765,0.0,0.5570069551467896,0.21140265464782715,True,True,predictive_recovery,left_pass,6.089596534728963,3.0,10,5,,0,0,0,False,False,False,False,False,False,False,False,True,0.7472028499144293,7.453368258948256,0.0,False,max_steps,vehicle,13.346099853515625,dynamic_vehicle,True,,inf,inf,inf,2.199331628304897,inf,1.134403465271037,2.5446897393224717,-3.5586675734387496,0.3683695751093053,{'ROAD_LINE_BROKEN_SINGLE_WHITE'},True,True,raw_collision_risk:vehicle_lateral_margin_violation,True,False,left,12,False,raw_predicted_collision,False,0,0,,inf,inf,inf,inf,False,False,inf,inf,4.199963741557791,True,False,1,0,,True,False,0.0,2.2664482271574453,inf,5.054016374587972,0.0,vehicle_lateral_margin_violation,True,raw_collision_risk:vehicle_lateral_margin_violation,,False,False,0.0,2.199331628304897,inf,1.134403465271037,False,-90.8430276982131,,,
6000,1007,1,299,299,-0.4537537693977356,0.18467748165130615,-0.004793405532836914,0.18000000715255737,0.4489603638648987,-0.004677474498748779,True,True,predictive_recovery,left_pass,6.089505935668904,3.0,10,4,,0,0,0,False,False,False,False,False,False,False,False,True,0.7489971129006686,7.508032061370012,0.0,False,max_steps,vehicle,13.4322509765625,dynamic_vehicle,True,,inf,inf,inf,2.236631837154226,inf,1.1344940643310957,2.669188976700295,-3.5261001684003404,0.3689274893751851,{'ROAD_LINE_BROKEN_SINGLE_WHITE'},True,True,raw_collision_risk:vehicle_lateral_margin_violation,True,False,left,12,False,raw_predicted_collision,False,0,0,,inf,inf,inf,inf,False,False,inf,inf,3.381993942207209,True,False,1,0,,True,False,0.0,2.107104218880348,inf,5.097483419418294,0.0,vehicle_lateral_margin_violation,True,raw_collision_risk:vehicle_lateral_margin_violation,,False,False,0.0,2.236631837154226,inf,1.1344940643310957,False,-105.55783959990539,,,
6000,1007,1,300,300,-0.4669784903526306,0.23106098175048828,-0.005427409894764423,0.18000000715255737,0.46155107021331787,-0.05106097459793091,True,True,predictive_recovery,left_pass,6.089415575027425,3.0,10,3,,0,0,0,False,False,False,False,False,False,False,False,True,0.7508037141531143,7.562704724940418,0.0,False,max_steps,vehicle,13.51983642578125,dynamic_vehicle,True,,inf,inf,inf,2.260389430414982,inf,1.1345844249725752,2.699472800831666,-3.4941540957004937,0.3694747595576593,{'ROAD_LINE_BROKEN_SINGLE_WHITE'},True,True,raw_collision_risk:vehicle_lateral_margin_violation,True,False,left,12,False,raw_predicted_collision,False,0,0,,inf,inf,inf,inf,False,False,inf,inf,3.5060894775377176,True,False,1,0,,True,False,0.0,1.9723507069900723,inf,5.140119694709737,0.0,vehicle_lateral_margin_violation,True,raw_collision_risk:vehicle_lateral_margin_violation,,False,False,0.0,2.260389430414982,inf,1.1345844249725752,False,-106.71150893035835,,,
6000,1007,1,301,301,-0.43371450901031494,0.3103058338165283,-0.005446885712444782,0.18000000715255737,0.42826762795448303,-0.13030582666397095,True,True,predictive_recovery,left_pass,6.0893261680602615,3.0,10,2,,0,0,0,False,False,False,False,False,False,False,False,True,0.7526236084185561,7.617381294642179,0.0,False,max_steps,vehicle,13.6024169921875,dynamic_vehicle,True,,inf,inf,inf,2.281590751492727,inf,1.1346738319397383,2.7247185962688283,-3.4625496621992857,0.37001617709751494,{'ROAD_LINE_BROKEN_SINGLE_WHITE'},True,True,raw_collision_risk:vehicle_lateral_margin_violation,True,False,left,12,False,raw_predicted_collision,False,0,0,,inf,inf,inf,inf,False,False,inf,inf,3.280054766567522,True,False,1,0,,True,False,0.0,1.6757391698457607,inf,5.182299994468648,0.0,vehicle_lateral_margin_violation,True,raw_collision_risk:vehicle_lateral_margin_violation,,False,False,0.0,2.281590751492727,inf,1.1346738319397383,False,-108.5929122991097,,,
6000,1007,1,302,302,-0.41204380989074707,0.3831627368927002,-0.005185579415410757,0.18000000715255737,0.4068582355976105,-0.20316272974014282,True,True,predictive_recovery,left_pass,6.0892369995116775,3.0,10,2,,0,0,0,False,False,False,False,False,False,False,False,True,0.7544567222549333,7.672059233570187,0.0,False,max_steps,vehicle,13.679473876953125,dynamic_vehicle,True,,inf,inf,inf,2.299868682506901,inf,1.1347630004883222,2.7444175350578686,-3.431334642123293,0.37055092357146896,{'ROAD_LINE_BROKEN_SINGLE_WHITE'},True,True,raw_collision_risk:vehicle_lateral_margin_violation,True,False,left,12,False,raw_predicted_collision,False,0,0,,inf,inf,inf,inf,False,False,inf,inf,3.138694810034875,True,False,1,0,,True,False,0.0,1.4416963980093112,inf,5.223959707260091,0.0,vehicle_lateral_margin_violation,True,raw_collision_risk:vehicle_lateral_margin_violation,,False,False,0.0,2.299868682506901,inf,1.1347630004883222,False,-110.32231974111295,,,
6000,1007,1,303,303,-0.3065636157989502,0.5484950542449951,-0.004841576796025038,0.18000000715255737,0.30172204971313477,-0.36849504709243774,True,True,predictive_recovery,left_pass,6.08914878463741,3.0,10,2,,0,0,0,False,False,False,False,False,False,False,False,True,0.756303055662246,7.726738578035575,0.0,False,max_steps,vehicle,13.75103759765625,dynamic_vehicle,True,,inf,inf,inf,2.315122878864832,inf,1.1348512153625898,2.758607567031299,-3.4005083224243586,0.3710790111947942,{'ROAD_LINE_BROKEN_SINGLE_WHITE'},True,True,raw_collision_risk:vehicle_lateral_margin_violation,True,False,left,12,False,raw_predicted_collision,False,0,0,,inf,inf,inf,inf,False,False,inf,inf,2.351974219266999,True,False,1,0,,True,False,0.0,1.0463139608866392,inf,5.2651005020141195,0.0,vehicle_lateral_margin_violation,True,raw_collision_risk:vehicle_lateral_margin_violation,,False,False,0.0,2.315122878864832,inf,1.1348512153625898,False,-114.31524187814986,,,
6000,1007,1,304,304,-0.3145354390144348,0.5212987661361694,-0.004512796178460121,0.18000000715255737,0.31002265214920044,-0.34129875898361206,True,True,predictive_recovery,left_pass,6.0890608081817215,3.0,10,2,,0,0,0,False,False,False,False,False,False,False,False,True,0.7581626820825549,7.781422648467267,0.0,False,max_steps,vehicle,13.817108154296875,dynamic_vehicle,True,,inf,inf,inf,2.3272204645818437,inf,1.1349391918182783,2.767293422059513,-3.393942312141261,0.3716008751365874,{'ROAD_LINE_BROKEN_SINGLE_WHITE'},True,True,raw_collision_risk:vehicle_lateral_margin_violation,True,False,left,12,False,raw_predicted_collision,False,0,0,,inf,inf,inf,inf,False,False,inf,inf,2.4303331107921893,True,False,1,0,,True,False,0.0,1.0480559692898677,inf,1.8057556381225175,0.0,vehicle_lateral_margin_violation,True,raw_collision_risk:vehicle_lateral_margin_violation,,False,False,0.0,2.3272204645818437,inf,1.1349391918182783,False,-113.60417943322007,,,
6000,1007,1,305,305,-0.3362623453140259,0.4947882890701294,-0.004237640183418989,0.18000000715255737,0.3320246934890747,-0.314788281917572,True,True,predictive_recovery,left_pass,6.088973785400349,3.0,10,2,,0,0,0,False,False,False,False,False,False,False,False,True,0.760035528073799,7.836103823211233,0.0,False,max_steps,vehicle,13.877655029296875,dynamic_vehicle,True,,inf,inf,inf,2.3360130163259853,inf,1.1350262145996504,2.7704410965552047,-3.409657695134482,0.3721169490390354,{'ROAD_LINE_BROKEN_SINGLE_WHITE'},True,True,raw_collision_risk:vehicle_lateral_margin_violation,True,False,left,12,False,raw_predicted_collision,False,0,0,,inf,inf,inf,inf,False,False,inf,inf,2.6165994296532817,True,False,1,0,,True,False,0.0,1.0500275963651386,inf,1.8459596862792558,0.0,vehicle_lateral_margin_violation,True,raw_collision_risk:vehicle_lateral_margin_violation,,False,False,0.0,2.3360130163259853,inf,1.1350262145996504,False,-112.91391207501879,,,
6000,1007,1,306,306,-0.3370016813278198,0.4765230417251587,-0.003928240388631821,0.18000000715255737,0.3330734372138977,-0.2965230345726013,True,True,predictive_recovery,left_pass,6.094847703933675,3.0,10,2,,0,0,0,False,False,False,False,False,False,False,False,True,0.7619215936359787,7.890783296369304,0.0,False,max_steps,vehicle,13.92547607421875,dynamic_vehicle,True,,inf,inf,inf,2.3413339478004467,inf,1.1291522960663252,2.6848158605013497,-3.422883760643227,0.372551276808462,{'ROAD_LINE_BROKEN_SINGLE_WHITE'},True,True,raw_collision_risk:vehicle_lateral_margin_violation,True,False,left,12,False,raw_predicted_collision,False,0,0,,inf,inf,inf,inf,False,False,inf,inf,2.6407801634815424,True,False,1,0,,True,False,0.0,1.0447724219088297,inf,1.8857425680160111,0.0,vehicle_lateral_margin_violation,True,raw_collision_risk:vehicle_lateral_margin_violation,,False,False,0.0,2.3413339478004467,inf,1.1291522960663252,False,-112.46740734629705,,,
6000,1007,1,307,307,-0.35957562923431396,0.19712364673614502,-0.003522280603647232,0.18000000715255737,0.35605335235595703,-0.017123639583587646,True,True,predictive_recovery,left_pass,6.110575939178426,3.0,10,2,,0,0,0,False,False,False,False,False,False,False,False,True,0.7638208787690938,7.945466486439577,0.0,False,max_steps,vehicle,13.945068359375,dynamic_vehicle,True,,inf,inf,inf,2.3430297444927266,inf,1.1134240608215742,2.6419273601880633,-3.432113303813671,0.37285436368606706,{'ROAD_LINE_BROKEN_SINGLE_WHITE'},True,True,raw_collision_risk:vehicle_lateral_margin_violation,True,False,left,12,False,raw_predicted_collision,False,0,0,,inf,inf,inf,inf,False,False,inf,inf,2.8373333689436064,True,False,1,0,,True,False,0.0,1.8084410904808337,inf,1.9251334896087235,0.0,vehicle_lateral_margin_violation,True,raw_collision_risk:vehicle_lateral_margin_violation,,False,False,0.0,2.3430297444927266,inf,1.1134240608215742,False,-105.70129967498472,,,
6000,1007,1,308,308,-0.36810970306396484,0.15961837768554688,-0.0035574331413954496,0.15961837768554688,0.36455225944519043,0.0,True,True,predictive_recovery,left_pass,6.102864767074544,3.0,10,2,,0,0,0,False,False,False,False,False,False,False,False,True,0.7657330162628405,7.9939528552932595,0.0,False,max_steps,vehicle,13.958587646484375,dynamic_vehicle,True,,inf,inf,inf,2.3414204180207765,inf,1.121135232925456,2.6165377671428303,-3.450351435736374,0.3734532815691866,{'ROAD_LINE_BROKEN_SINGLE_WHITE'},True,True,raw_collision_risk:vehicle_lateral_margin_violation,True,False,left,12,False,raw_predicted_collision,False,0,0,,inf,inf,inf,inf,False,False,inf,inf,2.924803309027957,True,False,1,0,,True,False,0.0,1.8938490266443786,inf,1.9641812076568193,0.0,vehicle_lateral_margin_violation,True,raw_collision_risk:vehicle_lateral_margin_violation,,False,False,0.0,2.3414204180207765,inf,1.121135232925456,False,-104.70001803125615,,,
6000,1007,1,309,309,-0.3966389298439026,0.3042583465576172,-0.09420622140169144,0.008062859997153282,0.30243271589279175,-0.29619547724723816,True,True,predictive_recovery,right_pass,-3.3877675930659383,8.0,10,2,,0,0,0,False,False,False,False,False,False,False,False,True,0.767653819919756,7.9823489724242895,0.0,False,max_steps,vehicle,13.9727783203125,dynamic_vehicle,True,,inf,inf,inf,2.2725759759850916,inf,0.33623240693406165,1.1975864637750924,-0.8953067135634247,0.07545296431902508,{'ROAD_LINE_BROKEN_SINGLE_WHITE'},True,True,raw_collision_risk:vehicle_lateral_margin_violation,True,False,right,12,False,raw_predicted_collision,False,0,0,,inf,inf,inf,inf,False,False,inf,inf,0.0,True,False,1,0,,True,False,0.0,1.334677413498639,inf,2.002899073600728,0.0,vehicle_lateral_margin_violation,True,raw_collision_risk:vehicle_lateral_margin_violation,,False,False,1.2534555569755934,2.2725759759850916,inf,0.33623240693406165,False,-0.6392939639588064,,,
6000,1007,1,310,310,-0.3931565284729004,0.2960186004638672,-0.08609797060489655,0.023534703999757767,0.30705857276916504,-0.2724838852882385,True,True,predictive_recovery,right_pass,-3.3581458727519125,8.0,10,2,,0,0,0,False,False,False,False,False,False,False,False,True,0.7695749907869752,7.987063869036017,0.0,False,max_steps,vehicle,13.988189697265625,dynamic_vehicle,True,,inf,inf,inf,2.280492933944947,inf,0.3658541272480875,1.2264357587161854,-0.9199101996245209,0.07860891139026537,{'ROAD_LINE_BROKEN_SINGLE_WHITE'},True,True,raw_collision_risk:vehicle_lateral_margin_violation,True,False,right,12,False,raw_predicted_collision,False,0,0,,inf,inf,inf,inf,False,False,inf,inf,0.0,True,False,1,0,,True,False,0.0,1.3752034657851748,inf,2.032520793914754,0.0,vehicle_lateral_margin_violation,True,raw_collision_risk:vehicle_lateral_margin_violation,,False,False,1.1645903960335158,2.280492933944947,inf,0.3658541272480875,False,3.4280728952094606,,,
6000,1007,1,311,311,-0.3400685787200928,0.6322636604309082,-0.06276168674230576,0.01724817417562008,0.2773068845272064,-0.6150155067443848,True,True,predictive_recovery,right_pass,-3.3498548666636556,8.0,10,2,,0,0,0,False,False,False,False,False,False,False,False,True,0.7714974101692272,7.9932015795470335,0.0,False,max_steps,vehicle,14.00775146484375,dynamic_vehicle,True,,inf,inf,inf,2.301071938655845,inf,0.37414513333634436,1.253705062552486,-0.9200637411894623,0.07862938359892421,{'ROAD_LINE_BROKEN_SINGLE_WHITE'},True,True,raw_collision_risk:vehicle_lateral_margin_violation,True,False,right,12,False,raw_predicted_collision,False,0,0,,inf,inf,inf,inf,False,False,inf,inf,0.0,True,False,1,0,,True,False,0.048483942093788125,0.638386859687373,inf,2.0408118000030107,0.0,vehicle_lateral_margin_violation,True,raw_collision_risk:vehicle_lateral_margin_violation,,False,False,1.1402544506097567,2.301071938655845,inf,0.37414513333634436,False,-3.408194856186242,,,
6000,1007,1,312,312,-0.37302279472351074,0.6112606525421143,-0.03820318356156349,0.009064560756087303,0.33481961488723755,-0.6021960973739624,True,True,predictive_recovery,right_pass,-3.3545246521632284,8.0,10,2,,0,0,0,False,False,False,False,False,False,False,False,True,0.7734209311823905,7.9969306319819475,0.0,False,max_steps,vehicle,14.030242919921875,dynamic_vehicle,True,,inf,inf,inf,2.329740986924687,inf,0.3694753478367716,1.2829943182027197,-0.9170204472365204,0.07822361107186529,{'ROAD_LINE_BROKEN_SINGLE_WHITE'},True,True,raw_collision_risk:vehicle_lateral_margin_violation,True,False,right,12,False,raw_predicted_collision,False,0,0,,inf,inf,inf,inf,False,False,inf,inf,0.0,True,False,1,0,,True,False,0.033098162735013335,0.6896727908832889,inf,2.036142014503438,0.0,vehicle_lateral_margin_violation,True,raw_collision_risk:vehicle_lateral_margin_violation,,False,False,1.1537267342674635,2.329740986924687,inf,0.3694753478367716,False,-3.61513022672424,,,
6000,1007,1,313,313,-0.3136448860168457,0.5664905309677124,-0.018897246569395065,0.004092490766197443,0.29474765062332153,-0.5623980164527893,True,True,predictive_recovery,right_pass,-3.365949193636617,8.0,10,2,,0,0,0,False,False,False,False,False,False,False,False,True,0.7753452600582221,7.998606713974198,0.0,False,max_steps,vehicle,14.0550537109375,dynamic_vehicle,True,,inf,inf,inf,2.3627630598069533,inf,0.35805080636338293,1.3128287228127924,-0.909852392655832,0.07726787046110682,{'ROAD_LINE_BROKEN_SINGLE_WHITE'},True,True,raw_collision_risk:vehicle_lateral_margin_violation,True,False,right,12,False,raw_predicted_collision,False,0,0,,inf,inf,inf,inf,False,False,inf,inf,0.0,True,False,1,0,,True,False,0.003747751918417763,0.7875074936052742,inf,2.0247174730300492,0.0,vehicle_lateral_margin_violation,True,raw_collision_risk:vehicle_lateral_margin_violation,,False,False,1.1880003586876295,2.3627630598069533,inf,0.35805080636338293,False,-4.182998310700761,,,
6000,1007,1,314,314,-0.3408048152923584,0.4721182584762573,-0.006341190077364445,0.0018577147275209427,0.33446362614631653,-0.47026053071022034,True,True,predictive_recovery,right_pass,-3.3802541891734212,8.0,10,2,,0,0,0,False,False,False,False,False,False,False,False,True,0.777269809260236,7.999266950570454,0.0,False,max_steps,vehicle,14.08172607421875,dynamic_vehicle,True,,inf,inf,inf,2.397631854261693,inf,0.34374581082657873,1.3438315839053026,-0.8929975104155365,0.0751835572851048,{'ROAD_LINE_BROKEN_SINGLE_WHITE'},True,True,raw_collision_risk:vehicle_lateral_margin_violation,True,False,right,12,False,raw_predicted_collision,False,0,0,,inf,inf,inf,inf,False,False,inf,inf,0.0,True,False,1,0,,True,False,0.0,0.9945339359607637,inf,2.010412477493245,0.0,vehicle_lateral_margin_violation,True,raw_collision_risk:vehicle_lateral_margin_violation,,False,False,1.2309153452980421,2.397631854261693,inf,0.34374581082657873,False,-3.75035912109049,,,
6000,1007,1,315,315,-0.3606003522872925,0.3786669969558716,0.0014632191741839051,0.30000001192092896,0.36206355690956116,-0.07866698503494263,True,True,predictive_recovery,right_pass,-3.3954550425211996,9.703268436871877,10,3,,0,0,0,False,False,False,False,False,False,False,False,True,0.779199646290624,8.090375748113939,0.0,False,max_steps,vehicle,14.1099853515625,dynamic_vehicle,True,,inf,inf,inf,1.7079816543025164,inf,0.3285449574788004,-1.3229230873374984,-0.8731305670561615,0.09816272892723987,{'ROAD_LINE_BROKEN_SINGLE_WHITE'},True,True,raw_collision_risk:vehicle_lateral_margin_violation,True,False,right,12,False,raw_predicted_collision,False,0,0,,inf,inf,inf,inf,False,False,inf,inf,0.0,True,False,1,0,,True,False,0.0,1.2585838374242204,inf,1.9952116241454667,0.0,vehicle_lateral_margin_violation,True,raw_collision_risk:vehicle_lateral_margin_violation,,False,False,1.276517905341377,1.7079816543025164,inf,0.3285449574788004,False,9.148272159891711,,,
6000,1007,1,316,316,-0.3822217583656311,0.36320793628692627,0.004345742054283619,0.30000001192092896,0.38656750321388245,-0.06320792436599731,True,True,predictive_recovery,right_pass,-3.410543600718221,9.724811461405107,10,3,,0,0,0,False,False,False,False,False,False,False,False,True,0.7811506346345087,8.18148014346062,0.0,False,max_steps,vehicle,14.13739013671875,dynamic_vehicle,True,,inf,inf,inf,1.6982037728132813,inf,0.31345639928177893,-1.3699460177989167,-0.8582639765562836,0.09824988497888754,{'ROAD_LINE_BROKEN_SINGLE_WHITE'},True,True,raw_collision_risk:vehicle_lateral_margin_violation,True,False,right,12,False,raw_predicted_collision,False,0,0,,inf,inf,inf,inf,False,False,inf,inf,0.0,True,False,1,0,,True,False,0.0,1.2417664228062328,inf,1.9801230659484452,0.0,vehicle_lateral_margin_violation,True,raw_collision_risk:vehicle_lateral_margin_violation,,False,False,1.3217835799324416,1.6982037728132813,inf,0.31345639928177893,False,7.166940401831312,,,
6000,1007,1,317,317,-0.36289966106414795,0.1691673994064331,0.09279719740152359,0.1691673994064331,0.45569685101509094,0.0,True,True,predictive_recovery,left_pass,6.105568910598714,3.0,10,2,,0,0,0,False,False,False,False,False,False,False,False,True,0.7831203507038852,8.21889359628819,0.0,False,max_steps,vehicle,14.156982421875,dynamic_vehicle,True,,inf,inf,inf,2.5259469251430158,inf,1.118431089401286,0.9501644210983988,-3.4498559156954287,0.37343700929880147,{'ROAD_LINE_BROKEN_SINGLE_WHITE'},True,True,raw_collision_risk:vehicle_lateral_margin_violation,True,False,left,12,False,raw_predicted_collision,False,0,0,,inf,inf,inf,inf,False,False,inf,inf,2.9690563710649154,True,False,1,0,,True,False,0.0,1.8156363422650355,inf,1.9656149377822465,0.0,vehicle_lateral_margin_violation,True,raw_collision_risk:vehicle_lateral_margin_violation,,False,False,0.0,2.5259469251430158,inf,1.118431089401286,False,-104.71599758798223,,,
6000,1007,1,318,318,-0.34395313262939453,0.12996435165405273,0.08452408760786057,0.12996435165405273,0.4284772276878357,0.0,True,True,predictive_recovery,left_pass,6.10662605857845,3.0,10,2,,0,0,0,False,False,False,False,False,False,False,False,True,0.7850995407990987,8.255928629096339,0.0,False,max_steps,vehicle,14.1695556640625,dynamic_vehicle,True,,inf,inf,inf,2.5335877948970005,inf,1.1173739414215498,0.09894620456177261,-3.4474208138783786,0.3733570435418023,{'ROAD_LINE_BROKEN_SINGLE_WHITE'},True,True,raw_collision_risk:vehicle_lateral_margin_violation,True,False,left,12,False,raw_predicted_collision,False,0,0,,inf,inf,inf,inf,False,False,inf,inf,2.8269141991909934,True,False,1,0,,True,False,0.0,1.960668887446202,inf,1.9604289760589189,0.0,vehicle_lateral_margin_violation,True,raw_collision_risk:vehicle_lateral_margin_violation,,False,False,0.0,2.5335877948970005,inf,1.1173739414215498,False,-103.74526195696188,,,
6000,1007,1,319,319,-0.3362996578216553,0.42256009578704834,-0.02675614133477211,0.30000001192092896,0.30954352021217346,-0.12256008386611938,True,True,predictive_recovery,right_pass,-3.413806120554647,10.157449060138056,10,3,,0,0,0,False,False,False,False,False,False,False,False,True,0.7870898940875467,8.340237603525742,0.0,False,max_steps,vehicle,14.17877197265625,dynamic_vehicle,True,,inf,inf,inf,1.4404937533481021,inf,0.31019387944535315,-2.0254760022807687,-0.8536794256987397,0.11288637175728466,{'ROAD_LINE_BROKEN_SINGLE_WHITE'},True,True,raw_collision_risk:vehicle_lateral_margin_violation,True,False,right,12,False,raw_predicted_collision,False,0,0,,inf,inf,inf,inf,False,False,inf,inf,0.0,True,False,1,0,,True,False,0.0,0.9754018942692078,inf,1.9768605461120194,0.0,vehicle_lateral_margin_violation,True,raw_collision_risk:vehicle_lateral_margin_violation,,False,False,1.331571139441719,1.4404937533481021,inf,0.31019387944535315,False,7.10649773534503,,,
6000,1007,1,320,320,-0.4448636770248413,0.2362961769104004,-0.04434020817279816,0.2362961769104004,0.40052348375320435,0.0,True,True,predictive_recovery,right_pass,-3.3926930824915975,9.403570399622543,10,3,,0,0,0,False,False,False,False,False,False,False,False,True,0.7890999298482761,8.409136118358312,0.0,False,max_steps,vehicle,14.18377685546875,dynamic_vehicle,True,,inf,inf,inf,1.9591954051955138,inf,0.33130691750840247,-0.8855324621206737,-0.8747741055311982,0.08907321415501096,{'ROAD_LINE_BROKEN_SINGLE_WHITE'},True,True,raw_collision_risk:vehicle_lateral_margin_violation,True,False,right,12,False,raw_predicted_collision,False,0,0,,inf,inf,inf,inf,False,False,844.5334450373327,inf,0.0,True,False,1,0,,True,False,0.0,1.4179880263236697,inf,1.9979735841750688,0.0,vehicle_lateral_margin_violation,True,raw_collision_risk:vehicle_lateral_margin_violation,,False,False,1.268232025252571,1.9591954051955138,inf,0.33130691750840247,False,9.661507578446972,,,
6000,1007,1,321,321,-0.47297370433807373,0.18544375896453857,-0.041103556752204895,0.18544375896453857,0.43187016248703003,0.0,True,True,predictive_recovery,right_pass,-3.3854574362437337,9.243633033698735,10,3,,0,0,0,False,False,False,False,False,False,False,False,True,0.7911261963044319,8.464929686919172,0.0,False,max_steps,vehicle,14.180908203125,dynamic_vehicle,True,,inf,inf,inf,2.1198283532845537,inf,0.33854256375626623,-0.6431054753076584,-0.8832452368559662,0.08438821094554812,{'ROAD_LINE_BROKEN_SINGLE_WHITE'},True,True,raw_collision_risk:vehicle_lateral_margin_violation,True,False,right,12,False,raw_predicted_collision,False,0,0,,inf,inf,inf,inf,False,False,80.3899866615626,inf,3.977300260183021,True,False,1,0,,True,False,0.0,1.5152382856536004,inf,2.0052092304229325,0.0,vehicle_lateral_margin_violation,True,raw_collision_risk:vehicle_lateral_margin_violation,,False,False,1.2465250865089796,2.1198283532845537,inf,0.33854256375626623,False,10.539202189772496,,,
6000,1007,1,322,322,-0.433582067489624,0.3279428482055664,-0.029430652037262917,0.30000001192092896,0.40415140986442566,-0.02794283628463745,True,True,predictive_recovery,right_pass,-3.3882509867350667,9.94067250384422,10,3,,0,0,0,False,False,False,False,False,False,False,False,True,0.7931678855933457,8.556281635750747,0.0,False,max_steps,vehicle,14.17156982421875,dynamic_vehicle,True,,inf,inf,inf,1.491640637603858,inf,0.3357490132649332,-1.8385907576680403,-0.8801732134642426,0.11481348654480544,{'ROAD_LINE_BROKEN_SINGLE_WHITE'},True,True,raw_collision_risk:vehicle_lateral_margin_violation,True,False,right,12,False,raw_predicted_collision,False,0,0,,inf,inf,inf,inf,False,False,45.935601817669735,inf,3.6702417148087103,True,False,1,0,,True,False,0.0,0.9924907738224285,inf,2.0024156799315995,0.0,vehicle_lateral_margin_violation,True,raw_collision_risk:vehicle_lateral_margin_violation,,False,False,1.2549057379829787,1.491640637603858,inf,0.3357490132649332,False,10.814221015509311,,,
6000,1007,1,323,323,0.20430684089660645,0.9200180768966675,0.004154968075454235,-1.0,-0.20015187561511993,-1.9200180768966675,True,True,predictive_recovery,keep_slow_follow,-1.7304944992065838,3.0,10,1,,0,0,0,False,False,False,False,False,False,False,False,True,0.7951319466240443,7.012375811443114,0.0,False,max_steps,vehicle,14.155975341796875,dynamic_vehicle,True,,inf,inf,inf,2.4971156266237227,inf,1.993505500793416,2.2342003218086237,-0.8122792491912842,0.16245584983825687,{'ROAD_LINE_BROKEN_SINGLE_WHITE'},True,True,raw_collision_risk:vehicle_lateral_margin_violation,False,False,right,11,False,raw_predicted_collision,False,0,0,,inf,inf,inf,inf,False,False,26.84897723893538,inf,0.0,True,False,1,0,,True,False,0.04297332631478607,0.6567555789507131,inf,1.993505500793416,0.0,vehicle_lateral_margin_violation,True,raw_collision_risk:vehicle_lateral_margin_violation,,False,False,0.0,2.4971156266237227,inf,1.993505500793416,False,-163.4455966028032,,,
6000,1007,1,324,324,0.2311190366744995,0.8639876842498779,-0.012279876507818699,0.30000001192092896,-0.24339891970157623,-0.563987672328949,True,True,predictive_recovery,right_pass,-3.4074951807658285,8.0,10,3,,0,0,0,False,False,False,False,False,False,False,False,True,0.7968387401159276,7.099807299312464,0.0,False,max_steps,vehicle,14.17279052734375,dynamic_vehicle,True,,inf,inf,inf,-2.216358020691922,inf,0.3096711066845057,1.7133071694462316,-0.8598678183378998,0.07131842654271385,{'ROAD_LINE_BROKEN_SINGLE_WHITE'},True,True,raw_collision_risk:vehicle_lateral_margin_violation,True,False,right,12,False,raw_predicted_collision,False,0,0,,inf,inf,inf,inf,False,False,inf,inf,0.0,True,False,1,0,,True,False,0.0,1.4756757723303746,inf,1.9831714859008378,0.0,vehicle_lateral_margin_violation,True,raw_collision_risk:vehicle_lateral_margin_violation,,False,False,1.3260757459274775,2.618389414247254,inf,0.30967110668451725,False,-13.090724568805953,,,
6000,1007,1,325,325,0.24083232879638672,0.9432077407836914,-0.0062611885368824005,0.30000001192092896,-0.24709351360797882,-0.6432077288627625,True,True,predictive_recovery,right_pass,-3.415051976839742,8.0,10,3,,0,0,0,False,False,False,False,False,False,False,False,True,0.7985514089726711,7.190973964331662,0.0,False,max_steps,vehicle,14.296600341796875,dynamic_vehicle,True,,inf,inf,inf,-2.897888060857657,inf,0.3021143106106028,1.8047326131623205,-0.8531240296187226,0.07053165119214316,{'ROAD_LINE_BROKEN_SINGLE_WHITE'},True,True,raw_collision_risk:vehicle_lateral_margin_violation,True,False,right,12,False,raw_predicted_collision,False,0,0,,inf,inf,inf,inf,False,False,inf,inf,0.0,True,False,1,0,,True,False,0.0,1.4469764412708361,inf,1.9756146898269242,0.0,vehicle_lateral_margin_violation,True,raw_collision_risk:vehicle_lateral_margin_violation,,False,False,1.3500138140064077,2.7020935360774736,inf,0.3021143106106028,False,-16.568288604990784,,,
6000,1007,1,326,326,0.2891557216644287,0.8937897682189941,0.09895039349794388,0.18000000715255737,-0.19020533561706543,-0.7137897610664368,True,True,predictive_recovery,left_pass,6.108256603240926,3.0,10,2,,0,0,0,False,False,False,False,False,False,False,False,True,0.8002827321128456,7.229662060619403,0.0,False,max_steps,vehicle,14.418060302734375,dynamic_vehicle,True,,inf,inf,inf,2.9337660113502952,inf,1.1157433967590742,3.9304604799423544,-3.448255251586437,0.3733844454526902,{'ROAD_LINE_BROKEN_SINGLE_WHITE'},True,True,raw_collision_risk:vehicle_lateral_margin_violation,True,False,left,12,False,raw_predicted_collision,False,0,0,,inf,inf,inf,inf,False,False,inf,inf,0.0,True,False,1,0,,True,False,0.0,1.4641456316911938,inf,1.9641988506316728,0.0,vehicle_lateral_margin_violation,True,raw_collision_risk:vehicle_lateral_margin_violation,,False,False,0.0,2.9337660113502952,inf,1.1157433967590742,False,-122.02300449487635,,,
6000,1007,1,327,327,0.2867276668548584,0.8802387714385986,0.09359654039144516,0.18000000715255737,-0.19313111901283264,-0.7002387642860413,True,True,predictive_recovery,left_pass,6.108654762268025,3.0,10,2,,0,0,0,False,False,False,False,False,False,False,False,True,0.8020245574677077,7.281413003584485,0.0,False,max_steps,vehicle,14.531768798828129,dynamic_vehicle,True,,inf,inf,inf,3.0197055811924916,inf,1.1153452377319746,4.003654527875351,-3.4463774645118805,0.3733227812282834,{'ROAD_LINE_BROKEN_SINGLE_WHITE'},True,True,raw_collision_risk:vehicle_lateral_margin_violation,True,False,left,12,False,raw_predicted_collision,False,0,0,,inf,inf,inf,inf,False,False,inf,inf,0.0,True,False,1,0,,True,False,0.0,1.5100822544965755,inf,1.959782742500264,0.0,vehicle_lateral_margin_violation,True,raw_collision_risk:vehicle_lateral_margin_violation,,False,False,0.0,3.0197055811924916,inf,1.1153452377319746,False,-121.69730925638085,,,
6000,1007,1,328,328,0.23739278316497803,0.9331650733947754,-0.028794873505830765,0.30000001192092896,-0.2661876678466797,-0.6331650614738464,True,True,predictive_recovery,right_pass,-3.414440313975057,8.0,10,3,,0,0,0,False,False,False,False,False,False,False,False,True,0.8037801164879306,7.364877544771,0.0,False,max_steps,vehicle,14.6412353515625,dynamic_vehicle,True,,inf,inf,inf,-4.413669089412438,inf,0.3027259734752843,2.006664518569112,-0.8535900187315779,0.07058601658864296,{'ROAD_LINE_BROKEN_SINGLE_WHITE'},True,True,raw_collision_risk:vehicle_lateral_margin_violation,True,False,right,12,False,raw_predicted_collision,False,0,0,,inf,inf,inf,inf,False,False,inf,inf,0.0,True,False,1,0,,True,False,0.0,1.4995276787337364,inf,1.9722222655203185,0.0,vehicle_lateral_margin_violation,True,raw_collision_risk:vehicle_lateral_margin_violation,,False,False,1.351963208310499,2.9039872644419713,inf,0.3027259734752843,False,-17.217120579850103,,,
6000,1007,1,329,329,0.22127676010131836,0.852206826210022,-0.045887742191553116,0.30000001192092896,-0.2671644985675812,-0.552206814289093,True,True,predictive_recovery,right_pass,-3.394702593485555,8.0,10,3,,0,0,0,False,False,False,False,False,False,False,False,True,0.8055566064954678,7.453308430435447,0.0,False,max_steps,vehicle,14.746264224855533,dynamic_vehicle,True,,inf,inf,inf,2.4390885601949535,inf,0.32246369396478447,2.097186510882395,-0.8981359959804622,0.07578304726767945,{'ROAD_LINE_BROKEN_SINGLE_WHITE'},True,True,raw_collision_risk:vehicle_lateral_margin_violation,True,False,right,12,False,raw_predicted_collision,False,0,0,,inf,inf,inf,inf,False,False,inf,inf,0.0,True,False,1,0,,True,False,0.0,1.5014289978356903,inf,1.9891952368054828,0.0,vehicle_lateral_margin_violation,True,raw_collision_risk:vehicle_lateral_margin_violation,,False,False,1.2940141559674738,2.4390885601949535,inf,0.32246369396478447,False,-13.223994622768636,,,
6000,1007,1,330,330,0.20905053615570068,0.8063873052597046,-0.043128080666065216,0.30000001192092896,-0.2521786093711853,-0.5063872933387756,True,True,predictive_recovery,right_pass,-3.3892568747202962,8.0,10,2,,0,0,0,False,False,False,False,False,False,False,False,True,0.8073546150268055,7.543917158808255,0.0,False,max_steps,vehicle,14.832852940091911,dynamic_vehicle,True,,inf,inf,inf,2.3877158231239886,inf,0.3279094127300406,2.0974455225325315,-0.9497199581695221,0.08258354586293219,{'ROAD_LINE_BROKEN_SINGLE_WHITE'},True,True,raw_collision_risk:vehicle_lateral_margin_violation,True,False,right,12,False,raw_predicted_collision,False,0,0,,inf,inf,inf,inf,False,False,inf,inf,0.0,True,False,1,0,,True,False,0.0,1.399425042904868,inf,1.9945760793967175,0.0,vehicle_lateral_margin_violation,True,raw_collision_risk:vehicle_lateral_margin_violation,,False,False,1.278424539587634,2.3877158231239886,inf,0.3279094127300406,False,-11.934346181043615,,,
6000,1007,1,331,331,0.249306321144104,0.7976895570755005,-0.03239200636744499,0.30000001192092896,-0.2816983163356781,-0.49768954515457153,True,True,predictive_recovery,right_pass,-3.392643610636434,8.0,10,3,,0,0,0,False,False,False,False,False,False,False,False,True,0.8091745092922473,7.635239686703751,0.0,False,max_steps,vehicle,14.891145757732634,dynamic_vehicle,True,,inf,inf,inf,2.3439494973609722,inf,0.32452267681390023,2.163545595831451,-0.9704657862721962,0.08534965627662207,{'ROAD_LINE_BROKEN_SINGLE_WHITE'},True,True,raw_collision_risk:cut_in_danger,True,False,right,12,False,raw_predicted_collision,False,0,0,,inf,inf,inf,inf,False,False,inf,inf,0.0,True,False,1,0,,True,False,0.0,1.3394105941355399,inf,1.9911893434805799,0.0,cut_in_danger,True,raw_collision_risk:cut_in_danger,,False,False,1.2885847473360492,2.3439494973609722,inf,0.32452267681390023,False,-12.762414726655358,,,
6000,1007,1,332,332,0.29143261909484863,0.8082025051116943,-0.02063794806599617,0.30000001192092896,-0.3120705783367157,-0.5082024931907654,True,True,predictive_recovery,right_pass,-3.401266853014669,8.0,10,2,,0,0,0,False,False,False,False,False,False,False,False,True,0.8110160689656111,7.72660843022236,0.0,False,max_steps,vehicle,14.943535095257374,dynamic_vehicle,True,,inf,inf,inf,2.306602623852994,inf,0.3158994344356636,2.1990513625821357,-0.9638168266101754,0.08446312832168594,{'ROAD_LINE_BROKEN_SINGLE_WHITE'},True,True,raw_collision_risk:cut_in_danger,True,False,right,12,False,raw_predicted_collision,False,0,0,,inf,inf,inf,inf,False,False,inf,inf,0.0,True,False,1,0,,True,False,0.0,1.2524742034161118,inf,1.9825661011023459,0.0,cut_in_danger,True,raw_collision_risk:cut_in_danger,,False,False,1.3144544744707574,2.306602623852994,inf,0.3158994344356636,False,-14.800010641710486,,,
6000,1007,1,333,333,0.30561792850494385,0.8232183456420898,-0.01101482380181551,0.30000001192092896,-0.3166327476501465,-0.5232183337211609,True,True,predictive_recovery,right_pass,-3.412797609965047,8.0,10,2,,0,0,0,False,False,False,False,False,False,False,False,True,0.8128796612572005,7.817865550663889,0.0,False,max_steps,vehicle,14.976422260768693,dynamic_vehicle,True,,inf,inf,inf,1.8547032701855581,inf,0.3043686774852923,2.2114118666160554,-0.9863781754265333,0.087471308163867,{'ROAD_LINE_BROKEN_SINGLE_WHITE'},True,True,raw_collision_risk:cut_in_danger,True,False,right,12,False,raw_predicted_collision,False,0,0,,inf,inf,inf,inf,False,False,inf,inf,0.0,True,False,1,0,,True,False,0.0,1.8151691430618921,inf,1.9710353441519657,0.0,cut_in_danger,True,raw_collision_risk:cut_in_danger,,False,False,1.3490467453218913,1.8547032701855581,inf,0.3043686774852923,False,-17.907517274110234,,,
6000,1007,1,334,334,0.3391273021697998,0.7826478481292725,0.08691038191318512,0.18000000715255737,-0.2522169351577759,-0.6026478409767151,True,True,predictive_recovery,left_pass,5.979740684105424,3.0,10,2,,0,0,0,False,False,False,False,False,False,False,False,True,0.8147619812742818,7.858520989430079,0.0,False,max_steps,vehicle,15.585343462936045,dynamic_vehicle,True,,inf,inf,inf,3.3849522380210253,inf,1.2338486742889088,3.8614620688118837,-3.4986051311699278,0.3750378737436613,{'ROAD_LINE_BROKEN_SINGLE_WHITE'},True,True,raw_collision_risk:cut_in_danger,True,False,left,12,False,raw_predicted_collision,False,0,0,,inf,inf,inf,inf,False,False,inf,inf,0.0,True,False,1,0,,True,False,0.0,1.3398749313315008,inf,1.9647698631286192,0.0,cut_in_danger,True,raw_collision_risk:cut_in_danger,,False,False,0.0,3.3849522380210253,inf,1.2338486742889088,False,-118.63232284729341,,,
6000,1007,1,335,335,0.3468949794769287,0.7477900981903076,0.08400540053844452,0.18000000715255737,-0.262889564037323,-0.5677900910377502,True,True,predictive_recovery,left_pass,6.016652381619714,3.0,10,2,,0,0,0,False,False,False,False,False,False,False,False,True,0.8166553176004759,7.910171105652586,0.0,False,max_steps,vehicle,15.99306515780346,dynamic_vehicle,True,,inf,inf,inf,3.4211996851985766,inf,1.196936976774619,4.455663319950274,-3.4821525935993827,0.3744975925890202,{'ROAD_LINE_BROKEN_SINGLE_WHITE'},True,True,raw_collision_risk:vehicle_lateral_margin_violation,True,False,left,12,False,raw_predicted_collision,False,0,0,,inf,inf,inf,inf,False,False,inf,inf,0.0,True,False,1,0,,True,False,0.0,1.2960512710702208,inf,1.9595005741118947,0.0,vehicle_lateral_margin_violation,True,raw_collision_risk:vehicle_lateral_margin_violation,,False,False,0.0,3.4211996851985766,inf,1.196936976774619,False,-117.98554744643457,,,
6000,1007,1,336,336,0.2740621566772461,0.8186466693878174,-0.027897151187062263,0.11977186053991318,-0.3019593060016632,-0.698874831199646,True,True,predictive_recovery,right_pass,-3.4159567753474325,8.0,10,2,,0,0,0,False,False,False,False,False,False,False,False,True,0.8185592295834184,7.9397010852713095,0.0,False,max_steps,vehicle,15.06868817810378,dynamic_vehicle,True,,inf,inf,inf,1.8784309827811665,inf,0.301209512102939,2.320191153245343,-0.9399903202609805,0.08128626080845996,{'ROAD_LINE_BROKEN_SINGLE_WHITE'},True,True,raw_collision_risk:vehicle_lateral_margin_violation,True,False,right,12,False,raw_predicted_collision,False,0,0,,inf,inf,inf,inf,False,False,inf,inf,0.0,True,False,1,0,,True,False,0.13292833870680554,0.3569055376439816,inf,1.9678761787695795,0.0,vehicle_lateral_margin_violation,True,raw_collision_risk:vehicle_lateral_margin_violation,,False,False,1.3585242414690342,1.8784309827811665,inf,0.301209512102939,False,-18.201854035864827,,,
6000,1007,1,337,337,0.17178130149841309,0.8342194557189941,-0.04419499635696411,0.0803985521197319,-0.2159762978553772,-0.7538208961486816,True,True,predictive_recovery,right_pass,-3.396525661150655,8.0,10,2,,0,0,0,False,False,False,False,False,False,False,False,True,0.820470779540679,7.961463991362743,0.0,False,max_steps,vehicle,15.099006491542859,dynamic_vehicle,True,,inf,inf,inf,1.6409433658677823,inf,0.320640626299703,2.3535282747165702,-0.9868379375858041,0.08753260978510309,{'ROAD_LINE_BROKEN_SINGLE_WHITE'},True,True,raw_collision_risk:cut_in_danger,True,False,right,12,False,raw_predicted_collision,False,0,0,,inf,inf,inf,inf,False,False,inf,inf,0.0,True,False,1,0,,True,False,0.0,1.3573828234561667,inf,1.9873072929663587,0.0,cut_in_danger,True,raw_collision_risk:cut_in_danger,,False,False,1.300230898878707,1.6409433658677823,inf,0.320640626299703,False,-17.370060228714635,,,
6000,1007,1,338,338,0.06342780590057373,0.6293351650238037,-0.040953367948532104,0.051381345838308334,-0.10438117384910583,-0.5779538154602051,True,True,predictive_recovery,right_pass,-3.3909100691477865,8.0,10,2,,0,0,0,False,False,False,False,False,False,False,False,True,0.8223873970001316,7.9765961887622225,0.0,False,max_steps,vehicle,15.128005052589529,dynamic_vehicle,True,,inf,inf,inf,1.8042193013188772,inf,0.32625621830255835,2.38865092501001,-0.9834588150255927,0.08708206011040825,{'ROAD_LINE_BROKEN_SINGLE_WHITE'},True,True,raw_collision_risk:cut_in_danger,True,False,right,12,False,raw_predicted_collision,False,0,0,,inf,inf,inf,inf,False,False,inf,inf,0.0,True,False,1,0,,True,False,0.0,1.4019863368415262,inf,1.9929228849692264,0.0,cut_in_danger,True,raw_collision_risk:cut_in_danger,,False,False,1.283384122870101,1.8042193013188772,inf,0.32625621830255835,False,-11.42415174135332,,,
6000,1007,1,339,339,0.13930511474609375,0.5915917158126831,-0.029968777671456337,0.031205082312226295,-0.16927389800548553,-0.5603866577148438,True,True,predictive_recovery,right_pass,-3.39476756254836,8.0,10,2,,0,0,0,False,False,False,False,False,False,False,False,True,0.8243072459102574,7.9862842484858065,0.0,False,max_steps,vehicle,15.156691680525455,dynamic_vehicle,True,,inf,inf,inf,1.5975037883755139,inf,0.3223987249019722,2.420624941275836,-0.9429187187117025,0.0816767139352229,{'ROAD_LINE_BROKEN_SINGLE_WHITE'},True,True,raw_collision_risk:vehicle_lateral_margin_violation,True,False,right,12,False,raw_predicted_collision,False,0,0,,inf,inf,inf,inf,False,False,inf,inf,0.0,True,False,1,0,,True,False,0.13527314207014635,0.3490895264328455,inf,1.9890653915686483,0.0,vehicle_lateral_margin_violation,True,raw_collision_risk:vehicle_lateral_margin_violation,,False,False,1.2949566030718263,1.5975037883755139,inf,0.3223987249019722,False,-10.406949270975772,,,
6000,1007,1,340,340,0.07609856128692627,0.552635908126831,-0.018296431750059128,0.018287668004631996,-0.0943949967622757,-0.5343482494354248,True,True,predictive_recovery,right_pass,-3.4041294256846517,8.0,10,2,,0,0,0,False,False,False,False,False,False,False,False,True,0.8262292246401449,7.992060754951375,0.0,False,max_steps,vehicle,15.184754810075898,dynamic_vehicle,True,,inf,inf,inf,1.5757371142079375,inf,0.3130368617656709,2.4469043231402186,-0.9178162309571272,0.0783297155679462,{'ROAD_LINE_BROKEN_SINGLE_WHITE'},True,True,raw_collision_risk:vehicle_lateral_margin_violation,True,False,right,12,False,raw_predicted_collision,False,0,0,,inf,inf,inf,inf,False,False,inf,inf,0.0,True,False,1,0,,True,False,0.14843016406865842,0.30523278643780527,inf,1.9797035284323559,0.0,vehicle_lateral_margin_violation,True,raw_collision_risk:vehicle_lateral_margin_violation,,False,False,1.3230421924807088,1.5757371142079375,inf,0.3130368617656709,False,-10.79433781948913,,,
6000,1007,1,341,341,0.13155972957611084,0.46120917797088623,-0.009082888253033161,0.010585660114884377,-0.14064261317253113,-0.4506235122680664,True,True,predictive_recovery,right_pass,-3.4164437452952474,8.0,10,2,,0,0,0,False,False,False,False,False,False,False,False,True,0.8281523784430045,7.99537510845208,0.0,False,max_steps,vehicle,15.214638586022108,dynamic_vehicle,True,,inf,inf,inf,1.65175159622137,inf,0.30072254215508054,2.479231015566995,-0.9183128489623871,0.07839593130198085,{'ROAD_LINE_BROKEN_SINGLE_WHITE'},True,True,raw_collision_risk:vehicle_lateral_margin_violation,True,False,right,12,False,raw_predicted_collision,False,0,0,,inf,inf,inf,inf,False,False,inf,inf,0.0,True,False,1,0,,True,False,0.13082354976386262,0.3639215007871246,inf,1.9673892088217593,0.0,vehicle_lateral_margin_violation,True,raw_collision_risk:vehicle_lateral_margin_violation,,False,False,1.359985151312491,1.65175159622137,inf,0.30072254215508054,False,-10.457701146451392,,,
6000,1007,1,342,342,0.22472405433654785,0.43829846382141113,0.08783777803182602,0.18000000715255737,-0.13688626885414124,-0.25829845666885376,True,True,predictive_recovery,left_pass,6.072911900720507,4.797225065071248,10,3,,0,0,0,False,False,False,False,False,False,False,False,True,0.8300782496021119,8.035693350605696,0.0,False,max_steps,vehicle,16.963801523566243,dynamic_vehicle,True,,inf,inf,inf,3.6791376347437392,inf,1.1406774576738266,1.5540999690211477,-3.460601212420119,0.3587745785423897,{'ROAD_LINE_BROKEN_SINGLE_WHITE'},True,True,raw_collision_risk:vehicle_lateral_margin_violation,True,False,left,12,False,raw_predicted_collision,False,0,0,,inf,inf,inf,inf,False,False,inf,inf,0.0,True,False,1,0,,True,False,0.0,1.454782982889217,inf,1.9605067005157029,0.0,vehicle_lateral_margin_violation,True,raw_collision_risk:vehicle_lateral_margin_violation,,False,False,0.0,3.6791376347437392,inf,1.1406774576738266,False,-84.58724439193435,,,
6000,1007,1,343,343,0.14496302604675293,0.5517761707305908,0.08375941962003708,0.18000000715255737,-0.06120360642671585,-0.37177616357803345,True,True,predictive_recovery,left_pass,6.074747176021178,4.821416010363417,10,3,,0,0,0,False,False,False,False,False,False,False,False,True,0.8320141823235423,8.087410515517757,0.0,False,max_steps,vehicle,16.993393804082082,dynamic_vehicle,True,,inf,inf,inf,3.7813579441536174,inf,1.1388421823731512,2.077115386153552,-3.457767983239776,0.35880022052755306,{'ROAD_LINE_BROKEN_SINGLE_WHITE'},True,True,raw_collision_risk:vehicle_lateral_margin_violation,True,False,left,12,False,raw_predicted_collision,False,0,0,,inf,inf,inf,inf,False,False,475.3372033155575,inf,0.0,True,False,1,0,,True,False,0.0,1.0554075479769676,inf,1.9550781478881394,0.0,vehicle_lateral_margin_violation,True,raw_collision_risk:vehicle_lateral_margin_violation,,False,False,0.0,3.7813579441536174,inf,1.1388421823731512,False,-87.39350936663934,,,
6000,1007,1,344,344,0.1761777400970459,0.6874116659164429,0.06225311756134033,0.18000000715255737,-0.11392462253570557,-0.5074116587638855,True,True,predictive_recovery,left_pass,6.101927418544699,4.852446309310654,10,3,,0,0,0,False,False,False,False,False,False,False,False,True,0.8339619392167539,8.142761759551364,0.0,False,max_steps,vehicle,17.019134699159604,dynamic_vehicle,True,,inf,inf,inf,3.896770259791497,inf,1.1116619398496304,2.1376631378375066,-3.453263089056341,0.35884099182505885,{'ROAD_LINE_BROKEN_SINGLE_WHITE'},True,True,raw_collision_risk:vehicle_lateral_margin_violation,True,False,left,12,False,raw_predicted_collision,False,0,0,,inf,inf,inf,inf,False,False,467.12606816834074,inf,0.0,True,False,1,0,,True,False,0.0,0.9135082415272624,inf,1.9707087507247487,0.0,vehicle_lateral_margin_violation,True,raw_collision_risk:vehicle_lateral_margin_violation,,False,False,0.0,3.896770259791497,inf,1.1116619398496304,False,-90.89016237113245,,,
6000,1007,1,345,345,0.13272309303283691,0.8181487321853638,-0.03976794704794884,-0.09517450630664825,-0.17249104380607605,-0.9133232235908508,True,True,predictive_recovery,right_pass,-3.3911489645640462,8.0,10,2,,0,0,0,False,False,False,False,False,False,False,False,True,0.8359024987880117,7.848381695785246,0.0,False,max_steps,vehicle,15.324579889568156,dynamic_vehicle,True,,inf,inf,inf,2.100375892393883,inf,0.32601732288630303,2.5758734616212227,-0.8967585457483016,0.07562234474059405,{'ROAD_LINE_BROKEN_SINGLE_WHITE'},True,True,raw_collision_risk:vehicle_lateral_margin_violation,True,False,right,12,False,raw_predicted_collision,False,0,0,,inf,inf,inf,inf,False,False,422.6194495395029,inf,0.0,True,False,1,0,,True,False,0.2667078238819447,-0.08902607960648234,inf,1.992683989552956,0.0,vehicle_lateral_margin_violation,True,raw_collision_risk:vehicle_lateral_margin_violation,,False,False,1.2841008091188906,2.100375892393883,inf,0.32601732288630303,False,-14.63658653923126,,,
6000,1007,1,346,346,0.2182292938232422,0.8105869293212891,-0.020259181037545204,0.20215773582458496,-0.23848848044872284,-0.6084291934967041,True,True,predictive_recovery,right_pass,-3.3628709713618368,8.0,10,2,,0,0,0,False,False,False,False,False,False,False,False,True,0.8377971570712994,7.909635365497579,0.0,False,max_steps,vehicle,15.348615536367774,dynamic_vehicle,True,,inf,inf,inf,2.5217669478899563,inf,0.3542953160885196,2.6373038314761335,-0.8997371619516674,0.07596984996432006,{'ROAD_LINE_BROKEN_SINGLE_WHITE'},True,True,raw_collision_risk:vehicle_lateral_margin_violation,True,False,right,12,False,raw_predicted_collision,False,0,0,,inf,inf,inf,inf,False,False,inf,inf,0.0,True,False,1,0,,True,False,0.04964193324081629,0.6345268891972791,inf,2.0209619827551637,0.0,vehicle_lateral_margin_violation,True,raw_collision_risk:vehicle_lateral_margin_violation,,False,False,1.1992668295122493,2.5217669478899563,inf,0.3542953160885196,False,-10.529236549578364,,,
6000,1007,1,347,347,0.25480902194976807,0.8632408380508423,0.018903136253356934,0.30000001192092896,-0.23590588569641113,-0.5632408261299133,True,True,predictive_recovery,right_pass,-3.346928397814475,11.794219136726369,10,3,,0,0,0,False,False,False,False,False,False,False,False,True,0.8397047411572794,7.999316658961793,0.0,False,max_steps,vehicle,15.400731698108203,dynamic_vehicle,True,,inf,inf,inf,-3.1552728545893896,inf,0.3702378896358878,-4.887510824936502,-0.8856353019780419,0.13279400092162005,set(),True,True,raw_collision_risk:vehicle_lateral_margin_violation,True,False,right,12,False,raw_predicted_collision,False,0,0,,inf,inf,inf,inf,False,False,14.059625409832117,inf,0.0,True,False,1,0,,True,False,0.007695720547530826,0.7743475981748973,inf,2.036904556302523,0.0,vehicle_lateral_margin_violation,True,raw_collision_risk:vehicle_lateral_margin_violation,,False,False,4.9245471108586,-3.1552728545893896,inf,0.37023788963589044,True,-7.351942626463142,,,
6000,1007,1,348,348,0.5805647373199463,0.8978649377822876,0.03117835894227028,0.000911121373064816,-0.5493863821029663,-0.896953821182251,True,True,predictive_recovery,right_pass,-3.362197385300539,8.0,10,2,,0,0,0,False,False,False,False,False,False,False,False,True,0.8412412881095487,7.998557538988452,0.0,False,max_steps,vehicle,15.544142718704432,dynamic_vehicle,True,,inf,inf,inf,2.895445746802741,inf,0.3549689021498208,2.8138383150179678,-0.8947720458972548,0.0753905864246386,set(),True,True,raw_collision_risk:vehicle_lateral_margin_violation,True,False,right,12,False,raw_predicted_collision,False,0,0,,inf,inf,inf,inf,False,False,13.995676540598636,inf,0.0,True,False,1,0,,True,False,0.003992294449123989,0.7866923518362534,inf,2.0216355688164644,0.0,vehicle_lateral_margin_violation,True,raw_collision_risk:vehicle_lateral_margin_violation,,False,False,1.1972460713283535,2.895445746802741,inf,0.3549689021498208,False,-13.663441167197135,,,
6000,1007,1,349,349,0.7063462734222412,0.7503242492675781,0.06603837013244629,0.30000001192092896,-0.6403079032897949,-0.45032423734664917,True,True,predictive_recovery,right_pass,-3.387084470449442,11.375016660692554,10,3,,0,0,0,False,False,False,False,False,False,False,False,True,0.8427810821073536,8.085455192452121,0.0,False,max_steps,vehicle,15.576397604505445,dynamic_vehicle,True,,inf,inf,inf,-2.705480743556438,inf,0.3300818170009101,-3.9769023686417864,-0.8663162746091353,0.12400781089485874,set(),True,True,raw_collision_risk:vehicle_lateral_margin_violation,True,False,right,12,False,raw_predicted_collision,False,0,0,,inf,inf,inf,inf,False,False,14.257359598698942,inf,0.0,True,False,1,0,,True,False,0.0,1.2255540625389383,inf,1.9967484836675609,0.0,vehicle_lateral_margin_violation,True,raw_collision_risk:vehicle_lateral_margin_violation,,False,False,4.73590575165831,-2.705480743556438,inf,0.330835526902711,True,-12.380598718970369,,,
6000,1007,1,350,350,0.7160928249359131,0.8381960391998291,0.11789610236883163,0.30000001192092896,-0.5981967449188232,-0.5381960272789001,True,True,predictive_recovery,right_pass,-3.401808617429799,11.857337368851352,10,3,,0,0,0,False,False,False,False,False,False,False,False,True,0.8443345963238635,8.164553720705705,0.0,False,max_steps,vehicle,15.605406521629043,dynamic_vehicle,True,,inf,inf,inf,-2.880662316302814,inf,0.31535767002054604,-5.363792021567862,-0.8190888759856932,0.13250418976428238,set(),True,True,raw_collision_risk:vehicle_lateral_margin_violation,True,False,right,12,False,raw_predicted_collision,False,0,0,,inf,inf,inf,inf,False,False,14.219238563288643,inf,0.0,True,False,1,0,,True,False,0.0,1.232190161497149,inf,1.9820243366871981,0.0,vehicle_lateral_margin_violation,True,raw_collision_risk:vehicle_lateral_margin_violation,,False,False,4.94373835036133,-2.880662316302814,inf,0.3188953581097269,True,-13.748804922598438,,,
6000,1007,1,351,351,0.7467769384384155,0.8969466686248779,0.1577751785516739,0.30000001192092896,-0.5890017747879028,-0.596946656703949,True,True,predictive_recovery,right_pass,-3.3976697223173575,12.200813729517655,10,2,,0,0,0,False,False,False,False,False,False,False,False,True,0.8459017129776567,8.239958357398022,0.0,False,max_steps,vehicle,15.638222322856405,dynamic_vehicle,True,,inf,inf,inf,-3.3081338894405055,inf,0.3251238265704186,-5.661235729454921,-0.8275190996629959,0.14989943486408497,set(),True,True,raw_collision_risk:vehicle_lateral_margin_violation,True,False,right,12,False,raw_predicted_collision,False,0,0,,inf,inf,inf,inf,False,False,14.221567044446559,inf,0.0,True,False,1,0,,True,False,0.0,1.124299335987713,inf,1.9861632317996327,0.0,vehicle_lateral_margin_violation,True,raw_collision_risk:vehicle_lateral_margin_violation,,False,False,5.172885412173937,-3.3081338894405055,inf,0.3251238265704186,True,-12.838800516362113,,,
6000,1007,1,352,352,0.7175828218460083,0.8957226276397705,0.13623566925525665,0.30000001192092896,-0.5813471674919128,-0.5957226157188416,True,True,predictive_recovery,right_pass,-3.438527000120956,12.27071018177699,10,2,,0,0,0,False,False,False,False,False,False,False,False,True,0.8474830634734137,8.329284597656072,0.0,False,max_steps,vehicle,15.869741726009284,dynamic_vehicle,True,,inf,inf,inf,-3.030467134192201,inf,0.2853212803492158,-5.717057181326917,-0.8023530215195788,0.15521758842371625,set(),True,True,raw_collision_risk:vehicle_lateral_margin_violation,True,False,right,12,False,raw_predicted_collision,False,0,0,,inf,inf,inf,inf,False,False,14.250586489774477,inf,0.0,True,False,1,0,,True,False,0.0,1.4599263638975533,inf,1.9453059539960393,0.0,vehicle_lateral_margin_violation,True,raw_collision_risk:vehicle_lateral_margin_violation,,False,False,5.0958643759922815,-3.030467134192201,inf,0.2853212803492158,True,-18.780251349162512,,,
6000,1007,1,353,353,0.7342748641967773,0.8646478652954102,0.21717733144760132,0.18000000715255737,-0.517097532749176,-0.6846478581428528,True,True,predictive_recovery,left_pass,6.150680837110825,4.997570758593643,10,3,,0,0,0,False,False,False,False,False,False,False,False,True,0.8490766608411637,8.35011621864982,0.0,False,max_steps,vehicle,18.126693714036364,dynamic_vehicle,True,,inf,inf,inf,5.576464951292449,inf,1.0358113837519816,4.21596878306066,-3.4144263391038945,0.35919248169851575,set(),True,True,raw_collision_risk:vehicle_lateral_margin_violation,True,False,left,12,False,raw_predicted_collision,False,0,0,,inf,inf,inf,inf,False,False,14.220967407707855,inf,0.0,True,False,1,0,,True,False,0.0,2.5795168327981024,inf,1.9198925789083434,0.0,vehicle_lateral_margin_violation,True,raw_collision_risk:vehicle_lateral_margin_violation,,False,False,0.0,5.576464951292449,inf,1.0358113837519816,False,-95.70691601830067,,,
6000,1007,1,354,354,0.7332041263580322,0.886486291885376,0.24197110533714294,0.18000000715255737,-0.4912330210208893,-0.7064862847328186,True,True,predictive_recovery,left_pass,6.178468227007881,5.010069731189891,10,3,,0,0,0,False,False,False,False,False,False,False,False,True,0.8506751922027738,8.378853430599882,0.0,False,max_steps,vehicle,18.518644166795816,dynamic_vehicle,True,,inf,inf,inf,5.71851997778343,inf,1.0080239938549256,4.8039334735494075,-3.4076505360393483,0.3342927138210197,set(),True,True,raw_collision_risk:vehicle_lateral_margin_violation,True,False,left,12,False,raw_predicted_collision,False,0,0,,inf,inf,inf,inf,False,False,14.449675782552205,inf,0.0,True,False,1,0,,True,False,0.0,2.901976604372189,inf,1.9303081769722605,0.0,vehicle_lateral_margin_violation,True,raw_collision_risk:vehicle_lateral_margin_violation,,False,False,0.0,5.71851997778343,inf,1.0080239938549256,False,-96.4100466783745,,,
6000,1007,1,355,355,0.7324018478393555,0.9448752403259277,0.18027319014072418,0.18000000715255737,-0.5521286725997925,-0.7648752331733704,True,True,predictive_recovery,left_pass,6.1531220443913845,5.02731205835993,10,3,,0,0,0,False,False,False,False,False,False,False,False,True,0.8522816063509435,8.438640573675514,0.0,False,max_steps,vehicle,18.32783174364495,dynamic_vehicle,True,,inf,inf,inf,5.745758782234743,inf,1.0333701764714216,4.655990510128291,-3.4116706922454516,0.3341159621460828,set(),True,True,raw_collision_risk:vehicle_lateral_margin_violation,True,False,left,12,False,raw_predicted_collision,False,0,0,,inf,inf,inf,inf,False,False,14.64616466411858,inf,0.0,True,False,1,0,,True,False,0.0,2.7811491791634726,inf,1.9152688636794273,0.0,vehicle_lateral_margin_violation,True,raw_collision_risk:vehicle_lateral_margin_violation,,False,False,0.0,5.745758782234743,inf,1.0333701764714216,False,-97.66994893952985,,,
6000,1007,1,356,356,0.7124834060668945,0.9181661605834961,0.1543760746717453,0.18000000715255737,-0.558107316493988,-0.7381661534309387,True,True,predictive_recovery,left_pass,6.156031334366474,5.063184344205308,10,3,,0,0,0,False,False,False,False,False,False,False,False,True,0.8539003556542429,8.495593895746222,0.0,False,max_steps,vehicle,18.320228262091405,dynamic_vehicle,True,,inf,inf,inf,6.0327352834900765,inf,1.0304608864963325,4.646446459531902,-3.4144872963806168,0.33399212628672764,set(),True,True,raw_collision_risk:vehicle_lateral_margin_violation,True,False,left,12,False,raw_predicted_collision,False,0,0,,inf,inf,inf,inf,False,False,14.678516796686651,inf,0.0,True,False,1,0,,True,False,0.0,2.927487796616921,inf,1.9253993583215236,0.0,vehicle_lateral_margin_violation,True,raw_collision_risk:vehicle_lateral_margin_violation,,False,False,0.0,6.0327352834900765,inf,1.0304608864963325,False,-97.05669359477986,,,
6000,1007,1,357,357,0.686570405960083,0.9347958564758301,0.07437808811664581,0.30000001192092896,-0.6121923327445984,-0.6347958445549011,True,True,predictive_recovery,right_pass,-3.450313436553626,12.702175249887457,10,2,,0,0,0,False,False,False,False,False,False,False,False,True,0.8555332718801475,8.592702702097517,0.0,False,max_steps,vehicle,16.085643739197184,dynamic_vehicle,True,,inf,inf,inf,-3.161200360379562,inf,0.2736865634463739,-7.690945446346907,-0.7563809629894186,0.25317775573255086,set(),True,True,raw_collision_risk:vehicle_lateral_margin_violation,True,False,right,12,False,raw_predicted_collision,False,0,0,,inf,inf,inf,inf,False,False,14.688092211550137,inf,0.0,True,False,1,0,,True,False,0.0,2.0968088291542575,inf,1.9335195175633717,0.0,vehicle_lateral_margin_violation,True,raw_collision_risk:vehicle_lateral_margin_violation,,False,False,4.9363385531386195,-3.161200360379562,inf,0.2736865634463739,True,-20.521698300645895,,,
6000,1007,1,358,358,0.6893699169158936,0.908819317817688,0.08965399861335754,0.30000001192092896,-0.5997159481048584,-0.608819305896759,True,True,predictive_recovery,right_pass,-3.425143791307047,12.682389632277113,10,2,,0,0,0,False,False,False,False,False,False,False,False,True,0.857184573426008,8.682051897292844,0.0,False,max_steps,vehicle,16.079574531202113,dynamic_vehicle,True,,inf,inf,inf,-3.126055865423234,inf,0.29885620869295315,-8.600363352867339,-0.7756125679736968,0.2907083416812776,set(),True,True,raw_collision_risk:vehicle_lateral_margin_violation,True,False,right,12,False,raw_predicted_collision,False,0,0,,inf,inf,inf,inf,False,False,14.489260199930202,inf,0.0,True,False,1,0,,True,False,0.0,1.9335643851436917,inf,1.9586891628099434,0.0,vehicle_lateral_margin_violation,True,raw_collision_risk:vehicle_lateral_margin_violation,,False,False,5.0152359102084105,-3.126055865423234,inf,0.29885620869295315,True,-16.18082185721962,,,
6000,1007,1,359,359,0.6978441476821899,0.8973360061645508,0.11875341087579727,0.30000001192092896,-0.5790907144546509,-0.5973359942436218,True,True,predictive_recovery,right_pass,-3.3877624883853503,12.720063925033323,10,2,,0,0,0,False,False,False,False,False,False,False,False,True,0.858852033881753,8.764776826497375,0.0,False,max_steps,vehicle,16.19718881423415,dynamic_vehicle,True,,inf,inf,inf,-3.0928539624993117,inf,0.33623751161464965,-9.55223038447132,-0.8360763118800603,0.3274521550944231,set(),True,True,raw_collision_risk:vehicle_lateral_margin_violation,True,False,right,12,False,raw_predicted_collision,False,0,0,,inf,inf,inf,inf,False,False,14.31227289563302,inf,0.0,True,False,1,0,,True,False,0.0,2.1013749526060117,inf,1.9960704657316448,0.0,vehicle_lateral_margin_violation,True,raw_collision_risk:vehicle_lateral_margin_violation,,False,False,4.835921740503775,-3.0928539624993117,inf,0.33623751161464965,True,-10.712503181729389,,,
6000,1007,1,360,360,0.6837499141693115,0.9459090232849121,0.09770099073648453,0.30000001192092896,-0.5860489010810852,-0.6459090113639832,True,True,predictive_recovery,right_pass,-3.440536310971006,13.02136743127948,10,2,,0,0,0,False,False,False,False,False,False,False,False,True,0.8605350676208617,8.855563406593939,0.0,False,max_steps,vehicle,16.22942492837068,dynamic_vehicle,True,,inf,inf,inf,-3.2116843352230346,inf,0.2834636890289939,-11.458446031460964,-0.777674546059148,0.368014380637617,set(),True,True,raw_collision_risk:vehicle_lateral_margin_violation,True,False,right,12,False,raw_predicted_collision,False,0,0,,inf,inf,inf,inf,False,False,14.141624200076123,inf,0.0,True,False,1,0,,True,False,0.0,2.2009626870984302,inf,1.943296643145993,0.0,vehicle_lateral_margin_violation,True,raw_collision_risk:vehicle_lateral_margin_violation,,False,False,5.234680718952115,-3.2116843352230346,inf,0.2834636890289939,True,-18.55297597413889,,,
6000,1007,1,361,361,0.7108583450317383,0.9253425598144531,0.19384971261024475,0.18000000715255737,-0.5170086622238159,-0.7453425526618958,True,True,predictive_recovery,left_pass,6.177633684563203,3.0,10,2,,0,0,0,False,False,False,False,False,False,False,False,True,0.8622303351298138,8.872887459496239,0.0,False,max_steps,vehicle,18.457110942868304,dynamic_vehicle,True,,inf,inf,inf,6.6263751498894,inf,1.0097235848753523,6.217626058834172,-3.4104010259708035,0.3592289125740526,set(),True,True,raw_collision_risk:vehicle_lateral_margin_violation,True,False,left,12,False,raw_predicted_collision,False,0,0,,inf,inf,inf,inf,False,False,13.902008841924154,inf,0.0,True,False,1,0,,True,False,0.0,3.236230421501544,inf,1.9365253357168246,0.0,vehicle_lateral_margin_violation,True,raw_collision_risk:vehicle_lateral_margin_violation,,False,False,0.0,6.6263751498894,inf,1.0097235848753523,False,-122.68116353902873,,,
6000,1007,1,362,362,0.7280364036560059,0.927004337310791,0.22660845518112183,0.18000000715255737,-0.501427948474884,-0.7470043301582336,True,True,predictive_recovery,left_pass,6.175297784331304,5.323732475697743,10,3,,0,0,0,False,False,False,False,False,False,False,False,True,0.8639296334705915,8.897130945467904,0.0,False,max_steps,vehicle,18.797929421285566,dynamic_vehicle,True,,inf,inf,inf,6.730552325858067,inf,1.0120594851072506,5.346893101507731,-3.417232488718384,0.33387143014487436,set(),True,True,raw_collision_risk:vehicle_lateral_margin_violation,True,False,left,12,False,raw_predicted_collision,False,0,0,,inf,inf,inf,inf,False,False,13.981619782199736,inf,0.0,True,False,1,0,,True,False,0.0,3.344164901442042,inf,1.9517039275143322,0.0,vehicle_lateral_margin_violation,True,raw_collision_risk:vehicle_lateral_margin_violation,,False,False,0.0,6.730552325858067,inf,1.0120594851072506,False,-97.81925720301561,,,
6000,1007,1,363,363,0.7183959484100342,0.9333518743515015,0.1613672375679016,0.18000000715255737,-0.5570287108421326,-0.7533518671989441,True,True,predictive_recovery,left_pass,6.161781821746242,3.0,10,2,,0,0,0,False,False,False,False,False,False,False,False,True,0.8656363165534302,8.95691460298683,0.0,False,max_steps,vehicle,18.553510027472605,dynamic_vehicle,True,,inf,inf,inf,5.646094585499283,inf,1.025575447692313,6.269653167881502,-3.4126541342194985,0.33407272377244634,set(),True,True,raw_collision_risk:vehicle_lateral_margin_violation,True,False,left,12,False,raw_predicted_collision,False,0,0,,inf,inf,inf,inf,False,False,13.964896162857164,inf,0.0,True,False,1,0,,True,False,0.0,3.262647192893631,inf,1.9264499878164014,0.0,vehicle_lateral_margin_violation,True,raw_collision_risk:vehicle_lateral_margin_violation,,False,False,0.0,6.7301635935845745,inf,1.025575447692313,False,-122.6781734196838,,,
6000,1007,1,364,364,0.6182447671890259,0.9507362842559814,0.10324013233184814,0.30000001192092896,-0.5150046348571777,-0.6507362723350525,True,True,predictive_recovery,right_pass,-3.4531997883401075,13.235227882138746,10,2,,0,0,0,False,False,False,False,False,False,False,False,True,0.8673572511264492,9.054559962385948,0.0,False,max_steps,vehicle,16.19760262861795,dynamic_vehicle,True,,inf,inf,inf,-3.544158192137118,inf,0.27080021165989243,-8.365425122968455,-0.7334101315318994,0.21838122478142005,set(),True,True,raw_collision_risk:vehicle_lateral_margin_violation,True,False,right,12,False,raw_predicted_collision,False,0,0,,inf,inf,inf,inf,False,False,13.701653671956349,inf,0.0,True,False,1,0,,True,False,0.0,2.2804927532465324,inf,1.9306331657768885,0.0,vehicle_lateral_margin_violation,True,raw_collision_risk:vehicle_lateral_margin_violation,,False,False,6.255361859456053,-3.544158192137118,inf,0.27080021165989243,True,-19.385386746949024,,,
6000,1007,1,365,365,0.6245238780975342,0.9195852279663086,0.11067856103181839,0.30000001192092896,-0.5138453245162964,-0.6195852160453796,True,True,predictive_recovery,right_pass,-3.4071961769938937,13.192693488234337,10,2,,0,0,0,False,False,False,False,False,False,False,False,True,0.8690964797692143,9.143292723080576,0.0,False,max_steps,vehicle,16.131966720618664,dynamic_vehicle,True,,inf,inf,inf,-3.615419419962775,inf,0.3168038230061063,-8.816276023883647,-0.8075484971735533,0.24585180123856304,set(),True,True,raw_collision_risk:vehicle_lateral_margin_violation,True,False,right,12,False,raw_predicted_collision,False,0,0,,inf,inf,inf,inf,False,False,12.54706614427197,inf,0.0,True,False,1,0,,True,False,0.0,2.2695850801641413,inf,1.9766367771231086,0.0,vehicle_lateral_margin_violation,True,raw_collision_risk:vehicle_lateral_margin_violation,,False,False,6.476269918299203,-3.615419419962775,inf,0.3168038230061063,True,-11.770810126441319,,,
6000,1007,1,366,366,0.6054524183273315,0.9373588562011719,0.08837816119194031,0.30000001192092896,-0.5170742273330688,-0.6373588442802429,True,True,predictive_recovery,right_pass,-3.432215662920209,13.361407575985849,10,2,,0,0,0,False,False,False,False,False,False,False,False,True,0.8708526285025521,9.235072593896604,0.0,False,max_steps,vehicle,16.27404117314512,dynamic_vehicle,True,,inf,inf,inf,-3.7358961756859594,inf,0.2917843370797908,-9.035818416127045,-0.7816069095745665,0.26849332894609873,set(),True,True,raw_collision_risk:vehicle_lateral_margin_violation,True,False,right,12,False,raw_predicted_collision,False,0,0,,inf,inf,inf,inf,False,False,11.264714657437231,inf,0.0,True,False,1,0,,True,False,0.0,2.474962272463202,inf,1.9516172911967868,0.0,vehicle_lateral_margin_violation,True,raw_collision_risk:vehicle_lateral_margin_violation,,False,False,7.059063762090892,-3.7358961756859594,inf,0.2917843370797908,True,-15.495277601027851,,,
6000,1007,1,367,367,0.6045067310333252,0.9229662418365479,0.11375371366739273,0.30000001192092896,-0.49075302481651306,-0.6229662299156189,True,True,predictive_recovery,right_pass,-3.456028303359088,13.388420682161069,10,2,,0,0,0,False,False,False,False,False,False,False,False,True,0.8726245963953202,9.31884095542949,0.0,False,max_steps,vehicle,16.189172897812036,dynamic_vehicle,True,,inf,inf,inf,-4.104014129444104,inf,0.267971696640912,-9.508557599612645,-0.7278908890724206,0.2964552731908423,set(),True,True,raw_collision_risk:vehicle_lateral_margin_violation,True,False,right,12,False,raw_predicted_collision,False,0,0,,inf,inf,inf,inf,False,False,10.160291760637145,inf,0.0,True,False,1,0,,True,False,0.0,2.256332803605698,inf,1.9278046507579063,0.0,vehicle_lateral_margin_violation,True,raw_collision_risk:vehicle_lateral_margin_violation,,False,False,7.67253475989579,-4.104014129444104,inf,0.267971696640912,True,-19.13164664249777,,,
6000,1007,1,368,368,0.6467533111572266,0.9307668209075928,0.1970497965812683,0.18000000715255737,-0.44970351457595825,-0.7507668137550354,True,True,predictive_recovery,left_pass,6.184789731417751,3.0,10,1,,0,0,0,False,False,False,False,False,False,False,False,True,0.8744077608419164,9.334328874150554,0.0,False,max_steps,vehicle,18.427941741854244,dynamic_vehicle,True,,inf,inf,inf,3.135892385154333,inf,1.0025693534821625,5.702061647367438,-3.4033263368925,0.35929294165918274,set(),True,True,raw_collision_risk:vehicle_lateral_margin_violation,True,False,left,12,False,raw_predicted_collision,False,0,0,,inf,inf,inf,inf,False,False,9.30446976084023,inf,0.0,True,False,1,0,,True,False,0.0,4.570294484744663,inf,1.9255433073083092,0.0,vehicle_lateral_margin_violation,True,raw_collision_risk:vehicle_lateral_margin_violation,,False,False,0.0,3.135892385154333,inf,1.0025693534821625,True,-123.01404670369476,,,
6000,1007,1,369,369,0.5925263166427612,0.9322052001953125,0.22484207153320312,0.18000000715255737,-0.3676842451095581,-0.7522051930427551,True,True,predictive_recovery,left_pass,6.184570695449907,5.600597324490332,10,2,,0,0,0,False,False,False,False,False,False,False,False,True,0.8761945969267972,9.358069798640674,0.0,False,max_steps,vehicle,18.723397627510774,dynamic_vehicle,True,,inf,inf,inf,2.336336522391784,inf,1.002788389450005,5.6338541027521325,-3.410046296394467,0.3592321230346099,set(),True,True,raw_collision_risk:vehicle_lateral_margin_violation,True,False,left,12,False,raw_predicted_collision,False,0,0,,inf,inf,inf,inf,False,False,9.19832472950215,inf,0.0,True,False,1,0,,True,False,0.0,4.641983053534386,inf,1.9425528915472854,0.0,vehicle_lateral_margin_violation,True,raw_collision_risk:vehicle_lateral_margin_violation,,False,False,0.0,5.227119072281539,inf,1.002788389450005,False,-98.81344810717212,,,
6000,1007,1,370,370,0.6192480325698853,0.8657317161560059,0.1643933653831482,0.18000000715255737,-0.45485466718673706,-0.6857317090034485,True,True,predictive_recovery,left_pass,6.170129518116396,3.0,10,1,,0,0,0,False,False,False,False,False,False,False,False,True,0.8779887492373559,9.416745333289276,0.0,False,max_steps,vehicle,18.434057034310687,dynamic_vehicle,True,,inf,inf,inf,2.172950435673602,inf,1.017229566783517,5.666116938206937,-3.404105285152201,0.3592858918307195,set(),True,True,raw_collision_risk:vehicle_lateral_margin_violation,True,False,left,12,False,raw_predicted_collision,False,0,0,,inf,inf,inf,inf,False,False,9.13814832171536,inf,0.0,True,False,1,0,,True,False,0.0,4.753598395636606,inf,1.9128801601683194,0.0,vehicle_lateral_margin_violation,True,raw_collision_risk:vehicle_lateral_margin_violation,,False,False,0.0,2.172950435673602,inf,1.017229566783517,True,-121.94993770453752,,,
6000,1007,1,371,371,0.5845661163330078,0.8138666152954102,0.16543620824813843,0.18000000715255737,-0.4191299080848694,-0.6338666081428528,True,True,predictive_recovery,left_pass,6.184702910564338,3.0,10,1,,0,0,0,False,False,False,False,False,False,False,False,True,0.8797946613684999,9.465726404114674,0.0,False,max_steps,vehicle,18.32851016896756,dynamic_vehicle,True,,inf,inf,inf,2.3790468230334247,inf,1.0026561743355749,5.499886735390396,-3.4055536858300814,0.3592727831598959,set(),True,True,raw_collision_risk:vehicle_lateral_margin_violation,True,False,left,12,False,raw_predicted_collision,False,0,0,,inf,inf,inf,inf,False,False,8.823502853625595,inf,0.0,True,False,1,0,,True,False,0.0,4.798553243923834,inf,1.9311669596954606,0.0,vehicle_lateral_margin_violation,True,raw_collision_risk:vehicle_lateral_margin_violation,,False,False,0.0,2.3790468230334247,inf,1.0026561743355749,True,-120.46391176667639,,,
6000,1007,1,372,372,0.5564124584197998,0.8057518005371094,0.09323780983686447,0.30000001192092896,-0.46317464113235474,-0.5057517886161804,True,True,predictive_recovery,right_pass,-3.443412086602697,13.091609506531666,10,2,,0,0,0,False,False,False,False,False,False,False,False,True,0.8816138629991,9.56340082077433,0.0,False,max_steps,vehicle,15.997981832671915,dynamic_vehicle,True,,inf,inf,inf,-4.530780548276547,inf,0.28058791339730305,-10.305987685304919,-0.720939083310007,0.29987483598960907,set(),True,True,raw_collision_risk:vehicle_lateral_margin_violation,True,False,right,12,False,raw_predicted_collision,False,0,0,,inf,inf,inf,inf,False,False,8.563394468278453,inf,0.0,True,False,1,0,,True,False,0.0,2.54953513913936,inf,1.9404208675143244,0.0,vehicle_lateral_margin_violation,True,raw_collision_risk:vehicle_lateral_margin_violation,,False,False,6.576112484255258,-4.530780548276547,inf,0.28058791339730305,True,-15.80565237943155,,,
6000,1007,1,373,373,0.5465947389602661,0.8613848686218262,0.5465947389602661,0.8613848686218262,0.0,0.0,True,False,inactive_raw_action,raw_action,0,0,10,4,raw_action_safe_or_candidate_not_better,0,0,0,False,False,False,False,False,False,False,False,True,0.8834474074716043,9.559149863650783,0.0,False,max_steps,vehicle,15.882267516338361,dynamic_vehicle,True,,inf,inf,inf,-4.941481648628377,inf,0.3355603390030757,inf,inf,0.0,set(),False,False,,False,False,,0,False,vehicle_margin_uncertain_or_low,False,0,0,,inf,inf,inf,inf,False,False,7.957287412287527,inf,0.0,False,False,1,0,,False,False,6.863791880565501,-4.941481648628377,inf,1.9953932931200904,0.0,,False,raw_action_safe_or_candidate_not_better,candidate_not_better,False,False,6.863791880565501,-4.941481648628377,inf,1.9953932931200904,False,51.582110009859825,,,
6000,1007,1,374,374,0.6138041019439697,0.8161548376083374,0.6138041019439697,0.8161548376083374,0.0,0.0,True,False,inactive_raw_action,raw_action,0,0,10,4,raw_action_safe_or_candidate_not_better,0,0,0,False,False,False,False,False,False,False,False,True,0.8852804524757542,9.53113886083182,0.0,False,max_steps,vehicle,15.978113774648708,dynamic_vehicle,True,,inf,inf,inf,-4.5881964620134905,inf,0.3152313492614154,inf,inf,0.0,set(),False,False,,False,False,,0,False,vehicle_margin_uncertain_or_low,False,0,0,,inf,inf,inf,inf,False,False,8.000379252799972,inf,0.0,False,False,1,0,,False,False,5.501851297926773,-4.5881964620134905,inf,1.9750643033784159,0.0,,False,raw_action_safe_or_candidate_not_better,candidate_not_better,False,False,5.501851297926773,-4.5881964620134905,inf,1.9750643033784159,False,40.90817313124336,,,
6000,1007,1,375,375,0.5832452774047852,0.7098081111907959,0.5832452774047852,0.7098081111907959,0.0,0.0,True,False,inactive_raw_action,raw_action,0,0,10,4,raw_action_safe_or_candidate_not_better,0,0,0,False,False,False,False,False,False,False,False,True,0.8871089864712595,9.505491822800073,0.0,False,max_steps,vehicle,15.854665085055709,dynamic_vehicle,True,,inf,inf,inf,-3.4388311800785174,inf,0.3362066908524761,inf,inf,0.0,set(),False,False,,False,False,,0,False,vehicle_margin_uncertain_or_low,False,0,0,,inf,inf,inf,inf,False,False,7.556100844258711,inf,0.0,False,False,1,0,,False,False,3.529672657050754,-3.4388311800785174,inf,1.9960396449695157,0.0,,False,raw_action_safe_or_candidate_not_better,candidate_not_better,False,False,3.529672657050754,-3.4388311800785174,inf,1.9960396449695157,False,26.029372923887472,,,
6000,1007,1,376,376,0.563183069229126,0.8349814414978027,0.563183069229126,0.8349814414978027,0.0,0.0,True,False,inactive_raw_action,raw_action,0,0,10,4,raw_action_safe_or_candidate_not_better,0,0,0,False,False,False,False,False,False,False,False,True,0.8889348053708545,9.52295308368031,0.0,False,max_steps,vehicle,15.736290444080817,dynamic_vehicle,True,,inf,inf,inf,-2.8837160491313303,inf,0.42012064551755846,inf,inf,0.0,set(),False,False,,False,False,,0,False,vehicle_margin_uncertain_or_low,False,0,0,,inf,inf,inf,inf,False,False,6.683233338297992,inf,0.0,False,False,1,0,,False,False,3.6608451052917026,-2.8837160491313303,inf,2.0799535996345813,0.0,,False,raw_action_safe_or_candidate_not_better,boundary_margin_insufficient,False,False,2.542749362884027,-1.2174661957679471,inf,0.42012064551755846,False,31.89617351487496,,,
6000,1007,1,377,377,0.5455300807952881,0.8889931440353394,0.5455300807952881,0.8889931440353394,0.0,0.0,True,False,inactive_raw_action,raw_action,0,0,10,4,raw_action_safe_or_candidate_not_better,0,0,0,False,False,False,False,False,False,False,False,True,0.8907647627076565,9.565503427573002,0.0,False,max_steps,vehicle,15.809814216305448,dynamic_vehicle,True,,inf,inf,inf,-2.0073387028360843,inf,0.5125538066088443,inf,inf,0.0,set(),False,False,,False,False,,0,False,vehicle_margin_uncertain_or_low,False,0,0,,inf,inf,inf,inf,False,False,5.446391176271125,inf,0.0,False,False,1,0,,False,False,2.964216940234775,-2.0073387028360843,inf,2.172386760725853,0.0,,False,raw_action_safe_or_candidate_not_better,boundary_margin_insufficient,False,False,1.5779158175191603,-0.3427705493018087,inf,0.5125538066088443,False,34.86347287303807,,,
6000,1007,1,378,378,0.40419721603393555,0.9365724325180054,-0.04421946778893471,-1.0,-0.44841668009757996,-1.9365724325180054,True,True,predictive_recovery,keep_slow_follow,-1.4400265962948795,3.0,10,1,,0,0,0,False,False,False,False,False,False,False,False,True,0.8925548677033812,8.440853235214949,0.0,False,max_steps,vehicle,15.662382796451904,dynamic_vehicle,True,,inf,inf,inf,4.3578262461122605,inf,2.277139691155456,2.573661566633101,-0.7435018941880551,0.14870037883761106,set(),True,True,raw_collision_risk:vehicle_lateral_margin_violation,False,False,right,6,False,raw_predicted_collision,False,0,0,,inf,inf,inf,inf,False,False,4.000289533201006,inf,0.0,True,False,1,0,,True,False,0.0,4.375901781808491,inf,2.277139691155496,0.0,vehicle_lateral_margin_violation,True,raw_collision_risk:vehicle_lateral_margin_violation,,False,False,0.0,4.3578262461122605,inf,2.277139691155456,False,-161.8199341373859,,,
6000,1007,1,379,379,0.0656508207321167,0.7559425830841064,-0.09027065336704254,0.30000001192092896,-0.15592147409915924,-0.4559425711631775,True,True,predictive_recovery,right_pass,-2.9564166370270843,11.842594859093428,10,2,,0,0,0,False,False,False,False,False,False,False,False,True,0.8942109100227267,8.482643149277287,0.0,False,max_steps,vehicle,15.534033480877932,dynamic_vehicle,True,,inf,inf,inf,2.460559671696126,inf,0.7675833629729155,-11.495384727236432,-0.8611032361960123,0.43349676680250193,set(),True,True,raw_collision_risk:vehicle_lateral_margin_violation,True,False,right,12,False,raw_predicted_collision,False,0,0,,inf,inf,inf,inf,False,False,9.52424086945175,inf,0.0,True,False,1,0,,True,False,0.0,4.961227110349656,inf,2.4274163170899525,0.0,vehicle_lateral_margin_violation,True,raw_collision_risk:vehicle_lateral_margin_violation,,False,False,0.2704999555406265,2.460559671696126,inf,0.7675833629729155,True,52.718330856061634,,,
6000,1007,1,380,380,0.10328710079193115,0.8701545000076294,-0.08045164495706558,0.18000000715255737,-0.18373873829841614,-0.690154492855072,True,True,predictive_recovery,right_pass,-2.8457151117194455,8.0,10,2,,0,0,0,False,False,False,False,False,False,False,False,True,0.8958738468374927,8.526729813506208,0.0,False,max_steps,vehicle,15.564101647814947,dynamic_vehicle,True,,inf,inf,inf,4.415507219560702,inf,0.8782848882805544,2.4294909290990674,-0.9167510505661511,0.07818769151581603,set(),True,True,raw_collision_risk:vehicle_lateral_margin_violation,True,False,right,12,False,raw_predicted_collision,False,0,0,,inf,inf,inf,inf,False,False,5.814651198330292,inf,0.0,True,False,1,0,,True,False,0.0,5.046638152122419,inf,2.5381178423975768,0.0,vehicle_lateral_margin_violation,True,raw_collision_risk:vehicle_lateral_margin_violation,,False,False,0.10531850678117383,5.994242590325346,inf,0.8782848882805544,False,32.29459458581131,,,
6000,1007,1,381,381,0.13866817951202393,0.8282128572463989,-0.08449716866016388,0.18000000715255737,-0.2231653481721878,-0.6482128500938416,True,True,predictive_recovery,right_pass,-2.849203969728416,8.0,10,2,,0,0,0,False,False,False,False,False,False,False,False,True,0.8975490761527511,8.578487651925638,0.0,False,max_steps,vehicle,15.562758047608911,dynamic_vehicle,True,,inf,inf,inf,4.908003972846219,inf,0.8747960302715839,2.6085837882350162,-0.9016349952915557,0.07619126385397368,set(),True,True,raw_collision_risk:vehicle_lateral_margin_violation,True,False,right,12,False,raw_predicted_collision,False,0,0,,inf,inf,inf,inf,False,False,3.1712538793072658,inf,0.0,True,False,1,0,,True,False,0.0,5.182976520453128,inf,2.534628984388591,0.0,vehicle_lateral_margin_violation,True,raw_collision_risk:vehicle_lateral_margin_violation,,False,False,0.10968095459262389,6.10117798022409,inf,0.8747960302715839,False,32.851956768382905,,,
6000,1007,1,382,382,0.429732084274292,0.853459358215332,0.0016990102594718337,0.18000000715255737,-0.42803308367729187,-0.6734593510627747,True,True,predictive_recovery,right_pass,-2.8460375960803317,8.0,10,2,,0,0,0,False,False,False,False,False,False,False,False,True,0.8992341542159586,8.631029573282898,0.0,False,max_steps,vehicle,15.505722199009568,dynamic_vehicle,True,,inf,inf,inf,5.506665852381916,inf,0.8779624039196682,2.6351550004234774,-0.9160623552677647,0.07809586547603117,set(),True,True,vehicle_ttc;raw_collision_risk:vehicle_lateral_margin_violation,True,False,right,12,False,raw_predicted_collision,False,0,0,,inf,inf,inf,inf,False,False,0.6334011320072895,inf,0.0,True,False,1,0,,True,False,0.0,5.16472235471875,inf,2.537795358036704,0.0,vehicle_lateral_margin_violation,True,vehicle_ttc;raw_collision_risk:vehicle_lateral_margin_violation,,False,False,0.10564099114206005,6.1138011724986985,inf,0.8779624039196682,False,32.24387838309329,,,
6000,1007,1,383,383,0.5770907402038574,0.9363723993301392,0.0910789966583252,0.18000000715255737,-0.4860117435455322,-0.7563723921775818,True,True,predictive_recovery,right_pass,-2.8423608612406874,8.0,10,2,,0,0,0,False,False,False,False,False,False,False,False,True,0.9009263303734665,8.669105258977563,0.0,False,max_steps,vehicle,15.451809403704374,dynamic_vehicle,True,,inf,inf,inf,6.02746691735757,inf,0.8816391387593124,2.5917134044062884,-0.9306338654980342,0.0800387335067338,set(),True,True,raw_collision_risk:vehicle_lateral_margin_violation,True,False,right,12,False,raw_predicted_collision,False,0,0,,inf,inf,inf,inf,False,False,23.29809019788073,inf,0.0,True,False,1,0,,True,False,0.0,5.012646388136904,inf,2.5414720928763326,0.0,vehicle_lateral_margin_violation,True,raw_collision_risk:vehicle_lateral_margin_violation,,False,False,0.10196425630241601,6.347995033326782,inf,0.8816391387593124,False,30.290406322250718,,,
6000,1007,1,384,384,0.6457720994949341,0.8920565843582153,0.1334172785282135,0.18000000715255737,-0.512354850769043,-0.712056577205658,True,True,predictive_recovery,right_pass,-2.8591359322587206,8.0,10,2,,0,0,0,False,False,False,False,False,False,False,False,True,0.9026239835647599,8.70809216030542,0.0,False,max_steps,vehicle,15.546562013890266,dynamic_vehicle,True,,inf,inf,inf,6.102442245938363,inf,0.8648640677412792,2.6933247029085408,-0.930216216355001,0.07998304695432935,set(),True,True,raw_collision_risk:vehicle_lateral_margin_violation,True,False,right,12,False,raw_predicted_collision,False,0,0,,inf,inf,inf,inf,False,False,21.50382950871651,inf,0.0,True,False,1,0,,True,False,0.0,4.985559670712057,inf,2.524697021858286,0.0,vehicle_lateral_margin_violation,True,raw_collision_risk:vehicle_lateral_margin_violation,,False,False,0.12457889838808117,6.234255821643945,inf,0.8648640677412792,False,29.825448363937795,,,
6000,1007,1,385,385,0.44740843772888184,0.8275935649871826,0.14189083874225616,-1.0,-0.30551761388778687,-1.8275935649871826,True,True,predictive_recovery,keep_slow_follow,-1.2532226715064572,3.0,10,1,,0,0,0,False,False,False,False,False,False,False,False,True,0.9042496027090136,7.183200900068503,0.0,False,max_steps,vehicle,15.496655750979745,dynamic_vehicle,True,,inf,inf,inf,6.176152161272059,inf,2.4640645178889518,3.3808276134732917,-0.8432391685858525,0.16864783371717043,set(),True,True,raw_collision_risk:vehicle_lateral_margin_violation,False,False,right,11,False,raw_predicted_collision,False,0,0,,inf,inf,inf,inf,False,False,21.381528939025305,inf,0.0,True,False,1,0,,True,False,0.0,4.8517575698459385,inf,2.464508416027778,0.0,vehicle_lateral_margin_violation,True,raw_collision_risk:vehicle_lateral_margin_violation,,False,False,0.0,6.176152161272059,inf,2.4640645178889518,False,-159.58504243336165,,,
6000,1007,1,386,386,0.6496422290802002,0.9598714113235474,0.1520756185054779,-1.0,-0.4975666105747223,-1.9598714113235474,True,True,predictive_recovery,keep_slow_follow,-1.2862829518250627,3.0,10,1,,0,0,0,False,False,False,False,False,False,False,False,True,0.9055894554359157,5.623288847005114,0.0,False,max_steps,vehicle,15.484631858025502,dynamic_vehicle,True,,inf,inf,inf,6.0052403576290825,inf,2.431714437972821,4.977453491958147,-0.8494855288922469,0.16989710577844933,set(),True,True,raw_collision_risk:vehicle_lateral_margin_violation,False,False,right,10,False,raw_predicted_collision,False,0,0,,inf,inf,inf,inf,False,False,inf,inf,0.0,True,False,1,0,,True,False,0.0,6.218701915971856,inf,2.4321583361116472,0.0,vehicle_lateral_margin_violation,True,raw_collision_risk:vehicle_lateral_margin_violation,,False,False,0.0,6.0052403576290825,inf,2.431714437972821,True,-162.56828021656676,,,
6000,1007,1,387,387,0.6172971725463867,0.9284379482269287,0.1549152135848999,0.18000000715255737,-0.4623819589614868,-0.7484379410743713,True,True,predictive_recovery,right_pass,-2.3002330593338676,5.623288847005114,10,5,,0,0,0,False,False,False,False,False,False,False,False,True,0.9066978380363595,5.657452735088186,0.0,False,max_steps,,inf,,False,,inf,inf,inf,5.764125004085962,inf,1.4237669406661322,5.370012761076707,-0.9058716572775394,0.10007197374378742,set(),True,True,raw_collision_risk:vehicle_lateral_margin_violation,True,False,right,12,False,raw_predicted_collision,False,0,0,,inf,inf,inf,inf,False,False,inf,inf,0.0,True,False,1,0,,True,False,0.0,6.041046459982798,inf,2.418676614272033,0.0,vehicle_lateral_margin_violation,True,raw_collision_risk:vehicle_lateral_margin_violation,,False,False,0.0,5.953387732899971,inf,1.4237669406661322,False,-29.514617917638446,,,
6000,1007,1,388,388,0.5569372177124023,0.908250093460083,0.158784419298172,0.18000000715255737,-0.39815279841423035,-0.7282500863075256,True,True,predictive_recovery,right_pass,-2.31025422984074,5.657452735088186,10,5,,0,0,0,False,False,False,False,False,False,False,False,True,0.9078020609849857,5.7101087267657675,0.0,False,max_steps,,inf,,False,,inf,inf,inf,5.776322036695232,inf,1.41374577015926,5.758804522194055,-0.9296029281769169,0.10441640102996565,set(),True,True,raw_collision_risk:vehicle_lateral_margin_violation,True,False,right,12,False,raw_predicted_collision,False,0,0,,inf,inf,inf,inf,False,False,inf,inf,0.0,True,False,1,0,,True,False,0.0,6.027884307546511,inf,2.4093092855964184,0.0,vehicle_lateral_margin_violation,True,raw_collision_risk:vehicle_lateral_margin_violation,,False,False,0.0,5.937169694913271,inf,1.41374577015926,False,-29.07604335678263,,,
6000,1007,1,389,389,0.4798790216445923,0.9294781684875488,0.11633065342903137,0.18000000715255737,-0.3635483682155609,-0.7494781613349915,True,True,predictive_recovery,right_pass,-2.3505000021805333,5.7101087267657675,10,5,,0,0,0,False,False,False,False,False,False,False,False,True,0.9089168186329764,5.768553142251787,0.0,False,max_steps,,inf,,False,,inf,inf,inf,5.968972250458586,inf,1.3734999978194664,5.968746917686143,-0.9264665308371236,0.08930692180618725,set(),True,True,raw_collision_risk:vehicle_lateral_margin_violation,True,False,right,12,False,raw_predicted_collision,False,0,0,,inf,inf,inf,inf,False,False,inf,inf,0.0,True,False,1,0,,True,False,0.0,6.231699064770412,inf,2.3699765040276977,0.0,vehicle_lateral_margin_violation,True,raw_collision_risk:vehicle_lateral_margin_violation,,False,False,0.0,6.1384439419492,inf,1.3734999978194664,False,-29.680994816087132,,,
6000,1007,1,390,390,0.3715156316757202,0.8427181243896484,0.08076304197311401,0.18000000715255737,-0.2907525897026062,-0.6627181172370911,True,True,predictive_recovery,right_pass,-2.3708502113895547,5.768553142251787,10,5,,0,0,0,False,False,False,False,False,False,False,False,True,0.9100422886988466,5.825744949382039,0.0,False,max_steps,,inf,,False,,inf,inf,inf,6.284139770948213,inf,1.353149788610445,6.166356133991694,-0.9433782845187271,0.09212554741978786,set(),True,True,raw_collision_risk:cut_in_danger,True,False,right,12,False,raw_predicted_collision,False,0,0,,inf,inf,inf,inf,False,False,inf,inf,0.0,True,False,1,0,,True,False,0.0,6.5551397003692795,inf,2.3505519338915604,0.0,cut_in_danger,True,raw_collision_risk:cut_in_danger,,False,False,0.0,6.460279602403476,inf,1.353149788610445,False,-27.60487369616724,,,
6000,1007,1,391,391,0.2624666690826416,0.8399388790130615,0.07740648090839386,0.18000000715255737,-0.18506018817424774,-0.6599388718605042,True,True,predictive_recovery,right_pass,-2.384278365881749,5.825744949382039,10,5,,0,0,0,False,False,False,False,False,False,False,False,True,0.9111775159754186,5.880899524364305,0.0,False,max_steps,,inf,,False,,inf,inf,inf,6.701151266977112,inf,1.3397216341182507,6.3603303226190295,-0.9617189288546579,0.09518232147577632,set(),True,True,raw_collision_risk:cut_in_danger,True,False,right,12,False,raw_predicted_collision,False,0,0,,inf,inf,inf,inf,False,False,inf,inf,0.0,True,False,1,0,,True,False,0.0,7.114933961974701,inf,2.3379709657384073,0.0,cut_in_danger,True,raw_collision_risk:cut_in_danger,,False,False,0.0,7.019230941128187,inf,1.3397216341182507,False,-27.539027562237546,,,
6000,1007,1,392,392,0.30182838439941406,0.9291591644287109,0.13708004355430603,0.18000000715255737,-0.16474834084510803,-0.7491591572761536,True,True,predictive_recovery,left_slow_follow,-0.39374372011106984,3.0,10,3,,0,0,0,False,False,False,False,False,False,False,False,True,0.9123215521170319,5.926266754295379,0.0,False,max_steps,,inf,,False,,inf,inf,inf,7.349645957304007,inf,2.3289051313392624,7.939007315187283,-2.0349392571340172,0.29507861075690417,{'ROAD_LINE_BROKEN_SINGLE_WHITE'},True,True,raw_collision_risk:cut_in_danger,True,False,left,12,False,raw_predicted_collision,False,0,0,,inf,inf,inf,inf,False,False,inf,inf,0.0,True,False,1,0,,True,False,0.0,7.629711510859266,inf,2.3292605494894256,0.0,cut_in_danger,True,raw_collision_risk:cut_in_danger,,False,False,0.0,7.351485463764234,inf,2.3485810572651884,True,-42.22437138151267,,,
6000,1007,1,393,393,0.42917168140411377,0.9218754768371582,0.17264877259731293,0.18000000715255737,-0.25652289390563965,-0.7418754696846008,True,True,predictive_recovery,left_slow_follow,-0.39223347190305535,3.0,10,5,,0,0,0,False,False,False,False,False,False,False,False,True,0.9134738577054118,5.970494713195001,0.0,False,max_steps,,inf,,False,,inf,inf,inf,7.9266853836383895,inf,1.3317665280969444,8.135169068291347,-2.0622978940139065,0.29963838357021905,{'ROAD_LINE_BROKEN_SINGLE_WHITE'},True,True,raw_collision_risk:cut_in_danger,True,False,left,12,False,raw_predicted_collision,False,0,0,,inf,inf,inf,inf,False,False,inf,inf,0.0,True,False,1,0,,True,False,0.0,8.208326820396804,inf,2.331529253842621,0.0,cut_in_danger,True,raw_collision_risk:cut_in_danger,,False,False,0.0,7.927670578056084,inf,2.350849761618383,True,-42.22410300100448,,,
6000,1007,1,394,394,0.45696961879730225,0.9213738441467285,0.15915361046791077,0.18000000715255737,-0.2978160083293915,-0.7413738369941711,True,True,predictive_recovery,left_slow_follow,-0.41200217524516525,3.0,10,5,,0,0,0,False,False,False,False,False,False,False,False,True,0.9146349551615763,6.023579902614224,0.0,False,max_steps,,inf,,False,,inf,inf,inf,8.42916466667064,inf,1.3119978247548345,8.463694164248837,-2.0663939367655466,0.3003210573621591,{'ROAD_LINE_BROKEN_SINGLE_WHITE'},True,True,raw_collision_risk:cut_in_danger,True,False,left,12,False,raw_predicted_collision,False,0,0,,inf,inf,inf,inf,False,False,inf,inf,0.0,True,False,1,0,,True,False,0.0,8.759283611804664,inf,2.3119978247548345,0.0,cut_in_danger,True,raw_collision_risk:cut_in_danger,,False,False,0.0,8.42916466667064,inf,2.331673417827077,True,-42.41397481377143,,,
6000,1007,1,395,395,0.47139132022857666,0.9493422508239746,0.1433727741241455,0.18000000715255737,-0.32801854610443115,-0.7693422436714172,True,True,predictive_recovery,left_slow_follow,-0.4288621558323731,3.0,10,3,,0,0,0,False,False,False,False,False,False,False,False,True,0.9158058699922519,6.078727494884424,0.0,False,max_steps,,inf,,False,,inf,inf,inf,9.170266493089745,inf,2.2951378441676265,8.643049935418052,-2.068882100709589,0.2790823151064384,{'ROAD_LINE_BROKEN_SINGLE_WHITE'},True,True,raw_collision_risk:cut_in_danger,True,False,left,12,False,raw_predicted_collision,False,0,0,,inf,inf,inf,inf,False,False,inf,inf,0.0,True,False,1,0,,True,False,0.0,9.451736825669371,inf,2.2951378441676265,0.0,cut_in_danger,True,raw_collision_risk:cut_in_danger,,False,False,0.0,9.170266493089745,inf,2.3148137700935525,True,-43.25256559079216,,,
6000,1007,1,396,396,0.3220407962799072,0.8920567035675049,0.12775970995426178,0.18000000715255737,-0.19428108632564545,-0.7120566964149475,True,True,predictive_recovery,left_slow_follow,-0.4317869037820965,3.0,10,4,,0,0,0,False,False,False,False,False,False,False,False,True,0.916986709103967,6.134247423022424,0.0,False,max_steps,,inf,,False,,inf,inf,inf,9.907215267347187,inf,1.2922130962179033,8.782891817984046,-2.081307694556741,0.28094615418351115,{'ROAD_LINE_BROKEN_SINGLE_WHITE'},True,True,raw_collision_risk:cut_in_danger,True,False,left,12,False,raw_predicted_collision,False,0,0,,inf,inf,inf,inf,False,False,inf,inf,0.0,True,False,1,0,,True,False,0.0,9.661425713109395,inf,2.2922130962179033,0.0,cut_in_danger,True,raw_collision_risk:cut_in_danger,,False,False,0.0,9.907215267347187,inf,2.3118890221438293,False,-42.05221530301435,,,
6000,1007,1,397,397,0.31548643112182617,0.49079203605651855,0.09830887615680695,0.18000000715255737,-0.21717755496501923,-0.3107920289039612,True,True,predictive_recovery,left_slow_follow,-0.43946818774855956,3.0,10,4,,0,0,0,False,False,False,False,False,False,False,False,True,0.9181772221395595,6.1909645847090164,0.0,False,max_steps,,inf,,False,,inf,inf,inf,10.635725696800755,inf,1.2845318122514402,8.165772866518765,-2.0871456976996523,0.3237413871470088,{'ROAD_LINE_BROKEN_SINGLE_WHITE'},True,True,raw_collision_risk:cut_in_danger,True,False,left,12,False,raw_predicted_collision,False,0,0,,inf,inf,inf,inf,False,False,inf,inf,0.0,True,False,1,0,,True,False,0.0,10.914377102515262,inf,2.28453181225144,0.0,cut_in_danger,True,raw_collision_risk:cut_in_danger,,False,False,0.0,10.635725696800755,inf,2.304207738177366,True,-32.57252747561637,,,
6000,1007,1,398,398,0.2369086742401123,0.6941667795181274,0.06763652712106705,0.18000000715255737,-0.16927215456962585,-0.5141667723655701,True,True,predictive_recovery,left_slow_follow,-0.44209269946730956,3.0,10,4,,0,0,0,False,False,False,False,False,False,False,False,True,0.9193767482015115,6.247417937060574,0.0,False,max_steps,,inf,,False,,inf,inf,inf,11.44722364692742,inf,1.2819073005326902,7.491953273072193,-2.0962399359809023,0.34678135155279693,{'ROAD_LINE_BROKEN_SINGLE_WHITE'},True,True,raw_collision_risk:cut_in_danger,True,False,left,12,False,raw_predicted_collision,False,0,0,,inf,inf,inf,inf,False,False,inf,inf,0.0,True,False,1,0,,True,False,0.0,10.860622626474012,inf,2.28190730053269,0.0,cut_in_danger,True,raw_collision_risk:cut_in_danger,,False,False,0.0,11.44722364692742,inf,2.301583226458616,False,-37.831246662176554,,,
6000,1007,1,399,399,-0.01905238628387451,0.9269180297851562,0.043297529220581055,0.18000000715255737,0.062349915504455566,-0.7469180226325989,True,True,predictive_recovery,left_slow_follow,-0.43882731860793456,3.0,10,4,,0,0,0,False,False,False,False,False,False,False,False,True,0.9208828474920028,6.303107787368946,0.0,False,max_steps,,inf,,False,,inf,inf,inf,11.915365335166083,inf,1.2851726813920652,9.343286144192376,-2.1083859320746523,0.2602847909432871,{'ROAD_LINE_BROKEN_SINGLE_WHITE'},True,True,raw_collision_risk:cut_in_danger,True,False,left,12,False,raw_predicted_collision,False,0,0,,inf,inf,inf,inf,False,False,inf,inf,0.11902821981368447,True,False,1,0,,True,False,0.0,9.934612665804723,inf,2.285172681392065,0.0,cut_in_danger,True,raw_collision_risk:cut_in_danger,,False,False,0.0,11.915365335166083,inf,2.304848607317991,False,-43.48756401153964,,,
6000,1007,1,400,400,0.039278507232666016,0.9228928089141846,0.0257517471909523,0.18000000715255737,-0.013526760041713715,-0.7428928017616272,True,True,predictive_recovery,left_slow_follow,-0.43238810962355956,3.0,10,4,,0,0,0,False,False,False,False,False,False,False,False,True,0.9224022627461342,6.35825180600305,0.0,False,max_steps,,inf,,False,,inf,inf,inf,12.095106344815392,inf,1.2916118903764402,9.492304583474304,-2.1211727973090273,0.26198970630787033,{'ROAD_LINE_BROKEN_SINGLE_WHITE'},True,True,raw_collision_risk:cut_in_danger,True,False,left,12,False,raw_predicted_collision,False,0,0,,inf,inf,inf,inf,False,False,inf,inf,0.0,True,False,1,0,,True,False,0.0,10.043695148252684,inf,2.29161189037644,0.0,cut_in_danger,True,raw_collision_risk:cut_in_danger,,False,False,0.0,12.095106344815392,inf,2.311287816302366,False,-43.61660152871365,,,
6000,1007,1,401,401,0.07568657398223877,0.8869068622589111,0.014016665518283844,0.18000000715255737,-0.061669908463954926,-0.7069068551063538,True,True,predictive_recovery,left_slow_follow,-0.42436198657668456,3.0,10,4,,0,0,0,False,False,False,False,False,False,False,False,True,0.9239349021613298,6.413112947321728,0.0,False,max_steps,,inf,,False,,inf,inf,inf,12.270267709451439,inf,1.2996380134233152,9.636343708731141,-2.1343258734809023,0.26374344979745373,{'ROAD_LINE_BROKEN_SINGLE_WHITE'},True,True,raw_collision_risk:cut_in_danger,True,False,left,12,False,raw_predicted_collision,False,0,0,,inf,inf,inf,inf,False,False,inf,inf,0.0,True,False,1,0,,True,False,0.0,10.23489172971432,inf,2.299638013423315,0.0,cut_in_danger,True,raw_collision_risk:cut_in_danger,,False,False,0.0,12.270267709451439,inf,2.319313939349241,False,-42.95926732140616,,,
6000,1007,1,402,402,0.14522862434387207,0.8993082046508789,0.006690541282296181,0.18000000715255737,-0.13853807747364044,-0.7193081974983215,True,True,predictive_recovery,left_slow_follow,-0.41545085376418456,3.0,10,4,,0,0,0,False,False,False,False,False,False,False,False,True,0.9254807244264305,6.467849482387432,0.0,False,max_steps,,inf,,False,,inf,inf,inf,12.440904602828837,inf,1.3085491462358152,9.77517988600746,-2.1473873969184023,0.26548498625578704,{'ROAD_LINE_BROKEN_SINGLE_WHITE'},True,True,raw_collision_risk:cut_in_danger,True,False,left,12,False,raw_predicted_collision,False,0,0,,inf,inf,inf,inf,False,False,inf,inf,0.0,True,False,1,0,,True,False,0.0,10.291873035305699,inf,2.308549146235815,0.0,cut_in_danger,True,raw_collision_risk:cut_in_danger,,False,False,0.0,12.440904602828837,inf,2.328225072161741,False,-43.484729884981576,,,
6000,1007,1,403,403,-0.021176040172576904,0.9266448020935059,0.00243915687315166,0.18000000715255737,0.023615196347236633,-0.7466447949409485,True,True,predictive_recovery,left_slow_follow,-0.40617351001418456,3.0,10,4,,0,0,0,False,False,False,False,False,False,False,False,True,0.927039711180921,6.5225401600717845,0.0,False,max_steps,,inf,,False,,inf,inf,inf,12.607025370490067,inf,1.3178264899858152,9.908681332305331,-2.1594113226996523,0.23910338888286073,{'ROAD_LINE_BROKEN_SINGLE_WHITE'},True,True,raw_collision_risk:cut_in_danger,True,False,left,12,False,raw_predicted_collision,False,0,0,,inf,inf,inf,inf,False,False,inf,inf,0.13696344046921702,True,False,1,0,,True,False,0.0,10.303836722688075,inf,2.317826489985815,0.0,cut_in_danger,True,raw_collision_risk:cut_in_danger,,False,False,0.0,12.607025370490067,inf,2.337502415911741,False,-44.28906986535589,,,
6000,1007,1,404,404,-0.14433234930038452,0.8669800758361816,0.00018343068950343877,0.18000000715255737,0.1445157825946808,-0.6869800686836243,True,True,predictive_recovery,left_slow_follow,-0.39674357837355956,3.0,10,4,,0,0,0,False,False,False,False,False,False,False,False,True,0.9286118578346726,6.577219898068504,0.0,False,max_steps,,inf,,False,,inf,inf,inf,12.768562664748377,inf,1.3272564216264402,10.03677309880381,-2.1703366156684023,0.24037800639588158,{'ROAD_LINE_BROKEN_SINGLE_WHITE'},True,True,raw_collision_risk:cut_in_danger,True,False,left,12,False,raw_predicted_collision,False,0,0,,inf,inf,inf,inf,False,False,inf,inf,0.9414135447092667,True,False,1,0,,True,False,0.0,10.543868135895238,inf,2.32725642162644,0.0,cut_in_danger,True,raw_collision_risk:cut_in_danger,,False,False,0.0,12.768562664748377,inf,2.346932347552366,False,-43.04836127976777,,,
6000,1007,1,405,405,-0.0320587158203125,0.8703867197036743,-0.0008645541383884847,0.18000000715255737,0.031194161623716354,-0.6903867125511169,True,True,predictive_recovery,left_slow_follow,-0.38734416431105956,3.0,10,4,,0,0,0,False,False,False,False,False,False,False,False,True,0.930197168977814,6.631899727852745,0.0,False,max_steps,,inf,,False,,inf,inf,inf,12.925440690785942,inf,1.3366558356889402,10.15940537106005,-2.1806820746527773,0.24158497661072528,{'ROAD_LINE_BROKEN_SINGLE_WHITE'},True,True,raw_collision_risk:cut_in_danger,True,False,left,12,False,raw_predicted_collision,False,0,0,,inf,inf,inf,inf,False,False,inf,inf,0.21085722359988293,True,False,1,0,,True,False,0.0,10.609012165714205,inf,2.33665583568894,0.0,cut_in_danger,True,raw_collision_risk:cut_in_danger,,False,False,0.0,12.925440690785942,inf,2.356331761614866,False,-43.349838095763864,,,
6000,1007,1,406,406,0.047858238220214844,0.8546931743621826,-0.0012369598262012005,0.18000000715255737,-0.04909519851207733,-0.6746931672096252,True,True,predictive_recovery,left_slow_follow,-0.37803630298293456,3.0,10,4,,0,0,0,False,False,False,False,False,False,False,False,True,0.9317956537906028,6.686577319563718,0.0,False,max_steps,,inf,,False,,inf,inf,inf,13.077591664851285,inf,1.3459636970170652,10.276568657088351,-2.1906613226996523,0.24274922221619408,{'ROAD_LINE_BROKEN_SINGLE_WHITE'},True,True,raw_collision_risk:cut_in_danger,True,False,left,12,False,raw_predicted_collision,False,0,0,,inf,inf,inf,inf,False,False,inf,inf,0.0,True,False,1,0,,True,False,0.0,10.71966039306626,inf,2.345963697017065,0.0,cut_in_danger,True,raw_collision_risk:cut_in_danger,,False,False,0.0,13.077591664851285,inf,2.365639622942991,False,-43.185115516289585,,,
6000,1007,1,407,407,0.10546040534973145,0.8744356632232666,-0.0012689972063526511,0.18000000715255737,-0.1067294031381607,-0.6944356560707092,True,True,predictive_recovery,left_slow_follow,-0.36881999438918456,3.0,10,4,,0,0,0,False,False,False,False,False,False,False,False,True,0.933407293912524,6.741256612215122,0.0,False,max_steps,,inf,,False,,inf,inf,inf,13.224911338188837,inf,1.3551800056108152,10.388252532256866,-2.1999997016059023,0.24383869975525654,{'ROAD_LINE_BROKEN_SINGLE_WHITE'},True,True,raw_collision_risk:cut_in_danger,True,False,left,12,False,raw_predicted_collision,False,0,0,,inf,inf,inf,inf,False,False,inf,inf,0.0,True,False,1,0,,True,False,0.0,10.729208233938966,inf,2.355180005610815,0.0,cut_in_danger,True,raw_collision_risk:cut_in_danger,,False,False,0.0,13.224911338188837,inf,2.374855931536741,False,-43.88845931643649,,,
6000,1007,1,408,408,0.019984960556030273,0.8264321088790894,-0.0011572710936889052,0.18000000715255737,-0.021142231300473213,-0.646432101726532,True,True,predictive_recovery,left_slow_follow,-0.35966472095168456,3.0,10,4,,0,0,0,False,False,False,False,False,False,False,False,True,0.9350320893435773,6.795937049922202,0.0,False,max_steps,,inf,,False,,inf,inf,inf,13.36733186025785,inf,1.3643352790483152,10.494485299238296,-2.2088803168402773,0.2448747715326003,{'ROAD_LINE_BROKEN_SINGLE_WHITE'},True,True,raw_collision_risk:cut_in_danger,True,False,left,12,False,raw_predicted_collision,False,0,0,,inf,inf,inf,inf,False,False,inf,inf,0.0,True,False,1,0,,True,False,0.0,10.922083566949087,inf,2.364335279048315,0.0,cut_in_danger,True,raw_collision_risk:cut_in_danger,,False,False,0.0,13.36733186025785,inf,2.384011204974241,False,-42.932687191096804,,,
6000,1007,1,409,409,0.021783113479614258,0.8151966333389282,-0.0010072228033095598,0.18000000715255737,-0.02279033698141575,-0.6351966261863708,True,True,predictive_recovery,left_slow_follow,-0.35063151782668456,3.0,10,4,,0,0,0,False,False,False,False,False,False,False,False,True,0.9366700492640205,6.85061702407658,0.0,False,max_steps,,inf,,False,,inf,inf,inf,13.504768499233455,inf,1.3733684821733152,10.595245018459146,-2.2175167914496523,0.21463362358940974,{'ROAD_LINE_BROKEN_SINGLE_WHITE'},True,True,raw_collision_risk:cut_in_danger,True,False,left,12,False,raw_predicted_collision,False,0,0,,inf,inf,inf,inf,False,False,inf,inf,0.0,True,False,1,0,,True,False,0.0,11.014810820893196,inf,2.373368482173315,0.0,cut_in_danger,True,raw_collision_risk:cut_in_danger,,False,False,0.0,13.504768499233455,inf,2.393044408099241,False,-42.784188905203514,,,
6000,1007,1,410,410,0.030290842056274414,0.7180318832397461,0.005443289875984192,0.18000000715255737,-0.024847552180290222,-0.5380318760871887,True,True,predictive_recovery,left_pass,0.0,4.110370214445948,10,5,,0,0,0,False,False,False,False,False,False,False,False,True,0.938321164493596,6.90524867753018,0.0,False,max_steps,vehicle,20.82036590576172,dynamic_vehicle,True,,inf,inf,inf,10.362787390190908,inf,0.7157045010535238,10.690530563700044,-2.5986235901418757,0.2859624286209875,{'ROAD_LINE_BROKEN_SINGLE_WHITE'},True,True,raw_collision_risk:cut_in_danger,True,False,left,12,False,raw_predicted_collision,False,0,0,,inf,inf,inf,inf,False,False,inf,inf,0.0,True,False,1,0,,True,False,0.0,11.425250511665162,inf,2.38237116772019,0.0,cut_in_danger,True,raw_collision_risk:cut_in_danger,,False,False,0.0,13.63545360311854,inf,2.4087689572442144,False,-93.53151224476997,,,
6000,1007,1,411,411,-0.0012212395668029785,0.7564918994903564,0.0049034240655601025,0.18000000715255737,0.006124663632363081,-0.5764918923377991,True,True,predictive_recovery,left_pass,0.0,4.143149206518108,10,5,,0,0,0,False,False,False,False,False,False,False,False,True,0.9399853799507581,6.959922824783615,0.0,False,max_steps,vehicle,20.967594146728516,dynamic_vehicle,True,,inf,inf,inf,10.058547501224727,inf,0.7251954678503988,10.780400513619167,-2.5973090030786157,0.2859308096078958,{'ROAD_LINE_BROKEN_SINGLE_WHITE'},True,True,raw_collision_risk:cut_in_danger,True,False,left,12,False,raw_predicted_collision,False,0,0,,inf,inf,inf,inf,False,False,inf,inf,0.008432962903613797,True,False,1,0,,True,False,0.0,11.318534298996664,inf,2.391862134517065,0.0,cut_in_danger,True,raw_collision_risk:cut_in_danger,,False,False,0.0,13.762675975406923,inf,2.418073180481428,False,-94.05175909035422,,,
6000,1007,1,412,412,-0.0122641921043396,0.836411714553833,0.003401160705834627,0.18000000715255737,0.01566535234451294,-0.6564117074012756,True,True,predictive_recovery,left_pass,0.0,4.175953694870169,10,5,,0,0,0,False,False,False,False,False,False,False,False,True,0.9416627323565374,7.0146070996555006,0.0,False,max_steps,vehicle,21.109378814697266,dynamic_vehicle,True,,inf,inf,inf,9.43636324421424,inf,0.7358766201941488,10.864781896462883,-2.595825933552791,0.28589480192688516,{'ROAD_LINE_BROKEN_SINGLE_WHITE'},True,True,raw_collision_risk:cut_in_danger,True,False,left,12,False,raw_predicted_collision,False,0,0,,inf,inf,inf,inf,False,False,inf,inf,0.08535783055452417,True,False,1,0,,True,False,0.0,11.052747961021819,inf,2.402543286860815,0.0,cut_in_danger,True,raw_collision_risk:cut_in_danger,,False,False,0.0,13.884471491979733,inf,2.428544171262859,False,-95.58539412225281,,,
6000,1007,1,413,413,-0.015664637088775635,0.8229937553405762,0.0017938987584784627,0.18000000715255737,0.017458535730838776,-0.6429937481880188,True,True,predictive_recovery,left_pass,0.0,4.2087642597933,10,5,,0,0,0,False,False,False,False,False,False,False,False,True,0.9433532308911913,7.0692926710924535,0.0,False,max_steps,vehicle,21.245704650878906,dynamic_vehicle,True,,inf,inf,inf,9.512151033859237,inf,0.7471986416785238,10.943693816282838,-2.5943765605194797,0.28587094652915446,{'ROAD_LINE_BROKEN_SINGLE_WHITE'},True,True,raw_collision_risk:cut_in_danger,True,False,left,12,False,raw_predicted_collision,False,0,0,,inf,inf,inf,inf,False,False,inf,inf,0.10988127453645244,True,False,1,0,,True,False,0.0,11.125575547800608,inf,2.41386530834519,0.0,cut_in_danger,True,raw_collision_risk:cut_in_danger,,False,False,0.0,14.000923759236455,inf,2.439643421491176,False,-94.83354557514025,,,
6000,1007,1,414,414,-0.10986483097076416,0.8241920471191406,0.0004731508088298142,0.18000000715255737,0.11033798009157181,-0.6441920399665833,True,True,predictive_recovery,left_pass,0.0,4.241575602655472,10,5,,0,0,0,False,False,False,False,False,False,False,False,True,0.9450568847349774,7.123973465811465,0.0,False,max_steps,vehicle,21.346862792968793,dynamic_vehicle,True,,inf,inf,inf,9.47346865126082,inf,0.7587953213660238,10.987432188669699,-2.5930244622664413,0.285861963152569,{'ROAD_LINE_BROKEN_SINGLE_WHITE'},True,True,raw_collision_risk:cut_in_danger,True,False,left,12,False,raw_predicted_collision,False,0,0,,inf,inf,inf,inf,False,False,inf,inf,0.7766666443924343,True,False,1,0,,True,False,0.0,11.140717347823216,inf,2.42546198803269,0.0,cut_in_danger,True,raw_collision_risk:cut_in_danger,,False,False,0.0,14.112110772976747,inf,2.451011925768158,False,-94.44007070654034,,,
6000,1007,1,415,415,-0.10571765899658203,0.8116421699523926,-0.0004562554822769016,0.18000000715255737,0.10526140034198761,-0.6316421627998352,True,True,predictive_recovery,left_pass,0.0,4.274384079486879,10,5,,0,0,0,False,False,False,False,False,False,False,False,True,0.9467737030681533,7.178653871098145,0.0,False,max_steps,vehicle,20.638938903808636,dynamic_vehicle,True,,inf,inf,inf,9.532788208400422,inf,0.7704835537878988,10.2220935440984,-2.5917251339922442,0.3187539807917694,{'ROAD_LINE_BROKEN_SINGLE_WHITE'},True,True,raw_collision_risk:cut_in_danger,True,False,left,12,False,raw_predicted_collision,False,0,0,,inf,inf,inf,inf,False,False,inf,inf,0.7531297975593552,True,False,1,0,,True,False,0.0,11.20176960571682,inf,2.437150220454565,0.0,cut_in_danger,True,raw_collision_risk:cut_in_danger,,False,False,0.0,14.218024961262598,inf,2.462470181394695,False,-93.80833022017094,,,
6000,1007,1,416,416,-0.036992013454437256,0.8147450685501099,-0.04825982823967934,0.30000001192092896,-0.01126781478524208,-0.5147450566291809,True,True,predictive_recovery,right_pass,-2.941858731368351,10.84500667957364,10,4,,0,0,0,False,False,False,False,False,False,False,False,True,0.948505613744814,7.266374976410804,0.0,False,max_steps,vehicle,19.925544738769574,dynamic_vehicle,True,,inf,inf,inf,9.467066058465237,inf,0.7821412686316488,1.575532600064621,-1.2137096293885032,0.08556164812001675,{'ROAD_LINE_BROKEN_SINGLE_WHITE'},True,True,raw_collision_risk:cut_in_danger,True,False,right,12,False,raw_predicted_collision,False,0,0,,inf,inf,inf,inf,False,False,inf,inf,0.2655528605844107,True,False,1,0,,True,False,0.0,11.198093741871215,inf,2.448807935298315,0.0,cut_in_danger,True,raw_collision_risk:cut_in_danger,,False,False,0.24866309705252682,9.467066058465237,inf,0.7821412686316488,True,48.44348940746736,,,
6000,1007,1,417,417,-0.08582949638366699,0.9056575298309326,-0.08582949638366699,0.9056575298309326,0.0,0.0,True,False,inactive_raw_action,raw_action_safe,0,0,0,0,low_risk_verified_passthrough,0,0,0,False,False,False,False,False,False,False,False,True,0.9502687464775519,7.535297891645759,0.0,False,max_steps,,inf,,False,,inf,inf,inf,inf,inf,inf,inf,inf,0.0,{'ROAD_LINE_BROKEN_SINGLE_WHITE'},False,False,,False,False,,0,True,,False,0,0,,inf,inf,inf,inf,False,False,inf,inf,0.6236693047602194,False,False,1,-1,,False,False,0.0,8.034024861365268,inf,2.456315259517065,0.0,,False,low_risk_verified,,False,False,0.0,inf,inf,inf,False,0.0,,,
6000,1007,1,418,418,-0.02693462371826172,0.9625554084777832,-0.02693462371826172,0.9625554084777832,0.0,0.0,True,False,inactive_raw_action,raw_action_safe,0,0,0,0,low_risk_verified_passthrough,0,0,0,False,False,False,False,False,False,False,False,True,0.9520960033095841,7.828426617378428,0.0,False,max_steps,,inf,,False,,inf,inf,inf,inf,inf,inf,inf,inf,0.0,{'ROAD_LINE_BROKEN_SINGLE_WHITE'},False,False,,False,False,,0,True,,False,0,0,,inf,inf,inf,inf,False,False,inf,inf,0.20296041331648937,False,False,1,-1,,False,False,0.0,6.9963650220646,inf,2.450394849360815,0.0,,False,low_risk_verified,,False,False,0.0,inf,inf,inf,False,0.0,,,
6000,1007,1,419,419,-0.002869904041290283,0.9618854522705078,-0.002869904041290283,0.9618854522705078,0.0,0.0,True,False,inactive_raw_action,raw_action_safe,0,0,0,0,low_risk_verified_passthrough,0,0,0,False,False,False,False,False,False,False,False,True,0.9539936084555595,8.120532665278946,0.0,False,max_steps,,inf,,False,,inf,inf,inf,inf,inf,inf,inf,inf,0.0,{'ROAD_LINE_BROKEN_SINGLE_WHITE'},False,False,,False,False,,0,True,,False,0,0,,inf,inf,inf,inf,False,False,inf,inf,0.02246683318615877,False,False,1,-1,,False,False,0.0,6.270435484169065,inf,2.43345759350144,0.0,,False,low_risk_verified,,False,False,0.0,inf,inf,inf,False,0.0,,,
6000,1007,1,420,420,0.08545780181884766,0.9348571300506592,0.08545780181884766,0.9348571300506592,0.0,0.0,True,False,inactive_raw_action,raw_action_safe,0,0,0,0,low_risk_verified_passthrough,0,0,0,False,False,False,False,False,False,False,False,True,0.9559599737309141,8.389683173527676,0.0,False,max_steps,,inf,,False,,inf,inf,inf,inf,inf,inf,inf,inf,0.0,{'ROAD_LINE_BROKEN_SINGLE_WHITE'},False,False,,False,False,,0,True,,False,0,0,,inf,inf,inf,inf,False,False,inf,inf,0.0,False,False,1,-1,,False,False,0.0,33.82605321552448,inf,2.417741040767065,0.0,,False,low_risk_verified,,False,False,0.0,inf,inf,inf,False,0.0,,,
6000,1007,1,421,421,0.08727359771728516,0.9066941738128662,0.08727359771728516,0.9066941738128662,0.0,0.0,True,False,inactive_raw_action,raw_action_safe,0,0,0,0,low_risk_verified_passthrough,0,0,0,False,False,False,False,False,False,False,False,True,0.9579915371957017,8.661052471118103,0.0,False,max_steps,,inf,,False,,inf,inf,inf,inf,inf,inf,inf,inf,0.0,{'ROAD_LINE_BROKEN_SINGLE_WHITE'},False,False,,False,False,,0,True,,False,0,0,,inf,inf,inf,inf,False,False,inf,inf,0.0,False,False,1,-1,,False,False,0.0,35.03326358288612,inf,2.41197321850144,0.0,,False,low_risk_verified,,False,False,0.0,inf,inf,inf,False,0.0,,,
6000,1007,1,422,422,0.07210588455200195,0.9088796377182007,0.07210588455200195,0.9088796377182007,0.0,0.0,True,False,inactive_raw_action,raw_action_safe,0,0,0,0,low_risk_verified_passthrough,0,0,0,False,False,False,False,False,False,False,False,True,0.9600877388542088,8.936951991097109,0.0,False,max_steps,,inf,,False,,inf,inf,inf,inf,inf,inf,inf,inf,0.0,{'ROAD_LINE_BROKEN_SINGLE_WHITE'},False,False,,False,False,,0,True,,False,0,0,,inf,inf,inf,inf,False,False,inf,inf,0.0,False,False,1,-1,,False,False,0.0,36.25084977682189,inf,2.427933911860815,0.0,,False,low_risk_verified,,False,False,0.0,inf,inf,inf,False,0.0,,,
6000,1007,1,423,423,0.017823219299316406,0.8810930252075195,0.017823219299316406,0.8810930252075195,0.0,0.0,True,False,inactive_raw_action,raw_action_safe,0,0,0,0,low_risk_verified_passthrough,0,0,0,False,False,False,False,False,False,False,False,True,0.9622490193588001,9.205243039513848,0.0,False,max_steps,,inf,,False,,inf,inf,inf,inf,inf,inf,inf,inf,0.0,{'ROAD_LINE_BROKEN_SINGLE_WHITE'},False,False,,False,False,,0,True,,False,0,0,,inf,inf,inf,inf,False,False,inf,inf,0.0,False,False,1,-1,,False,False,0.0,37.4818429142264,inf,2.46031306225144,0.0,,False,low_risk_verified,,False,False,0.0,inf,inf,inf,False,0.0,,,
6000,1007,1,424,424,-0.028305351734161377,0.8330848217010498,-0.028305351734161377,0.8330848217010498,0.0,0.0,True,False,inactive_raw_action,raw_action_safe,0,0,0,0,low_risk_verified_passthrough,0,0,0,False,False,False,False,False,False,False,False,True,0.9644741944562458,9.455294812328505,0.0,False,max_steps,,inf,,False,,inf,inf,inf,inf,inf,inf,inf,inf,0.0,{'ROAD_LINE_BROKEN_SINGLE_WHITE'},False,False,,False,False,,0,True,,False,0,0,,inf,inf,inf,inf,False,False,inf,inf,0.26055764203188025,False,False,1,-1,,False,False,0.0,38.72815942984097,inf,2.501542310298315,0.0,,False,low_risk_verified,,False,False,0.0,inf,inf,inf,False,0.0,,,
6000,1007,1,425,425,-0.04661726951599121,0.7279154062271118,-0.04661726951599121,0.7279154062271118,0.0,0.0,True,False,inactive_raw_action,raw_action_safe,0,0,0,0,low_risk_verified_passthrough,0,0,0,False,False,False,False,False,False,False,False,True,0.966758811721613,9.673748557799449,0.0,False,max_steps,,inf,,False,,inf,inf,inf,inf,inf,inf,inf,inf,0.0,{'ROAD_LINE_BROKEN_SINGLE_WHITE'},False,False,,False,False,,0,True,,False,0,0,,inf,inf,inf,inf,False,False,inf,inf,0.44078002661947147,False,False,1,-1,,False,False,0.0,39.99435190412293,inf,2.539384107173315,0.0,,False,low_risk_verified,,False,False,0.0,inf,inf,inf,False,0.0,,,
6000,1007,1,426,426,-0.05024302005767822,0.6457803249359131,-0.05024302005767822,0.6457803249359131,0.0,0.0,True,False,inactive_raw_action,raw_action_safe,0,0,0,0,low_risk_verified_passthrough,0,0,0,False,False,False,False,False,False,False,False,True,0.9690956371119175,9.868498686221352,0.0,False,max_steps,,inf,,False,,inf,inf,inf,inf,inf,inf,inf,inf,0.0,{'ROAD_LINE_BROKEN_SINGLE_WHITE'},False,False,,False,False,,0,True,,False,0,0,,inf,inf,inf,inf,False,False,inf,inf,0.4860383428224535,False,False,1,-1,,False,False,0.0,41.28025676224807,inf,2.56694148022019,0.0,,False,low_risk_verified,,False,False,0.0,inf,inf,inf,False,0.0,,,
6000,1007,1,427,427,-0.049146413803100586,0.5917012691497803,-0.049146413803100586,0.5917012691497803,0.0,0.0,True,False,inactive_raw_action,raw_action_safe,0,0,0,0,low_risk_verified_passthrough,0,0,0,False,False,False,False,False,False,False,False,True,0.9714789696871933,10.047414811044405,0.0,False,max_steps,,inf,,False,,inf,inf,inf,inf,inf,inf,inf,inf,0.0,{'ROAD_LINE_BROKEN_SINGLE_WHITE'},False,False,,False,False,,0,True,,False,0,0,,inf,inf,inf,inf,False,False,inf,inf,0.4850013200483891,False,False,1,-1,,False,False,0.0,42.585947371086846,inf,2.582658032954565,0.0,,False,low_risk_verified,,False,False,0.0,inf,inf,inf,False,0.0,,,
6000,1007,1,428,428,-0.03928017616271973,0.5108752250671387,-0.03928017616271973,0.5108752250671387,0.0,0.0,True,False,inactive_raw_action,raw_action_safe,0,0,0,0,low_risk_verified_passthrough,0,0,0,False,False,False,False,False,False,False,False,True,0.9739040999752948,10.202639030696995,0.0,False,max_steps,,inf,,False,,inf,inf,inf,inf,inf,inf,inf,inf,0.0,{'ROAD_LINE_BROKEN_SINGLE_WHITE'},False,False,,False,False,,0,True,,False,0,0,,inf,inf,inf,inf,False,False,inf,inf,0.39466422375774357,False,False,1,-1,,False,False,0.0,43.88712447086798,inf,2.586320142329565,0.0,,False,low_risk_verified,,False,False,0.0,inf,inf,inf,False,0.0,,,
6000,1007,1,429,429,-0.014868378639221191,0.3998521566390991,-0.014868378639221191,0.3998521566390991,0.0,0.0,True,False,inactive_raw_action,raw_action_safe,0,0,0,0,low_risk_verified_passthrough,0,0,0,False,False,False,False,False,False,False,False,True,0.976364693598482,10.32452537446011,0.0,False,max_steps,,inf,,False,,inf,inf,inf,inf,inf,inf,inf,inf,0.0,{'ROAD_LINE_BROKEN_SINGLE_WHITE'},False,False,,False,False,,0,True,,False,0,0,,inf,inf,inf,inf,False,False,inf,inf,0.1516967002276996,False,False,1,-1,,False,False,0.0,45.24328240383393,inf,2.578446607173315,0.0,,False,low_risk_verified,,False,False,0.0,inf,inf,inf,False,0.0,,,
6000,1007,1,430,430,0.017245769500732422,0.26891231536865234,0.017245769500732422,0.26891231536865234,0.0,0.0,True,False,inactive_raw_action,raw_action_safe,0,0,0,0,low_risk_verified_passthrough,0,0,0,False,False,False,False,False,False,False,False,True,0.978852497505178,10.40490743479629,0.0,False,max_steps,,inf,,False,,inf,inf,inf,inf,inf,inf,inf,inf,0.0,{'ROAD_LINE_BROKEN_SINGLE_WHITE'},False,False,,False,False,,0,True,,False,0,0,,inf,inf,inf,inf,False,False,inf,inf,0.0,False,False,1,-1,,False,False,0.0,46.5689168165243,inf,2.563004712642065,0.0,,False,low_risk_verified,,False,False,0.0,inf,inf,inf,False,0.0,,,
6000,1007,1,431,431,0.022423148155212402,0.07282114028930664,0.022423148155212402,0.07282114028930664,0.0,0.0,True,False,inactive_raw_action,raw_action_safe,0,0,0,0,low_risk_verified_passthrough,0,0,0,False,False,False,False,False,False,False,False,True,0.9813568442360584,10.426420521734007,0.0,False,max_steps,,inf,,False,,inf,inf,inf,inf,inf,inf,inf,inf,0.0,{'ROAD_LINE_BROKEN_SINGLE_WHITE'},False,False,,False,False,,0,True,,False,0,0,,inf,inf,inf,inf,False,False,inf,inf,0.0,False,False,1,-1,,False,False,0.0,47.85499114404406,inf,2.54789851147019,0.0,,False,low_risk_verified,,False,False,0.0,inf,inf,inf,False,0.0,,,
6000,1007,1,432,432,0.018564462661743164,-0.06350737810134888,0.018564462661743164,-0.06350737810134888,0.0,0.0,True,False,inactive_raw_action,raw_action_safe,0,0,0,0,low_risk_verified_passthrough,0,0,0,False,False,False,False,False,False,False,False,True,0.9838547556063654,10.235333954304954,0.0,False,max_steps,,inf,,False,,inf,inf,inf,inf,inf,inf,inf,inf,0.0,{'ROAD_LINE_BROKEN_SINGLE_WHITE'},False,False,,False,False,,0,True,,False,0,0,,inf,inf,inf,inf,False,False,inf,inf,0.0,False,False,1,-1,,False,False,0.0,49.107303177592236,inf,2.539201001704565,0.0,,False,low_risk_verified,,False,False,0.0,inf,inf,inf,False,0.0,,,
6000,1007,1,433,433,0.013543009757995605,-0.09733045101165771,0.013543009757995605,-0.09733045101165771,0.0,0.0,True,False,inactive_raw_action,raw_action_safe,0,0,0,0,low_risk_verified_passthrough,0,0,0,False,False,False,False,False,False,False,False,True,0.98630288243974,9.942632411244336,0.0,False,max_steps,,inf,,False,,inf,inf,inf,inf,inf,inf,inf,inf,0.0,{'ROAD_LINE_BROKEN_SINGLE_WHITE'},False,False,,False,False,,0,True,,False,0,0,,inf,inf,inf,inf,False,False,inf,inf,0.0,False,False,1,-1,,False,False,0.0,50.37446633956766,inf,2.536271314204565,0.0,,False,low_risk_verified,,False,False,0.0,inf,inf,inf,False,0.0,,,
6000,1007,1,434,434,0.0012875795364379883,-0.09792447090148926,0.0012875795364379883,-0.09792447090148926,0.0,0.0,True,False,inactive_raw_action,raw_action_safe,0,0,0,0,low_risk_verified_passthrough,0,0,0,False,False,False,False,False,False,False,False,True,0.9886814229205517,9.648096881447144,0.0,True,arrive_dest,,inf,,False,,inf,inf,inf,inf,inf,inf,inf,inf,0.0,{'ROAD_LINE_BROKEN_SINGLE_WHITE'},False,False,,False,False,,0,True,,False,0,0,,inf,inf,inf,inf,False,False,inf,inf,0.0,False,False,1,-1,,False,False,0.0,51.62207167658204,inf,2.537492017329565,0.0,,False,low_risk_verified,,False,False,0.0,inf,inf,inf,False,0.0,,,
