ckpt_index,env_id,episode,step,global_step,raw_action_steer,raw_action_throttle,safe_action_steer,safe_action_throttle,action_delta_steer,action_delta_throttle,filter_enabled,filter_intervened,recovery_mode,selected_candidate_type,selected_lateral_target,selected_speed_target,num_candidates,num_hard_safe_candidates,fallback_reason,cost,step_cost,episode_cost_so_far,crash,crash_vehicle,crash_object,crash_sidewalk,crash_building,crash_human,out_of_road,out_of_route,on_lane,route_completion,velocity,reward,done,done_reason,front_blocking_object_type,front_blocking_object_distance,front_blocking_object_reason,front_blocking_is_dynamic_vehicle,nearest_object_type,nearest_object_distance,nearest_traffic_object_distance,front_traffic_object_distance,min_vehicle_margin,min_static_margin,min_boundary_margin,rss_longitudinal_margin,rss_lateral_margin,rss_risk_score,contact_results,actual_action_modified,hard_risk,hard_risk_reason,hard_recovery_moving_bypass,hard_recovery_entered_safety_hold,hard_bypass_side,hard_bypass_remaining,low_risk_gate_passed,low_risk_gate_rejected_reason,safety_hold_active,safety_hold_remaining,recent_contact_steps,nearest_static_object_type,nearest_static_object_distance,nearest_static_forward_distance,nearest_static_lateral_gap,front_static_blocking_distance,static_distance_immediate_risk,deadlock_escape_candidate,ttc_vehicle_min,ttc_static_min,boundary_closing_rate,pre_contact_intervention,post_contact_intervention,first_risk_detected_step,risk_to_intervention_delay,intervention_to_first_cost_delay,raw_predicted_collision,raw_predicted_out_of_road,raw_predicted_cost_risk,raw_min_vehicle_margin,raw_min_static_margin,raw_min_boundary_margin,raw_deadlock_risk,raw_failure_reason,allow_intervention,intervention_reason,intervention_rejected_reason,candidate_predicted_collision,candidate_predicted_out_of_road,candidate_predicted_cost_risk,candidate_min_vehicle_margin,candidate_min_static_margin,candidate_min_boundary_margin,vehicle_margin_worse,intervention_score_gain,exception_type,exception_message,exception_traceback
6000,1007,1,1,1,0.3136148452758789,0.9896540641784668,0.2855303883552551,0.30000001192092896,-0.02808445692062378,-0.6896540522575378,True,True,pre_contact_emergency,pre_contact_boundary_recovery,0,0,0,0,boundary_margin_low,0,0,0,False,False,False,False,False,False,False,False,True,0.012037967357630163,0.09067976015612628,0.0,False,max_steps,,inf,,False,,inf,inf,inf,inf,inf,inf,inf,inf,0.0,set(),True,True,boundary_margin,False,False,,0,False,,False,0,0,,inf,inf,inf,inf,False,False,inf,inf,0.0,True,False,1,0,,False,False,4.656,inf,inf,0.22399999999999998,0.0,,True,boundary_margin_low,,False,False,0.0,inf,inf,inf,False,0.0,,,
6000,1007,1,2,2,0.32694029808044434,0.9922659397125244,0.2948582172393799,0.30000001192092896,-0.03208208084106445,-0.6922659277915955,True,True,pre_contact_emergency,pre_contact_boundary_recovery,0,0,0,0,boundary_margin_low,0,0,0,False,False,False,False,False,False,False,False,True,0.012064057649712415,0.1812190064185801,0.0,False,max_steps,,inf,,False,,inf,inf,inf,inf,inf,inf,inf,inf,0.0,set(),True,True,boundary_margin,False,False,,0,False,,False,0,0,,inf,inf,inf,inf,False,False,inf,inf,0.0,True,False,1,0,,False,False,4.654880996019579,inf,inf,0.2241865006634034,0.0,,True,boundary_margin_low,,False,False,0.0,inf,inf,inf,False,0.0,,,
6000,1007,1,3,3,0.3276252746582031,0.9920477867126465,0.2953377068042755,0.30000001192092896,-0.03228756785392761,-0.6920477747917175,True,True,pre_contact_emergency,pre_contact_boundary_recovery,0,0,0,0,boundary_margin_low,0,0,0,False,False,False,False,False,False,False,False,True,0.012111776628686217,0.2711860319295586,0.0,False,max_steps,,inf,,False,,inf,inf,inf,inf,inf,inf,inf,inf,0.0,set(),True,True,boundary_margin,False,False,,0,False,,False,0,0,,inf,inf,inf,inf,False,False,inf,inf,0.0,True,False,1,0,,False,False,4.649446081643924,inf,inf,0.22509231972601262,0.0,,True,boundary_margin_low,,False,False,0.0,inf,inf,inf,False,0.0,,,
6000,1007,1,4,4,0.3258793354034424,0.9918429851531982,0.2941155433654785,0.30000001192092896,-0.03176379203796387,-0.6918429732322693,True,True,pre_contact_emergency,pre_contact_boundary_recovery,0,0,0,0,boundary_margin_low,0,0,0,False,False,False,False,False,False,False,False,True,0.012180861509677942,0.3610072964305191,0.0,False,max_steps,,inf,,False,,inf,inf,inf,inf,inf,inf,inf,inf,0.0,set(),True,True,boundary_margin,False,False,,0,False,,False,0,0,,inf,inf,inf,inf,False,False,inf,inf,0.0,True,False,1,0,,False,False,4.637733842287212,inf,inf,0.22704435961879788,0.0,,True,boundary_margin_low,,False,False,0.0,inf,inf,inf,False,0.0,,,
6000,1007,1,5,5,0.3219670057296753,0.9916739463806152,0.29137691855430603,0.30000001192092896,-0.030590087175369263,-0.6916739344596863,True,True,pre_contact_emergency,pre_contact_boundary_recovery,0,0,0,0,boundary_margin_low,0,0,0,False,False,False,False,False,False,False,False,True,0.012271326063073977,0.4511600697629002,0.0,False,max_steps,,inf,,False,,inf,inf,inf,inf,inf,inf,inf,inf,0.0,set(),True,True,boundary_margin,False,False,,0,False,,False,0,0,,inf,inf,inf,inf,False,False,inf,inf,0.0,True,False,1,0,,False,False,4.617024334654212,inf,inf,0.23049594422429798,0.0,,True,boundary_margin_low,,False,False,0.0,inf,inf,inf,False,0.0,,,
6000,1007,1,6,6,0.3162827491760254,0.9914891719818115,0.28739792108535767,0.30000001192092896,-0.028884828090667725,-0.6914891600608826,True,True,pre_contact_emergency,pre_contact_boundary_recovery,0,0,0,0,boundary_margin_low,0,0,0,False,False,False,False,False,False,False,False,True,0.012383318320528029,0.5414839436364932,0.0,False,max_steps,,inf,,False,,inf,inf,inf,inf,inf,inf,inf,inf,0.0,set(),True,True,boundary_margin,False,False,,0,False,,False,0,0,,inf,inf,inf,inf,False,False,inf,inf,0.0,True,False,1,0,,False,False,4.58787379091978,inf,inf,0.23535436818003652,0.0,,True,boundary_margin_low,,False,False,0.0,inf,inf,inf,False,0.0,,,
6000,1007,1,7,7,0.30944299697875977,0.9912519454956055,0.28261008858680725,0.30000001192092896,-0.026832908391952515,-0.6912519335746765,True,True,pre_contact_emergency,pre_contact_boundary_recovery,0,0,0,0,boundary_margin_low,0,0,0,False,False,False,False,False,False,False,False,True,0.012516875003070473,0.631842558153012,0.0,False,max_steps,,inf,,False,,inf,inf,inf,inf,inf,inf,inf,inf,0.0,set(),True,True,boundary_margin,False,False,,0,False,,False,0,0,,inf,inf,inf,inf,False,False,inf,inf,0.0,True,False,1,0,,False,False,4.551765345543623,inf,inf,0.24137244240939615,0.0,,True,boundary_margin_low,,False,False,0.0,inf,inf,inf,False,0.0,,,
6000,1007,1,8,8,0.3014882802963257,0.9909777641296387,0.27704179286956787,0.30000001192092896,-0.024446487426757812,-0.6909777522087097,True,True,pre_contact_emergency,pre_contact_boundary_recovery,0,0,0,0,boundary_margin_low,0,0,0,False,False,False,False,False,False,False,False,True,0.012671972012525125,0.7222275159604377,0.0,False,max_steps,,inf,,False,,inf,inf,inf,inf,inf,inf,inf,inf,0.0,set(),True,True,boundary_margin,False,False,,0,False,,False,0,0,,inf,inf,inf,inf,False,False,inf,inf,0.0,True,False,1,0,,False,False,4.508802816778421,inf,inf,0.24853286387026308,0.0,,True,boundary_margin_low,,False,False,0.0,inf,inf,inf,False,0.0,,,
6000,1007,1,9,9,0.2923380136489868,0.9906768798828125,0.2706366181373596,0.30000001192092896,-0.021701395511627197,-0.6906768679618835,True,True,pre_contact_emergency,pre_contact_boundary_recovery,0,0,0,0,boundary_margin_low,0,0,0,False,False,False,False,False,False,False,False,True,0.012848586398248,0.8126597549451651,0.0,False,max_steps,,inf,,False,,inf,inf,inf,inf,inf,inf,inf,inf,0.0,set(),True,True,boundary_margin,False,False,,0,False,,False,0,0,,inf,inf,inf,inf,False,False,inf,inf,0.0,True,False,1,0,,False,False,4.458381947636604,inf,inf,0.2569363420605659,0.0,,True,boundary_margin_low,,False,False,0.0,inf,inf,inf,False,0.0,,,
6000,1007,1,10,10,0.2819807529449463,0.9903476238250732,0.2633865177631378,0.30000001192092896,-0.01859423518180847,-0.6903476119041443,True,True,pre_contact_emergency,pre_contact_boundary_recovery,0,0,0,0,boundary_margin_low,0,0,0,False,False,False,False,False,False,False,False,True,0.01304669750465951,0.903168527744795,0.0,False,max_steps,,inf,,False,,inf,inf,inf,inf,inf,inf,inf,inf,0.0,set(),True,True,boundary_margin,False,False,,0,False,,False,0,0,,inf,inf,inf,inf,False,False,inf,inf,0.0,True,False,1,0,,False,False,4.399882678449154,inf,inf,0.2666862202584743,0.0,,True,boundary_margin_low,,False,False,0.0,inf,inf,inf,False,0.0,,,
6000,1007,1,11,11,0.2704874277114868,0.9899846315383911,0.25534120202064514,0.30000001192092896,-0.015146225690841675,-0.6899846196174622,True,True,pre_contact_emergency,pre_contact_boundary_recovery,0,0,0,0,boundary_margin_low,0,0,0,False,False,False,False,False,False,False,False,True,0.01326630074163086,0.9937765977451231,0.0,False,max_steps,,inf,,False,,inf,inf,inf,inf,inf,inf,inf,inf,0.0,set(),True,True,boundary_margin,False,False,,0,False,,False,0,0,,inf,inf,inf,inf,False,False,inf,inf,0.0,True,False,1,0,,False,False,4.332749154925346,inf,inf,0.2778751408457756,0.0,,True,boundary_margin_low,,False,False,0.0,inf,inf,inf,False,0.0,,,
6000,1007,1,12,12,0.25806117057800293,0.9895821809768677,0.2466428130865097,0.30000001192092896,-0.011418357491493225,-0.6895821690559387,True,True,pre_contact_emergency,pre_contact_boundary_recovery,0,0,0,0,boundary_margin_low,0,0,0,False,False,False,False,False,False,False,False,True,0.013507393814097652,1.084482518672874,0.0,False,max_steps,,inf,,False,,inf,inf,inf,inf,inf,inf,inf,inf,0.0,set(),True,True,boundary_margin,False,False,,0,False,,False,0,0,,inf,inf,inf,inf,False,False,inf,inf,0.0,True,False,1,0,,False,False,4.256529715418815,inf,inf,0.2905783807635307,0.0,,True,boundary_margin_low,,False,False,0.0,inf,inf,inf,False,0.0,,,
6000,1007,1,13,13,0.24479389190673828,0.9891320466995239,0.23735572397708893,0.30000001192092896,-0.007438167929649353,-0.689132034778595,True,True,pre_contact_emergency,pre_contact_boundary_recovery,0,0,0,0,boundary_margin_low,0,0,0,False,False,False,False,False,False,False,False,True,0.013769974426995483,1.175282710178234,0.0,False,max_steps,,inf,,False,,inf,inf,inf,inf,inf,inf,inf,inf,0.0,set(),True,True,boundary_margin,False,False,,0,False,,False,0,0,,inf,inf,inf,inf,False,False,inf,inf,0.0,True,False,1,0,,False,False,4.1708334503173825,inf,inf,0.3048610916137695,0.0,,True,boundary_margin_low,,False,False,0.0,inf,inf,inf,False,0.0,,,
6000,1007,1,14,14,0.23115968704223633,0.9886239767074585,0.2278117835521698,0.30000001192092896,-0.0033479034900665283,-0.6886239647865295,True,True,pre_contact_emergency,pre_contact_boundary_recovery,0,0,0,0,boundary_margin_low,0,0,0,False,False,False,False,False,False,False,False,True,0.014054029957470167,1.2661634193561575,0.0,False,max_steps,,inf,,False,,inf,inf,inf,inf,inf,inf,inf,inf,0.0,set(),True,True,boundary_margin,False,False,,0,False,,False,0,0,,inf,inf,inf,inf,False,False,inf,inf,0.0,True,False,1,0,,False,False,4.075214934110641,inf,inf,0.32079751098155973,0.0,,True,boundary_margin_low,,False,False,0.0,inf,inf,inf,False,0.0,,,
6000,1007,1,15,15,0.2167987823486328,0.9880608320236206,0.2177591472864151,0.30000001192092896,0.0009603649377822876,-0.6880608201026917,True,True,pre_contact_emergency,pre_contact_boundary_recovery,0,0,0,0,boundary_margin_low,0,0,0,False,False,False,False,False,False,False,False,True,0.014359543192538711,1.3571298799824847,0.0,False,max_steps,,inf,,False,,inf,inf,inf,inf,inf,inf,inf,inf,0.0,set(),True,True,boundary_margin,False,False,,0,False,,False,0,0,,inf,inf,inf,inf,False,False,inf,inf,0.0,True,False,1,0,,False,False,3.9691582438945763,inf,inf,0.3384736260175705,0.0,,True,boundary_margin_low,,False,False,0.0,inf,inf,inf,False,0.0,,,
6000,1007,1,16,16,0.20174479484558105,0.9874398708343506,0.20174479484558105,0.9874398708343506,0.0,0.0,True,False,inactive_raw_action,raw_action,0,0,10,6,raw_action_safe_or_candidate_not_better,0,0,0,False,False,False,False,False,False,False,False,True,0.014698449614605563,1.6564517965086356,0.0,False,max_steps,,inf,,False,,inf,inf,inf,inf,inf,0.3579805275201797,inf,inf,0.0,set(),False,False,,False,False,,0,False,boundary_margin_uncertain_or_low,False,0,0,,inf,inf,inf,inf,False,False,inf,inf,0.0,False,False,1,0,,False,False,3.8521168348789208,inf,inf,0.3579805275201797,0.0,,False,raw_action_safe_or_candidate_not_better,boundary_margin_insufficient,False,False,1.242438524049742,inf,inf,0.37765645344610577,False,-36.19555844838855,,,
6000,1007,1,17,17,0.14366114139556885,0.9936394691467285,0.14366114139556885,0.9936394691467285,0.0,0.0,True,False,inactive_raw_action,raw_action,0,0,10,7,raw_action_safe_or_candidate_not_better,0,0,0,False,False,False,False,False,False,False,False,True,0.015106945831831812,1.9590434857234862,0.0,False,max_steps,,inf,,False,,inf,inf,inf,inf,inf,0.3800259163379669,inf,inf,0.0,set(),False,False,,False,False,,0,False,boundary_margin_uncertain_or_low,False,0,0,,inf,inf,inf,inf,False,False,inf,inf,0.0,False,False,1,0,,False,False,3.7198445019721977,inf,inf,0.3800259163379669,0.0,,False,raw_action_safe_or_candidate_not_better,boundary_margin_insufficient,False,False,1.1672139176527665,inf,inf,0.39970184226389294,False,-34.73719988194668,,,
6000,1007,1,18,18,0.12391448020935059,0.9928553104400635,0.12391448020935059,0.9928553104400635,0.0,0.0,True,False,inactive_raw_action,raw_action,0,0,10,7,raw_action_safe_or_candidate_not_better,0,0,0,False,False,False,False,False,False,False,False,True,0.015587883461732604,2.2610233503377564,0.0,False,max_steps,,inf,,False,,inf,inf,inf,inf,inf,0.4059894909858702,inf,inf,0.0,set(),False,False,,False,False,,0,False,boundary_margin_uncertain_or_low,False,0,0,,inf,inf,inf,inf,False,False,inf,inf,0.0,False,False,1,0,,False,False,3.564063054084778,inf,inf,0.4059894909858702,0.0,,False,raw_action_safe_or_candidate_not_better,boundary_margin_insufficient,False,False,1.0893231937090562,inf,inf,0.42566541691179627,False,-33.09247523169623,,,
6000,1007,1,19,19,0.10780417919158936,0.9916549921035767,0.10780417919158936,0.9916549921035767,0.0,0.0,True,False,inactive_raw_action,raw_action,0,0,10,7,raw_action_safe_or_candidate_not_better,0,0,0,False,False,False,False,False,False,False,False,True,0.01614081381921803,2.562507667627335,0.0,False,max_steps,,inf,,False,,inf,inf,inf,inf,inf,0.4350684514045714,inf,inf,0.0,set(),False,False,,False,False,,0,False,boundary_margin_uncertain_or_low,False,0,0,,inf,inf,inf,inf,False,False,inf,inf,0.0,False,False,1,0,,False,False,3.389589291572571,inf,inf,0.4350684514045714,0.0,,False,raw_action_safe_or_candidate_not_better,boundary_margin_insufficient,False,False,1.0020863124529527,inf,inf,0.45474437733049744,False,-31.41243860952723,,,
6000,1007,1,20,20,0.09208989143371582,0.990304708480835,0.09208989143371582,0.990304708480835,0.0,0.0,True,False,inactive_raw_action,raw_action,0,0,10,6,raw_action_safe_or_candidate_not_better,0,0,0,False,False,False,False,False,False,False,False,True,0.016765443136045083,2.8636005417234216,0.0,False,max_steps,,inf,,False,,inf,inf,inf,inf,inf,0.468199365377426,inf,inf,0.0,set(),False,False,,False,False,,0,False,boundary_margin_uncertain_or_low,False,0,0,,inf,inf,inf,inf,False,False,inf,inf,0.0,False,False,1,0,,False,False,3.1908038077354433,inf,inf,0.468199365377426,0.0,,False,raw_action_safe_or_candidate_not_better,boundary_margin_insufficient,False,False,0.9026935705343886,inf,inf,0.48787529130335205,False,-29.672838336128763,,,
6000,1007,1,21,21,0.07678532600402832,0.9886949062347412,0.07678532600402832,0.9886949062347412,0.0,0.0,True,False,inactive_raw_action,raw_action,0,0,10,7,raw_action_safe_or_candidate_not_better,0,0,0,False,False,False,False,False,False,False,False,True,0.017461608462641467,3.164235791465157,0.0,False,max_steps,,inf,,False,,inf,inf,inf,inf,inf,0.5058910181522368,inf,inf,0.0,set(),False,False,,False,False,,0,False,boundary_margin_uncertain_or_low,False,0,0,,inf,inf,inf,inf,False,False,inf,inf,0.0,False,False,1,0,,False,False,2.964653891086579,inf,inf,0.5058910181522368,0.0,,False,raw_action_safe_or_candidate_not_better,boundary_margin_insufficient,False,False,0.7925641212860746,inf,inf,0.5255669440781628,False,-27.87593769943646,,,
6000,1007,1,22,22,0.06155204772949219,0.9866997003555298,0.06155204772949219,0.9866997003555298,0.0,0.0,True,False,inactive_raw_action,raw_action,0,0,10,7,raw_action_safe_or_candidate_not_better,0,0,0,False,False,False,False,False,False,False,False,True,0.01822918930812626,3.4642805605188163,0.0,False,max_steps,,inf,,False,,inf,inf,inf,inf,inf,0.5483330121040343,inf,inf,0.0,set(),False,False,,False,False,,0,False,boundary_margin_uncertain_or_low,False,0,0,,inf,inf,inf,inf,False,False,inf,inf,0.0,False,False,1,0,,False,False,2.710001927375794,inf,inf,0.5483330121040343,0.0,,False,raw_action_safe_or_candidate_not_better,boundary_margin_insufficient,False,False,0.6864591364065808,inf,inf,0.5680089380299603,False,-26.03715031186584,,,
6000,1007,1,23,23,0.04648458957672119,0.984255313873291,0.04648458957672119,0.984255313873291,0.0,0.0,True,False,inactive_raw_action,raw_action,0,0,10,6,raw_action_safe_or_candidate_not_better,0,0,0,False,False,False,False,False,False,False,False,True,0.01906808583719813,3.7635608594311387,0.0,False,max_steps,,inf,,False,,inf,inf,inf,inf,inf,0.595520698070526,inf,inf,0.0,set(),False,False,,False,False,,0,False,boundary_margin_uncertain_or_low,False,0,0,,inf,inf,inf,inf,False,False,inf,inf,0.0,False,False,1,0,,False,False,2.426875811576844,inf,inf,0.595520698070526,0.0,,False,raw_action_safe_or_candidate_not_better,candidate_not_better,False,False,0.5684899214903516,inf,inf,0.615196623996452,False,-24.174282485932945,,,
6000,1007,1,24,24,0.0318911075592041,0.9812464714050293,0.0318911075592041,0.9812464714050293,0.0,0.0,True,False,inactive_raw_action,raw_action,0,0,10,6,raw_action_safe_or_candidate_not_better,0,0,0,False,False,False,False,False,False,False,False,True,0.019978193624426942,4.06186754725618,0.0,False,max_steps,,inf,,False,,inf,inf,inf,inf,inf,0.6473029484748839,inf,inf,0.0,{'ROAD_LINE_BROKEN_SINGLE_WHITE'},False,False,,False,False,,0,False,boundary_margin_uncertain_or_low,False,0,0,,inf,inf,inf,inf,False,False,inf,inf,0.0,False,False,1,0,,False,False,2.116182309150697,inf,inf,0.6473029484748839,0.0,,False,raw_action_safe_or_candidate_not_better,candidate_not_better,False,False,0.45076447342060244,inf,inf,0.6669788744008099,False,-22.302149834813036,,,
6000,1007,1,25,25,0.017738819122314453,0.977510929107666,0.017738819122314453,0.977510929107666,0.0,0.0,True,False,inactive_raw_action,raw_action,0,0,10,6,raw_action_safe_or_candidate_not_better,0,0,0,False,False,False,False,False,False,False,False,True,0.020959400211657167,4.358947346030692,0.0,False,max_steps,,inf,,False,,inf,inf,inf,inf,inf,0.7034190227985381,inf,inf,0.0,{'ROAD_LINE_BROKEN_SINGLE_WHITE'},False,False,,False,False,,0,False,boundary_margin_uncertain_or_low,False,0,0,,inf,inf,inf,inf,False,False,inf,inf,0.0,False,False,1,0,,False,False,1.779485863208772,inf,inf,0.7034190227985381,0.0,,False,raw_action_safe_or_candidate_not_better,candidate_not_better,False,False,0.3385323247732941,inf,inf,0.7230949487244641,False,-20.431091867599438,,,
6000,1007,1,26,26,0.0035272836685180664,0.9728531837463379,0.0035272836685180664,0.9728531837463379,0.0,0.0,True,False,inactive_raw_action,raw_action,0,0,10,6,raw_action_safe_or_candidate_not_better,0,0,0,False,False,False,False,False,False,False,False,True,0.022011593140733282,4.6544829495913955,0.0,False,max_steps,,inf,,False,,inf,inf,inf,inf,inf,0.7634880771636962,inf,inf,0.0,{'ROAD_LINE_BROKEN_SINGLE_WHITE'},False,False,,False,False,,0,False,object_list_uncertain,False,0,0,,inf,inf,inf,inf,False,False,inf,inf,0.0,False,False,1,0,,False,False,1.4190715370178235,inf,inf,0.7634880771636962,0.0,,False,raw_action_safe_or_candidate_not_better,candidate_not_better,False,False,0.22976788425445577,inf,inf,0.7831640030896222,False,-18.568390416480327,,,
6000,1007,1,27,27,-0.010268867015838623,0.9670708179473877,-0.010268867015838623,0.9670708179473877,0.0,0.0,True,False,inactive_raw_action,raw_action,0,0,10,6,raw_action_safe_or_candidate_not_better,0,0,0,False,False,False,False,False,False,False,False,True,0.02313464618311337,4.948096453700443,0.0,False,max_steps,,inf,,False,,inf,inf,inf,inf,inf,0.8269309630393981,inf,inf,0.0,{'ROAD_LINE_BROKEN_SINGLE_WHITE'},False,False,,False,False,,0,False,object_list_uncertain,False,0,0,,inf,inf,inf,inf,False,False,inf,inf,0.047796266436842344,False,False,1,0,,False,False,1.0384142217636119,inf,inf,0.8269309630393981,0.0,,False,raw_action_safe_or_candidate_not_better,candidate_not_better,False,False,0.1346035554409029,inf,inf,0.8466068889653241,False,-16.72196233964098,,,
6000,1007,1,28,28,-0.02266901731491089,0.959794282913208,-0.02266901731491089,0.959794282913208,0.0,0.0,True,False,inactive_raw_action,raw_action,0,0,10,6,raw_action_safe_or_candidate_not_better,0,0,0,False,False,False,False,False,False,False,False,True,0.02432837114351675,5.239332136025697,0.0,False,max_steps,,inf,,False,,inf,inf,inf,inf,inf,0.8929378619194029,inf,inf,0.0,{'ROAD_LINE_BROKEN_SINGLE_WHITE'},False,False,,False,False,,0,False,object_list_uncertain,False,0,0,,inf,inf,inf,inf,False,False,inf,inf,0.1121684841847845,False,False,1,0,,False,False,0.6423728284835823,inf,inf,0.8929378619194029,0.0,,False,raw_action_safe_or_candidate_not_better,candidate_not_better,False,False,0.06018713808059706,inf,inf,0.912613787845329,False,-14.89976084597469,,,
6000,1007,1,29,29,0.041635751724243164,0.9908857345581055,0.041635751724243164,0.9908857345581055,0.0,0.0,True,False,inactive_raw_action,raw_action,0,0,10,7,raw_action_safe_or_candidate_not_better,0,0,0,False,False,False,False,False,False,False,False,True,0.02559136344253153,5.5373561118746135,0.0,False,max_steps,,inf,,False,,inf,inf,inf,inf,inf,0.9605646362304686,inf,inf,0.0,{'ROAD_LINE_BROKEN_SINGLE_WHITE'},False,False,,False,False,,0,False,object_list_uncertain,False,0,0,,inf,inf,inf,inf,False,False,inf,inf,0.0,False,False,1,0,,False,False,0.2366121826171883,inf,inf,0.9605646362304686,0.0,,False,raw_action_safe_or_candidate_not_better,candidate_not_better,False,False,0.009879718921802672,inf,inf,0.9802405621563947,False,-13.569679265598438,,,
6000,1007,1,30,30,0.038622140884399414,0.989478588104248,0.038622140884399414,0.989478588104248,0.0,0.0,True,False,inactive_raw_action,raw_action,0,0,10,7,raw_action_safe_or_candidate_not_better,0,0,0,False,False,False,False,False,False,False,False,True,0.026922858823713015,5.837472177838064,0.0,False,max_steps,,inf,,False,,inf,inf,inf,inf,inf,1.033590935707092,inf,inf,0.0,{'ROAD_LINE_BROKEN_SINGLE_WHITE'},False,False,,False,False,,0,False,object_list_uncertain,False,0,0,,inf,inf,inf,inf,False,False,inf,inf,0.0,False,False,1,0,,False,False,0.0,inf,inf,1.033590935707092,0.0,,False,raw_action_safe_or_candidate_not_better,candidate_not_better,False,False,0.0,inf,inf,1.053266861633018,False,-13.615915559423236,,,
6000,1007,1,31,31,0.019469499588012695,0.9886386394500732,0.019469499588012695,0.9886386394500732,0.0,0.0,True,False,inactive_raw_action,raw_action,0,0,10,7,raw_action_safe_or_candidate_not_better,0,0,0,False,False,False,False,False,False,False,False,True,0.028324688748451215,6.137981746281046,0.0,False,max_steps,,inf,,False,,inf,inf,inf,inf,inf,1.1183548202514646,inf,inf,0.0,{'ROAD_LINE_BROKEN_SINGLE_WHITE'},False,False,,False,False,,0,False,object_list_uncertain,False,0,0,,inf,inf,inf,inf,False,False,inf,inf,0.0,False,False,1,0,,False,False,0.0,inf,inf,1.1183548202514646,0.0,,False,raw_action_safe_or_candidate_not_better,candidate_not_better,False,False,0.0,inf,inf,1.1380307461773906,False,-13.038829858726558,,,
6000,1007,1,32,32,-0.0018895864486694336,0.9868438243865967,-0.0018895864486694336,0.9868438243865967,0.0,0.0,True,False,inactive_raw_action,raw_action,0,0,10,7,raw_action_safe_or_candidate_not_better,0,0,0,False,False,False,False,False,False,False,False,True,0.02979830828757478,6.437586572920662,0.0,False,max_steps,,inf,,False,,inf,inf,inf,inf,inf,1.210561059951782,inf,inf,0.0,{'ROAD_LINE_BROKEN_SINGLE_WHITE'},False,False,,False,False,,0,False,object_list_uncertain,False,0,0,,inf,inf,inf,inf,False,False,inf,inf,0.01159824712995301,False,False,1,0,,False,False,0.0,inf,inf,1.210561059951782,0.0,,False,raw_action_safe_or_candidate_not_better,candidate_not_better,False,False,0.0,inf,inf,1.2302369858777076,False,-12.489759076225667,,,
6000,1007,1,33,33,-0.019476354122161865,0.9839158058166504,-0.019476354122161865,0.9839158058166504,0.0,0.0,True,False,inactive_raw_action,raw_action,0,0,10,10,raw_action_safe_or_candidate_not_better,0,0,0,False,False,False,False,False,False,False,False,True,0.03134440825546766,6.7359169824638245,0.0,False,max_steps,,inf,,False,,inf,inf,inf,inf,inf,0.30633261108398435,inf,inf,0.0,{'ROAD_LINE_BROKEN_SINGLE_WHITE'},False,False,,False,False,,0,False,object_list_uncertain,False,0,0,,inf,inf,inf,inf,False,False,inf,inf,0.1253807157862772,False,False,1,0,,False,False,0.0,inf,inf,1.3063326110839841,0.0,,False,raw_action_safe_or_candidate_not_better,candidate_not_better,False,False,0.0,inf,inf,1.3260085370099097,False,-11.985329923767296,,,
6000,1007,1,34,34,-0.0323796272277832,0.9801700115203857,-0.0323796272277832,0.9801700115203857,0.0,0.0,True,False,inactive_raw_action,raw_action,0,0,10,10,raw_action_safe_or_candidate_not_better,0,0,0,False,False,False,False,False,False,False,False,True,0.03296318832273253,7.032922084833681,0.0,False,max_steps,,inf,,False,,inf,inf,inf,inf,inf,0.4031603565216063,inf,inf,0.0,{'ROAD_LINE_BROKEN_SINGLE_WHITE'},False,False,,False,False,,0,False,object_list_uncertain,False,0,0,,inf,inf,inf,inf,False,False,inf,inf,0.21810648092947293,False,False,1,0,,False,False,0.0,inf,inf,1.4031603565216062,0.0,,False,raw_action_safe_or_candidate_not_better,candidate_not_better,False,False,0.0,inf,inf,1.4228362824475318,False,-11.530815248191466,,,
6000,1007,1,35,35,-0.04038822650909424,0.9781477451324463,-0.04038822650909424,0.9781477451324463,0.0,0.0,True,False,inactive_raw_action,raw_action,0,0,10,10,raw_action_safe_or_candidate_not_better,0,0,0,False,False,False,False,False,False,False,False,True,0.03465466684988458,7.329323777536822,0.0,False,max_steps,,inf,,False,,inf,inf,inf,inf,inf,0.4994770517349242,inf,inf,0.0,{'ROAD_LINE_BROKEN_SINGLE_WHITE'},False,False,,False,False,,0,False,object_list_uncertain,False,0,0,,inf,inf,inf,inf,False,False,inf,inf,0.284047250183074,False,False,1,0,,False,False,0.0,inf,inf,1.499477051734924,0.0,,False,raw_action_safe_or_candidate_not_better,candidate_not_better,False,False,0.0,inf,inf,1.5191529776608497,False,-11.149515858446549,,,
6000,1007,1,36,36,-0.04312002658843994,0.9757070541381836,-0.04312002658843994,0.9757070541381836,0.0,0.0,True,False,inactive_raw_action,raw_action,0,0,10,10,raw_action_safe_or_candidate_not_better,0,0,0,False,False,False,False,False,False,False,False,True,0.03641883924679501,7.62518864568531,0.0,False,max_steps,,inf,,False,,inf,inf,inf,inf,inf,0.5941335191726683,inf,inf,0.0,{'ROAD_LINE_BROKEN_SINGLE_WHITE'},False,False,,False,False,,0,False,object_list_uncertain,False,0,0,,inf,inf,inf,inf,False,False,inf,inf,0.31604063616267286,False,False,1,0,,False,False,0.0,inf,inf,1.5941335191726682,0.0,,False,raw_action_safe_or_candidate_not_better,candidate_not_better,False,False,0.0,inf,inf,1.6138094450985938,False,-10.811350664825547,,,
6000,1007,1,37,37,-0.042024433612823486,0.9726085662841797,-0.042024433612823486,0.9726085662841797,0.0,0.0,True,False,inactive_raw_action,raw_action,0,0,10,10,raw_action_safe_or_candidate_not_better,0,0,0,False,False,False,False,False,False,False,False,True,0.03825555862934231,7.9203401913103715,0.0,False,max_steps,,inf,,False,,inf,inf,inf,inf,inf,0.6863039960861205,inf,inf,0.0,{'ROAD_LINE_BROKEN_SINGLE_WHITE'},False,False,,False,False,,0,False,object_list_uncertain,False,0,0,,inf,inf,inf,inf,False,False,inf,inf,0.32044423402585775,False,False,1,0,,False,False,0.0,inf,inf,1.6863039960861204,0.0,,False,raw_action_safe_or_candidate_not_better,candidate_not_better,False,False,0.0,inf,inf,1.705979922012046,False,-10.507084337623155,,,
6000,1007,1,38,38,-0.03860098123550415,0.9686329364776611,-0.03860098123550415,0.9686329364776611,0.0,0.0,True,False,inactive_raw_action,raw_action,0,0,10,10,raw_action_safe_or_candidate_not_better,0,0,0,False,False,False,False,False,False,False,False,True,0.04016454958979866,8.214459739341525,0.0,False,max_steps,,inf,,False,,inf,inf,inf,inf,inf,0.7755465736389159,inf,inf,0.0,{'ROAD_LINE_BROKEN_SINGLE_WHITE'},False,False,,False,False,,0,False,object_list_uncertain,False,0,0,,inf,inf,inf,inf,False,False,inf,inf,0.305732903103581,False,False,1,0,,False,False,0.0,inf,inf,1.7755465736389158,0.0,,False,raw_action_safe_or_candidate_not_better,candidate_not_better,False,False,0.0,inf,inf,1.7952224995648414,False,-10.227954427603223,,,
6000,1007,1,39,39,-0.03552424907684326,0.9633517265319824,-0.03552424907684326,0.9633517265319824,0.0,0.0,True,False,inactive_raw_action,raw_action,0,0,10,10,raw_action_safe_or_candidate_not_better,0,0,0,False,False,False,False,False,False,False,False,True,0.04214541967215193,8.507001948975514,0.0,False,max_steps,,inf,,False,,inf,inf,inf,inf,inf,0.8617079486846922,inf,inf,0.0,{'ROAD_LINE_BROKEN_SINGLE_WHITE'},False,False,,False,False,,0,False,object_list_uncertain,False,0,0,,inf,inf,inf,inf,False,False,inf,inf,0.2918125138120693,False,False,1,0,,False,False,0.0,inf,inf,1.8617079486846921,0.0,,False,raw_action_safe_or_candidate_not_better,candidate_not_better,False,False,0.0,inf,inf,1.8813838746106177,False,-9.96331110151474,,,
6000,1007,1,40,40,-0.031819701194763184,0.9565095901489258,-0.031819701194763184,0.9565095901489258,0.0,0.0,True,False,inactive_raw_action,raw_action,0,0,10,10,raw_action_safe_or_candidate_not_better,0,0,0,False,False,False,False,False,False,False,False,True,0.0441977029783292,8.797515592116994,0.0,False,max_steps,,inf,,False,,inf,inf,inf,inf,inf,0.9447015752792357,inf,inf,0.0,{'ROAD_LINE_BROKEN_SINGLE_WHITE'},False,False,,False,False,,0,False,object_list_uncertain,False,0,0,,inf,inf,inf,inf,False,False,inf,inf,0.2706902600796689,False,False,1,0,,False,False,0.0,inf,inf,1.9447015752792356,0.0,,False,raw_action_safe_or_candidate_not_better,candidate_not_better,False,False,0.0,inf,inf,1.9643775012051612,False,-9.706081791738868,,,
6000,1007,1,41,41,-0.04185515642166138,0.948714017868042,-0.04185515642166138,0.948714017868042,0.0,0.0,True,False,inactive_raw_action,raw_action,0,0,10,10,raw_action_safe_or_candidate_not_better,0,0,0,False,False,False,False,False,False,False,False,True,0.04632099098686755,9.084705416797783,0.0,False,max_steps,,inf,,False,,inf,inf,inf,inf,inf,1.0066336587278575,inf,inf,0.0,{'ROAD_LINE_BROKEN_SINGLE_WHITE'},False,False,,False,False,,0,False,object_list_uncertain,False,0,0,,inf,inf,inf,inf,False,False,inf,inf,0.3682213912300617,False,False,1,0,,False,False,0.0,inf,inf,2.0066336587278575,0.0,,False,raw_action_safe_or_candidate_not_better,candidate_not_better,False,False,0.0,inf,inf,2.0440431620633155,False,-9.45977717712411,,,
6000,1007,1,42,42,-0.040985703468322754,0.9396038055419922,-0.040985703468322754,0.9396038055419922,0.0,0.0,True,False,inactive_raw_action,raw_action,0,0,10,10,raw_action_safe_or_candidate_not_better,0,0,0,False,False,False,False,False,False,False,False,True,0.048514930257849614,9.36960775425362,0.0,False,max_steps,,inf,,False,,inf,inf,inf,inf,inf,1.0815524056760997,inf,inf,0.0,{'ROAD_LINE_BROKEN_SINGLE_WHITE'},False,False,,False,False,,0,False,object_list_uncertain,False,0,0,,inf,inf,inf,inf,False,False,inf,inf,0.3723430423099394,False,False,1,0,,False,False,0.0,inf,inf,2.0815524056760997,0.0,,False,raw_action_safe_or_candidate_not_better,candidate_not_better,False,False,0.0,inf,inf,2.1189619090115577,False,-9.22248319876725,,,
6000,1007,1,43,43,-0.0342751145362854,0.9304277896881104,-0.0342751145362854,0.9304277896881104,0.0,0.0,True,False,inactive_raw_action,raw_action,0,0,10,10,raw_action_safe_or_candidate_not_better,0,0,0,False,False,False,False,False,False,False,False,True,0.05077862571615996,9.652214082904917,0.0,False,max_steps,,inf,,False,,inf,inf,inf,inf,inf,1.1491593316404551,inf,inf,0.0,{'ROAD_LINE_BROKEN_SINGLE_WHITE'},False,False,,False,False,,0,False,object_list_uncertain,False,0,0,,inf,inf,inf,inf,False,False,inf,inf,0.3211443789371107,False,False,1,0,,False,False,0.0,inf,inf,2.149159331640455,0.0,,False,raw_action_safe_or_candidate_not_better,candidate_not_better,False,False,0.0,inf,inf,2.186568834975913,False,-9.002383997411513,,,
6000,1007,1,44,44,-0.02392524480819702,0.9169802665710449,-0.02392524480819702,0.9169802665710449,0.0,0.0,True,False,inactive_raw_action,raw_action,0,0,10,10,raw_action_safe_or_candidate_not_better,0,0,0,False,False,False,False,False,False,False,False,True,0.05311102163217528,9.930982830788356,0.0,False,max_steps,,inf,,False,,inf,inf,inf,inf,inf,1.2099881366102427,inf,inf,0.0,{'ROAD_LINE_BROKEN_SINGLE_WHITE'},False,False,,False,False,,0,False,object_list_uncertain,False,0,0,,inf,inf,inf,inf,False,False,inf,inf,0.23093158487462706,False,False,1,0,,False,False,0.0,inf,inf,2.2099881366102427,0.0,,False,raw_action_safe_or_candidate_not_better,candidate_not_better,False,False,0.0,inf,inf,2.2473976399457007,False,-8.755151413113992,,,
6000,1007,1,45,45,-0.013952970504760742,0.8967330455780029,-0.013952970504760742,0.8967330455780029,0.0,0.0,True,False,inactive_raw_action,raw_action,0,0,10,10,raw_action_safe_or_candidate_not_better,0,0,0,False,False,False,False,False,False,False,False,True,0.055510685885710905,10.20357035293708,0.0,False,max_steps,,inf,,False,,inf,inf,inf,inf,inf,1.2656800940839976,inf,inf,0.0,{'ROAD_LINE_BROKEN_SINGLE_WHITE'},False,False,,False,False,,0,False,object_list_uncertain,False,0,0,,inf,inf,inf,inf,False,False,inf,inf,0.13856671052127525,False,False,1,0,,False,False,0.0,inf,inf,2.2656800940839976,0.0,,False,raw_action_safe_or_candidate_not_better,candidate_not_better,False,False,0.0,inf,inf,2.3030895974194556,False,-8.446226828710678,,,
6000,1007,1,46,46,-0.010281145572662354,0.8672604560852051,-0.010281145572662354,0.8672604560852051,0.0,0.0,True,False,inactive_raw_action,raw_action,0,0,10,10,raw_action_safe_or_candidate_not_better,0,0,0,False,False,False,False,False,False,False,False,True,0.05797577783511922,10.46708296571334,0.0,False,max_steps,,inf,,False,,inf,inf,inf,inf,inf,1.318335552534315,inf,inf,0.0,{'ROAD_LINE_BROKEN_SINGLE_WHITE'},False,False,,False,False,,0,False,object_list_uncertain,False,0,0,,inf,inf,inf,inf,False,False,inf,inf,0.1049043921594479,False,False,1,0,,False,False,0.0,inf,inf,2.318335552534315,0.0,,False,raw_action_safe_or_candidate_not_better,candidate_not_better,False,False,0.0,inf,inf,2.355745055869773,False,-8.042927702322515,,,
6000,1007,1,47,47,-0.013277113437652588,0.8282400369644165,-0.013277113437652588,0.8282400369644165,0.0,0.0,True,False,inactive_raw_action,raw_action,0,0,10,10,raw_action_safe_or_candidate_not_better,0,0,0,False,False,False,False,False,False,False,False,True,0.060503993235744145,10.718571480897447,0.0,False,max_steps,,inf,,False,,inf,inf,inf,inf,inf,1.369307060560438,inf,inf,0.0,{'ROAD_LINE_BROKEN_SINGLE_WHITE'},False,False,,False,False,,0,False,object_list_uncertain,False,0,0,,inf,inf,inf,inf,False,False,inf,inf,0.1389726478970971,False,False,1,0,,False,False,0.0,inf,inf,2.369307060560438,0.0,,False,raw_action_safe_or_candidate_not_better,candidate_not_better,False,False,0.0,inf,inf,2.406716563895896,False,-7.555377096931807,,,
6000,1007,1,48,48,-0.018407702445983887,0.7837764024734497,-0.018407702445983887,0.7837764024734497,0.0,0.0,True,False,inactive_raw_action,raw_action,0,0,10,10,raw_action_safe_or_candidate_not_better,0,0,0,False,False,False,False,False,False,False,False,True,0.06309252751889068,10.956349164740073,0.0,False,max_steps,,inf,,False,,inf,inf,inf,inf,inf,1.4181053832380504,inf,inf,0.0,{'ROAD_LINE_BROKEN_SINGLE_WHITE'},False,False,,False,False,,0,False,object_list_uncertain,False,0,0,,inf,inf,inf,inf,False,False,inf,inf,0.19730427446636906,False,False,1,0,,False,False,0.0,inf,inf,2.4181053832380504,0.0,,False,raw_action_safe_or_candidate_not_better,candidate_not_better,False,False,0.0,inf,inf,2.4555148865735084,False,-7.088283662448717,,,
6000,1007,1,49,49,-0.020854532718658447,0.7376695871353149,-0.020854532718658447,0.7376695871353149,0.0,0.0,True,False,inactive_raw_action,raw_action,0,0,10,10,raw_action_safe_or_candidate_not_better,0,0,0,False,False,False,False,False,False,False,False,True,0.06573815841414332,11.180124700833264,0.0,False,max_steps,,inf,,False,,inf,inf,inf,inf,inf,1.4629614547102183,inf,inf,0.0,{'ROAD_LINE_BROKEN_SINGLE_WHITE'},False,False,,False,False,,0,False,object_list_uncertain,False,0,0,,inf,inf,inf,inf,False,False,inf,inf,0.228489542133118,False,False,1,0,,False,False,0.0,inf,inf,2.4629614547102183,0.0,,False,raw_action_safe_or_candidate_not_better,candidate_not_better,False,False,0.0,inf,inf,2.5003709580456763,False,-6.619242358204858,,,
6000,1007,1,50,50,-0.017626702785491943,0.6901247501373291,-0.017626702785491943,0.6901247501373291,0.0,0.0,True,False,inactive_raw_action,raw_action,0,0,10,10,raw_action_safe_or_candidate_not_better,0,0,0,False,False,False,False,False,False,False,False,True,0.06843745709529071,11.389707207342187,0.0,False,max_steps,,inf,,False,,inf,inf,inf,inf,inf,1.5023005202619761,inf,inf,0.0,{'ROAD_LINE_BROKEN_SINGLE_WHITE'},False,False,,False,False,,0,False,object_list_uncertain,False,0,0,,inf,inf,inf,inf,False,False,inf,inf,0.19706873520632498,False,False,1,0,,False,False,0.0,inf,inf,2.502300520261976,0.0,,False,raw_action_safe_or_candidate_not_better,candidate_not_better,False,False,0.0,inf,inf,2.539710023597434,False,-6.144804108647278,,,
6000,1007,1,51,51,-0.011305928230285645,0.6330512762069702,-0.011305928230285645,0.6330512762069702,0.0,0.0,True,False,inactive_raw_action,raw_action,0,0,10,10,raw_action_safe_or_candidate_not_better,0,0,0,False,False,False,False,False,False,False,False,True,0.0711866504764617,11.582080853715151,0.0,False,max_steps,,inf,,False,,inf,inf,inf,inf,inf,1.5358615115492076,inf,inf,0.0,{'ROAD_LINE_BROKEN_SINGLE_WHITE'},False,False,,False,False,,0,False,object_list_uncertain,False,0,0,,inf,inf,inf,inf,False,False,inf,inf,0.1287712122501779,False,False,1,0,,False,False,0.0,inf,inf,2.5358615115492076,0.0,,False,raw_action_safe_or_candidate_not_better,candidate_not_better,False,False,0.0,inf,inf,2.5732710148846656,False,-5.659467318449799,,,
6000,1007,1,52,52,-0.005110323429107666,0.5572974681854248,-0.005110323429107666,0.5572974681854248,0.0,0.0,True,False,inactive_raw_action,raw_action,0,0,10,10,raw_action_safe_or_candidate_not_better,0,0,0,False,False,False,False,False,False,False,False,True,0.07398113465847285,11.751427768772604,0.0,False,max_steps,,inf,,False,,inf,inf,inf,inf,inf,1.5649454787580699,inf,inf,0.0,{'ROAD_LINE_BROKEN_SINGLE_WHITE'},False,False,,False,False,,0,False,object_list_uncertain,False,0,0,,inf,inf,inf,inf,False,False,inf,inf,0.05918817914455986,False,False,1,0,,False,False,0.0,inf,inf,2.56494547875807,0.0,,False,raw_action_safe_or_candidate_not_better,candidate_not_better,False,False,0.0,inf,inf,2.602354982093528,False,-5.10393979453228,,,
6000,1007,1,53,53,-0.00045353174209594727,0.461919903755188,-0.00045353174209594727,0.461919903755188,0.0,0.0,True,False,inactive_raw_action,raw_action,0,0,10,10,raw_action_safe_or_candidate_not_better,0,0,0,False,False,False,False,False,False,False,False,True,0.07681497460478964,11.891754980447912,0.0,False,max_steps,,inf,,False,,inf,inf,inf,inf,inf,1.5914101794569224,inf,inf,0.0,{'ROAD_LINE_BROKEN_SINGLE_WHITE'},False,False,,False,False,,0,False,object_list_uncertain,False,0,0,,inf,inf,inf,inf,False,False,inf,inf,0.00532964550808613,False,False,1,0,,False,False,0.0,inf,inf,2.5914101794569224,0.0,,False,raw_action_safe_or_candidate_not_better,candidate_not_better,False,False,0.0,inf,inf,2.6288196827923804,False,-4.4904472061681275,,,
6000,1007,1,54,54,0.003942012786865234,0.35559916496276855,0.003942012786865234,0.35559916496276855,0.0,0.0,True,False,inactive_raw_action,raw_action,0,0,10,10,raw_action_safe_or_candidate_not_better,0,0,0,False,False,False,False,False,False,False,False,True,0.07968098217371593,11.999733227737686,0.0,False,max_steps,,inf,,False,,inf,inf,inf,inf,inf,1.6169393256513804,inf,inf,0.0,{'ROAD_LINE_BROKEN_SINGLE_WHITE'},False,False,,False,False,,0,False,object_list_uncertain,False,0,0,,inf,inf,inf,inf,False,False,inf,inf,0.0,False,False,1,0,,False,False,0.0,inf,inf,2.6169393256513804,0.0,,False,raw_action_safe_or_candidate_not_better,candidate_not_better,False,False,0.0,inf,inf,2.6543488289868384,False,-3.9396509382525693,,,
6000,1007,1,55,55,0.004036664962768555,0.24835610389709473,0.004036664962768555,0.24835610389709473,0.0,0.0,True,False,inactive_raw_action,raw_action,0,0,10,10,raw_action_safe_or_candidate_not_better,0,0,0,False,False,False,False,False,False,False,False,True,0.08257133119565281,12.075162909738303,0.0,False,max_steps,,inf,,False,,inf,inf,inf,inf,inf,1.6430208876936168,inf,inf,0.0,{'ROAD_LINE_BROKEN_SINGLE_WHITE'},False,False,,False,False,,0,False,object_list_uncertain,False,0,0,,inf,inf,inf,inf,False,False,inf,inf,0.0,False,False,1,0,,False,False,0.0,inf,inf,2.6430208876936168,0.0,,False,raw_action_safe_or_candidate_not_better,candidate_not_better,False,False,0.0,inf,inf,2.6804303910290748,False,-3.560825503426372,,,
6000,1007,1,56,56,0.0002601146697998047,0.16447782516479492,0.0002601146697998047,0.16447782516479492,0.0,0.0,True,False,inactive_raw_action,raw_action,0,0,10,10,raw_action_safe_or_candidate_not_better,0,0,0,False,False,False,False,False,False,False,False,True,0.08547862697310829,12.125127602366474,0.0,False,max_steps,,inf,,False,,inf,inf,inf,inf,inf,1.6706648066847056,inf,inf,0.0,{'ROAD_LINE_BROKEN_SINGLE_WHITE'},False,False,,False,False,,0,False,object_list_uncertain,False,0,0,,inf,inf,inf,inf,False,False,inf,inf,0.0,False,False,1,0,,False,False,0.0,inf,inf,2.6706648066847056,0.0,,False,raw_action_safe_or_candidate_not_better,candidate_not_better,False,False,0.0,inf,inf,2.7080743100201636,False,-3.2940370438116133,,,
6000,1007,1,57,57,-0.006703436374664307,0.08853304386138916,-0.006703436374664307,0.08853304386138916,0.0,0.0,True,False,inactive_raw_action,raw_action,0,0,10,10,raw_action_safe_or_candidate_not_better,0,0,0,False,False,False,False,False,False,False,False,True,0.08839690233864624,12.151900419119702,0.0,False,max_steps,,inf,,False,,inf,inf,inf,inf,inf,1.6992938712446422,inf,inf,0.0,{'ROAD_LINE_BROKEN_SINGLE_WHITE'},False,False,,False,False,,0,False,object_list_uncertain,False,0,0,,inf,inf,inf,inf,False,False,inf,inf,0.08128002141714963,False,False,1,0,,False,False,0.0,inf,inf,2.699293871244642,0.0,,False,raw_action_safe_or_candidate_not_better,candidate_not_better,False,False,0.0,inf,inf,2.7367033745801,False,-3.108218112128071,,,
6000,1007,1,58,58,-0.01345062255859375,0.026680946350097656,-0.01345062255859375,0.026680946350097656,0.0,0.0,True,False,inactive_raw_action,raw_action,0,0,10,10,raw_action_safe_or_candidate_not_better,0,0,0,False,False,False,False,False,False,False,False,True,0.09132092454543804,12.159698862491231,0.0,False,max_steps,,inf,,False,,inf,inf,inf,inf,inf,1.7270031169264048,inf,inf,0.0,{'ROAD_LINE_BROKEN_SINGLE_WHITE'},False,False,,False,False,,0,False,object_list_uncertain,False,0,0,,inf,inf,inf,inf,False,False,inf,inf,0.1634506259071963,False,False,1,0,,False,False,0.0,inf,inf,2.727003116926405,0.0,,False,raw_action_safe_or_candidate_not_better,candidate_not_better,False,False,0.0,inf,inf,2.764412620261863,False,-2.954506534486441,,,
6000,1007,1,59,59,-0.013199865818023682,-0.005306720733642578,-0.013199865818023682,-0.005306720733642578,0.0,0.0,True,False,inactive_raw_action,raw_action,0,0,10,10,raw_action_safe_or_candidate_not_better,0,0,0,False,False,False,False,False,False,False,False,True,0.09424584641747406,12.143602916264262,0.0,False,max_steps,,inf,,False,,inf,inf,inf,inf,inf,1.7511298850385875,inf,inf,0.0,{'ROAD_LINE_BROKEN_SINGLE_WHITE'},False,False,,False,False,,0,False,object_list_uncertain,False,0,0,,inf,inf,inf,inf,False,False,inf,inf,0.16050639337245945,False,False,1,0,,False,False,0.0,inf,inf,2.7511298850385875,0.0,,False,raw_action_safe_or_candidate_not_better,candidate_not_better,False,False,0.0,inf,inf,2.7885393883740455,False,-2.873721685172981,,,
6000,1007,1,60,60,-0.009962618350982666,-0.028815507888793945,-0.009962618350982666,-0.028815507888793945,0.0,0.0,True,False,inactive_raw_action,raw_action,0,0,10,10,raw_action_safe_or_candidate_not_better,0,0,0,False,False,False,False,False,False,False,False,True,0.09716321293751021,12.056923849116751,0.0,False,max_steps,,inf,,False,,inf,inf,inf,inf,inf,1.7701049044935444,inf,inf,0.0,{'ROAD_LINE_BROKEN_SINGLE_WHITE'},False,False,,False,False,,0,False,object_list_uncertain,False,0,0,,inf,inf,inf,inf,False,False,inf,inf,0.12098208126062096,False,False,1,0,,False,False,0.0,inf,inf,2.7701049044935417,0.0,,False,raw_action_safe_or_candidate_not_better,candidate_not_better,False,False,0.0,inf,inf,2.8075144078290015,False,-2.839829975045454,,,
6000,1007,1,61,61,-0.007411777973175049,-0.050850510597229004,-0.007411777973175049,-0.050850510597229004,0.0,0.0,True,False,inactive_raw_action,raw_action,0,0,10,10,raw_action_safe_or_candidate_not_better,0,0,0,False,False,False,False,False,False,False,False,True,0.10005665570625628,11.903981278603876,0.0,False,max_steps,,inf,,False,,inf,inf,inf,inf,inf,1.7845051482527006,inf,inf,0.0,{'ROAD_LINE_BROKEN_SINGLE_WHITE'},False,False,,False,False,,0,False,object_list_uncertain,False,0,0,,inf,inf,inf,inf,False,False,inf,inf,0.08936324260913246,False,False,1,0,,False,False,0.0,inf,inf,2.784505148252698,0.0,,False,raw_action_safe_or_candidate_not_better,candidate_not_better,False,False,0.0,inf,inf,2.821914651588157,False,-0.38984712591868487,,,
6000,1007,1,62,62,-0.006703197956085205,-0.06880611181259155,-0.006703197956085205,-0.06880611181259155,0.0,0.0,True,False,inactive_raw_action,raw_action,0,0,10,10,raw_action_safe_or_candidate_not_better,0,0,0,False,False,False,False,False,False,False,False,True,0.10291087123430304,11.697018715469657,0.0,False,max_steps,,inf,,False,,inf,inf,inf,inf,inf,1.7953076556532133,inf,inf,0.0,{'ROAD_LINE_BROKEN_SINGLE_WHITE'},False,False,,False,False,,0,False,object_list_uncertain,False,0,0,,inf,inf,inf,inf,False,False,inf,inf,0.07979474297601405,False,False,1,0,,False,False,0.0,inf,inf,2.7953076556532097,0.0,,False,raw_action_safe_or_candidate_not_better,candidate_not_better,False,False,0.0,inf,inf,2.8327171589886695,False,0.49060563144740854,,,
6000,1007,1,63,63,-0.007189273834228516,-0.07717174291610718,-0.007189273834228516,-0.07717174291610718,0.0,0.0,True,False,inactive_raw_action,raw_action,0,0,10,10,raw_action_safe_or_candidate_not_better,0,0,0,False,False,False,False,False,False,False,False,True,0.10571436583914273,11.464863952417913,0.0,False,max_steps,,inf,,False,,inf,inf,inf,inf,inf,1.8031130030958402,inf,inf,0.0,{'ROAD_LINE_BROKEN_SINGLE_WHITE'},False,False,,False,False,,0,False,object_list_uncertain,False,0,0,,inf,inf,inf,inf,False,False,inf,inf,0.08409307058960724,False,False,1,0,,False,False,0.0,inf,inf,2.803113003095835,0.0,,False,raw_action_safe_or_candidate_not_better,candidate_not_better,False,False,0.0,inf,inf,2.8405225064312964,False,0.9038015898468643,,,
6000,1007,1,64,64,-0.008007168769836426,-0.07620632648468018,-0.008007168769836426,-0.07620632648468018,0.0,0.0,True,False,inactive_raw_action,raw_action,0,0,10,10,raw_action_safe_or_candidate_not_better,0,0,0,False,False,False,False,False,False,False,False,True,0.10846243004862964,11.235612464190876,0.0,False,max_steps,,inf,,False,,inf,inf,inf,inf,inf,1.8080506518690336,inf,inf,0.0,{'ROAD_LINE_BROKEN_SINGLE_WHITE'},False,False,,False,False,,0,False,object_list_uncertain,False,0,0,,inf,inf,inf,inf,False,False,inf,inf,0.09180110059022412,False,False,1,0,,False,False,0.0,inf,inf,2.80805065186903,0.0,,False,raw_action_safe_or_candidate_not_better,candidate_not_better,False,False,0.0,inf,inf,2.84546015520449,False,0.8623065701723505,,,
6000,1007,1,65,65,-0.008569478988647461,-0.07076144218444824,-0.008569478988647461,-0.07076144218444824,0.0,0.0,True,False,inactive_raw_action,raw_action,0,0,10,10,raw_action_safe_or_candidate_not_better,0,0,0,False,False,False,False,False,False,False,False,True,0.1111562389357358,11.022724261560175,0.0,False,max_steps,,inf,,False,,inf,inf,inf,inf,inf,1.810054321607803,inf,inf,0.0,{'ROAD_LINE_BROKEN_SINGLE_WHITE'},False,False,,False,False,,0,False,object_list_uncertain,False,0,0,,inf,inf,inf,inf,False,False,inf,inf,0.09628334493646923,False,False,1,0,,False,False,0.0,inf,inf,2.8100543216078004,0.0,,False,raw_action_safe_or_candidate_not_better,candidate_not_better,False,False,0.0,inf,inf,2.8474638249432593,False,0.6006536859000775,,,
6000,1007,1,66,66,-0.008509695529937744,-0.06536990404129028,-0.008509695529937744,-0.06536990404129028,0.0,0.0,True,False,inactive_raw_action,raw_action,0,0,10,10,raw_action_safe_or_candidate_not_better,0,0,0,False,False,False,False,False,False,False,False,True,0.11379959312710512,10.82606829220347,0.0,False,max_steps,,inf,,False,,inf,inf,inf,inf,inf,1.8090779975263804,inf,inf,0.0,{'ROAD_LINE_BROKEN_SINGLE_WHITE'},False,False,,False,False,,0,False,object_list_uncertain,False,0,0,,inf,inf,inf,inf,False,False,inf,inf,0.09380002737633494,False,False,1,0,,False,False,0.0,inf,inf,2.809077997526377,0.0,,False,raw_action_safe_or_candidate_not_better,candidate_not_better,False,False,0.0,inf,inf,2.8464875008618384,False,0.3395048985997491,,,
6000,1007,1,67,67,-0.0077974796295166016,-0.06234383583068848,-0.0077974796295166016,-0.06234383583068848,0.0,0.0,True,False,inactive_raw_action,raw_action,0,0,10,10,raw_action_safe_or_candidate_not_better,0,0,0,False,False,False,False,False,False,False,False,True,0.11639595357985058,10.638535502818346,0.0,False,max_steps,,inf,,False,,inf,inf,inf,inf,inf,1.8052199080793572,inf,inf,0.0,{'ROAD_LINE_BROKEN_SINGLE_WHITE'},False,False,,False,False,,0,False,object_list_uncertain,False,0,0,,inf,inf,inf,inf,False,False,inf,inf,0.08441604697621213,False,False,1,0,,False,False,0.0,inf,inf,2.805219908079357,0.0,,False,raw_action_safe_or_candidate_not_better,candidate_not_better,False,False,0.0,inf,inf,2.825023479684551,False,0.17159480636320978,,,
6000,1007,1,68,68,-0.0069272518157958984,-0.06249344348907471,-0.0069272518157958984,-0.06249344348907471,0.0,0.0,True,False,inactive_raw_action,raw_action_safe,0,0,0,0,low_risk_verified_passthrough,0,0,0,False,False,False,False,False,False,False,False,True,0.11894703700214224,10.45055852035943,0.0,False,max_steps,,inf,,False,,inf,inf,inf,inf,inf,inf,inf,inf,0.0,{'ROAD_LINE_BROKEN_SINGLE_WHITE'},False,False,,False,False,,0,True,,False,0,0,,inf,inf,inf,inf,False,False,16.386620972760127,inf,0.07369581437930751,False,False,1,-1,,False,False,0.0,20.321003976633207,inf,2.7987513736097536,0.0,,False,low_risk_verified,,False,False,0.0,inf,inf,inf,False,0.0,,,
6000,1007,1,69,69,-0.005882203578948975,-0.0637671947479248,-0.005882203578948975,-0.0637671947479248,0.0,0.0,True,False,inactive_raw_action,raw_action_safe,0,0,0,0,low_risk_verified_passthrough,0,0,0,False,False,False,False,False,False,False,False,True,0.12145262306779786,10.258758300576993,0.0,False,max_steps,,inf,,False,,inf,inf,inf,inf,inf,inf,inf,inf,0.0,set(),False,False,,False,False,,0,True,,False,0,0,,inf,inf,inf,inf,False,False,17.158154713485917,inf,0.06147231273047393,False,False,1,-1,,False,False,0.0,20.88622182596663,inf,2.7900619700758154,0.0,,False,low_risk_verified,,False,False,0.0,inf,inf,inf,False,0.0,,,
6000,1007,1,70,70,-0.39082038402557373,0.4326971769332886,-0.39082038402557373,0.4326971769332886,0.0,0.0,True,False,inactive_raw_action,raw_action_safe,0,0,0,0,low_risk_verified_passthrough,0,0,0,False,False,False,False,False,False,False,False,True,0.12469151547491779,10.210045639775046,0.0,False,max_steps,,inf,,False,,inf,inf,inf,inf,inf,inf,inf,inf,0.0,set(),False,False,,False,False,,0,True,,False,0,0,,inf,inf,inf,inf,False,False,18.32506074708938,inf,4.009331858657043,False,False,1,-1,,False,False,0.0,18.50407976879092,inf,2.805117450313307,0.0,,False,low_risk_verified,,False,False,0.0,inf,inf,inf,False,0.0,,,
6000,1007,1,71,71,-0.5116639137268066,0.5690560340881348,-0.5116639137268066,0.5690560340881348,0.0,0.0,True,False,inactive_raw_action,raw_action_safe,0,0,0,0,low_risk_verified_passthrough,0,0,0,False,False,False,False,False,False,False,False,True,0.12789450682423428,10.159753408703791,0.0,False,max_steps,,inf,,False,,inf,inf,inf,inf,inf,inf,inf,inf,0.0,{'ROAD_LINE_BROKEN_SINGLE_WHITE'},False,False,,False,False,,0,True,,False,0,0,,inf,inf,inf,inf,False,False,19.120725268100696,inf,5.2241119113766175,False,False,1,-1,,False,False,0.0,19.165288821744358,inf,2.8843500075836865,0.0,,False,low_risk_verified,,False,False,0.0,inf,inf,inf,False,0.0,,,
6000,1007,1,72,72,-0.4789102077484131,0.7642269134521484,-0.4789102077484131,0.7642269134521484,0.0,0.0,True,False,inactive_raw_action,raw_action_safe,0,0,0,0,low_risk_verified_passthrough,0,0,0,False,False,False,False,False,False,False,False,True,0.13106465669600437,10.175209432411691,0.0,False,max_steps,,inf,,False,,inf,inf,inf,inf,inf,inf,inf,inf,0.0,{'ROAD_LINE_BROKEN_SINGLE_WHITE'},False,False,,False,False,,0,True,,False,0,0,,inf,inf,inf,inf,False,False,20.503137063201923,inf,4.86560961563498,False,False,1,-1,,False,False,0.0,19.858842574380205,inf,2.914694685592248,0.0,,False,low_risk_verified,,False,False,0.0,inf,inf,inf,False,0.0,,,
6000,1007,1,73,73,-0.44777023792266846,0.8612246513366699,-0.44777023792266846,0.8612246513366699,0.0,0.0,True,False,inactive_raw_action,raw_action_safe,0,0,0,0,low_risk_verified_passthrough,0,0,0,False,False,False,False,False,False,False,False,True,0.1342197757280696,10.236002314921304,0.0,False,max_steps,,inf,,False,,inf,inf,inf,inf,inf,inf,inf,inf,0.0,{'ROAD_LINE_BROKEN_SINGLE_WHITE'},False,False,,False,False,,0,True,,False,0,0,,inf,inf,inf,inf,False,False,21.349440964972143,inf,4.556155948463963,False,False,1,-1,,False,False,0.0,20.402271596035103,inf,3.026825475873816,0.0,,False,low_risk_verified,,False,False,0.0,inf,inf,inf,False,0.0,,,
6000,1007,1,74,74,-0.4217180013656616,0.898472785949707,-0.4217180013656616,0.898472785949707,0.0,0.0,True,False,inactive_raw_action,raw_action_safe,0,0,0,0,low_risk_verified_passthrough,0,0,0,False,False,False,False,False,False,False,False,True,0.137372822272839,10.323591665813817,0.0,False,max_steps,,inf,,False,,inf,inf,inf,inf,inf,inf,inf,inf,0.0,{'ROAD_LINE_BROKEN_SINGLE_WHITE'},False,False,,False,False,,0,True,,False,0,0,,inf,inf,inf,inf,False,False,21.50033004886545,inf,4.316706438222898,False,False,1,-1,,False,False,0.0,21.120839270598275,inf,3.138192919518612,0.0,,False,low_risk_verified,,False,False,0.0,inf,inf,inf,False,0.0,,,
6000,1007,1,75,75,-0.3978773355484009,0.9144103527069092,-0.3978773355484009,0.9144103527069092,0.0,0.0,True,False,inactive_raw_action,raw_action_safe,0,0,0,0,low_risk_verified_passthrough,0,0,0,False,False,False,False,False,False,False,False,True,0.1405318348557986,10.424373010498355,0.0,False,max_steps,,inf,,False,,inf,inf,inf,inf,inf,inf,inf,inf,0.0,{'ROAD_LINE_BROKEN_SINGLE_WHITE'},False,False,,False,False,,0,True,,False,0,0,,inf,inf,inf,inf,False,False,21.258827948610392,inf,4.107523145283679,False,False,1,-1,,False,False,0.0,21.89263689100775,inf,3.180454310710503,0.0,,False,low_risk_verified,,False,False,0.0,inf,inf,inf,False,0.0,,,
6000,1007,1,76,76,-0.3722879886627197,0.924323558807373,-0.3722879886627197,0.924323558807373,0.0,0.0,True,False,inactive_raw_action,raw_action_safe,0,0,0,0,low_risk_verified_passthrough,0,0,0,False,False,False,False,False,False,False,False,True,0.1437009368187077,10.534496099630594,0.0,False,max_steps,,inf,,False,,inf,inf,inf,inf,inf,inf,inf,inf,0.0,{'ROAD_LINE_BROKEN_SINGLE_WHITE'},False,False,,False,False,,0,True,,False,0,0,,inf,inf,inf,inf,False,False,20.847864057943642,inf,3.880868861148373,False,False,1,-1,,False,False,0.0,22.468945832577145,inf,3.3285172140253976,0.0,,False,low_risk_verified,,False,False,0.0,inf,inf,inf,False,0.0,,,
6000,1007,1,77,77,-0.34065622091293335,0.9300073385238647,-0.34065622091293335,0.9300073385238647,0.0,0.0,True,False,inactive_raw_action,raw_action_safe,0,0,0,0,low_risk_verified_passthrough,0,0,0,False,False,False,False,False,False,False,False,True,0.14688388485124698,10.659444462640847,0.0,False,max_steps,,inf,,False,,inf,inf,inf,inf,inf,inf,inf,inf,0.0,{'ROAD_LINE_BROKEN_SINGLE_WHITE'},False,False,,False,False,,0,True,,False,0,0,,inf,inf,inf,inf,False,False,20.181414320182046,inf,3.5886416305221944,False,False,1,-1,,False,False,0.0,23.098999074268107,inf,3.430718581708278,0.0,,False,low_risk_verified,,False,False,0.0,inf,inf,inf,False,0.0,,,
6000,1007,1,78,78,-0.2859764099121094,0.9343975782394409,-0.2859764099121094,0.9343975782394409,0.0,0.0,True,False,inactive_raw_action,raw_action_safe,0,0,0,0,low_risk_verified_passthrough,0,0,0,False,False,False,False,False,False,False,False,True,0.15008801767945715,10.83037043875381,0.0,False,max_steps,,inf,,False,,inf,inf,inf,inf,inf,inf,inf,inf,0.0,{'ROAD_LINE_BROKEN_SINGLE_WHITE'},False,False,,False,False,,0,True,,False,0,0,,inf,inf,inf,inf,False,False,19.18340051093901,inf,3.0483496590835433,False,False,1,-1,,False,False,0.0,23.72083753451705,inf,3.4661190333135194,0.0,,False,low_risk_verified,,False,False,0.0,inf,inf,inf,False,0.0,,,
6000,1007,1,79,79,-0.287264883518219,0.9085595607757568,-0.287264883518219,0.9085595607757568,0.0,0.0,True,False,inactive_raw_action,raw_action_safe,0,0,0,0,low_risk_verified_passthrough,0,0,0,False,False,False,False,False,False,False,False,True,0.1533221881378219,10.981166870540056,0.0,False,max_steps,,inf,,False,,inf,inf,inf,inf,inf,inf,inf,inf,0.0,{'ROAD_LINE_BROKEN_SINGLE_WHITE'},False,False,,False,False,,0,True,,False,0,0,,inf,inf,inf,inf,False,False,3.975713177463211,inf,3.111185102547776,False,False,1,-1,,False,False,0.0,24.1158931109912,inf,3.62431974129531,0.0,,False,low_risk_verified,,False,False,0.0,inf,inf,inf,False,0.0,,,
6000,1007,1,80,80,-0.29622137546539307,0.904026985168457,-0.35347819328308105,0.30000001192092896,-0.05725681781768799,-0.6040269732475281,True,True,predictive_recovery,right_pass,-0.9778522186995253,15.049288303798113,10,10,,0,0,0,False,False,False,False,False,False,False,False,True,0.15657057995337656,10.961955023240744,0.0,False,max_steps,,inf,,False,,inf,inf,inf,23.82005512640072,inf,2.7001563825700674,inf,inf,0.0,{'ROAD_LINE_BROKEN_SINGLE_WHITE'},True,True,vehicle_ttc,True,False,right,12,False,vehicle_ttc_low,False,0,0,,inf,inf,inf,inf,False,False,1.3507326190483169,inf,0.0,True,False,1,0,,False,False,0.0,24.558783295792743,inf,3.695837689513381,0.0,,True,vehicle_ttc,,False,False,0.0,25.303011081580287,inf,2.7022699612152272,False,-8.216484306773538,,,
6000,1007,1,81,81,-0.3292207717895508,0.8175880908966064,-0.3292207717895508,0.8175880908966064,0.0,0.0,True,False,inactive_raw_action,raw_action_safe,0,0,0,0,low_risk_verified_passthrough,0,0,0,False,False,False,False,False,False,False,False,True,0.15980435435214638,11.041020956494673,0.0,False,max_steps,,inf,,False,,inf,inf,inf,inf,inf,inf,inf,inf,0.0,set(),False,False,,False,False,,0,True,,False,0,0,,inf,inf,inf,inf,False,False,15.95200793868136,inf,0.0,False,False,1,-1,,False,False,0.0,25.352847640662127,inf,3.6418691123370732,0.0,,False,low_risk_verified,,False,False,0.0,inf,inf,inf,False,0.0,,,
6000,1007,1,82,82,-0.21634793281555176,0.9043014049530029,-0.21634793281555176,0.9043014049530029,0.0,0.0,True,False,inactive_raw_action,raw_action_safe,0,0,0,0,low_risk_verified_passthrough,0,0,0,False,False,False,False,False,False,False,False,True,0.1630532615612218,11.26074548944527,0.0,False,max_steps,,inf,,False,,inf,inf,inf,inf,inf,inf,inf,inf,0.0,set(),False,False,,False,False,,0,True,,False,0,0,,inf,inf,inf,inf,False,False,11.103467146493966,inf,0.0,False,False,1,-1,,False,False,0.0,23.604117022004864,inf,3.510823320341888,0.0,,False,low_risk_verified,,False,False,0.0,inf,inf,inf,False,0.0,,,
6000,1007,1,83,83,-0.16161125898361206,0.9063336849212646,-0.16161125898361206,0.9063336849212646,0.0,0.0,True,False,inactive_raw_action,raw_action_safe,0,0,0,0,low_risk_verified_passthrough,0,0,0,False,False,False,False,False,False,False,False,True,0.16634647632339772,11.510464579547488,0.0,False,max_steps,,inf,,False,,inf,inf,inf,inf,inf,inf,inf,inf,0.0,set(),False,False,,False,False,,0,True,,False,0,0,,inf,inf,inf,inf,False,False,8.660156306461158,inf,0.0,False,False,1,-1,,False,False,0.0,22.54677937583641,inf,3.4625059839854884,0.0,,False,low_risk_verified,,False,False,0.0,inf,inf,inf,False,0.0,,,
6000,1007,1,84,84,-0.23763024806976318,0.8055479526519775,-0.23763024806976318,0.8055479526519775,0.0,0.0,True,False,inactive_raw_action,raw_action_safe,0,0,0,0,low_risk_verified_passthrough,0,0,0,False,False,False,False,False,False,False,False,True,0.16967677263464961,11.642818535689589,0.0,False,max_steps,,inf,,False,,inf,inf,inf,inf,inf,inf,inf,inf,0.0,set(),False,False,,False,False,,0,True,,False,0,0,,inf,inf,inf,inf,False,False,8.017342642684673,inf,0.0,False,False,1,-1,,False,False,0.0,23.20279565555304,inf,3.4127449415690543,0.0,,False,low_risk_verified,,False,False,0.0,inf,inf,inf,False,0.0,,,
6000,1007,1,85,85,-0.264495849609375,0.711915135383606,-0.264495849609375,0.711915135383606,0.0,0.0,True,False,inactive_raw_action,raw_action_safe,0,0,0,0,low_risk_verified_passthrough,0,0,0,False,False,False,False,False,False,False,False,True,0.17301633283740958,11.738414606134537,0.0,False,max_steps,,inf,,False,,inf,inf,inf,inf,inf,inf,inf,inf,0.0,set(),False,False,,False,False,,0,True,,False,0,0,,inf,inf,inf,inf,False,False,7.555758795561488,inf,0.0,False,False,1,-1,,False,False,0.0,23.997826214782076,inf,3.382458527272623,0.0,,False,low_risk_verified,,False,False,0.0,inf,inf,inf,False,0.0,,,
6000,1007,1,86,86,0.5499281883239746,0.9276759624481201,0.09850019216537476,0.30000001192092896,-0.45142799615859985,-0.6276759505271912,True,True,predictive_recovery,right_pass,-0.70808585282152,15.912956437151077,10,8,,0,0,0,False,False,False,False,False,False,False,False,True,0.17563080540373988,11.762969979171709,0.0,False,max_steps,,inf,,False,,inf,inf,inf,18.618906717728088,inf,2.415996362322307,8.567656887759114,0.3095540536013044,0.0,set(),True,True,raw_collision_risk:vehicle_lateral_margin_violation,True,False,right,12,False,raw_predicted_collision,False,0,0,,inf,inf,inf,inf,False,False,6.440216128151642,inf,6.455285078147248,True,False,1,0,,True,False,0.0,19.60967933188315,inf,3.4159963623223066,0.0,vehicle_lateral_margin_violation,True,raw_collision_risk:vehicle_lateral_margin_violation,,False,False,0.0,18.618906717728088,inf,3.0098101845159015,True,-8.302632451369277,,,
6000,1007,1,87,87,0.7300875186920166,0.853003740310669,0.7300875186920166,0.853003740310669,0.0,0.0,True,False,inactive_raw_action,raw_action_safe,0,0,0,0,low_risk_verified_passthrough,0,0,0,False,False,False,False,False,False,False,False,True,0.17823218630690196,11.652035806454323,0.0,False,max_steps,,inf,,False,,inf,inf,inf,inf,inf,inf,inf,inf,0.0,set(),False,False,,False,False,,0,True,,False,0,0,,inf,inf,inf,inf,False,False,5.07364841661506,inf,8.587997564542155,False,False,1,-1,,False,False,0.0,18.663587081867963,inf,3.551488356308458,0.0,,False,low_risk_verified,,False,False,0.0,inf,inf,inf,False,0.0,,,
6000,1007,1,88,88,0.7902326583862305,0.8150970935821533,0.7902326583862305,0.8150970935821533,0.0,0.0,True,False,inactive_raw_action,raw_action_safe,0,0,0,0,low_risk_verified_passthrough,0,0,0,False,False,False,False,False,False,False,False,True,0.18080300007834899,11.521553237379086,0.0,False,max_steps,,inf,,False,,inf,inf,inf,inf,inf,inf,inf,inf,0.0,set(),False,False,,False,False,,0,True,,False,0,0,,inf,inf,inf,inf,False,False,4.559177380393404,inf,0.0,False,False,1,-1,,False,False,0.0,19.326578263763786,inf,3.710332331090067,0.0,,False,low_risk_verified,,False,False,0.0,inf,inf,inf,False,0.0,,,
6000,1007,1,89,89,0.7750339508056641,0.8468623161315918,0.7750339508056641,0.8468623161315918,0.0,0.0,True,False,inactive_raw_action,raw_action_safe,0,0,0,0,low_risk_verified_passthrough,0,0,0,False,False,False,False,False,False,False,False,True,0.18334631353431108,11.426489989491971,0.0,False,max_steps,,inf,,False,,inf,inf,inf,inf,inf,inf,inf,inf,0.0,set(),False,False,,False,False,,0,True,,False,0,0,,inf,inf,inf,inf,False,False,4.547194101889987,inf,0.0,False,False,1,-1,,False,False,0.0,19.47584540202954,inf,3.5835954910878463,0.0,,False,low_risk_verified,,False,False,0.0,inf,inf,inf,False,0.0,,,
6000,1007,1,90,90,0.7572677135467529,0.908362865447998,0.7572677135467529,0.908362865447998,0.0,0.0,True,False,inactive_raw_action,raw_action_safe,0,0,0,0,low_risk_verified_passthrough,0,0,0,False,False,False,False,False,False,False,False,True,0.18587109367631321,11.358533703299335,0.0,False,max_steps,,inf,,False,,inf,inf,inf,inf,inf,inf,inf,inf,0.0,set(),False,False,,False,False,,0,True,,False,0,0,,inf,inf,inf,inf,False,False,4.788947342174749,inf,0.0,False,False,1,-1,,False,False,0.0,19.300476457702874,inf,3.450066241751554,0.0,,False,low_risk_verified,,False,False,0.0,inf,inf,inf,False,0.0,,,
6000,1007,1,91,91,0.7250523567199707,0.9237804412841797,0.7250523567199707,0.9237804412841797,0.0,0.0,True,False,inactive_raw_action,raw_action_safe,0,0,0,0,low_risk_verified_passthrough,0,0,0,False,False,False,False,False,False,False,False,True,0.18838309291664498,11.307977121619677,0.0,False,max_steps,,inf,,False,,inf,inf,inf,inf,inf,inf,inf,inf,0.0,set(),False,False,,False,False,,0,True,,False,0,0,,inf,inf,inf,inf,False,False,5.170948400669162,inf,0.0,False,False,1,-1,,False,False,0.0,19.260434966381563,inf,3.3665568184199013,0.0,,False,low_risk_verified,,False,False,0.0,inf,inf,inf,False,0.0,,,
6000,1007,1,92,92,0.7015769481658936,0.9194246530532837,0.7015769481658936,0.9194246530532837,0.0,0.0,True,False,inactive_raw_action,raw_action_safe,0,0,0,0,low_risk_verified_passthrough,0,0,0,False,False,False,False,False,False,False,False,True,0.19088495861828456,11.26541364631984,0.0,False,max_steps,,inf,,False,,inf,inf,inf,inf,inf,inf,inf,inf,0.0,set(),False,False,,False,False,,0,True,,False,0,0,,inf,inf,inf,inf,False,False,5.633684247946029,inf,0.0,False,False,1,-1,,False,False,0.0,19.24573333270932,inf,3.3346939692599853,0.0,,False,low_risk_verified,,False,False,0.0,inf,inf,inf,False,0.0,,,
6000,1007,1,93,93,0.6645722389221191,0.9112987518310547,0.6645722389221191,0.9112987518310547,0.0,0.0,True,False,inactive_raw_action,raw_action_safe,0,0,0,0,low_risk_verified_passthrough,0,0,0,False,False,False,False,False,False,False,False,True,0.193376950098352,11.229839663895708,0.0,False,max_steps,,inf,,False,,inf,inf,inf,inf,inf,inf,inf,inf,0.0,set(),False,False,,False,False,,0,True,,False,0,0,,inf,inf,inf,inf,False,False,6.153561399965463,inf,0.0,False,False,1,-1,,False,False,0.0,19.154200848671202,inf,3.3158216602784596,0.0,,False,low_risk_verified,,False,False,0.0,inf,inf,inf,False,0.0,,,
6000,1007,1,94,94,0.5664949417114258,0.9152871370315552,0.5664949417114258,0.9152871370315552,0.0,0.0,True,False,inactive_raw_action,raw_action_safe,0,0,0,0,low_risk_verified_passthrough,0,0,0,False,False,False,False,False,False,False,False,True,0.19585984461167746,11.227688821009986,0.0,False,max_steps,,inf,,False,,inf,inf,inf,inf,inf,inf,inf,inf,0.0,set(),False,False,,False,False,,0,True,,False,0,0,,inf,inf,inf,inf,False,False,6.718057652329551,inf,0.0,False,False,1,-1,,False,False,0.0,18.8909549945969,inf,3.3686765855568237,0.0,,False,low_risk_verified,,False,False,0.0,inf,inf,inf,False,0.0,,,
6000,1007,1,95,95,0.47943246364593506,0.9110206365585327,0.47943246364593506,0.9110206365585327,0.0,0.0,True,False,inactive_raw_action,raw_action_safe,0,0,0,0,low_risk_verified_passthrough,0,0,0,False,False,False,False,False,False,False,False,True,0.19833804456998952,11.257421781820085,0.0,False,max_steps,,inf,,False,,inf,inf,inf,inf,inf,inf,inf,inf,0.0,set(),False,False,,False,False,,0,True,,False,0,0,,inf,inf,inf,inf,False,False,7.274615491924334,inf,0.0,False,False,1,-1,,False,False,0.0,16.12169759801835,inf,3.4589069421240386,0.0,,False,low_risk_verified,,False,False,0.0,inf,inf,inf,False,0.0,,,
6000,1007,1,96,96,0.38390886783599854,0.9083170890808105,0.38390886783599854,0.9083170890808105,0.0,0.0,True,False,inactive_raw_action,raw_action_safe,0,0,0,0,low_risk_verified_passthrough,0,0,0,False,False,False,False,False,False,False,False,True,0.20081584398261354,11.32828948510251,0.0,False,max_steps,,inf,,False,,inf,inf,inf,inf,inf,inf,inf,inf,0.0,set(),False,False,,False,False,,0,True,,False,0,0,,inf,inf,inf,inf,False,False,7.403914942809567,inf,0.0,False,False,1,-1,,False,False,0.0,15.255867653788616,inf,3.591352685411185,0.0,,False,low_risk_verified,,False,False,0.0,inf,inf,inf,False,0.0,,,
6000,1007,1,97,97,0.25954341888427734,0.8992185592651367,0.25954341888427734,0.8992185592651367,0.0,0.0,True,False,inactive_raw_action,raw_action_safe,0,0,0,0,low_risk_verified_passthrough,0,0,0,False,False,False,False,False,False,False,False,True,0.20330091094257863,11.485266740233348,0.0,False,max_steps,,inf,,False,,inf,inf,inf,inf,inf,inf,inf,inf,0.0,set(),False,False,,False,False,,0,True,,False,0,0,,inf,inf,inf,inf,False,False,7.175999571376745,inf,2.9401829830743154,False,False,1,-1,,False,False,0.0,14.097326244287334,inf,3.6238457685826897,0.0,,False,low_risk_verified,,False,False,0.0,inf,inf,inf,False,0.0,,,
6000,1007,1,98,98,0.09320271015167236,0.8708229064941406,0.09320271015167236,0.8708229064941406,0.0,0.0,True,False,inactive_raw_action,raw_action_safe,0,0,0,0,low_risk_verified_passthrough,0,0,0,False,False,False,False,False,False,False,False,True,0.20581844023602425,11.74079047424785,0.0,False,max_steps,,inf,,False,,inf,inf,inf,inf,inf,inf,inf,inf,0.0,{'ROAD_LINE_BROKEN_SINGLE_WHITE'},False,False,,False,False,,0,True,,False,0,0,,inf,inf,inf,inf,False,False,6.886597963222577,inf,1.0704579870046116,False,False,1,-1,,False,False,0.0,13.021839686689914,inf,3.388688268976121,0.0,,False,low_risk_verified,,False,False,0.0,inf,inf,inf,False,0.0,,,
6000,1007,1,99,99,-0.005187273025512695,0.8206394910812378,-0.005187273025512695,0.8206394910812378,0.0,0.0,True,False,inactive_raw_action,raw_action_safe,0,0,0,0,low_risk_verified_passthrough,0,0,0,False,False,False,False,False,False,False,False,True,0.2084064249135177,11.983865630684543,0.0,False,max_steps,,inf,,False,,inf,inf,inf,inf,inf,inf,inf,inf,0.0,{'ROAD_LINE_BROKEN_SINGLE_WHITE'},False,False,,False,False,,0,True,,False,0,0,,inf,inf,inf,inf,False,False,6.45114791795723,inf,0.0,False,False,1,-1,,False,False,0.0,11.91002584197823,inf,3.098753164208228,0.0,,False,low_risk_verified,,False,False,0.0,inf,inf,inf,False,0.0,,,
6000,1007,1,100,100,-0.10539215803146362,0.5655840635299683,-0.10539215803146362,0.5655840635299683,0.0,0.0,True,False,inactive_raw_action,raw_action,0,0,10,10,raw_action_safe_or_candidate_not_better,0,0,0,False,False,False,False,False,False,False,False,True,0.21107536710659577,12.110691489725243,0.0,False,max_steps,,inf,,False,,inf,inf,inf,12.4931637518162,inf,1.78843108361834,inf,inf,0.0,{'ROAD_LINE_BROKEN_SINGLE_WHITE'},False,False,,False,False,,0,False,route_deviation_rising,False,0,0,,inf,inf,inf,inf,False,False,5.988233894547672,inf,0.0,False,False,1,0,,False,False,0.0,12.676397279246496,inf,2.7884310836183395,0.0,,False,raw_action_safe_or_candidate_not_better,candidate_not_better,False,False,0.0,12.913906555760791,inf,2.808107009544266,False,-5.342197459982941,,,
6000,1007,1,101,101,-0.21637731790542603,0.06551933288574219,-0.21637731790542603,0.06551933288574219,0.0,0.0,True,False,inactive_raw_action,raw_action,0,0,10,10,raw_action_safe_or_candidate_not_better,0,0,0,False,False,False,False,False,False,False,False,True,0.21380960244304206,12.06870403313453,0.0,False,max_steps,,inf,,False,,inf,inf,inf,17.04320671083735,inf,1.5370075398074725,inf,inf,0.0,{'ROAD_LINE_BROKEN_SINGLE_WHITE'},False,False,,False,False,,0,False,route_deviation_rising,False,0,0,,inf,inf,inf,inf,False,False,5.618988213843433,inf,0.0,False,False,1,0,,False,False,0.0,17.217996336045523,inf,2.537007539807472,0.0,,False,raw_action_safe_or_candidate_not_better,candidate_not_better,False,False,0.0,17.436193658087166,inf,2.5566834657333986,False,-3.5659287411436367,,,
6000,1007,1,102,102,-0.16250604391098022,0.10565519332885742,-0.16250604391098022,0.10565519332885742,0.0,0.0,True,False,inactive_raw_action,raw_action,0,0,10,10,raw_action_safe_or_candidate_not_better,0,0,0,False,False,False,False,False,False,False,False,True,0.2165746819492592,12.078041891568224,0.0,False,max_steps,,inf,,False,,inf,inf,inf,16.01226997678003,inf,1.3216801081134864,inf,inf,0.0,{'ROAD_LINE_BROKEN_SINGLE_WHITE'},False,False,,False,False,,0,False,route_deviation_rising,False,0,0,,inf,inf,inf,inf,False,False,5.370620747936502,inf,0.0,False,False,1,0,,False,False,0.0,16.238961946372868,inf,2.3216801081134864,0.0,,False,raw_action_safe_or_candidate_not_better,candidate_not_better,False,False,0.0,16.509967264162558,inf,2.341356034039412,False,-3.9478579779542358,,,
6000,1007,1,103,103,0.021290302276611328,0.35329461097717285,0.021290302276611328,0.35329461097717285,0.0,0.0,True,False,inactive_raw_action,raw_action,0,0,10,10,raw_action_safe_or_candidate_not_better,0,0,0,False,False,False,False,False,False,False,False,True,0.21936093532955933,12.165539688829671,0.0,False,max_steps,,inf,,False,,inf,inf,inf,12.53558943238283,inf,1.2149367714797292,inf,inf,0.0,{'ROAD_LINE_BROKEN_SINGLE_WHITE'},False,False,,False,False,,0,False,route_deviation_rising,False,0,0,,inf,inf,inf,inf,False,False,5.025794176837496,inf,0.257145162781062,False,False,1,0,,False,False,0.0,12.876158898262618,inf,2.2149367714797292,0.0,,False,raw_action_safe_or_candidate_not_better,candidate_not_better,False,False,0.0,13.2654070820797,inf,2.234612697405655,False,-4.882081203658728,,,
6000,1007,1,104,104,0.06950962543487549,0.3506268262863159,0.06950962543487549,0.3506268262863159,0.0,0.0,True,False,inactive_raw_action,raw_action_safe,0,0,0,0,low_risk_verified_passthrough,0,0,0,False,False,False,False,False,False,False,False,True,0.22217044815181552,12.25694233185693,0.0,False,max_steps,,inf,,False,,inf,inf,inf,inf,inf,inf,inf,inf,0.0,{'ROAD_LINE_BROKEN_SINGLE_WHITE'},False,False,,False,False,,0,True,,False,0,0,,inf,inf,inf,inf,False,False,4.640672995127817,inf,0.8456221069836621,False,False,1,-1,,False,False,0.0,12.497442776561824,inf,2.167505269241512,0.0,,False,low_risk_verified,,False,False,0.0,inf,inf,inf,False,0.0,,,
6000,1007,1,105,105,0.08370077610015869,-0.12670373916625977,0.08370077610015869,-0.12670373916625977,0.0,0.0,True,False,inactive_raw_action,raw_action_safe,0,0,0,0,low_risk_verified_passthrough,0,0,0,False,False,False,False,False,False,False,False,True,0.22497652368567966,11.867600124645366,0.0,False,max_steps,,inf,,False,,inf,inf,inf,inf,inf,inf,inf,inf,0.0,{'ROAD_LINE_BROKEN_SINGLE_WHITE'},False,False,,False,False,,0,True,,False,0,0,,inf,inf,inf,inf,False,False,4.309509275481484,inf,1.0259155857913138,False,False,1,-1,,False,False,0.0,18.53618648966704,inf,2.1201811715829693,0.0,,False,low_risk_verified,,False,False,0.0,inf,inf,inf,False,0.0,,,
6000,1007,1,106,106,0.19219088554382324,0.007012844085693359,0.19219088554382324,0.007012844085693359,0.0,0.0,True,False,inactive_raw_action,raw_action_safe,0,0,0,0,low_risk_verified_passthrough,0,0,0,False,False,False,False,False,False,False,False,True,0.2277168254134517,11.817170011696351,0.0,False,max_steps,,inf,,False,,inf,inf,inf,inf,inf,inf,inf,inf,0.0,{'ROAD_LINE_BROKEN_SINGLE_WHITE'},False,False,,False,False,,0,True,,False,0,0,,inf,inf,inf,inf,False,False,3.9455556716239366,inf,2.28084457723558,False,False,1,-1,,False,False,0.0,13.881881491394353,inf,2.1188235052296718,0.0,,False,low_risk_verified,,False,False,0.0,inf,inf,inf,False,0.0,,,
6000,1007,1,107,107,0.19482886791229248,0.15370237827301025,0.19482886791229248,0.15370237827301025,0.0,0.0,True,False,inactive_raw_action,raw_action_safe,0,0,0,0,low_risk_verified_passthrough,0,0,0,False,False,False,False,False,False,False,False,True,0.23044491726132704,11.826284731237704,0.0,False,max_steps,,inf,,False,,inf,inf,inf,inf,inf,inf,inf,inf,0.0,{'ROAD_LINE_BROKEN_SINGLE_WHITE'},False,False,,False,False,,0,True,,False,0,0,,inf,inf,inf,inf,False,False,3.9649468327817554,inf,2.302325855305892,False,False,1,-1,,False,False,0.0,12.506567312753093,inf,2.1345090518293457,0.0,,False,low_risk_verified,,False,False,0.0,inf,inf,inf,False,0.0,,,
6000,1007,1,108,108,0.6071369647979736,0.6545157432556152,0.10797441005706787,0.18000000715255737,-0.49916255474090576,-0.47451573610305786,True,True,predictive_recovery,right_slow_follow,-0.5455254712597232,8.0,10,4,,0,0,0,False,False,False,False,False,False,False,False,True,0.23307067390217026,11.888099655524535,0.0,False,max_steps,vehicle,35.83544559165161,dynamic_vehicle,True,,inf,inf,inf,23.87611470858874,inf,2.098742373950905,15.458923232275755,-0.5160508146611078,0.014654841095958665,{'ROAD_LINE_BROKEN_SINGLE_WHITE'},True,True,raw_collision_risk:cut_in_danger,True,False,right,12,False,raw_predicted_collision,False,0,0,,inf,inf,inf,inf,False,False,4.101610829495879,inf,7.180174616560279,True,False,1,0,,True,False,0.0,12.549444987995331,inf,2.098742373950905,0.0,cut_in_danger,True,raw_collision_risk:cut_in_danger,,False,False,0.0,23.87611470858874,inf,2.1413290916656567,False,-83.8124752163547,,,
6000,1007,1,109,109,0.5668251514434814,0.6785643100738525,0.09804976731538773,0.18000000715255737,-0.4687753915786743,-0.49856430292129517,True,True,predictive_recovery,right_slow_follow,-0.44836717204881305,8.0,10,4,,0,0,0,False,False,False,False,False,False,False,False,True,0.23570936964436706,11.94129565789353,0.0,False,max_steps,vehicle,35.061807109538286,dynamic_vehicle,True,,inf,inf,inf,23.800035663045417,inf,2.1223872381009756,14.900709758330658,-0.4872482085819847,0.013836903010702025,{'ROAD_LINE_BROKEN_SINGLE_WHITE'},True,True,raw_collision_risk:cut_in_danger,True,False,right,12,False,raw_predicted_collision,False,0,0,,inf,inf,inf,inf,False,False,4.2160375342953165,inf,6.738473887617894,True,False,1,0,,True,False,0.0,12.134708155290037,inf,2.1223872381009756,0.0,cut_in_danger,True,raw_collision_risk:cut_in_danger,,False,False,0.0,23.800035663045417,inf,2.162597041721819,False,-84.60767268564446,,,
6000,1007,1,110,110,0.5609872341156006,0.5813665390014648,0.12098424136638641,0.18000000715255737,-0.440002977848053,-0.40136653184890747,True,True,predictive_recovery,right_slow_follow,-0.34574231513076403,8.0,10,4,,0,0,0,False,False,False,False,False,False,False,False,True,0.23835637816897381,11.982949237940847,0.0,False,max_steps,vehicle,34.495458730786126,dynamic_vehicle,True,,inf,inf,inf,23.865464116048418,inf,2.116065647108679,14.573074050084475,-0.46428701323394694,0.013184849647663073,{'ROAD_LINE_BROKEN_SINGLE_WHITE'},True,True,raw_collision_risk:cut_in_danger,True,False,right,12,False,raw_predicted_collision,False,0,0,,inf,inf,inf,inf,False,False,4.290586849125202,inf,6.698914422878323,True,False,1,0,,True,False,0.0,14.367581021750574,inf,2.116065647108679,0.0,cut_in_danger,True,raw_collision_risk:cut_in_danger,,False,False,0.0,23.865464116048418,inf,2.154380594802743,False,-82.46131415939503,,,
6000,1007,1,111,111,0.5648856163024902,0.5428516864776611,0.13670340180397034,0.18000000715255737,-0.4281822144985199,-0.36285167932510376,True,True,predictive_recovery,right_slow_follow,-0.2332946757619253,8.0,10,4,,0,0,0,False,False,False,False,False,False,False,False,True,0.24100847336642203,12.021842804728829,0.0,False,max_steps,vehicle,33.75445522184474,dynamic_vehicle,True,,inf,inf,inf,23.76284830123842,inf,2.1497244237385185,14.087672224769337,-0.6525160467913964,0.023070854902528633,{'ROAD_LINE_BROKEN_SINGLE_WHITE'},True,True,raw_collision_risk:cut_in_danger,True,False,right,12,False,raw_predicted_collision,False,0,0,,inf,inf,inf,inf,False,False,4.356190468681423,inf,6.768995665395671,True,False,1,0,,True,False,0.0,14.184938605787792,inf,2.1497244237385185,0.0,cut_in_danger,True,raw_collision_risk:cut_in_danger,,False,False,0.0,23.76284830123842,inf,2.1851645924140897,False,-81.67048204013076,,,
6000,1007,1,112,112,0.5625513792037964,0.5604463815689087,0.16629765927791595,0.30000001192092896,-0.39625370502471924,-0.26044636964797974,True,True,predictive_recovery,right_pass,-0.10315726129156155,14.543851521788918,10,7,,0,0,0,False,False,False,False,False,False,False,False,True,0.24366586678565103,12.085298288621019,0.0,False,max_steps,vehicle,33.21622183411095,dynamic_vehicle,True,,inf,inf,inf,7.293824362236407,inf,0.52427948545509,-18.92376978759324,-1.2186037172140303,0.9127670430262723,{'ROAD_LINE_BROKEN_SINGLE_WHITE'},True,True,raw_collision_risk:cut_in_danger,True,False,right,12,False,raw_predicted_collision,False,0,0,,inf,inf,inf,inf,False,False,4.438519060974677,inf,6.762904250371439,True,False,1,0,,True,False,0.0,14.025131982311681,inf,2.190946152121757,0.0,cut_in_danger,True,raw_collision_risk:cut_in_danger,,False,False,0.0,7.293824362236407,inf,2.2230146709958105,True,69.95064738537994,,,
6000,1007,1,113,113,0.5287604331970215,0.6992067098617554,0.1615927368402481,0.18000000715255737,-0.36716771125793457,-0.519206702709198,True,True,predictive_recovery,right_slow_follow,0.017574791669406786,8.0,10,6,,0,0,0,False,False,False,False,False,False,False,False,True,0.24633214620712812,12.123825140269819,0.0,False,max_steps,vehicle,32.676025878786184,dynamic_vehicle,True,,inf,inf,inf,22.760401239355712,inf,0.5419297199467176,13.475612006276087,-0.5403064777105633,0.019103487816816523,{'ROAD_LINE_BROKEN_SINGLE_WHITE'},True,True,raw_collision_risk:cut_in_danger,True,False,right,12,False,raw_predicted_collision,False,0,0,,inf,inf,inf,inf,False,False,4.522761542333827,inf,6.3902275584064725,True,False,1,0,,True,False,0.0,12.99666344303884,inf,2.2085963866133844,0.0,cut_in_danger,True,raw_collision_risk:cut_in_danger,,False,False,0.0,23.438848009937388,inf,2.23794210585006,False,-85.81617805068217,,,
6000,1007,1,114,114,0.5116543769836426,0.6871969699859619,0.17193780839443207,0.30000001192092896,-0.3397165536880493,-0.38719695806503296,True,True,predictive_recovery,right_pass,-0.21902352985258067,15.216211505206648,10,7,,0,0,0,False,False,False,False,False,False,False,False,True,0.2490052154858008,12.193498700830222,0.0,False,max_steps,vehicle,32.17042093059156,dynamic_vehicle,True,,inf,inf,inf,6.016461909965745,inf,0.6033143995366294,-13.788512218785588,-1.0833636317768742,0.4712479532416228,{'ROAD_LINE_BROKEN_SINGLE_WHITE'},True,True,raw_collision_risk:cut_in_danger,True,False,right,12,False,raw_predicted_collision,False,0,0,,inf,inf,inf,inf,False,False,4.649515955332319,inf,6.203208198803377,True,False,1,0,,True,False,0.0,12.973833734116555,inf,2.269981066203296,0.0,cut_in_danger,True,raw_collision_risk:cut_in_danger,,False,False,0.0,6.016461909965745,inf,2.302774276079839,True,73.45144581066202,,,
6000,1007,1,115,115,0.48840785026550293,0.6463570594787598,0.16391192376613617,0.30000001192092896,-0.32449591159820557,-0.3463570475578308,True,True,predictive_recovery,right_pass,-0.21525330969857914,15.102105468484641,10,7,,0,0,0,False,False,False,False,False,False,False,False,True,0.25169097350669906,12.269334599478787,0.0,False,max_steps,vehicle,31.675559676018285,dynamic_vehicle,True,,inf,inf,inf,6.22885098109934,inf,0.5995441793826274,-11.303082104877806,-0.9735223551569354,0.33934313332329935,{'ROAD_LINE_BROKEN_SINGLE_WHITE'},True,True,raw_collision_risk:cut_in_danger,True,False,right,12,False,raw_predicted_collision,False,0,0,,inf,inf,inf,inf,False,False,4.748851912817904,inf,5.955400487687692,True,False,1,0,,True,False,0.0,14.59812030610151,inf,2.2662108460492942,0.0,cut_in_danger,True,raw_collision_risk:cut_in_danger,,False,False,0.0,6.22885098109934,inf,2.299004055925838,True,74.58157880833579,,,
6000,1007,1,116,116,0.4743846654891968,0.6653532981872559,0.1621081829071045,0.30000001192092896,-0.3122764825820923,-0.3653532862663269,True,True,predictive_recovery,right_pass,-0.2740758801915191,15.263424441321439,10,8,,0,0,0,False,False,False,False,False,False,False,False,True,0.2543907753643921,12.343949401593612,0.0,False,max_steps,vehicle,31.018784305085706,dynamic_vehicle,True,,inf,inf,inf,5.506177725007845,inf,0.6583667498755675,-10.223201053473943,-0.7956885136481229,0.25708603719642265,{'ROAD_LINE_BROKEN_SINGLE_WHITE'},True,True,raw_collision_risk:cut_in_danger,True,False,right,12,False,raw_predicted_collision,False,0,0,,inf,inf,inf,inf,False,False,4.837971907213355,inf,5.820384189748773,True,False,1,0,,True,False,0.0,14.093616588112756,inf,2.3250334165422344,0.0,cut_in_danger,True,raw_collision_risk:cut_in_danger,,False,False,0.0,5.743546872814941,inf,2.3578266264187775,True,75.85421496004825,,,
6000,1007,1,117,117,0.4594838619232178,0.6542680263519287,0.1524427831172943,0.30000001192092896,-0.30704107880592346,-0.35426801443099976,True,True,predictive_recovery,right_pass,-0.28044949568340405,15.288155520177291,10,8,,0,0,0,False,False,False,False,False,False,False,False,True,0.25710495590244364,12.42235492412569,0.0,False,max_steps,vehicle,30.733142501206707,dynamic_vehicle,True,,inf,inf,inf,5.35053397366228,inf,0.6647403653674525,-10.126754784647336,-0.6939473998198529,0.25043641317375415,{'ROAD_LINE_BROKEN_SINGLE_WHITE'},True,True,raw_collision_risk:cut_in_danger,True,False,right,12,False,raw_predicted_collision,False,0,0,,inf,inf,inf,inf,False,False,4.912504926058811,inf,5.6718455424290255,True,False,1,0,,True,False,0.0,13.906865810032784,inf,2.3314070320341194,0.0,cut_in_danger,True,raw_collision_risk:cut_in_danger,,False,False,0.0,5.636632735800044,inf,2.3642002419106625,True,76.3392568351697,,,
6000,1007,1,118,118,0.445919394493103,0.5825051069259644,0.15508314967155457,0.30000001192092896,-0.29083624482154846,-0.2825050950050354,True,True,predictive_recovery,right_pass,-0.30834370509535836,15.04362790529253,10,7,,0,0,0,False,False,False,False,False,False,False,False,True,0.259833877469215,12.497256042562123,0.0,False,max_steps,vehicle,30.100404899061115,dynamic_vehicle,True,,inf,inf,inf,5.735960906141393,inf,0.6926345747794068,-7.637557769855771,-0.5844431604860243,0.1554179177188552,{'ROAD_LINE_BROKEN_SINGLE_WHITE'},True,True,raw_collision_risk:vehicle_lateral_margin_violation,True,False,right,12,False,raw_predicted_collision,False,0,0,,inf,inf,inf,inf,False,False,4.963576897884492,inf,5.539368985944544,True,False,1,0,,True,False,0.0,13.689637068644597,inf,2.3593012414460737,0.0,vehicle_lateral_margin_violation,True,raw_collision_risk:vehicle_lateral_margin_violation,,False,False,0.0,5.86312365130202,inf,2.3920944513226168,True,77.32867944710935,,,
6000,1007,1,119,119,0.39319705963134766,0.5317881107330322,0.14909231662750244,0.30000001192092896,-0.24410474300384521,-0.23178809881210327,True,True,predictive_recovery,right_pass,-0.33044588448335266,14.890302540860768,10,7,,0,0,0,False,False,False,False,False,False,False,False,True,0.26257733641935666,12.575079697686064,0.0,False,max_steps,vehicle,29.63595142387013,dynamic_vehicle,True,,inf,inf,inf,5.876274707319608,inf,0.7147367541674013,-7.276356267307715,-0.4780620091837662,0.14865684033801843,{'ROAD_LINE_BROKEN_SINGLE_WHITE'},True,True,raw_collision_risk:vehicle_lateral_margin_violation,True,False,right,12,False,raw_predicted_collision,False,0,0,,inf,inf,inf,inf,False,False,4.99597237425551,inf,4.913884329395519,True,False,1,0,,True,False,0.0,13.607083238238541,inf,2.381403420834068,0.0,vehicle_lateral_margin_violation,True,raw_collision_risk:vehicle_lateral_margin_violation,,False,False,0.0,6.014312337943661,inf,2.414196630710611,True,77.87133885137739,,,
6000,1007,1,120,120,0.38574182987213135,0.5225493907928467,0.15630397200584412,0.30000001192092896,-0.22943785786628723,-0.22254937887191772,True,True,predictive_recovery,right_pass,-0.33418288496245596,14.926551956253874,10,7,,0,0,0,False,False,False,False,False,False,False,False,True,0.2653352342138195,12.647657538038088,0.0,False,max_steps,vehicle,29.222955863667632,dynamic_vehicle,True,,inf,inf,inf,5.464583059423131,inf,0.7184737546465044,-5.830677662566234,-0.387282626899339,0.08992736704151826,{'ROAD_LINE_BROKEN_SINGLE_WHITE'},True,True,raw_collision_risk:vehicle_lateral_margin_violation,True,False,right,12,False,raw_predicted_collision,False,0,0,,inf,inf,inf,inf,False,False,5.006160094056974,inf,4.850734253373311,True,False,1,0,,True,False,0.0,13.089538738200021,inf,2.3851404213131713,0.0,vehicle_lateral_margin_violation,True,raw_collision_risk:vehicle_lateral_margin_violation,,False,False,0.0,5.613305284171773,inf,2.4179336311897144,True,78.65589284741579,,,
6000,1007,1,121,121,0.3325585126876831,0.5251505374908447,0.15102607011795044,0.30000001192092896,-0.18153244256973267,-0.22515052556991577,True,True,predictive_recovery,right_pass,-0.37388293405141804,15.010834956746889,10,6,,0,0,0,False,False,False,False,False,False,False,False,True,0.2681072562486148,12.7241174403057,0.0,False,max_steps,vehicle,28.765546440822884,dynamic_vehicle,True,,inf,inf,inf,5.091719606623256,inf,2.4248404704021334,-6.425341297071345,-0.4534706317530288,0.10681290259229755,{'ROAD_LINE_BROKEN_SINGLE_WHITE'},True,True,raw_collision_risk:vehicle_lateral_margin_violation,True,False,right,12,False,raw_predicted_collision,False,0,0,,inf,inf,inf,inf,False,False,5.0036269581810355,inf,4.20608617983311,True,False,1,0,,True,False,0.0,12.754135987697437,inf,2.4248404704021334,0.0,vehicle_lateral_margin_violation,True,raw_collision_risk:vehicle_lateral_margin_violation,,False,False,0.0,5.270110759308334,inf,2.4576336802786765,True,79.26939165219295,,,
6000,1007,1,122,122,0.3252067565917969,0.48176109790802,0.15799486637115479,0.30000001192092896,-0.1672118902206421,-0.18176108598709106,True,True,predictive_recovery,right_pass,-0.35609195142617955,14.89204238089179,10,7,,0,0,0,False,False,False,False,False,False,False,False,True,0.27089349649943045,12.794901231844916,0.0,False,max_steps,vehicle,28.151460990084612,dynamic_vehicle,True,,inf,inf,inf,4.964361133004175,inf,0.7403828211102278,-6.505976109215524,-0.4237294814728041,0.11625717854809761,{'ROAD_LINE_BROKEN_SINGLE_WHITE'},True,True,raw_collision_risk:vehicle_lateral_margin_violation,True,False,right,12,False,raw_predicted_collision,False,0,0,,inf,inf,inf,inf,False,False,4.982920989920362,inf,4.137968963254933,True,False,1,0,,True,False,0.0,12.3330307747842,inf,2.4070494877768946,0.0,vehicle_lateral_margin_violation,True,raw_collision_risk:vehicle_lateral_margin_violation,,False,False,0.0,5.142434263690024,inf,2.439842697653438,True,79.7582659766082,,,
6000,1007,1,123,123,0.2829378843307495,0.48869431018829346,0.14610186219215393,0.30000001192092896,-0.13683602213859558,-0.1886942982673645,True,True,predictive_recovery,right_pass,-0.4114772807592464,14.994025627692237,10,6,,0,0,0,False,False,False,False,False,False,False,False,True,0.2736936781015123,12.871917857206038,0.0,False,max_steps,vehicle,27.691667020362697,dynamic_vehicle,True,,inf,inf,inf,4.537798672381841,inf,2.4624348171099615,-5.5390595755003496,-0.3153554593275556,0.0679756643958645,{'ROAD_LINE_BROKEN_SINGLE_WHITE'},True,True,raw_collision_risk:vehicle_lateral_margin_violation,True,False,right,12,False,raw_predicted_collision,False,0,0,,inf,inf,inf,inf,False,False,4.953466566259661,inf,3.6201622847591013,True,False,1,0,,True,False,0.0,11.92790829099996,inf,2.4624348171099615,0.0,vehicle_lateral_margin_violation,True,raw_collision_risk:vehicle_lateral_margin_violation,,False,False,0.0,4.762239479065979,inf,2.495228026986505,True,80.65817144668553,,,
6000,1007,1,124,124,0.32776451110839844,0.4074922800064087,0.32776451110839844,0.4074922800064087,0.0,0.0,True,False,inactive_raw_action,raw_action_safe,0,0,0,0,low_risk_verified_passthrough,0,0,0,False,False,False,False,False,False,False,False,True,0.2765039315113211,12.86359322065724,0.0,False,max_steps,vehicle,26.873728773509022,dynamic_vehicle,True,,inf,inf,inf,inf,inf,inf,inf,inf,0.0,{'ROAD_LINE_BROKEN_SINGLE_WHITE'},False,False,,False,False,,0,True,,False,0,0,,inf,inf,inf,inf,False,False,4.905071638033509,inf,4.218957863494601,False,False,1,-1,,False,False,0.0,4.276927263923605,inf,2.449828965719479,0.0,,False,low_risk_verified,,False,False,0.0,inf,inf,inf,False,0.0,,,
6000,1007,1,125,125,0.3967549800872803,0.4141378402709961,0.1291896551847458,0.30000001192092896,-0.2675653100013733,-0.11413782835006714,True,True,predictive_recovery,right_pass,-0.4428114409245205,14.727213501876722,10,6,,0,0,0,False,False,False,False,False,False,False,False,True,0.2793161860387696,12.946704529073681,0.0,False,max_steps,vehicle,25.480294889818147,dynamic_vehicle,True,,inf,inf,inf,4.593376720386164,inf,2.4605341353158745,-3.9602039089327192,-0.2592781469957772,0.04149512155797238,{'ROAD_LINE_BROKEN_SINGLE_WHITE'},True,True,raw_collision_risk:vehicle_lateral_margin_violation,True,False,right,12,False,raw_predicted_collision,False,0,0,,inf,inf,inf,inf,False,False,4.933509440220966,inf,5.103694672112737,True,False,1,0,,True,False,0.0,12.807994734220442,inf,2.4605341353158745,0.0,vehicle_lateral_margin_violation,True,raw_collision_risk:vehicle_lateral_margin_violation,,False,False,0.0,4.857754444123847,inf,2.493327345192418,True,82.4372823153602,,,
6000,1007,1,126,126,0.3133336305618286,0.46543288230895996,0.10929874330759048,0.30000001192092896,-0.20403489470481873,-0.165432870388031,True,True,predictive_recovery,right_pass,-0.42102104003968877,15.041152499464001,10,6,,0,0,0,False,False,False,False,False,False,False,False,True,0.2821428081522143,13.033931367841944,0.0,False,max_steps,vehicle,24.10702419309196,dynamic_vehicle,True,,inf,inf,inf,3.78279318039696,inf,2.438743734431043,-5.590191772798768,-0.20462657469673018,0.06646823394727686,{'ROAD_LINE_BROKEN_SINGLE_WHITE'},True,True,raw_collision_risk:vehicle_lateral_margin_violation,True,False,right,12,False,raw_predicted_collision,False,0,0,,inf,inf,inf,inf,False,False,4.856843109960935,inf,4.056637933905926,True,False,1,0,,True,False,0.0,12.091498354051856,inf,2.438743734431043,0.0,vehicle_lateral_margin_violation,True,raw_collision_risk:vehicle_lateral_margin_violation,,False,False,0.0,4.071934952591125,inf,2.471536944307586,True,84.03061068236565,,,
6000,1007,1,127,127,0.2364940643310547,0.5229471921920776,0.08080215007066727,0.30000001192092896,-0.15569192171096802,-0.22294718027114868,True,True,predictive_recovery,right_pass,-0.4579419773765947,15.387193732706294,10,6,,0,0,0,False,False,False,False,False,False,False,False,True,0.28498255384524035,13.125019205128375,0.0,False,max_steps,vehicle,22.761094017296617,dynamic_vehicle,True,,inf,inf,inf,3.1196027844497487,inf,2.4756646717679494,-3.3742794763432684,-0.08138777152853183,0.029475458495002764,{'ROAD_LINE_BROKEN_SINGLE_WHITE'},True,True,raw_collision_risk:vehicle_lateral_margin_violation,True,False,right,12,False,raw_predicted_collision,False,0,0,,inf,inf,inf,inf,False,False,4.751162813155823,inf,3.0824474033929645,True,False,1,0,,True,False,0.0,12.93220888079618,inf,2.4756646717679494,0.0,vehicle_lateral_margin_violation,True,raw_collision_risk:vehicle_lateral_margin_violation,,False,False,0.0,3.4796609281033306,inf,2.508457881644492,True,85.89603429409661,,,
6000,1007,1,128,128,0.18394315242767334,0.8318240642547607,0.18394315242767334,0.8318240642547607,0.0,0.0,True,False,inactive_raw_action,raw_action_safe,0,0,0,0,low_risk_verified_passthrough,0,0,0,False,False,False,False,False,False,False,False,True,0.28799531355242297,13.27209644585107,0.0,False,max_steps,vehicle,24.92168397974663,dynamic_vehicle,True,,inf,inf,inf,inf,inf,inf,inf,inf,0.0,{'ROAD_LINE_BROKEN_SINGLE_WHITE'},False,False,,False,False,,0,True,,False,0,0,,inf,inf,inf,inf,False,False,4.521490272320861,inf,2.4142574082650685,False,False,1,-1,,False,False,0.0,6.926572888370153,inf,2.489297977296651,0.0,,False,low_risk_verified,,False,False,0.0,inf,inf,inf,False,0.0,,,
6000,1007,1,129,129,0.1373506784439087,0.855694055557251,0.1373506784439087,0.855694055557251,0.0,0.0,True,False,inactive_raw_action,raw_action_safe,0,0,0,0,low_risk_verified_passthrough,0,0,0,False,False,False,False,False,False,False,False,True,0.29104681987858233,13.51093604608958,0.0,False,max_steps,vehicle,24.287979671837537,dynamic_vehicle,True,,inf,inf,inf,inf,inf,inf,inf,inf,0.0,{'ROAD_LINE_BROKEN_SINGLE_WHITE'},False,False,,False,False,,0,True,,False,0,0,,inf,inf,inf,inf,False,False,4.300384722464521,inf,1.8229314512106336,False,False,1,-1,,False,False,0.0,7.324850693129605,inf,2.490026912621587,0.0,,False,low_risk_verified,,False,False,0.0,inf,inf,inf,False,0.0,,,
6000,1007,1,130,130,0.05451703071594238,0.8917562961578369,0.05451703071594238,0.8917562961578369,0.0,0.0,True,False,inactive_raw_action,raw_action_safe,0,0,0,0,low_risk_verified_passthrough,0,0,0,False,False,False,False,False,False,False,False,True,0.2941566667331107,13.787025907003303,0.0,False,max_steps,vehicle,22.95635228707997,dynamic_vehicle,True,,inf,inf,inf,inf,inf,inf,inf,inf,0.0,{'ROAD_LINE_BROKEN_SINGLE_WHITE'},False,False,,False,False,,0,True,,False,0,0,,inf,inf,inf,inf,False,False,4.067016693302289,inf,0.7365761154257987,False,False,1,-1,,False,False,0.0,7.451329253932917,inf,2.4524185559162426,0.0,,False,low_risk_verified,,False,False,0.0,inf,inf,inf,False,0.0,,,
6000,1007,1,131,131,-0.01691383123397827,0.886601448059082,-0.01691383123397827,0.886601448059082,0.0,0.0,True,False,inactive_raw_action,raw_action_safe,0,0,0,0,low_risk_verified_passthrough,0,0,0,False,False,False,False,False,False,False,False,True,0.2973323593037783,14.050814045889712,0.0,False,max_steps,,inf,,False,,inf,inf,inf,inf,inf,inf,inf,inf,0.0,{'ROAD_LINE_BROKEN_SINGLE_WHITE'},False,False,,False,False,,0,True,,False,0,0,,inf,inf,inf,inf,False,False,3.8349126663260806,inf,0.0,False,False,1,-1,,False,False,0.0,7.984232992798013,inf,2.403419357237571,0.0,,False,low_risk_verified,,False,False,0.0,inf,inf,inf,False,0.0,,,
6000,1007,1,132,132,-0.036877989768981934,0.7916059494018555,-0.036877989768981934,0.7916059494018555,0.0,0.0,True,False,inactive_raw_action,raw_action_safe,0,0,0,0,low_risk_verified_passthrough,0,0,0,False,False,False,False,False,False,False,False,True,0.3005677881928438,14.287699043734042,0.0,False,max_steps,,inf,,False,,inf,inf,inf,inf,inf,inf,inf,inf,0.0,{'ROAD_LINE_BROKEN_SINGLE_WHITE'},False,False,,False,False,,0,True,,False,0,0,,inf,inf,inf,inf,False,False,3.584945166685216,inf,0.0,False,False,1,-1,,False,False,0.0,8.045645795464804,inf,2.3798417194128674,0.0,,False,low_risk_verified,,False,False,0.0,inf,inf,inf,False,0.0,,,
6000,1007,1,133,133,0.09325718879699707,0.586067795753479,0.09325718879699707,0.586067795753479,0.0,0.0,True,False,inactive_raw_action,raw_action_safe,0,0,0,0,low_risk_verified_passthrough,0,0,0,False,False,False,False,False,False,False,False,True,0.30384444491077,14.406110695898118,0.0,False,max_steps,,inf,,False,,inf,inf,inf,inf,inf,inf,inf,inf,0.0,{'ROAD_LINE_BROKEN_SINGLE_WHITE'},False,False,,False,False,,0,True,,False,0,0,,inf,inf,inf,inf,False,False,3.322433892441709,inf,1.33243064719618,False,False,1,-1,,False,False,0.0,8.503476846669624,inf,2.395570852899237,0.0,,False,low_risk_verified,,False,False,0.0,inf,inf,inf,False,0.0,,,
6000,1007,1,134,134,0.20023763179779053,0.21277296543121338,0.20023763179779053,0.21277296543121338,0.0,0.0,True,False,inactive_raw_action,raw_action_safe,0,0,0,0,low_risk_verified_passthrough,0,0,0,False,False,False,False,False,False,False,False,True,0.3071376190144747,14.39415133519592,0.0,False,max_steps,,inf,,False,,inf,inf,inf,inf,inf,inf,inf,inf,0.0,{'ROAD_LINE_BROKEN_SINGLE_WHITE'},False,False,,False,False,,0,True,,False,0,0,,inf,inf,inf,inf,False,False,3.126361535206491,inf,2.884645489163459,False,False,1,-1,,False,False,0.0,9.431895329066023,inf,2.4674813980530406,0.0,,False,low_risk_verified,,False,False,0.0,inf,inf,inf,False,0.0,,,
6000,1007,1,135,135,0.25905346870422363,0.08646607398986816,0.25905346870422363,0.08646607398986816,0.0,0.0,True,False,inactive_raw_action,raw_action_safe,0,0,0,0,low_risk_verified_passthrough,0,0,0,False,False,False,False,False,False,False,False,True,0.31042427046815013,14.338263344816616,0.0,False,max_steps,,inf,,False,,inf,inf,inf,inf,inf,inf,inf,inf,0.0,{'ROAD_LINE_BROKEN_SINGLE_WHITE'},False,False,,False,False,,0,True,,False,0,0,,inf,inf,inf,inf,False,False,3.0380856881031697,inf,3.728854832436035,False,False,1,-1,,False,False,0.0,9.85142236830287,inf,2.5281164333643953,0.0,,False,low_risk_verified,,False,False,0.0,inf,inf,inf,False,0.0,,,
6000,1007,1,136,136,0.2035658359527588,0.2716768980026245,0.2035658359527588,0.2716768980026245,0.0,0.0,True,False,inactive_raw_action,raw_action_safe,0,0,0,0,low_risk_verified_passthrough,0,0,0,False,False,False,False,False,False,False,False,True,0.31370139870085617,14.348707754293539,0.0,False,max_steps,,inf,,False,,inf,inf,inf,inf,inf,inf,inf,inf,0.0,{'ROAD_LINE_BROKEN_SINGLE_WHITE'},False,False,,False,False,,0,True,,False,0,0,,inf,inf,inf,inf,False,False,2.997188557122671,inf,2.9187805638983937,False,False,1,-1,,False,False,0.0,9.846647080980562,inf,2.5879075504657316,0.0,,False,low_risk_verified,,False,False,0.0,inf,inf,inf,False,0.0,,,
6000,1007,1,137,137,0.1233443021774292,0.3655519485473633,0.1233443021774292,0.3655519485473633,0.0,0.0,True,False,inactive_raw_action,raw_action_safe,0,0,0,0,low_risk_verified_passthrough,0,0,0,False,False,False,False,False,False,False,False,True,0.3169849621529329,14.439538063301232,0.0,False,max_steps,,inf,,False,,inf,inf,inf,inf,inf,inf,inf,inf,0.0,{'ROAD_LINE_BROKEN_SINGLE_WHITE'},False,False,,False,False,,0,True,,False,0,0,,inf,inf,inf,inf,False,False,2.9339525773697335,inf,1.7698313451012038,False,False,1,-1,,False,False,0.0,9.715887664663102,inf,2.5999024500262355,0.0,,False,low_risk_verified,,False,False,0.0,inf,inf,inf,False,0.0,,,
6000,1007,1,138,138,0.05732131004333496,0.6223242282867432,0.05732131004333496,0.6223242282867432,0.0,0.0,True,False,inactive_raw_action,raw_action_safe,0,0,0,0,low_risk_verified_passthrough,0,0,0,False,False,False,False,False,False,False,False,True,0.3202944606870112,14.624020152577485,0.0,False,max_steps,,inf,,False,,inf,inf,inf,inf,inf,inf,inf,inf,0.0,{'ROAD_LINE_BROKEN_SINGLE_WHITE'},False,False,,False,False,,0,True,,False,0,0,,inf,inf,inf,inf,False,False,2.8334858860942878,inf,0.8276932382090263,False,False,1,-1,,False,False,0.0,9.925956201630877,inf,2.599907924342069,0.0,,False,low_risk_verified,,False,False,0.0,inf,inf,inf,False,0.0,,,
6000,1007,1,139,139,0.02097344398498535,0.5488685369491577,0.02097344398498535,0.5488685369491577,0.0,0.0,True,False,inactive_raw_action,raw_action_safe,0,0,0,0,low_risk_verified_passthrough,0,0,0,False,False,False,False,False,False,False,False,True,0.3236462322506737,14.792016254083894,0.0,False,max_steps,,inf,,False,,inf,inf,inf,inf,inf,inf,inf,inf,0.0,{'ROAD_LINE_BROKEN_SINGLE_WHITE'},False,False,,False,False,,0,True,,False,0,0,,inf,inf,inf,inf,False,False,2.680903760567935,inf,0.30671606750538083,False,False,1,-1,,False,False,0.0,9.838258022549178,inf,2.5640085422405376,0.0,,False,low_risk_verified,,False,False,0.0,inf,inf,inf,False,0.0,,,
6000,1007,1,140,140,-0.007226049900054932,-0.08288305997848511,-0.007226049900054932,-0.08288305997848511,0.0,0.0,True,False,inactive_raw_action,raw_action_safe,0,0,0,0,low_risk_verified_passthrough,0,0,0,False,False,False,False,False,False,False,False,True,0.32701404400621303,14.542175055126211,0.0,False,max_steps,,inf,,False,,inf,inf,inf,inf,inf,inf,inf,inf,0.0,{'ROAD_LINE_BROKEN_SINGLE_WHITE'},False,False,,False,False,,0,True,,False,0,0,,inf,inf,inf,inf,False,False,2.5164015147639085,inf,0.0,False,False,1,-1,,False,False,0.0,10.550971176436564,inf,2.557127114189434,0.0,,False,low_risk_verified,,False,False,0.0,inf,inf,inf,False,0.0,,,
6000,1007,1,141,141,0.015956401824951172,-0.3711082339286804,0.015956401824951172,-0.3711082339286804,0.0,0.0,True,False,inactive_raw_action,raw_action_safe,0,0,0,0,low_risk_verified_passthrough,0,0,0,False,False,False,False,False,False,False,False,True,0.33028025103675945,13.570451176216787,0.0,False,max_steps,,inf,,False,,inf,inf,inf,inf,inf,inf,inf,inf,0.0,{'ROAD_LINE_BROKEN_SINGLE_WHITE'},False,False,,False,False,,0,True,,False,0,0,,inf,inf,inf,inf,False,False,2.4956375030075337,inf,0.2320407885883753,False,False,1,-1,,False,False,0.0,10.998961122797635,inf,2.5573988629492095,0.0,,False,low_risk_verified,,False,False,0.0,inf,inf,inf,False,0.0,,,
6000,1007,1,142,142,-0.004120051860809326,-0.3298799991607666,-0.004120051860809326,-0.3298799991607666,0.0,0.0,True,False,inactive_raw_action,raw_action_safe,0,0,0,0,low_risk_verified_passthrough,0,0,0,False,False,False,False,False,False,False,False,True,0.33333563798102267,12.740713246417112,0.0,False,max_steps,,inf,,False,,inf,inf,inf,inf,inf,inf,inf,inf,0.0,{'ROAD_LINE_BROKEN_SINGLE_WHITE'},False,False,,False,False,,0,True,,False,0,0,,inf,inf,inf,inf,False,False,2.805502828116335,inf,0.0,False,False,1,-1,,False,False,0.0,11.121570612913937,inf,2.617191580662515,0.0,,False,low_risk_verified,,False,False,0.0,inf,inf,inf,False,0.0,,,
6000,1007,1,143,143,0.11443626880645752,-0.4041323661804199,0.11443626880645752,-0.4041323661804199,0.0,0.0,True,False,inactive_raw_action,raw_action_safe,0,0,0,0,low_risk_verified_passthrough,0,0,0,False,False,False,False,False,False,False,False,True,0.33618681330966993,11.787133016555712,0.0,False,max_steps,,inf,,False,,inf,inf,inf,inf,inf,inf,inf,inf,0.0,{'ROAD_LINE_BROKEN_SINGLE_WHITE'},False,False,,False,False,,0,True,,False,0,0,,inf,inf,inf,inf,False,False,3.1684579884152257,inf,1.4579996858529827,False,False,1,-1,,False,False,0.0,11.223929083789107,inf,2.6923109148172872,0.0,,False,low_risk_verified,,False,False,0.0,inf,inf,inf,False,0.0,,,
6000,1007,1,144,144,0.2133544683456421,-0.15000444650650024,0.2133544683456421,-0.15000444650650024,0.0,0.0,True,False,inactive_raw_action,raw_action_safe,0,0,0,0,low_risk_verified_passthrough,0,0,0,False,False,False,False,False,False,False,False,True,0.3388477884365396,11.333711785712165,0.0,False,max_steps,,inf,,False,,inf,inf,inf,inf,inf,inf,inf,inf,0.0,{'ROAD_LINE_BROKEN_SINGLE_WHITE'},False,False,,False,False,,0,True,,False,0,0,,inf,inf,inf,inf,False,False,3.86681233161572,inf,2.5148374980666084,False,False,1,-1,,False,False,0.0,11.350951214220393,inf,2.74206715740207,0.0,,False,low_risk_verified,,False,False,0.0,inf,inf,inf,False,0.0,,,
6000,1007,1,145,145,0.21959984302520752,-0.03379148244857788,0.21959984302520752,-0.03379148244857788,0.0,0.0,True,False,inactive_raw_action,raw_action_safe,0,0,0,0,low_risk_verified_passthrough,0,0,0,False,False,False,False,False,False,False,False,True,0.3414189529426791,11.197244237151622,0.0,False,max_steps,,inf,,False,,inf,inf,inf,inf,inf,inf,inf,inf,0.0,{'ROAD_LINE_BROKEN_SINGLE_WHITE'},False,False,,False,False,,0,True,,False,0,0,,inf,inf,inf,inf,False,False,4.344874319495528,inf,2.488881329035336,False,False,1,-1,,False,False,0.0,11.328817020035077,inf,2.667698947901884,0.0,,False,low_risk_verified,,False,False,0.0,inf,inf,inf,False,0.0,,,
6000,1007,1,146,146,-0.7028552293777466,0.2480783462524414,-0.7028552293777466,0.2480783462524414,0.0,0.0,True,False,inactive_raw_action,raw_action_safe,0,0,0,0,low_risk_verified_passthrough,0,0,0,False,False,False,False,False,False,False,False,True,0.3443679768511861,11.00960412461586,0.0,False,max_steps,,inf,,False,,inf,inf,inf,inf,inf,inf,inf,inf,0.0,{'ROAD_LINE_BROKEN_SINGLE_WHITE'},False,False,,False,False,,0,True,,False,0,0,,inf,inf,inf,inf,False,False,4.5284992688068595,inf,0.0,False,False,1,-1,,False,False,0.0,11.434816750991233,inf,2.530851262926365,0.0,,False,low_risk_verified,,False,False,0.0,inf,inf,inf,False,0.0,,,
6000,1007,1,147,147,-0.8366934657096863,0.06890320777893066,-0.8366934657096863,0.06890320777893066,0.0,0.0,True,False,inactive_raw_action,raw_action_safe,0,0,0,0,low_risk_verified_passthrough,0,0,0,False,False,False,False,False,False,False,False,True,0.34716241769946,10.749152970276644,0.0,False,max_steps,,inf,,False,,inf,inf,inf,inf,inf,inf,inf,inf,0.0,set(),False,False,,False,False,,0,True,,False,0,0,,inf,inf,inf,inf,False,False,4.820824324898555,inf,0.0,False,False,1,-1,,False,False,0.0,11.621116726020892,inf,2.254632309220675,0.0,,False,low_risk_verified,,False,False,0.0,inf,inf,inf,False,0.0,,,
6000,1007,1,148,148,-0.9421120285987854,-0.6612306237220764,-0.9421120285987854,-0.6612306237220764,0.0,0.0,True,False,inactive_raw_action,raw_action,0,0,10,10,raw_action_safe_or_candidate_not_better,0,0,0,False,False,False,False,False,False,False,False,True,0.3497587032936712,9.817142117802199,0.0,False,max_steps,,inf,,False,,inf,inf,inf,12.062977401830368,inf,0.9175824117238532,inf,inf,0.0,set(),False,False,,False,False,,0,False,route_deviation_rising,False,0,0,,inf,inf,inf,inf,False,False,5.174079528601678,inf,0.0,False,False,1,0,,False,False,0.0,12.120396607906743,inf,1.9175824117238531,0.0,,False,raw_action_safe_or_candidate_not_better,candidate_not_better,False,False,0.0,12.062977401830368,inf,1.9175824117238531,False,27.268784263652513,,,
6000,1007,1,149,149,-0.9435223340988159,-0.5920737981796265,-0.9435223340988159,-0.5920737981796265,0.0,0.0,True,False,inactive_raw_action,raw_action_safe,0,0,0,0,low_risk_verified_passthrough,0,0,0,False,False,False,False,False,False,False,False,True,0.35208025022966444,8.934377717880839,0.0,False,max_steps,,inf,,False,,inf,inf,inf,inf,inf,inf,inf,inf,0.0,set(),False,False,,False,False,,0,True,,False,0,0,,inf,inf,inf,inf,False,False,7.953854324985531,inf,0.0,False,False,1,-1,,False,False,0.0,12.329679559855114,inf,1.5658829196168456,0.0,,False,low_risk_verified,,False,False,0.0,inf,inf,inf,False,0.0,,,
6000,1007,1,150,150,-0.957566499710083,-0.45014870166778564,-0.957566499710083,-0.45014870166778564,0.0,0.0,True,False,inactive_raw_action,raw_action_safe,0,0,0,0,low_risk_verified_passthrough,0,0,0,False,False,False,False,False,False,False,False,True,0.35415861462583614,8.056009681472496,0.0,False,max_steps,,inf,,False,,inf,inf,inf,inf,inf,inf,inf,inf,0.0,set(),False,False,,False,False,,0,True,,False,0,0,,inf,inf,inf,inf,False,False,17.966928636897123,inf,0.0,False,False,1,-1,,False,False,0.0,12.739209399412042,inf,1.1954893393667754,0.0,,False,low_risk_verified,,False,False,0.0,inf,inf,inf,False,0.0,,,
6000,1007,1,151,151,-0.9599640965461731,-0.614937424659729,-0.9599640965461731,-0.614937424659729,0.0,0.0,True,False,inactive_raw_action,raw_action_safe,0,0,0,0,low_risk_verified_passthrough,0,0,0,False,False,False,False,False,False,False,False,True,0.35601811081600654,7.171300793952746,0.0,False,max_steps,,inf,,False,,inf,inf,inf,inf,inf,inf,inf,inf,0.0,{'ROAD_LINE_BROKEN_SINGLE_WHITE'},False,False,,False,False,,0,True,,False,0,0,,inf,inf,inf,inf,False,False,inf,inf,0.0,False,False,1,-1,,False,False,0.5457754848363519,13.25555344155571,inf,0.9090374191939411,0.0,,False,low_risk_verified,,False,False,0.0,inf,inf,inf,False,0.0,,,
6000,1007,1,152,152,-0.9473394751548767,-0.13966190814971924,-0.9473394751548767,-0.13966190814971924,0.0,0.0,True,False,inactive_raw_action,raw_action,0,0,10,6,raw_action_safe_or_candidate_not_better,0,0,0,False,False,False,False,False,False,False,False,True,0.3576923285152375,6.668448222425269,0.0,False,max_steps,,inf,,False,,inf,inf,inf,13.874122041004966,inf,0.701571027814981,inf,inf,0.0,{'ROAD_LINE_BROKEN_SINGLE_WHITE'},False,False,,False,False,,0,False,boundary_margin_uncertain_or_low,False,0,0,,inf,inf,inf,inf,False,False,inf,inf,0.0,False,False,1,0,,False,False,1.7905738331101135,13.874435008328376,inf,0.701571027814981,0.0,,False,raw_action_safe_or_candidate_not_better,candidate_not_better,False,False,0.34222831474040794,13.896509411099995,inf,0.721246953740908,False,-8.260132045510936,,,
6000,1007,1,153,153,-0.9281119108200073,0.457714319229126,-0.9281119108200073,0.457714319229126,0.0,0.0,True,False,inactive_raw_action,raw_action,0,0,10,6,raw_action_safe_or_candidate_not_better,0,0,0,False,False,False,False,False,False,False,False,True,0.3592749039682514,6.517760401024529,0.0,False,max_steps,,inf,,False,,inf,inf,inf,14.486182713091559,inf,0.46720999831736976,inf,inf,0.0,{'ROAD_LINE_BROKEN_SINGLE_WHITE'},False,False,,False,False,,0,False,boundary_margin_uncertain_or_low,False,0,0,,inf,inf,inf,inf,False,False,inf,inf,0.0,False,False,1,0,,False,False,3.1967400100957817,14.500439916076132,inf,0.46720999831736976,0.0,,False,raw_action_safe_or_candidate_not_better,boundary_margin_insufficient,False,False,0.905661671714558,14.520082849599628,inf,0.4868859242432958,False,-25.497325007039706,,,
6000,1007,1,154,154,-0.8998145461082458,0.8408504724502563,-0.3499999940395355,0.30000001192092896,0.5498145818710327,-0.5408504605293274,True,True,pre_contact_emergency,pre_contact_boundary_recovery,0,0,0,0,boundary_margin_low,0,0,0,False,False,False,False,False,False,False,False,True,0.3608385732354006,6.627790693102412,0.0,False,max_steps,,inf,,False,,inf,inf,inf,inf,inf,inf,inf,inf,0.0,{'ROAD_LINE_BROKEN_SINGLE_WHITE'},True,True,boundary_margin,False,False,,0,False,,False,0,0,,inf,inf,inf,inf,False,False,inf,inf,0.0,True,False,1,0,,False,False,4.126238073841341,15.241797989152513,inf,0.3122936543597765,0.0,,True,boundary_margin_low,,False,False,0.0,inf,inf,inf,False,0.0,,,
6000,1007,1,155,155,-0.8617138862609863,0.7971541881561279,-0.3499999940395355,0.30000001192092896,0.5117138624191284,-0.497154176235199,True,True,pre_contact_emergency,pre_contact_boundary_recovery,0,0,0,0,boundary_margin_low,0,0,0,False,False,False,False,False,False,False,False,True,0.36241948523013884,6.711966894246807,0.0,False,max_steps,,inf,,False,,inf,inf,inf,inf,inf,inf,inf,inf,0.0,{'ROAD_LINE_BROKEN_SINGLE_WHITE'},True,True,boundary_margin,False,False,,0,False,,False,0,0,,inf,inf,inf,inf,False,False,inf,inf,0.0,True,False,1,0,,False,False,4.723052343607311,16.151213147849845,inf,0.21282460939878156,0.0,,True,boundary_margin_low,,False,False,0.0,inf,inf,inf,False,0.0,,,
6000,1007,1,156,156,-0.8651016354560852,0.6572171449661255,-0.3499999940395355,0.30000001192092896,0.5151016712188721,-0.35721713304519653,True,True,pre_contact_emergency,pre_contact_boundary_recovery,0,0,0,0,boundary_margin_low,0,0,0,False,False,False,False,False,False,False,False,True,0.36401767803435325,6.788562917020053,0.0,False,max_steps,,inf,,False,,inf,inf,inf,inf,inf,inf,inf,inf,0.0,{'ROAD_LINE_BROKEN_SINGLE_WHITE'},True,True,predicted_out_of_road_within_2s;boundary_margin,False,False,,0,False,,False,0,0,,inf,inf,inf,inf,False,False,inf,inf,0.0,True,False,1,0,,False,True,2.0,inf,inf,0.14597414254289154,0.0,boundary_margin,True,boundary_margin_low,,False,False,0.0,inf,inf,inf,False,0.0,,,
6000,1007,1,157,157,-0.8212563395500183,0.8824934959411621,-0.3499999940395355,0.30000001192092896,0.4712563455104828,-0.5824934840202332,True,True,pre_contact_emergency,pre_contact_boundary_recovery,0,0,0,0,boundary_margin_low,0,0,0,False,False,False,False,False,False,False,False,True,0.3656326695315404,6.863035920015908,0.0,False,max_steps,,inf,,False,,inf,inf,inf,inf,inf,inf,inf,inf,0.0,{'ROAD_LINE_BROKEN_SINGLE_WHITE'},True,True,predicted_out_of_road_within_2s;boundary_margin,False,False,,0,False,,False,0,0,,inf,inf,inf,inf,False,False,inf,inf,0.0,True,False,1,0,,False,True,2.0,inf,inf,0.05977174302577626,0.0,boundary_margin,True,boundary_margin_low,,False,False,0.0,inf,inf,inf,False,0.0,,,
6000,1007,1,158,158,-0.7741788625717163,0.944544792175293,-0.3499999940395355,0.30000001192092896,0.4241788685321808,-0.644544780254364,True,True,pre_contact_emergency,pre_contact_boundary_recovery,0,0,0,0,boundary_margin_low,0,0,0,False,False,False,False,False,False,False,False,True,0.36726436877770957,6.936867530552332,0.0,False,max_steps,,inf,,False,,inf,inf,inf,inf,inf,inf,inf,inf,0.0,{'ROAD_LINE_BROKEN_SINGLE_WHITE'},True,True,predicted_out_of_road_within_2s;boundary_margin,False,False,,0,False,,False,0,0,,inf,inf,inf,inf,False,False,inf,inf,0.0,True,False,1,0,,False,True,3.0,inf,inf,-0.03329342780999345,0.0,boundary_invalid,True,boundary_margin_low,,False,False,0.0,inf,inf,inf,False,0.0,,,
6000,1007,1,159,159,-0.7537634372711182,0.953891396522522,-0.3499999940395355,0.30000001192092896,0.40376344323158264,-0.653891384601593,True,True,pre_contact_emergency,pre_contact_boundary_recovery,0,0,0,0,boundary_margin_low,0,0,0,False,False,False,False,False,False,False,False,True,0.3689129976889476,7.010371839063141,0.0,False,max_steps,,inf,,False,,inf,inf,inf,inf,inf,inf,inf,inf,0.0,{'ROAD_LINE_BROKEN_SINGLE_WHITE'},True,True,predicted_out_of_road_within_2s;boundary_margin,False,False,,0,False,,False,0,0,,inf,inf,inf,inf,False,False,inf,inf,0.0,True,False,1,0,,False,True,3.0,inf,inf,-0.08196397092231877,0.0,boundary_invalid,True,boundary_margin_low,,False,False,0.0,inf,inf,inf,False,0.0,,,
6000,1007,1,160,160,-0.7811339497566223,0.8902187347412109,-0.3499999940395355,0.30000001192092896,0.4311339557170868,-0.590218722820282,True,True,pre_contact_emergency,pre_contact_boundary_recovery,0,0,0,0,boundary_margin_low,0,0,0,False,False,False,False,False,False,False,False,True,0.37057879587612613,7.083508799573043,0.0,False,max_steps,,inf,,False,,inf,inf,inf,inf,inf,inf,inf,inf,0.0,{'ROAD_LINE_BROKEN_SINGLE_WHITE'},True,True,predicted_out_of_road_within_2s;boundary_margin,False,False,,0,False,,False,0,0,,inf,inf,inf,inf,False,False,inf,inf,0.0,True,False,1,0,,False,True,3.0,inf,inf,-0.08457828570729431,0.0,boundary_invalid,True,boundary_margin_low,,False,False,0.0,inf,inf,inf,False,0.0,,,
6000,1007,1,161,161,-0.8218961358070374,0.8202030658721924,-0.3499999940395355,0.30000001192092896,0.47189614176750183,-0.5202030539512634,True,True,pre_contact_emergency,pre_contact_boundary_recovery,0,0,0,0,boundary_margin_low,0,0,0,False,False,False,False,False,False,False,False,True,0.3722621288064197,7.15617423430345,0.0,False,max_steps,,inf,,False,,inf,inf,inf,inf,inf,inf,inf,inf,0.0,{'ROAD_LINE_BROKEN_SINGLE_WHITE'},True,True,predicted_out_of_road_within_2s;boundary_margin,False,False,,0,False,,False,0,0,,inf,inf,inf,inf,False,False,inf,inf,0.0,True,False,1,0,,False,True,3.0,inf,inf,-0.05481742610015483,0.0,boundary_invalid,True,boundary_margin_low,,False,False,0.0,inf,inf,inf,False,0.0,,,
6000,1007,1,162,162,-0.6885724663734436,0.9076390266418457,-0.3499999940395355,0.30000001192092896,0.3385724723339081,-0.6076390147209167,True,True,pre_contact_emergency,pre_contact_boundary_recovery,0,0,0,0,boundary_margin_low,0,0,0,False,False,False,False,False,False,False,False,True,0.3739631931507416,7.228336049808632,0.0,False,max_steps,,inf,,False,,inf,inf,inf,inf,inf,inf,inf,inf,0.0,{'ROAD_LINE_BROKEN_SINGLE_WHITE'},True,True,predicted_out_of_road_within_2s;boundary_margin,False,False,,0,False,,False,0,0,,inf,inf,inf,inf,False,False,inf,inf,0.0,True,False,1,0,,False,True,3.0,inf,inf,-0.07704381413956107,0.0,boundary_invalid,True,boundary_margin_low,,False,False,0.0,inf,inf,inf,False,0.0,,,
6000,1007,1,163,163,-0.6908257603645325,0.8972101211547852,-0.3499999940395355,0.30000001192092896,0.34082576632499695,-0.5972101092338562,True,True,pre_contact_emergency,pre_contact_boundary_recovery,0,0,0,0,boundary_margin_low,0,0,0,False,False,False,False,False,False,False,False,True,0.3756823277540058,7.299996237993047,0.0,False,max_steps,,inf,,False,,inf,inf,inf,inf,inf,inf,inf,inf,0.0,{'ROAD_LINE_BROKEN_SINGLE_WHITE'},True,True,predicted_out_of_road_within_2s;boundary_margin,False,False,,0,False,,False,0,0,,inf,inf,inf,inf,False,False,inf,inf,0.0,True,False,1,0,,False,True,3.0,inf,inf,-0.05025481506942131,0.0,boundary_invalid,True,boundary_margin_low,,False,False,0.0,inf,inf,inf,False,0.0,,,
6000,1007,1,164,164,-0.6180757284164429,0.9502032995223999,-0.3499999940395355,0.30000001192092896,0.26807573437690735,-0.650203287601471,True,True,pre_contact_emergency,pre_contact_boundary_recovery,0,0,0,0,boundary_margin_low,0,0,0,False,False,False,False,False,False,False,False,True,0.3774199039157516,7.371166522104214,0.0,False,max_steps,,inf,,False,,inf,inf,inf,inf,inf,inf,inf,inf,0.0,set(),True,True,predicted_out_of_road_within_2s;boundary_margin,False,False,,0,False,,False,0,0,,inf,inf,inf,inf,False,False,inf,inf,0.0,True,False,1,0,,False,True,2.0,inf,inf,0.02693034428914798,0.0,boundary_margin,True,boundary_margin_low,,False,False,0.0,inf,inf,inf,False,0.0,,,
6000,1007,1,165,165,-0.6252649426460266,0.9194533824920654,-0.3499999940395355,0.30000001192092896,0.2752649486064911,-0.6194533705711365,True,True,pre_contact_emergency,pre_contact_boundary_recovery,0,0,0,0,boundary_margin_low,0,0,0,False,False,False,False,False,False,False,False,True,0.3791762319493851,7.441849451542613,0.0,False,max_steps,,inf,,False,,inf,inf,inf,inf,inf,inf,inf,inf,0.0,set(),True,True,boundary_margin,False,False,,0,False,,False,0,0,,inf,inf,inf,inf,False,False,inf,inf,0.0,True,False,1,0,,False,False,5.066121000967431,28.147830098704734,inf,0.15564649983876144,0.0,,True,boundary_margin_low,,False,False,0.0,inf,inf,inf,False,0.0,,,
6000,1007,1,166,166,-0.560703694820404,0.9448015689849854,-0.3499999940395355,0.30000001192092896,0.21070370078086853,-0.6448015570640564,True,True,pre_contact_emergency,pre_contact_boundary_recovery,0,0,0,0,boundary_margin_low,0,0,0,False,False,False,False,False,False,False,False,True,0.38095181162259306,7.512036967470437,0.0,False,max_steps,,inf,,False,,inf,inf,inf,inf,inf,inf,inf,inf,0.0,set(),True,True,boundary_margin,False,False,,0,False,,False,0,0,,inf,inf,inf,inf,False,False,inf,inf,0.0,True,False,1,0,,False,False,4.4380382128923435,29.599767809393512,inf,0.2603269645179427,0.0,,True,boundary_margin_low,,False,False,0.0,inf,inf,inf,False,0.0,,,
6000,1007,1,167,167,-0.5021486878395081,0.9528424739837646,-0.5021486878395081,0.9528424739837646,0.0,0.0,True,False,inactive_raw_action,raw_action,0,0,10,6,raw_action_safe_or_candidate_not_better,0,0,0,False,False,False,False,False,False,False,False,True,0.38274816417739804,7.636644240037698,0.0,False,max_steps,,inf,,False,,inf,inf,inf,30.883536468925058,inf,0.4063048591614177,inf,inf,0.0,set(),False,False,,False,False,,0,False,boundary_margin_uncertain_or_low,False,0,0,,inf,inf,inf,inf,False,False,inf,inf,0.0,False,False,1,0,,False,False,3.5621708450314933,31.09395863855392,inf,0.4063048591614177,0.0,,False,raw_action_safe_or_candidate_not_better,boundary_margin_insufficient,False,False,1.0883770891824138,31.106978586825804,inf,0.4259807850873437,False,-34.554853124412574,,,
6000,1007,1,168,168,-0.4178413152694702,0.981881856918335,-0.4178413152694702,0.981881856918335,0.0,0.0,True,False,inactive_raw_action,raw_action,0,0,10,6,raw_action_safe_or_candidate_not_better,0,0,0,False,False,False,False,False,False,False,False,True,0.38457724495020823,7.873041731611273,0.0,False,max_steps,,inf,,False,,inf,inf,inf,32.41101900126082,inf,0.5896229972839763,inf,inf,0.0,set(),False,False,,False,False,,0,False,boundary_margin_uncertain_or_low,False,0,0,,inf,inf,inf,inf,False,False,inf,inf,0.0,False,False,1,0,,False,False,2.462262016296142,32.62330012265468,inf,0.5896229972839763,0.0,,False,raw_action_safe_or_candidate_not_better,candidate_not_better,False,False,0.5832341734567259,32.63617352514592,inf,0.6092989232099023,False,-26.02879410400511,,,
6000,1007,1,169,169,-0.3346976041793823,0.9779152870178223,-0.3346976041793823,0.9779152870178223,0.0,0.0,True,False,inactive_raw_action,raw_action,0,0,10,6,raw_action_safe_or_candidate_not_better,0,0,0,False,False,False,False,False,False,False,False,True,0.38646936476967664,8.171626827867277,0.0,False,max_steps,,inf,,False,,inf,inf,inf,33.282137677635,inf,0.8418140640259196,inf,inf,0.0,{'ROAD_LINE_BROKEN_SINGLE_WHITE'},False,False,,False,False,,0,False,route_deviation_rising,False,0,0,,inf,inf,inf,inf,False,False,inf,inf,0.0,False,False,1,0,,False,False,0.9491156158444825,33.282137677635,inf,0.8418140640259196,0.0,,False,raw_action_safe_or_candidate_not_better,candidate_not_better,False,False,0.11227890396112056,33.30808816169382,inf,0.8614899899518457,False,-18.404931190198646,,,
6000,1007,1,170,170,0.04565095901489258,0.9965444803237915,0.04565095901489258,0.9965444803237915,0.0,0.0,True,False,inactive_raw_action,raw_action,0,0,10,7,raw_action_safe_or_candidate_not_better,0,0,0,False,False,False,False,False,False,False,False,True,0.3882407872750219,8.35625528999818,0.0,False,max_steps,,inf,,False,,inf,inf,inf,32.36219991351462,inf,1.1600566139221598,inf,inf,0.0,{'ROAD_LINE_BROKEN_SINGLE_WHITE'},False,False,,False,False,,0,False,boundary_closing,False,0,0,,inf,inf,inf,inf,False,False,inf,inf,0.3730426014039657,False,False,1,0,,False,False,0.0,32.36219991351462,inf,1.1600566139221598,0.0,,False,raw_action_safe_or_candidate_not_better,candidate_not_better,False,False,0.0,32.39723863706875,inf,1.1797325398480858,False,-15.067367672257753,,,
6000,1007,1,171,171,0.21530985832214355,0.9951061010360718,0.21530985832214355,0.9951061010360718,0.0,0.0,True,False,inactive_raw_action,raw_action,0,0,10,10,raw_action_safe_or_candidate_not_better,0,0,0,False,False,False,False,False,False,False,False,True,0.3900661896950202,8.491072044429634,0.0,False,max_steps,,inf,,False,,inf,inf,inf,31.907543553316685,inf,0.5215711822510173,inf,inf,0.0,{'ROAD_LINE_BROKEN_SINGLE_WHITE'},False,False,,False,False,,0,False,route_deviation_rising,False,0,0,,inf,inf,inf,inf,False,False,1888.8832358515958,inf,1.7991841425931705,False,False,1,0,,False,False,0.0,31.926021070876374,inf,1.5215711822510172,0.0,,False,raw_action_safe_or_candidate_not_better,candidate_not_better,False,False,0.0,31.97116347718012,inf,1.5412471081769428,False,-13.148610205446332,,,
6000,1007,1,172,172,0.3116281032562256,0.9876929521560669,0.3116281032562256,0.9876929521560669,0.0,0.0,True,False,inactive_raw_action,raw_action,0,0,10,10,raw_action_safe_or_candidate_not_better,0,0,0,False,False,False,False,False,False,False,False,True,0.39195357721429336,8.60946091810047,0.0,False,max_steps,,inf,,False,,inf,inf,inf,31.635711765327883,inf,0.8771810760498454,inf,inf,0.0,{'ROAD_LINE_BROKEN_SINGLE_WHITE'},False,False,,False,False,,0,False,route_deviation_rising,False,0,0,,inf,inf,inf,inf,False,False,270.76008143150693,inf,2.6460566758175683,False,False,1,0,,False,False,0.0,31.663930659406653,inf,1.8771810760498453,0.0,,False,raw_action_safe_or_candidate_not_better,candidate_not_better,False,False,0.0,31.718982867543488,inf,1.896857001975771,False,-12.348647813822993,,,
6000,1007,1,173,173,0.3844020366668701,0.9804158210754395,0.3844020366668701,0.9804158210754395,0.0,0.0,True,False,inactive_raw_action,raw_action_safe,0,0,0,0,low_risk_verified_passthrough,0,0,0,False,False,False,False,False,False,False,False,True,0.39390845798739793,8.720165063816177,0.0,False,max_steps,,inf,,False,,inf,inf,inf,inf,inf,inf,inf,inf,0.0,{'ROAD_LINE_BROKEN_SINGLE_WHITE'},False,False,,False,False,,0,True,,False,0,0,,inf,inf,inf,inf,False,False,155.08274751118995,inf,3.309494311521642,False,False,1,-1,,False,False,0.0,31.426676269447483,inf,2.2074833145142008,0.0,,False,low_risk_verified,,False,False,0.0,inf,inf,inf,False,0.0,,,
6000,1007,1,174,174,0.3701896667480469,0.9877133369445801,0.3701896667480469,0.9877133369445801,0.0,0.0,True,False,inactive_raw_action,raw_action_safe,0,0,0,0,low_risk_verified_passthrough,0,0,0,False,False,False,False,False,False,False,False,True,0.3959319336452451,8.870364961791477,0.0,False,max_steps,,inf,,False,,inf,inf,inf,inf,inf,inf,inf,inf,0.0,{'ROAD_LINE_BROKEN_SINGLE_WHITE'},False,False,,False,False,,0,True,,False,0,0,,inf,inf,inf,inf,False,False,112.39030905086932,inf,3.2281149989620714,False,False,1,-1,,False,False,0.0,31.0788618397349,inf,2.4980635871887613,0.0,,False,low_risk_verified,,False,False,0.0,inf,inf,inf,False,0.0,,,
6000,1007,1,175,175,0.29643118381500244,0.9909045696258545,0.29643118381500244,0.9909045696258545,0.0,0.0,True,False,inactive_raw_action,raw_action_safe,0,0,0,0,low_risk_verified_passthrough,0,0,0,False,False,False,False,False,False,False,False,True,0.3980330008402771,9.137230273022732,0.0,False,max_steps,,inf,,False,,inf,inf,inf,inf,inf,inf,inf,inf,0.0,{'ROAD_LINE_BROKEN_SINGLE_WHITE'},False,False,,False,False,,0,True,,False,0,0,,inf,inf,inf,inf,False,False,82.70325350969173,inf,2.6294527864949666,False,False,1,-1,,False,False,0.0,30.613694258315093,inf,2.7395286788940836,0.0,,False,low_risk_verified,,False,False,0.0,inf,inf,inf,False,0.0,,,
6000,1007,1,176,176,0.1918700933456421,0.991279125213623,0.1918700933456421,0.991279125213623,0.0,0.0,True,False,inactive_raw_action,raw_action_safe,0,0,0,0,low_risk_verified_passthrough,0,0,0,False,False,False,False,False,False,False,False,True,0.400222896207789,9.452419622967309,0.0,False,max_steps,,inf,,False,,inf,inf,inf,inf,inf,inf,inf,inf,0.0,set(),False,False,,False,False,,0,True,,False,0,0,,inf,inf,inf,inf,False,False,56.48761306371814,inf,1.7531612254054985,False,False,1,-1,,False,False,0.0,29.785789109691436,inf,2.924957298278849,0.0,,False,low_risk_verified,,False,False,0.0,inf,inf,inf,False,0.0,,,
6000,1007,1,177,177,0.09216499328613281,0.9879820346832275,0.09216499328613281,0.9879820346832275,0.0,0.0,True,False,inactive_raw_action,raw_action_safe,0,0,0,0,low_risk_verified_passthrough,0,0,0,False,False,False,False,False,False,False,False,True,0.4024960014301332,9.763423756326715,0.0,False,max_steps,,inf,,False,,inf,inf,inf,inf,inf,inf,inf,inf,0.0,set(),False,False,,False,False,,0,True,,False,0,0,,inf,inf,inf,inf,False,False,41.27822653754328,inf,0.871182191088492,False,False,1,-1,,False,False,0.0,28.801273899781933,inf,3.0630450477600504,0.0,,False,low_risk_verified,,False,False,0.0,inf,inf,inf,False,0.0,,,
6000,1007,1,178,178,0.028461694717407227,0.9810624122619629,0.028461694717407227,0.9810624122619629,0.0,0.0,True,False,inactive_raw_action,raw_action_safe,0,0,0,0,low_risk_verified_passthrough,0,0,0,False,False,False,False,False,False,False,False,True,0.4048455231166902,10.063988376102667,0.0,False,max_steps,,inf,,False,,inf,inf,inf,inf,inf,inf,inf,inf,0.0,set(),False,False,,False,False,,0,True,,False,0,0,,inf,inf,inf,inf,False,False,32.57620995862341,inf,0.27788358634925225,False,False,1,-1,,False,False,0.0,27.820633440343585,inf,3.1784773101807047,0.0,,False,low_risk_verified,,False,False,0.0,inf,inf,inf,False,0.0,,,
6000,1007,1,179,179,-0.02134263515472412,0.9630722999572754,-0.02134263515472412,0.9630722999572754,0.0,0.0,True,False,inactive_raw_action,raw_action_safe,0,0,0,0,low_risk_verified_passthrough,0,0,0,False,False,False,False,False,False,False,False,True,0.40726617343908583,10.353953278636546,0.0,False,max_steps,,inf,,False,,inf,inf,inf,inf,inf,inf,inf,inf,0.0,set(),False,False,,False,False,,0,True,,False,0,0,,inf,inf,inf,inf,False,False,26.97034670735117,inf,0.0,False,False,1,-1,,False,False,0.0,26.920761406257938,inf,3.2872622241974283,0.0,,False,low_risk_verified,,False,False,0.0,inf,inf,inf,False,0.0,,,
6000,1007,1,180,180,-0.036013782024383545,0.9304938316345215,-0.036013782024383545,0.9304938316345215,0.0,0.0,True,False,inactive_raw_action,raw_action_safe,0,0,0,0,low_risk_verified_passthrough,0,0,0,False,False,False,False,False,False,False,False,True,0.40975354587367485,10.634698141927771,0.0,False,max_steps,,inf,,False,,inf,inf,inf,inf,inf,inf,inf,inf,0.0,set(),False,False,,False,False,,0,True,,False,0,0,,inf,inf,inf,inf,False,False,23.04784626620892,inf,0.0,False,False,1,-1,,False,False,0.0,26.130778034821844,inf,3.3996825447082926,0.0,,False,low_risk_verified,,False,False,0.0,inf,inf,inf,False,0.0,,,
6000,1007,1,181,181,-0.021412372589111328,0.9068222045898438,-0.021412372589111328,0.9068222045898438,0.0,0.0,True,False,inactive_raw_action,raw_action_safe,0,0,0,0,low_risk_verified_passthrough,0,0,0,False,False,False,False,False,False,False,False,True,0.41230573092687783,10.910286885344131,0.0,False,max_steps,,inf,,False,,inf,inf,inf,inf,inf,inf,inf,inf,0.0,set(),False,False,,False,False,,0,True,,False,0,0,,inf,inf,inf,inf,False,False,20.132359727570503,inf,0.0,False,False,1,-1,,False,False,0.0,25.278237150280248,inf,3.5232036342621256,0.0,,False,low_risk_verified,,False,False,0.0,inf,inf,inf,False,0.0,,,
6000,1007,1,182,182,0.023927927017211914,0.903053879737854,0.023927927017211914,0.903053879737854,0.0,0.0,True,False,inactive_raw_action,raw_action_safe,0,0,0,0,low_risk_verified_passthrough,0,0,0,False,False,False,False,False,False,False,False,True,0.4149237200665148,11.182086974647904,0.0,False,max_steps,,inf,,False,,inf,inf,inf,inf,inf,inf,inf,inf,0.0,set(),False,False,,False,False,,0,True,,False,0,0,,inf,inf,inf,inf,False,False,17.859833913806014,inf,0.26106054832935865,False,False,1,-1,,False,False,0.0,24.272328938277134,inf,3.657343648910563,0.0,,False,low_risk_verified,,False,False,0.0,inf,inf,inf,False,0.0,,,
6000,1007,1,183,183,0.05164039134979248,0.8743515014648438,0.05164039134979248,0.8743515014648438,0.0,0.0,True,False,inactive_raw_action,raw_action_safe,0,0,0,0,low_risk_verified_passthrough,0,0,0,False,False,False,False,False,False,False,False,True,0.4176097899964692,11.44311143432255,0.0,False,max_steps,,inf,,False,,inf,inf,inf,inf,inf,inf,inf,inf,0.0,set(),False,False,,False,False,,0,True,,False,0,0,,inf,inf,inf,inf,False,False,16.050248951300453,inf,0.0,False,False,1,-1,,False,False,0.0,23.43392598693029,inf,3.654126905441243,0.0,,False,low_risk_verified,,False,False,0.0,inf,inf,inf,False,0.0,,,
6000,1007,1,184,184,0.057816267013549805,0.8600200414657593,0.057816267013549805,0.8600200414657593,0.0,0.0,True,False,inactive_raw_action,raw_action_safe,0,0,0,0,low_risk_verified_passthrough,0,0,0,False,False,False,False,False,False,False,False,True,0.4203630226909815,11.70140926619689,0.0,False,max_steps,,inf,,False,,inf,inf,inf,inf,inf,inf,inf,inf,0.0,set(),False,False,,False,False,,0,True,,False,0,0,,inf,inf,inf,inf,False,False,14.627087553464337,inf,0.0,False,False,1,-1,,False,False,0.0,22.496039152362684,inf,3.527272247314412,0.0,,False,low_risk_verified,,False,False,0.0,inf,inf,inf,False,0.0,,,
6000,1007,1,185,185,0.03774547576904297,0.862069845199585,0.03774547576904297,0.862069845199585,0.0,0.0,True,False,inactive_raw_action,raw_action_safe,0,0,0,0,low_risk_verified_passthrough,0,0,0,False,False,False,False,False,False,False,False,True,0.4231821329139887,11.963653411932905,0.0,False,max_steps,,inf,,False,,inf,inf,inf,inf,inf,inf,inf,inf,0.0,set(),False,False,,False,False,,0,True,,False,0,0,,inf,inf,inf,inf,False,False,13.446758680969024,inf,0.0,False,False,1,-1,,False,False,0.0,21.420017728751205,inf,3.4161827793120927,0.0,,False,low_risk_verified,,False,False,0.0,inf,inf,inf,False,0.0,,,
6000,1007,1,186,186,0.0007517337799072266,0.8350803852081299,0.0007517337799072266,0.8350803852081299,0.0,0.0,True,False,inactive_raw_action,raw_action_safe,0,0,0,0,low_risk_verified_passthrough,0,0,0,False,False,False,False,False,False,False,False,True,0.42606513772985033,12.217179621821623,0.0,False,max_steps,,inf,,False,,inf,inf,inf,inf,inf,inf,inf,inf,0.0,set(),False,False,,False,False,,0,True,,False,0,0,,inf,inf,inf,inf,False,False,12.415587879215032,inf,0.0,False,False,1,-1,,False,False,0.0,20.515625136268547,inf,3.319963478088338,0.0,,False,low_risk_verified,,False,False,0.0,inf,inf,inf,False,0.0,,,
6000,1007,1,187,187,-0.029127895832061768,0.7714382410049438,-0.029127895832061768,0.7714382410049438,0.0,0.0,True,False,inactive_raw_action,raw_action_safe,0,0,0,0,low_risk_verified_passthrough,0,0,0,False,False,False,False,False,False,False,False,True,0.42900700635740496,12.44896392464492,0.0,False,max_steps,,inf,,False,,inf,inf,inf,inf,inf,inf,inf,inf,0.0,set(),False,False,,False,False,,0,True,,False,0,0,,inf,inf,inf,inf,False,False,7.074127961316734,inf,0.35586073538600804,False,False,1,-1,,False,False,0.0,19.945631764833244,inf,3.229523920059163,0.0,,False,low_risk_verified,,False,False,0.0,inf,inf,inf,False,0.0,,,
6000,1007,1,188,188,-0.03918814659118652,0.6480555534362793,-0.03918814659118652,0.6480555534362793,0.0,0.0,True,False,inactive_raw_action,raw_action_safe,0,0,0,0,low_risk_verified_passthrough,0,0,0,False,False,False,False,False,False,False,False,True,0.4320000641013039,12.64368160202083,0.0,False,max_steps,,inf,,False,,inf,inf,inf,inf,inf,inf,inf,inf,0.0,set(),False,False,,False,False,,0,True,,False,0,0,,inf,inf,inf,inf,False,False,6.970120944800899,inf,0.4878518231873778,False,False,1,-1,,False,False,0.0,19.938421763152185,inf,3.1331038703918046,0.0,,False,low_risk_verified,,False,False,0.0,inf,inf,inf,False,0.0,,,
6000,1007,1,189,189,0.005202651023864746,0.6627289056777954,0.005202651023864746,0.6627289056777954,0.0,0.0,True,False,inactive_raw_action,raw_action_safe,0,0,0,0,low_risk_verified_passthrough,0,0,0,False,False,False,False,False,False,False,False,True,0.43503858248080857,12.844232952413119,0.0,False,max_steps,,inf,,False,,inf,inf,inf,inf,inf,inf,inf,inf,0.0,{'ROAD_LINE_BROKEN_SINGLE_WHITE'},False,False,,False,False,,0,True,,False,0,0,,inf,inf,inf,inf,False,False,6.891258571686888,inf,0.0,False,False,1,-1,,False,False,0.0,18.836727415136686,inf,3.022464059829671,0.0,,False,low_risk_verified,,False,False,0.0,inf,inf,inf,False,0.0,,,
6000,1007,1,190,190,0.06390500068664551,0.6365182399749756,0.06390500068664551,0.6365182399749756,0.0,0.0,True,False,inactive_raw_action,raw_action_safe,0,0,0,0,low_risk_verified_passthrough,0,0,0,False,False,False,False,False,False,False,False,True,0.43812616015689576,13.02511717830817,0.0,False,max_steps,,inf,,False,,inf,inf,inf,inf,inf,inf,inf,inf,0.0,{'ROAD_LINE_BROKEN_SINGLE_WHITE'},False,False,,False,False,,0,True,,False,0,0,,inf,inf,inf,inf,False,False,6.806495145286763,inf,0.0,False,False,1,-1,,False,False,0.0,18.0893799137409,inf,2.9015455474853105,0.0,,False,low_risk_verified,,False,False,0.0,inf,inf,inf,False,0.0,,,
6000,1007,1,191,191,0.0843660831451416,0.5437119007110596,0.0843660831451416,0.5437119007110596,0.0,0.0,True,False,inactive_raw_action,raw_action_safe,0,0,0,0,low_risk_verified_passthrough,0,0,0,False,False,False,False,False,False,False,False,True,0.4412614384514415,13.179953526657316,0.0,False,max_steps,,inf,,False,,inf,inf,inf,inf,inf,inf,inf,inf,0.0,{'ROAD_LINE_BROKEN_SINGLE_WHITE'},False,False,,False,False,,0,True,,False,0,0,,inf,inf,inf,inf,False,False,6.746309397359644,inf,0.0,False,False,1,-1,,False,False,0.0,18.006528817891336,inf,2.7905795803069657,0.0,,False,low_risk_verified,,False,False,0.0,inf,inf,inf,False,0.0,,,
6000,1007,1,192,192,0.04390513896942139,0.5777338743209839,0.04390513896942139,0.5777338743209839,0.0,0.0,True,False,inactive_raw_action,raw_action_safe,0,0,0,0,low_risk_verified_passthrough,0,0,0,False,False,False,False,False,False,False,False,True,0.44443942330431474,13.35674976550358,0.0,False,max_steps,,inf,,False,,inf,inf,inf,inf,inf,inf,inf,inf,0.0,{'ROAD_LINE_BROKEN_SINGLE_WHITE'},False,False,,False,False,,0,True,,False,0,0,,inf,inf,inf,inf,False,False,6.717096526191178,inf,0.0,False,False,1,-1,,False,False,0.0,16.78621465525177,inf,2.708419584274251,0.0,,False,low_risk_verified,,False,False,0.0,inf,inf,inf,False,0.0,,,
6000,1007,1,193,193,-0.024648427963256836,0.5662350654602051,-0.024648427963256836,0.5662350654602051,0.0,0.0,True,False,inactive_raw_action,raw_action_safe,0,0,0,0,low_risk_verified_passthrough,0,0,0,False,False,False,False,False,False,False,False,True,0.4476597475052117,13.523850594590082,0.0,False,max_steps,,inf,,False,,inf,inf,inf,inf,inf,inf,inf,inf,0.0,{'ROAD_LINE_BROKEN_SINGLE_WHITE'},False,False,,False,False,,0,True,,False,0,0,,inf,inf,inf,inf,False,False,6.669202772266278,inf,0.32922288441826264,False,False,1,-1,,False,False,0.0,15.908427573571105,inf,2.655349992752034,0.0,,False,low_risk_verified,,False,False,0.0,inf,inf,inf,False,0.0,,,
6000,1007,1,194,194,-0.07068675756454468,0.3739888668060303,-0.07068675756454468,0.3739888668060303,0.0,0.0,True,False,inactive_raw_action,raw_action_safe,0,0,0,0,low_risk_verified_passthrough,0,0,0,False,False,False,False,False,False,False,False,True,0.4509147363587837,13.62495213591797,0.0,False,max_steps,,inf,,False,,inf,inf,inf,inf,inf,inf,inf,inf,0.0,{'ROAD_LINE_BROKEN_SINGLE_WHITE'},False,False,,False,False,,0,True,,False,0,0,,inf,inf,inf,inf,False,False,6.6210361079194575,inf,0.9559571483189124,False,False,1,-1,,False,False,0.0,16.87106685584009,inf,2.6104295482635087,0.0,,False,low_risk_verified,,False,False,0.0,inf,inf,inf,False,0.0,,,
6000,1007,1,195,195,-0.04618990421295166,0.24539148807525635,-0.04618990421295166,0.24539148807525635,0.0,0.0,True,False,inactive_raw_action,raw_action_safe,0,0,0,0,low_risk_verified_passthrough,0,0,0,False,False,False,False,False,False,False,False,True,0.45418988505803226,13.699039831994472,0.0,False,max_steps,,inf,,False,,inf,inf,inf,inf,inf,inf,inf,inf,0.0,{'ROAD_LINE_BROKEN_SINGLE_WHITE'},False,False,,False,False,,0,True,,False,0,0,,inf,inf,inf,inf,False,False,6.618744874937258,inf,0.6293352340641022,False,False,1,-1,,False,False,0.0,17.521258504258924,inf,2.548336767196614,0.0,,False,low_risk_verified,,False,False,0.0,inf,inf,inf,False,0.0,,,
6000,1007,1,196,196,0.026911139488220215,0.3270244598388672,0.026911139488220215,0.3270244598388672,0.0,0.0,True,False,inactive_raw_action,raw_action_safe,0,0,0,0,low_risk_verified_passthrough,0,0,0,False,False,False,False,False,False,False,False,True,0.45748258640980055,13.792757438372808,0.0,False,max_steps,,inf,,False,,inf,inf,inf,inf,inf,inf,inf,inf,0.0,{'ROAD_LINE_BROKEN_SINGLE_WHITE'},False,False,,False,False,,0,True,,False,0,0,,inf,inf,inf,inf,False,False,6.6329918994231765,inf,0.0,False,False,1,-1,,False,False,0.0,15.863442981326584,inf,2.4591906299590653,0.0,,False,low_risk_verified,,False,False,0.0,inf,inf,inf,False,0.0,,,
6000,1007,1,197,197,0.08667099475860596,0.25559449195861816,0.08667099475860596,0.25559449195861816,0.0,0.0,True,False,inactive_raw_action,raw_action_safe,0,0,0,0,low_risk_verified_passthrough,0,0,0,False,False,False,False,False,False,False,False,True,0.46079816496349324,13.84968502590572,0.0,False,max_steps,,inf,,False,,inf,inf,inf,inf,inf,inf,inf,inf,0.0,{'ROAD_LINE_BROKEN_SINGLE_WHITE'},False,False,,False,False,,0,True,,False,0,0,,inf,inf,inf,inf,False,False,6.633498218148871,inf,0.0,False,False,1,-1,,False,False,0.0,15.91236921439309,inf,2.3606031169890946,0.0,,False,low_risk_verified,,False,False,0.0,inf,inf,inf,False,0.0,,,
6000,1007,1,198,198,0.07846736907958984,0.15005719661712646,0.07846736907958984,0.15005719661712646,0.0,0.0,True,False,inactive_raw_action,raw_action_safe,0,0,0,0,low_risk_verified_passthrough,0,0,0,False,False,False,False,False,False,False,False,True,0.46413118600661457,13.889314270511166,0.0,False,max_steps,,inf,,False,,inf,inf,inf,inf,inf,inf,inf,inf,0.0,{'ROAD_LINE_BROKEN_SINGLE_WHITE'},False,False,,False,False,,0,True,,False,0,0,,inf,inf,inf,inf,False,False,6.678524509789277,inf,0.0,False,False,1,-1,,False,False,0.0,16.466618091081394,inf,2.2812078227996415,0.0,,False,low_risk_verified,,False,False,0.0,inf,inf,inf,False,0.0,,,
6000,1007,1,199,199,0.014786005020141602,0.17733514308929443,0.014786005020141602,0.17733514308929443,0.0,0.0,True,False,inactive_raw_action,raw_action_safe,0,0,0,0,low_risk_verified_passthrough,0,0,0,False,False,False,False,False,False,False,False,True,0.46747632498976005,13.944285245889585,0.0,False,max_steps,,inf,,False,,inf,inf,inf,inf,inf,inf,inf,inf,0.0,{'ROAD_LINE_BROKEN_SINGLE_WHITE'},False,False,,False,False,,0,True,,False,0,0,,inf,inf,inf,inf,False,False,6.747453868187379,inf,0.0,False,False,1,-1,,False,False,0.0,15.491190004635618,inf,2.2390485038756913,0.0,,False,low_risk_verified,,False,False,0.0,inf,inf,inf,False,0.0,,,
6000,1007,1,200,200,0.13701820373535156,0.7380406856536865,0.027709471061825752,0.18000000715255737,-0.10930873453617096,-0.5580406785011292,True,True,predictive_recovery,left_pass,-0.5006742477417401,13.944285245889585,10,7,,0,0,0,False,False,False,False,False,False,False,False,True,0.4708346101017801,13.997963033296292,0.0,False,max_steps,,inf,,False,,inf,inf,inf,16.819117727744107,inf,1.2233257522582597,-0.7072244158201073,-2.165603530036078,0.11330565774474927,{'ROAD_LINE_BROKEN_SINGLE_WHITE'},True,True,raw_collision_risk:cut_in_danger,True,False,left,12,False,raw_predicted_collision,False,0,0,,inf,inf,inf,inf,False,False,6.796867984651009,inf,0.0,True,False,1,0,,True,False,0.0,9.213569807885536,inf,2.2233257522582597,0.0,cut_in_danger,True,raw_collision_risk:cut_in_danger,,False,False,0.0,16.819117727744107,inf,2.2430016781841853,False,-22.279570290460455,,,
6000,1007,1,201,201,0.12905967235565186,0.6422162055969238,0.016109026968479156,0.18000000715255737,-0.1129506453871727,-0.46221619844436646,True,True,predictive_recovery,left_slow_follow,0.0,8.398777819977775,10,5,,0,0,0,False,False,False,False,False,False,False,False,True,0.47420585773752305,14.052745681444698,0.0,False,max_steps,vehicle,48.28045654296875,dynamic_vehicle,True,,inf,inf,inf,9.953160234901793,inf,0.5523499081929116,23.299181145446383,0.37482644157935074,0.0,{'ROAD_LINE_BROKEN_SINGLE_WHITE'},True,True,raw_collision_risk:cut_in_danger,True,False,left,12,False,raw_predicted_collision,False,0,0,,inf,inf,inf,inf,False,False,6.755208302148038,inf,0.0,True,False,1,0,,True,False,0.0,9.321689586498517,inf,2.219016574859578,0.0,cut_in_danger,True,raw_collision_risk:cut_in_danger,,False,False,0.0,30.06336165440012,inf,2.248628517252387,False,-89.60965303888287,,,
6000,1007,1,202,202,0.10638654232025146,0.6241894960403442,0.002256200183182955,0.18000000715255737,-0.1041303426027298,-0.44418948888778687,True,True,predictive_recovery,left_slow_follow,0.0,8.431647408866818,10,6,,0,0,0,False,False,False,False,False,False,False,False,True,0.4775901046180191,14.107486291249604,0.0,False,max_steps,vehicle,47.5772705078125,dynamic_vehicle,True,,inf,inf,inf,9.196932754283422,inf,0.5630239079792886,22.806883359853632,0.37653202517822915,0.0,{'ROAD_LINE_BROKEN_SINGLE_WHITE'},True,True,raw_collision_risk:cut_in_danger,True,False,left,12,False,raw_predicted_collision,False,0,0,,inf,inf,inf,inf,False,False,6.599297829796826,inf,0.0,True,False,1,0,,True,False,0.0,10.810448786101308,inf,2.229690574645955,0.0,cut_in_danger,True,raw_collision_risk:cut_in_danger,,False,False,0.0,29.381348598040844,inf,2.259092496209634,False,-89.2080080362583,,,
6000,1007,1,203,203,0.08652865886688232,0.5797016620635986,-0.006171735003590584,0.18000000715255737,-0.09270039200782776,-0.39970165491104126,True,True,predictive_recovery,left_slow_follow,0.0,8.464491774749762,10,6,,0,0,0,False,False,False,False,False,False,False,False,True,0.4809874241853291,14.162009960023477,0.0,False,max_steps,vehicle,46.88751220703125,dynamic_vehicle,True,,inf,inf,inf,8.912939541445182,inf,0.5809145997364907,22.313215075492508,0.3788853009938753,0.0,{'ROAD_LINE_BROKEN_SINGLE_WHITE'},True,True,raw_collision_risk:cut_in_danger,True,False,left,12,False,raw_predicted_collision,False,0,0,,inf,inf,inf,inf,False,False,6.4419602458102325,inf,0.0,True,False,1,0,,True,False,0.0,10.473468939016339,inf,2.247581266403157,0.0,cut_in_danger,True,raw_collision_risk:cut_in_danger,,False,False,0.0,28.69418083650673,inf,2.276631172041058,False,-88.14779473007133,,,
6000,1007,1,204,204,0.08189666271209717,0.5287234783172607,-0.008252618834376335,0.18000000715255737,-0.09014928340911865,-0.34872347116470337,True,True,predictive_recovery,left_slow_follow,0.0,8.497205976014087,10,6,,0,0,0,False,False,False,False,False,False,False,False,True,0.48439796332357443,14.21656882948154,0.0,False,max_steps,vehicle,46.2099609375,dynamic_vehicle,True,,inf,inf,inf,8.682041464544795,inf,0.6001871655781655,21.811482585224077,0.3813604683080867,0.0,{'ROAD_LINE_BROKEN_SINGLE_WHITE'},True,True,raw_collision_risk:cut_in_danger,True,False,left,12,False,raw_predicted_collision,False,0,0,,inf,inf,inf,inf,False,False,6.28341699220166,inf,0.0,True,False,1,0,,True,False,0.0,10.18402670203962,inf,2.266853832244832,0.0,cut_in_danger,True,raw_collision_risk:cut_in_danger,,False,False,0.0,28.00221312006861,inf,2.2955245323048294,False,-86.92700630242808,,,
6000,1007,1,205,205,0.08166611194610596,0.5264472961425781,-0.006066211964935064,0.18000000715255737,-0.08773232251405716,-0.34644728899002075,True,True,predictive_recovery,left_slow_follow,0.0,8.529941297688923,10,5,,0,0,0,False,False,False,False,False,False,False,False,True,0.48782172203275526,14.271239264908434,0.0,False,max_steps,vehicle,45.54316711425781,dynamic_vehicle,True,,inf,inf,inf,8.270157786174888,inf,0.617203099568644,21.29359703992054,0.38362905089056043,0.0,{'ROAD_LINE_BROKEN_SINGLE_WHITE'},True,True,raw_collision_risk:cut_in_danger,True,False,left,12,False,raw_predicted_collision,False,0,0,,inf,inf,inf,inf,False,False,6.124655578315771,inf,0.0,True,False,1,0,,True,False,0.0,9.500826532765174,inf,2.2838697662353105,0.0,cut_in_danger,True,raw_collision_risk:cut_in_danger,,False,False,0.0,27.304860429648322,inf,2.312205662038551,False,-86.90238423247453,,,
6000,1007,1,206,206,0.0801159143447876,0.5191383361816406,-0.002481002826243639,0.18000000715255737,-0.08259692043066025,-0.33913832902908325,True,True,predictive_recovery,left_slow_follow,0.0,8.56274355894506,10,5,,0,0,0,False,False,False,False,False,False,False,False,True,0.49125870031287144,14.32593582780395,0.0,False,max_steps,vehicle,44.88557434082031,dynamic_vehicle,True,,inf,inf,inf,7.6652587805512855,inf,0.6308528016407876,20.75276578451555,0.38558992283869675,0.0,{'ROAD_LINE_BROKEN_SINGLE_WHITE'},True,True,raw_collision_risk:cut_in_danger,True,False,left,12,False,raw_predicted_collision,False,0,0,,inf,inf,inf,inf,False,False,5.967053422118335,inf,0.0,True,False,1,0,,True,False,0.0,8.856364311848402,inf,2.297519468307454,0.0,cut_in_danger,True,raw_collision_risk:cut_in_danger,,False,False,0.0,26.601970148566657,inf,2.325586793583812,False,-86.76012128916207,,,
6000,1007,1,207,207,0.07858538627624512,0.48659443855285645,0.0003789917682297528,0.18000000715255737,-0.07820639759302139,-0.3065944314002991,True,True,predictive_recovery,left_slow_follow,0.0,8.59556149668237,10,5,,0,0,0,False,False,False,False,False,False,False,False,True,0.4947088247218623,14.380620244510887,0.0,False,max_steps,vehicle,44.23548889160156,dynamic_vehicle,True,,inf,inf,inf,7.285260295719242,inf,0.6420665810902505,20.18399186278798,0.3873275472455113,0.0,{'ROAD_LINE_BROKEN_SINGLE_WHITE'},True,True,raw_collision_risk:cut_in_danger,True,False,left,12,False,raw_predicted_collision,False,0,0,,inf,inf,inf,inf,False,False,5.811748429686955,inf,0.0,True,False,1,0,,True,False,0.0,8.42449730215307,inf,2.308733247756917,0.0,cut_in_danger,True,raw_collision_risk:cut_in_danger,,False,False,0.0,25.893743155129258,inf,2.3365799315394775,False,-86.00419748093174,,,
6000,1007,1,208,208,0.07422518730163574,0.4483315944671631,0.0016580201918259263,0.18000000715255737,-0.0725671648979187,-0.2683315873146057,True,True,predictive_recovery,left_slow_follow,0.0,8.628372146706532,10,5,,0,0,0,False,False,False,False,False,False,False,False,True,0.4981721319807582,14.435295485412027,0.0,False,max_steps,vehicle,43.5911865234375,dynamic_vehicle,True,,inf,inf,inf,6.9752080343752905,inf,0.6522379945118814,19.584047934291203,0.38896725446643665,0.0,{'ROAD_LINE_BROKEN_SINGLE_WHITE'},True,True,raw_collision_risk:cut_in_danger,True,False,left,12,False,raw_predicted_collision,False,0,0,,inf,inf,inf,inf,False,False,5.65918131135096,inf,0.0,True,False,1,0,,True,False,0.0,8.06072836095985,inf,2.3189046611785478,0.0,cut_in_danger,True,raw_collision_risk:cut_in_danger,,False,False,0.0,25.180304384196106,inf,2.3465512129840627,False,-85.11026403817154,,,
6000,1007,1,209,209,0.06670808792114258,0.4087721109390259,0.0015464886091649532,0.18000000715255737,-0.06516160070896149,-0.2287721037864685,True,True,predictive_recovery,left_slow_follow,0.0,8.661177291247215,10,5,,0,0,0,False,False,False,False,False,False,False,False,True,0.5016485853685287,14.489975405323472,0.0,False,max_steps,vehicle,42.95088195800781,dynamic_vehicle,True,,inf,inf,inf,6.674728599153186,inf,0.6624806950886636,18.951581662239846,-2.6308883654453563,0.04384813942408927,{'ROAD_LINE_BROKEN_SINGLE_WHITE'},True,True,raw_collision_risk:cut_in_danger,True,False,left,12,False,raw_predicted_collision,False,0,0,,inf,inf,inf,inf,False,False,5.509182880310753,inf,0.0,True,False,1,0,,True,False,0.0,9.571057939604295,inf,2.32914736175533,0.0,cut_in_danger,True,raw_collision_risk:cut_in_danger,,False,False,0.0,24.461654215453393,inf,2.3565923789430143,False,-84.31653470556846,,,
6000,1007,1,210,210,0.07905006408691406,0.4304666519165039,0.0007285138126462698,0.18000000715255737,-0.07832155376672745,-0.25046664476394653,True,True,predictive_recovery,left_slow_follow,0.0,8.693985243194083,10,5,,0,0,0,False,False,False,False,False,False,False,False,True,0.505138184885174,14.544659896617127,0.0,False,max_steps,vehicle,41.81856135701224,dynamic_vehicle,True,,inf,inf,inf,5.827707547845103,inf,0.6733797620137124,17.7927627274228,-2.6304594669783987,0.04384099111630665,{'ROAD_LINE_BROKEN_SINGLE_WHITE'},True,True,raw_collision_risk:cut_in_danger,True,False,left,12,False,raw_predicted_collision,False,0,0,,inf,inf,inf,inf,False,False,5.361318055282037,inf,0.0,True,False,1,0,,True,False,0.0,8.688083874063565,inf,2.340046428680379,0.0,cut_in_danger,True,raw_collision_risk:cut_in_danger,,False,False,0.0,23.737795093998322,inf,2.3672769966345846,False,-84.89053509659624,,,
6000,1007,1,211,211,0.06907510757446289,0.397574782371521,-0.00012976133439224213,0.18000000715255737,-0.06920486688613892,-0.21757477521896362,True,True,predictive_recovery,left_slow_follow,0.0,8.726795937970275,10,6,,0,0,0,False,False,False,False,False,False,False,False,True,0.5086409305306939,14.599348282605938,0.0,False,max_steps,vehicle,40.36851863240287,dynamic_vehicle,True,,inf,inf,inf,5.471076819273133,inf,0.6849297116597085,16.285493072618184,-2.6983079269683365,0.08880522264794212,{'ROAD_LINE_BROKEN_SINGLE_WHITE'},True,True,raw_collision_risk:cut_in_danger,True,False,left,12,False,raw_predicted_collision,False,0,0,,inf,inf,inf,inf,False,False,5.215188706092326,inf,0.0,True,False,1,0,,True,False,0.0,8.237214381994653,inf,2.351596378326375,0.0,cut_in_danger,True,raw_collision_risk:cut_in_danger,,False,False,0.0,23.00875211049666,inf,2.3785996903268978,False,-84.26266313246109,,,
6000,1007,1,212,212,0.059429168701171875,0.3626505136489868,-0.0006442511221393943,0.18000000715255737,-0.06007342040538788,-0.18265050649642944,True,True,predictive_recovery,left_slow_follow,0.0,8.759608969563562,10,6,,0,0,0,False,False,False,False,False,False,False,False,True,0.5121568590261187,14.654030782565773,0.0,False,max_steps,vehicle,38.91301326130912,dynamic_vehicle,True,,inf,inf,inf,5.132561717170226,inf,0.6967919896443276,14.746377757856429,-2.6988249801530224,0.13376022353569886,{'ROAD_LINE_BROKEN_SINGLE_WHITE'},True,True,raw_collision_risk:cut_in_danger,True,False,left,12,False,raw_predicted_collision,False,0,0,,inf,inf,inf,inf,False,False,5.070559581656765,inf,0.0,True,False,1,0,,True,False,0.0,9.658382958793563,inf,2.363458656310994,0.0,cut_in_danger,True,raw_collision_risk:cut_in_danger,,False,False,0.0,22.274552923865578,inf,2.3902285670085788,False,-83.58522415038723,,,
6000,1007,1,213,213,0.050697922706604004,0.3272583484649658,-0.0007513935561291873,0.18000000715255737,-0.05144931748509407,-0.14725834131240845,True,True,predictive_recovery,left_slow_follow,0.0,8.792418469539463,10,7,,0,0,0,False,False,False,False,False,False,False,False,True,0.5156859336504184,14.708714485826942,0.0,False,max_steps,vehicle,37.45202998494193,dynamic_vehicle,True,,inf,inf,inf,4.533449642152599,inf,0.7086344788868814,12.462875370282227,-2.691864066614089,0.17737627904827502,{'ROAD_LINE_BROKEN_SINGLE_WHITE'},True,True,raw_collision_risk:cut_in_danger,True,False,left,12,False,raw_predicted_collision,False,0,0,,inf,inf,inf,inf,False,False,4.927369136982726,inf,0.0,True,False,1,0,,True,False,0.0,9.19506117959378,inf,2.3753011455535478,0.0,cut_in_danger,True,raw_collision_risk:cut_in_danger,,False,False,0.0,21.53523307039621,inf,2.401838044310017,False,-82.89303777152612,,,
6000,1007,1,214,214,0.043083786964416504,0.29599058628082275,-0.0005880309618078172,0.18000000715255737,-0.04367181658744812,-0.11599057912826538,True,True,predictive_recovery,left_slow_follow,0.0,8.825228691496164,10,6,,0,0,0,False,False,False,False,False,False,False,False,True,0.5192281544035926,14.763394605931158,0.0,False,max_steps,vehicle,39.71836853027344,dynamic_vehicle,True,,inf,inf,inf,4.466058598279195,inf,0.7202290128071694,14.538508692827694,-2.6751770790683347,0.13259817311962666,{'ROAD_LINE_BROKEN_SINGLE_WHITE'},True,True,raw_collision_risk:cut_in_danger,True,False,left,12,False,raw_predicted_collision,False,0,0,,inf,inf,inf,inf,False,False,4.7856462377188675,inf,0.0,True,False,1,0,,True,False,0.0,6.926782863649015,inf,2.386895679473836,0.0,cut_in_danger,True,raw_collision_risk:cut_in_danger,,False,False,0.0,20.790824764650793,inf,2.413204445039744,False,-82.03773677240333,,,
6000,1007,1,215,215,0.03550386428833008,0.26332151889801025,-0.0003438080020714551,0.18000000715255737,-0.03584767132997513,-0.08332151174545288,True,True,predictive_recovery,left_slow_follow,0.0,8.858036763558694,10,6,,0,0,0,False,False,False,False,False,False,False,False,True,0.5227835580066719,14.818079798551183,0.0,False,max_steps,vehicle,39.040679931640625,dynamic_vehicle,True,,inf,inf,inf,4.143251954313001,inf,0.7315071652729898,13.883176901468964,-2.6818312224017697,0.1329406703492028,{'ROAD_LINE_BROKEN_SINGLE_WHITE'},True,True,raw_collision_risk:cut_in_danger,True,False,left,12,False,raw_predicted_collision,False,0,0,,inf,inf,inf,inf,False,False,4.6454498016986445,inf,0.0,True,False,1,0,,True,False,0.0,6.495976500284591,inf,2.398173831939656,0.0,cut_in_danger,True,raw_collision_risk:cut_in_danger,,False,False,0.0,20.041373789413484,inf,2.4242606894130656,False,-81.2847442616644,,,
6000,1007,1,216,216,0.030678153038024902,0.2860562801361084,-0.0001589148014318198,0.18000000715255737,-0.03083706833422184,-0.10605627298355103,True,True,predictive_recovery,left_slow_follow,0.0,8.89084787913071,10,7,,0,0,0,False,False,False,False,False,False,False,False,True,0.5263521444596562,14.872765975991102,0.0,False,max_steps,vehicle,38.36509704589844,dynamic_vehicle,True,,inf,inf,inf,3.067358958902199,inf,0.7425342629750161,13.159756471383837,-2.6900083985196668,0.13335910128851952,{'ROAD_LINE_BROKEN_SINGLE_WHITE'},True,True,raw_collision_risk:cut_in_danger,True,False,left,12,False,raw_predicted_collision,False,0,0,,inf,inf,inf,inf,False,False,4.506800034931665,inf,0.0,True,False,1,0,,True,False,0.0,7.365284062324209,inf,2.4092009296416825,0.0,cut_in_danger,True,raw_collision_risk:cut_in_danger,,False,False,0.0,19.28688880787383,inf,2.435070818757529,False,-81.88952387505756,,,
6000,1007,1,217,217,0.028618454933166504,0.2912558317184448,-8.357551269000396e-05,0.18000000715255737,-0.028702029958367348,-0.11125582456588745,True,True,predictive_recovery,left_slow_follow,0.0,8.923659585594661,10,7,,0,0,0,False,False,False,False,False,False,False,False,True,0.5299339137625455,14.927449779094992,0.0,False,max_steps,vehicle,37.690216064453125,dynamic_vehicle,True,,inf,inf,inf,2.4594048336656975,inf,0.7534094880421548,12.442217118995579,-2.683965696189183,0.17691881825629865,{'ROAD_LINE_BROKEN_SINGLE_WHITE'},True,True,raw_collision_risk:cut_in_danger,True,False,left,12,False,raw_predicted_collision,False,0,0,,inf,inf,inf,inf,False,False,4.369684779411869,inf,0.0,True,False,1,0,,True,False,0.0,6.605382087516412,inf,2.420076154708821,0.0,cut_in_danger,True,raw_collision_risk:cut_in_danger,,False,False,0.0,18.52742844644562,inf,2.445732063701819,False,-82.19568135144269,,,
6000,1007,1,218,218,0.01919233798980713,0.25629281997680664,-9.935785055859014e-05,0.18000000715255737,-0.019291695207357407,-0.07629281282424927,True,True,predictive_recovery,left_slow_follow,0.0,8.956469867456995,10,6,,0,0,0,False,False,False,False,False,False,False,False,True,0.5335288291943096,14.982129733276444,0.0,False,max_steps,vehicle,37.015380859375,dynamic_vehicle,True,,inf,inf,inf,2.5053995667852504,inf,0.7642105649311929,11.688078239717157,-2.674911308580019,0.17633186074422022,{'ROAD_LINE_BROKEN_SINGLE_WHITE'},True,True,raw_collision_risk:cut_in_danger,True,False,left,12,False,raw_predicted_collision,False,0,0,,inf,inf,inf,inf,False,False,4.234058873220918,inf,0.0,True,False,1,0,,True,False,0.0,6.157728186113886,inf,2.4308772315978593,0.0,cut_in_danger,True,raw_collision_risk:cut_in_danger,,False,False,0.0,17.763053681956805,inf,2.456320619402068,False,-81.3874051444746,,,
6000,1007,1,219,219,0.00865316390991211,0.22197747230529785,-0.00015832330973353237,0.18000000715255737,-0.008811486884951591,-0.04197746515274048,True,True,predictive_recovery,left_slow_follow,0.0,8.989277839965867,10,6,,0,0,0,False,False,False,False,False,False,False,False,True,0.5371369274759786,15.036811478524644,0.0,False,max_steps,vehicle,36.339508056640625,dynamic_vehicle,True,,inf,inf,inf,2.2491576039045356,inf,0.7749754021962075,10.92032292391491,-2.67541076404523,0.17638177017842102,{'ROAD_LINE_BROKEN_SINGLE_WHITE'},True,True,raw_collision_risk:cut_in_danger,True,False,left,12,False,raw_predicted_collision,False,0,0,,inf,inf,inf,inf,False,False,4.099865765709178,inf,0.0,True,False,1,0,,True,False,0.0,5.703100559127728,inf,2.441642068862874,0.0,cut_in_danger,True,raw_collision_risk:cut_in_danger,,False,False,0.0,16.9938429521211,inf,2.4668736485264517,False,-80.59819777177631,,,
6000,1007,1,220,220,-0.0018818974494934082,0.18733787536621094,-0.0002139153511961922,0.18000000715255737,0.0016679820837453008,-0.0073378682136535645,True,True,predictive_recovery,left_slow_follow,0.0,9.022086887114787,10,6,,0,0,0,False,False,False,False,False,False,False,False,True,0.5407581718865223,15.091497077595367,0.0,False,max_steps,vehicle,35.66175842285156,dynamic_vehicle,True,,inf,inf,inf,2.0066896119350623,inf,0.7856994698841958,10.128156148238162,-2.678468078335171,0.2187902778353992,{'ROAD_LINE_BROKEN_SINGLE_WHITE'},True,True,raw_collision_risk:cut_in_danger,True,False,left,12,False,raw_predicted_collision,False,0,0,,inf,inf,inf,inf,False,False,3.9670427839553235,inf,0.028297737169948732,True,False,1,0,,True,False,0.0,5.249488274622408,inf,2.452366136550862,0.0,cut_in_danger,True,raw_collision_risk:cut_in_danger,,False,False,0.0,16.21621035519219,inf,2.4773867102529867,False,-79.92206169352025,,,
6000,1007,1,221,221,-0.054643332958221436,-0.006454527378082275,-0.00024058541748672724,0.0,0.05440274626016617,0.006454527378082275,True,True,predictive_recovery,left_slow_follow,0.0,9.05489824655722,10,7,,0,0,0,False,False,False,False,False,False,False,False,True,0.5443873113185969,15.055141708765918,0.0,False,max_steps,vehicle,34.98133850097656,dynamic_vehicle,True,,inf,inf,inf,3.054635103159187,inf,0.7963577340443521,9.32041662418549,-2.6748916142119747,0.21852924702013335,{'ROAD_LINE_BROKEN_SINGLE_WHITE'},True,True,raw_collision_risk:cut_in_danger,True,False,left,12,False,raw_predicted_collision,False,0,0,,inf,inf,inf,inf,False,False,3.835546147546264,inf,0.8246496996490694,True,False,1,0,,True,False,0.0,6.243213484129491,inf,2.4630244007110185,0.0,cut_in_danger,True,raw_collision_risk:cut_in_danger,,False,False,0.0,15.43212599762803,inf,2.4878352631970286,False,-75.06334275147552,,,
6000,1007,1,222,222,-0.056456148624420166,-0.09808343648910522,-0.00017705964273773134,0.0,0.05627908930182457,0.09808343648910522,True,True,predictive_recovery,left_slow_follow,0.0,9.03308502525955,10,7,,0,0,0,False,False,False,False,False,False,False,False,True,0.548008592450171,15.018779488666794,0.0,False,max_steps,vehicle,34.299835205078125,dynamic_vehicle,True,,inf,inf,inf,4.3541851051972404,inf,0.8069108556111245,8.799510396804191,-2.6692716197438155,0.21809755693100472,{'ROAD_LINE_BROKEN_SINGLE_WHITE'},True,True,raw_collision_risk:cut_in_danger,True,False,left,12,False,raw_predicted_collision,False,0,0,,inf,inf,inf,inf,False,False,3.7558569823577788,inf,0.8499553178717957,True,False,1,0,,True,False,0.0,7.311985960618188,inf,2.473577522277791,0.0,cut_in_danger,True,raw_collision_risk:cut_in_danger,,False,False,0.0,14.847520781046297,inf,2.4981807423255655,False,-70.56487319369816,,,
6000,1007,1,223,223,-0.06759047508239746,-0.11899149417877197,-0.00010651181219145656,0.0,0.06748396158218384,0.11899149417877197,True,True,predictive_recovery,left_slow_follow,0.0,9.011267693200077,10,7,,0,0,0,False,False,False,False,False,False,False,False,True,0.5516210605344548,14.982419830108032,0.0,False,max_steps,vehicle,33.62330627441406,dynamic_vehicle,True,,inf,inf,inf,4.331496282734257,inf,0.8173109124501138,8.274440772624793,-2.668429523666744,0.2180634935663842,{'ROAD_LINE_BROKEN_SINGLE_WHITE'},True,True,raw_collision_risk:cut_in_danger,True,False,left,12,False,raw_predicted_collision,False,0,0,,inf,inf,inf,inf,False,False,3.675790719346567,inf,1.015126440796755,True,False,1,0,,True,False,0.0,7.131798072250975,inf,2.48397757911678,0.0,cut_in_danger,True,raw_collision_risk:cut_in_danger,,False,False,0.0,14.26664053212786,inf,2.5083761684165657,False,-69.5187103428587,,,
6000,1007,1,224,224,-0.07869064807891846,-0.13992536067962646,-6.312639015959576e-05,0.0,0.07862751930952072,0.13992536067962646,True,True,predictive_recovery,left_slow_follow,0.0,8.0,10,7,,0,0,0,False,False,False,False,False,False,False,False,True,0.5552248257345395,14.946061903291946,0.0,False,max_steps,vehicle,32.95170593261719,dynamic_vehicle,True,,inf,inf,inf,4.098767154693286,inf,0.8275874684651284,7.7464800413169925,-2.669488044208995,0.218187386097735,{'ROAD_LINE_BROKEN_SINGLE_WHITE'},True,True,raw_collision_risk:cut_in_danger,True,False,left,12,False,raw_predicted_collision,False,0,0,,inf,inf,inf,inf,False,False,3.595411398267465,inf,1.1789763262216404,True,False,1,0,,True,False,0.0,6.955797462804449,inf,2.494254135131795,0.0,cut_in_danger,True,raw_collision_risk:cut_in_danger,,False,False,0.0,15.082548733561891,inf,2.518450523676655,False,-72.27978699951176,,,
6000,1007,1,225,225,-0.1111518144607544,-0.2223578691482544,-5.326040627551265e-05,0.0,0.11109855771064758,0.2223578691482544,True,True,predictive_recovery,left_slow_follow,0.0,8.0,10,6,,0,0,0,False,False,False,False,False,False,False,False,True,0.5588198513293946,14.90970433119613,0.0,False,max_steps,vehicle,32.284698486328125,dynamic_vehicle,True,,inf,inf,inf,5.460077975687334,inf,0.8377731870015054,7.2169788940727635,-2.667428620947776,0.2580619652198462,{'ROAD_LINE_BROKEN_SINGLE_WHITE'},True,True,raw_collision_risk:cut_in_danger,True,False,left,12,False,raw_predicted_collision,False,0,0,,inf,inf,inf,inf,False,False,3.5147102821199847,inf,1.661281899593656,True,False,1,0,,True,False,0.0,7.762850861939446,inf,2.504439853668172,0.0,cut_in_danger,True,raw_collision_risk:cut_in_danger,,False,False,0.0,14.471458501564323,inf,2.528435828769608,False,-68.26890678077802,,,
6000,1007,1,226,226,-0.1233673095703125,-0.24513155221939087,-6.524535274365917e-05,0.0,0.12330206483602524,0.24513155221939087,True,True,predictive_recovery,left_slow_follow,0.0,8.0,10,6,,0,0,0,False,False,False,False,False,False,False,False,True,0.5624061005979898,14.873346573449194,0.0,False,max_steps,vehicle,31.622039794921875,dynamic_vehicle,True,,inf,inf,inf,5.4435958815013645,inf,0.8478883336384683,6.687212168949916,-2.664048054112373,0.2577959087120204,{'ROAD_LINE_BROKEN_SINGLE_WHITE'},True,True,raw_collision_risk:cut_in_danger,True,False,left,12,False,raw_predicted_collision,False,0,0,,inf,inf,inf,inf,False,False,3.4336794760574674,inf,1.839370109828502,True,False,1,0,,True,False,0.0,7.577470896008689,inf,2.5145550003051347,0.0,cut_in_danger,True,raw_collision_risk:cut_in_danger,,False,False,0.0,13.864697028819998,inf,2.5383519505306125,False,-67.04867398593495,,,
6000,1007,1,227,227,-0.12518107891082764,-0.27018439769744873,-0.022962024435400963,0.0,0.10221905261278152,0.27018439769744873,True,True,predictive_recovery,right_slow_follow,-2.86606256167098,12.441686994172155,10,5,,0,0,0,False,False,False,False,False,False,False,False,True,0.5659835000982644,14.835283003109092,0.0,False,max_steps,vehicle,30.963577270507812,dynamic_vehicle,True,,inf,inf,inf,5.474286165676771,inf,0.85793743832902,1.5798677474634673,-0.9348189136834791,0.042536349802841385,{'ROAD_LINE_BROKEN_SINGLE_WHITE'},True,True,raw_collision_risk:cut_in_danger,True,False,right,12,False,raw_predicted_collision,False,0,0,,inf,inf,inf,inf,False,False,3.352309443972742,inf,1.8618615710790314,True,False,1,0,,True,False,0.0,7.431724569308292,inf,2.5246041049956864,0.0,cut_in_danger,True,raw_collision_risk:cut_in_danger,,False,False,0.13496884250646995,5.474286165676771,inf,0.85793743832902,True,57.77300372601211,,,
6000,1007,1,228,228,-0.17574387788772583,-0.2649714946746826,-0.019668886438012123,0.0,0.15607498586177826,0.2649714946746826,True,True,predictive_recovery,right_slow_follow,-2.860228935877523,12.450539551036949,10,5,,0,0,0,False,False,False,False,False,False,False,False,True,0.5695519029460968,14.798512210587253,0.0,False,max_steps,vehicle,30.3092041015625,dynamic_vehicle,True,,inf,inf,inf,4.934585904870975,inf,0.8637710641224771,0.9130942533562774,-1.1250123519191038,0.061864661117836284,{'ROAD_LINE_BROKEN_SINGLE_WHITE'},True,True,raw_collision_risk:cut_in_danger,True,False,right,12,False,raw_predicted_collision,False,0,0,,inf,inf,inf,inf,False,False,3.2698729753386337,inf,2.607210164528259,True,False,1,0,,True,False,0.0,6.819475057107466,inf,2.5304377307891435,0.0,cut_in_danger,True,raw_collision_risk:cut_in_danger,,False,False,0.1262184038162844,4.934585904870975,inf,0.8637710641224771,True,58.6165114031767,,,
6000,1007,1,229,229,-0.15038394927978516,-0.23077672719955444,-0.009468392468988895,0.0,0.14091555774211884,0.23077672719955444,True,True,predictive_recovery,right_slow_follow,-2.8658382097880453,12.721521665791263,10,5,,0,0,0,False,False,False,False,False,False,False,False,True,0.5731113458625176,14.762245686868827,0.0,False,max_steps,vehicle,29.658889770507812,dynamic_vehicle,True,,inf,inf,inf,3.896321907623687,inf,0.8581617902119546,-3.4720482018760688,-1.1190397280940305,0.10046037226893875,{'ROAD_LINE_BROKEN_SINGLE_WHITE'},True,True,raw_collision_risk:cut_in_danger,True,False,right,12,False,raw_predicted_collision,False,0,0,,inf,inf,inf,inf,False,False,3.1829550948519274,inf,2.2254587096932346,True,False,1,0,,True,False,0.0,5.769103085717811,inf,2.524828456878621,0.0,cut_in_danger,True,raw_collision_risk:cut_in_danger,,False,False,0.1346323146820681,3.896321907623687,inf,0.8581617902119546,True,58.95991421591114,,,
6000,1007,1,230,230,-0.0617029070854187,-0.21479690074920654,0.00018003134755417705,0.0,0.06188293918967247,0.21479690074920654,True,True,predictive_recovery,right_slow_follow,-2.8802823225657552,12.829073580125968,10,3,,0,0,0,False,False,False,False,False,False,False,False,True,0.5766619390106175,14.725879542189968,0.0,False,max_steps,vehicle,29.01251220703125,dynamic_vehicle,True,,inf,inf,inf,3.247182054533809,inf,0.8437176774342446,-2.1646940823986096,-1.1034235495814573,0.10261473388768771,{'ROAD_LINE_BROKEN_SINGLE_WHITE'},True,True,raw_collision_risk:cut_in_danger,True,False,right,12,False,raw_predicted_collision,False,0,0,,inf,inf,inf,inf,False,False,3.095480968275864,inf,0.9108734739889902,True,False,1,0,,True,False,0.0,5.020246228838193,inf,2.510384344100911,0.0,cut_in_danger,True,raw_collision_risk:cut_in_danger,,False,False,0.15629848384863304,3.247182054533809,inf,0.8437176774342446,True,58.40699297375549,,,
6000,1007,1,231,231,-0.09617072343826294,0.0027420520782470703,0.008113227784633636,0.0027420520782470703,0.10428395122289658,0.0,True,True,predictive_recovery,right_slow_follow,-2.5542726764679364,3.0,10,2,,0,0,0,False,False,False,False,False,False,False,False,True,0.5802058856522194,14.726491071430448,0.0,False,max_steps,vehicle,28.369979858398438,dynamic_vehicle,True,,inf,inf,inf,11.043340627976338,inf,1.1697273235320633,4.066125371803189,-1.1336681989232702,0.07690380764625693,{'ROAD_LINE_BROKEN_SINGLE_WHITE'},True,True,raw_collision_risk:cut_in_danger,True,False,right,12,False,raw_predicted_collision,False,0,0,,inf,inf,inf,inf,False,False,3.0098811916148303,inf,1.4161984888371255,True,False,1,0,,True,False,0.0,3.8050503902438084,inf,2.4915752639770097,0.0,cut_in_danger,True,raw_collision_risk:cut_in_danger,,False,False,0.0,11.14264247155273,inf,1.1697273235320633,False,-96.91876075346875,,,
6000,1007,1,232,232,-0.1114722490310669,-0.06252449750900269,0.008365526795387268,0.0,0.11983777582645416,0.06252449750900269,True,True,predictive_recovery,right_slow_follow,-2.5549814949036054,3.0,10,2,,0,0,0,False,False,False,False,False,False,False,False,True,0.5837475923109684,14.690033785979084,0.0,False,max_steps,vehicle,27.730331420898438,dynamic_vehicle,True,,inf,inf,inf,10.435682432451882,inf,1.1690185050963944,3.4267702653701733,-1.1184099173280928,0.07586874292985894,{'ROAD_LINE_BROKEN_SINGLE_WHITE'},True,True,raw_collision_risk:cut_in_danger,True,False,right,12,False,raw_predicted_collision,False,0,0,,inf,inf,inf,inf,False,False,2.90951271782771,inf,1.6415950800682781,True,False,1,0,,True,False,0.0,4.070469378842368,inf,2.473075412750203,0.0,cut_in_danger,True,raw_collision_risk:cut_in_danger,,False,False,0.0,10.53770965557641,inf,1.1690185050963944,False,-93.82975670379412,,,
6000,1007,1,233,233,-0.08375895023345947,0.033411264419555664,0.004958090838044882,0.033411264419555664,0.08871704339981079,0.0,True,True,predictive_recovery,right_slow_follow,-2.5550050983429364,3.0,10,2,,0,0,0,False,False,False,False,False,False,False,False,True,0.5872836439310395,14.700182989958627,0.0,False,max_steps,vehicle,27.091705322265625,dynamic_vehicle,True,,inf,inf,inf,9.865782766217661,inf,1.1689949016570633,2.9082800293610127,-1.1055963632861776,0.07499951938081673,{'ROAD_LINE_BROKEN_SINGLE_WHITE'},True,True,raw_collision_risk:cut_in_danger,True,False,right,12,False,raw_predicted_collision,False,0,0,,inf,inf,inf,inf,False,False,2.8276367844605317,inf,1.2304218088076604,True,False,1,0,,True,False,0.0,2.6086655837933996,inf,2.4581113090514726,0.0,cut_in_danger,True,raw_collision_risk:cut_in_danger,,False,False,0.0,9.97064631826857,inf,1.1689949016570633,False,-97.66590641259162,,,
6000,1007,1,234,234,-0.09559690952301025,0.01639103889465332,0.00104790017940104,0.01639103889465332,0.0966448113322258,0.0,True,True,predictive_recovery,right_slow_follow,-2.5545432815552167,3.0,10,2,,0,0,0,False,False,False,False,False,False,False,False,True,0.5908214214395382,14.705168221316503,0.0,False,max_steps,vehicle,26.455490112304688,dynamic_vehicle,True,,inf,inf,inf,9.255290884442548,inf,1.169456718444783,2.2403663049007285,-1.2093413348197937,0.09447055170536045,{'ROAD_LINE_BROKEN_SINGLE_WHITE'},True,True,raw_collision_risk:cut_in_danger,True,False,right,12,False,raw_predicted_collision,False,0,0,,inf,inf,inf,inf,False,False,2.725358556044533,inf,1.4052920632627692,True,False,1,0,,True,False,0.0,2.189040998457955,inf,2.4468050231933183,0.0,cut_in_danger,True,raw_collision_risk:cut_in_danger,,False,False,0.0,9.363689816275228,inf,1.169456718444783,False,-97.35287161521833,,,
6000,1007,1,235,235,-0.10933655500411987,-0.30452871322631836,-0.0014803108060732484,0.0,0.10785624384880066,0.30452871322631836,True,True,predictive_recovery,right_slow_follow,-2.5546136150360517,3.0,10,2,,0,0,0,False,False,False,False,False,False,False,False,True,0.5943580605960952,14.66880153519804,0.0,False,max_steps,vehicle,25.818634033203125,dynamic_vehicle,True,,inf,inf,inf,8.651437339910743,inf,1.169386384963948,1.588189000506393,-1.2007669450706904,0.09380074301958086,{'ROAD_LINE_BROKEN_SINGLE_WHITE'},True,True,raw_collision_risk:cut_in_danger,True,False,right,12,False,raw_predicted_collision,False,0,0,,inf,inf,inf,inf,False,False,2.6246669808107783,inf,1.6078124340748075,True,False,1,0,,True,False,0.0,4.482028867977384,inf,2.4376781215667314,0.0,cut_in_danger,True,raw_collision_risk:cut_in_danger,,False,False,0.0,8.763813484506572,inf,1.169386384963948,False,-82.139799547025,,,
6000,1007,1,236,236,-0.1204373836517334,-0.34035831689834595,-0.002197051653638482,0.0,0.11824033409357071,0.34035831689834595,True,True,predictive_recovery,right_slow_follow,-2.555109525680583,3.0,10,2,,0,0,0,False,False,False,False,False,False,False,False,True,0.597886364078757,14.632437345149432,0.0,False,max_steps,vehicle,25.1822509765625,dynamic_vehicle,True,,inf,inf,inf,8.090093919098802,inf,1.1688904743194168,1.0706257719642025,-1.193151435110304,0.09320583949089052,{'ROAD_LINE_BROKEN_SINGLE_WHITE'},True,True,raw_collision_risk:cut_in_danger,True,False,right,12,False,raw_predicted_collision,False,0,0,,inf,inf,inf,inf,False,False,2.539702205646141,inf,1.7666720782057823,True,False,1,0,,True,False,0.0,4.437543331348424,inf,2.4291384449004716,0.0,cut_in_danger,True,raw_collision_risk:cut_in_danger,,False,False,0.0,8.20651520311775,inf,1.1688904743194168,False,-80.37699737188305,,,
6000,1007,1,237,237,-0.1358431577682495,-0.4641472101211548,-0.004976162686944008,0.0,0.13086698949337006,0.4641472101211548,True,True,predictive_recovery,right_slow_follow,-2.9705757300059408,10.455112454059039,10,3,,0,0,0,False,False,False,False,False,False,False,False,True,0.6014058912351588,14.596022820843132,0.0,False,max_steps,vehicle,24.549407958984375,dynamic_vehicle,True,,inf,inf,inf,4.428658347331487,inf,0.7534242699940591,-1.2847733256513845,-1.162641370514293,0.08115653822198095,{'ROAD_LINE_BROKEN_SINGLE_WHITE'},True,True,raw_collision_risk:cut_in_danger,True,False,right,12,False,raw_predicted_collision,False,0,0,,inf,inf,inf,inf,False,False,2.453611939651971,inf,1.9877164948111603,True,False,1,0,,True,False,0.0,5.30763668970053,inf,2.4200909366607255,0.0,cut_in_danger,True,raw_collision_risk:cut_in_danger,,False,False,0.29173859500891136,4.428658347331487,inf,0.7534242699940591,True,51.0993374891541,,,
6000,1007,1,238,238,-0.1404176950454712,-0.5469968318939209,-0.003533940762281418,-1.0,0.13688375055789948,-0.4530031681060791,True,True,predictive_recovery,right_slow_follow,-2.9810806910197347,9.673051333797844,10,3,,0,0,0,False,False,False,False,False,False,False,False,True,0.6048233339271147,13.027975577064673,0.0,False,max_steps,vehicle,23.920211791992188,dynamic_vehicle,True,,inf,inf,inf,5.337720723243903,inf,0.7429193089802651,-0.2987590843403609,-1.254262007089309,0.09278241788794707,{'ROAD_LINE_BROKEN_SINGLE_WHITE'},True,True,raw_collision_risk:cut_in_danger,True,False,right,12,False,raw_predicted_collision,False,0,0,,inf,inf,inf,inf,False,False,2.3666204665577384,inf,2.049539881333889,True,False,1,0,,True,False,0.0,5.640303153899104,inf,2.4095859756469316,0.0,cut_in_danger,True,raw_collision_risk:cut_in_danger,,False,False,0.3074960365296023,5.337720723243903,inf,0.7429193089802651,True,49.97583588726209,,,
6000,1007,1,239,239,-0.1995483636856079,-0.5643191337585449,-0.0031099957413971424,-1.0,0.19643837213516235,-0.4356808662414551,True,True,predictive_recovery,right_slow_follow,-2.993374983469686,7.949103373237769,10,5,,0,0,0,False,False,False,False,False,False,False,False,True,0.6078831505042376,11.480733290904428,0.0,False,max_steps,vehicle,23.33343505859375,dynamic_vehicle,True,,inf,inf,inf,7.704346350585725,inf,0.730625016530314,3.402809864082407,-1.1398559453281358,0.06817155132293704,{'ROAD_LINE_BROKEN_SINGLE_WHITE'},True,True,raw_collision_risk:cut_in_danger,True,False,right,12,False,raw_predicted_collision,False,0,0,,inf,inf,inf,inf,False,False,3.0305424001893417,inf,2.599711208539319,True,False,1,0,,True,False,0.0,7.776810056037872,inf,2.3972916831969804,0.0,cut_in_danger,True,raw_collision_risk:cut_in_danger,,False,False,0.3304166336060388,7.871830953062124,inf,0.730625016530314,False,44.26647703657063,,,
6000,1007,1,240,240,-0.24549013376235962,0.1915053129196167,0.0016858730232343078,0.18000000715255737,0.24717600643634796,-0.011505305767059326,True,True,predictive_recovery,right_slow_follow,-2.5556576499939374,3.0,10,2,,0,0,0,False,False,False,False,False,False,False,False,True,0.6106636669243194,11.53381754849829,0.0,False,max_steps,vehicle,22.895263671875,dynamic_vehicle,True,,inf,inf,inf,8.316254168493161,inf,4.668342350006062,7.903768836581685,-1.1521873140423384,0.0900058305223783,{'ROAD_LINE_BROKEN_SINGLE_WHITE'},True,True,raw_collision_risk:cut_in_danger,True,False,right,12,False,raw_predicted_collision,False,0,0,,inf,inf,inf,inf,False,False,4.378638583953811,inf,0.0,True,False,1,0,,True,False,0.0,2.8925705894827924,inf,5.062677406311076,0.0,cut_in_danger,True,raw_collision_risk:cut_in_danger,,False,False,0.0,8.34746105122396,inf,4.668342350006062,False,-90.36568675018671,,,
6000,1007,1,241,241,-0.2684299945831299,0.5746968984603882,0.003815773408859968,0.18000000715255737,0.27224576473236084,-0.3946968913078308,True,True,predictive_recovery,right_slow_follow,-2.555866027832072,3.0,10,2,,0,0,0,False,False,False,False,False,False,False,False,True,0.6134417964774268,11.588478567495626,0.0,False,max_steps,vehicle,22.573150634765625,dynamic_vehicle,True,,inf,inf,inf,7.9936874123521235,inf,4.668133972167928,7.5259314976850575,-1.1413581572947678,0.08915988539258639,{'ROAD_LINE_BROKEN_SINGLE_WHITE'},True,True,raw_collision_risk:cut_in_danger,True,False,right,12,False,raw_predicted_collision,False,0,0,,inf,inf,inf,inf,False,False,4.203274581646373,inf,0.0,True,False,1,0,,True,False,0.0,2.10802115990594,inf,5.074323915481608,0.0,cut_in_danger,True,raw_collision_risk:cut_in_danger,,False,False,0.0,8.025414469095566,inf,4.668133972167928,False,-99.90299963831453,,,
6000,1007,1,242,242,-0.29031217098236084,0.5620863437652588,-0.001224307925440371,0.18000000715255737,0.28908786177635193,-0.3820863366127014,True,True,predictive_recovery,right_slow_follow,-3.028998295466146,8.0,10,2,,0,0,0,False,False,False,False,False,False,False,False,True,0.6162331088804393,11.643149299578427,0.0,False,max_steps,vehicle,22.252029418945312,dynamic_vehicle,True,,inf,inf,inf,7.672774937331692,inf,4.195001704533855,7.1474306035081625,-1.104838693359752,0.06466982612609866,{'ROAD_LINE_BROKEN_SINGLE_WHITE'},True,True,raw_collision_risk:cut_in_danger,True,False,right,12,False,raw_predicted_collision,False,0,0,,inf,inf,inf,inf,False,False,4.034354270225356,inf,0.0,True,False,1,0,,True,False,0.0,1.8327046892511039,inf,5.0863316287994795,0.0,cut_in_danger,True,raw_collision_risk:cut_in_danger,,False,False,0.0,7.717956284230246,inf,4.195001704533855,False,35.265780102565444,,,
6000,1007,1,243,243,-0.19841432571411133,0.7260870933532715,-0.0019784572068601847,0.18000000715255737,0.1964358687400818,-0.5460870862007141,True,True,predictive_recovery,right_slow_follow,-3.041012922922811,8.0,10,2,,0,0,0,False,False,False,False,False,False,False,False,True,0.6190375674123263,11.697828992301481,0.0,False,max_steps,vehicle,21.92547607421875,dynamic_vehicle,True,,inf,inf,inf,7.348213657915775,inf,4.18298707707719,6.763482656642337,-1.195201195092849,0.08340233078552377,{'ROAD_LINE_BROKEN_SINGLE_WHITE'},True,True,raw_collision_risk:cut_in_danger,True,False,right,12,False,raw_predicted_collision,False,0,0,,inf,inf,inf,inf,False,False,3.8699023027932324,inf,0.0,True,False,1,0,,True,False,0.0,1.2513050052761905,inf,5.098346256256145,0.0,cut_in_danger,True,raw_collision_risk:cut_in_danger,,False,False,0.0,7.394649555179937,inf,4.18298707707719,False,31.26398947290221,,,
6000,1007,1,244,244,-0.21052253246307373,0.688713788986206,-0.0016260546399280429,0.18000000715255737,0.2088964730501175,-0.5087137818336487,True,True,predictive_recovery,right_slow_follow,-3.053952137629232,8.0,10,2,,0,0,0,False,False,False,False,False,False,False,False,True,0.621855172073088,11.752517468658215,0.0,False,max_steps,vehicle,21.593414306640625,dynamic_vehicle,True,,inf,inf,inf,7.020547433826206,inf,4.170047862370769,6.3740118851458565,-1.1825256713349144,0.08192351968043139,{'ROAD_LINE_BROKEN_SINGLE_WHITE'},True,True,raw_collision_risk:cut_in_danger,True,False,right,12,False,raw_predicted_collision,False,0,0,,inf,inf,inf,inf,False,False,3.7080269479015016,inf,0.0,True,False,1,0,,True,False,0.0,1.0177838259467435,inf,5.1112854709625655,0.0,cut_in_danger,True,raw_collision_risk:cut_in_danger,,False,False,0.0,7.068323112853156,inf,4.170047862370769,False,32.250936103681724,,,
6000,1007,1,245,245,-0.21005433797836304,0.6804418563842773,-0.0008312265854328871,0.18000000715255737,0.20922310650348663,-0.50044184923172,True,True,predictive_recovery,right_slow_follow,-3.0675439039866537,8.0,10,2,,0,0,0,False,False,False,False,False,False,False,False,True,0.6246858861416941,11.80720570739704,0.0,False,max_steps,vehicle,21.255889892578125,dynamic_vehicle,True,,inf,inf,inf,6.6899071491053,inf,4.156456096013347,5.900027251653013,-1.1691267856079857,0.08036031634562303,{'ROAD_LINE_BROKEN_SINGLE_WHITE'},True,True,raw_collision_risk:cut_in_danger,True,False,right,12,False,raw_predicted_collision,False,0,0,,inf,inf,inf,inf,False,False,3.5492708207168544,inf,0.0,True,False,1,0,,True,False,0.011859491676499733,0.7604683610783343,inf,5.124877237319987,0.0,cut_in_danger,True,raw_collision_risk:cut_in_danger,,False,False,0.0,6.739112461796797,inf,4.156456096013347,False,32.6220979328597,,,
6000,1007,1,246,246,-0.2231345772743225,0.6762444972991943,-9.122047777054831e-05,0.18000000715255737,0.22304335236549377,-0.49624449014663696,True,True,predictive_recovery,right_slow_follow,-3.081592241923055,8.0,10,2,,0,0,0,False,False,False,False,False,False,False,False,True,0.6275297463391747,11.861892360110504,0.0,False,max_steps,vehicle,20.912918090820312,dynamic_vehicle,True,,inf,inf,inf,6.356487744784946,inf,4.142407758076946,5.405979467038167,-1.1551735766846458,0.07873244197123337,{'ROAD_LINE_BROKEN_SINGLE_WHITE'},True,True,raw_collision_risk:cut_in_danger,True,False,right,12,False,raw_predicted_collision,False,0,0,,inf,inf,inf,inf,False,False,3.3939940082945768,inf,0.0,True,False,1,0,,True,False,0.08627653993098658,0.5124115335633781,inf,5.138925575256389,0.0,cut_in_danger,True,raw_collision_risk:cut_in_danger,,False,False,0.0,6.407218167285375,inf,4.142407758076946,False,33.39463809795829,,,
6000,1007,1,247,247,-0.23324662446975708,0.577600359916687,0.0003666181582957506,0.18000000715255737,0.23361323773860931,-0.39760035276412964,True,True,predictive_recovery,right_slow_follow,-3.0958785216013998,8.0,10,3,,0,0,0,False,False,False,False,False,False,False,False,True,0.6303867893865605,11.916582139328414,0.0,False,max_steps,vehicle,20.564483642578125,dynamic_vehicle,True,,inf,inf,inf,6.020470408629613,inf,4.128121478398601,4.905930933247749,-1.1410215266663353,0.07708136946909715,{'ROAD_LINE_BROKEN_SINGLE_WHITE'},True,True,raw_collision_risk:cut_in_danger,True,False,right,12,False,raw_predicted_collision,False,0,0,,inf,inf,inf,inf,False,False,3.242257052381789,inf,0.0,True,False,1,0,,True,False,0.11165782553569621,0.427807248214346,inf,5.153211854934733,0.0,cut_in_danger,True,raw_collision_risk:cut_in_danger,,False,False,0.0,6.072827595964851,inf,4.128121478398601,False,36.08714184460747,,,
6000,1007,1,248,248,-0.1458415985107422,0.6183176040649414,0.0005251425318419933,0.18000000715255737,0.14636674523353577,-0.43831759691238403,True,True,predictive_recovery,right_slow_follow,-3.1102096239726156,8.0,10,3,,0,0,0,False,False,False,False,False,False,False,False,True,0.6332570152838513,11.971269324268969,0.0,False,max_steps,vehicle,20.2105712890625,dynamic_vehicle,True,,inf,inf,inf,5.682071433579923,inf,4.113790376027385,4.399896694631606,-1.1268904574829857,0.0754327447310397,{'ROAD_LINE_BROKEN_SINGLE_WHITE'},True,True,raw_collision_risk:cut_in_danger,True,False,right,12,False,raw_predicted_collision,False,0,0,,inf,inf,inf,inf,False,False,3.093908953395457,inf,0.0,True,False,1,0,,True,False,0.1982928595854647,0.13902380138178438,inf,5.167542957305949,0.0,cut_in_danger,True,raw_collision_risk:cut_in_danger,,False,False,0.0,5.73616405074916,inf,4.113790376027385,False,35.85995292828369,,,
6000,1007,1,249,249,-0.1453874111175537,0.6064584255218506,0.000480677088489756,0.18000000715255737,0.14586809277534485,-0.4264584183692932,True,True,predictive_recovery,right_slow_follow,-3.1244749228159994,8.0,10,3,,0,0,0,False,False,False,False,False,False,False,False,True,0.636140424031047,12.025956206717035,0.0,False,max_steps,vehicle,19.851181030273438,dynamic_vehicle,True,,inf,inf,inf,5.3415950942249975,inf,4.099525077184001,3.887892973005963,-1.1571600508513276,0.09307401501062972,{'ROAD_LINE_BROKEN_SINGLE_WHITE'},True,True,raw_collision_risk:cut_in_danger,True,False,right,12,False,raw_predicted_collision,False,0,0,,inf,inf,inf,inf,False,False,2.948711689196817,inf,0.0,True,False,1,0,,True,False,0.0,0.8378561379485663,inf,5.181808256149333,0.0,cut_in_danger,True,raw_collision_risk:cut_in_danger,,False,False,0.0,5.39754010668134,inf,4.099525077184001,False,34.57920058979711,,,
6000,1007,1,250,250,-0.1840360164642334,0.5144948959350586,0.0003503482439555228,0.18000000715255737,0.18438635766506195,-0.3344948887825012,True,True,predictive_recovery,right_slow_follow,-3.1386381785075277,8.0,10,3,,0,0,0,False,False,False,False,False,False,False,False,True,0.6390369789071174,12.080644395380494,0.0,False,max_steps,vehicle,19.486312866210938,dynamic_vehicle,True,,inf,inf,inf,4.99942780901989,inf,4.085361821492473,3.3699142011305856,-1.1431078982176606,0.0912003946594741,{'ROAD_LINE_BROKEN_SINGLE_WHITE'},True,True,raw_collision_risk:cut_in_danger,True,False,right,12,False,raw_predicted_collision,False,0,0,,inf,inf,inf,inf,False,False,2.8064134342816245,inf,0.0,True,False,1,0,,True,False,0.037629792190171436,0.6745673593660952,inf,5.195971511840861,0.0,cut_in_danger,True,raw_collision_risk:cut_in_danger,,False,False,0.0,5.057352028695929,inf,4.085361821492473,False,37.201814671256656,,,
6000,1007,1,251,251,-0.15024179220199585,0.45760488510131836,0.00022152646852191538,0.18000000715255737,0.1504633128643036,-0.277604877948761,True,True,predictive_recovery,right_slow_follow,-3.1527110735575765,8.0,10,3,,0,0,0,False,False,False,False,False,False,False,False,True,0.6419466799120626,12.135331590705496,0.0,False,max_steps,vehicle,19.115982055664062,dynamic_vehicle,True,,inf,inf,inf,4.656049803493859,inf,4.071288926442424,2.845970894277121,-1.129159934503061,0.08934066616419416,{'ROAD_LINE_BROKEN_SINGLE_WHITE'},True,True,raw_collision_risk:cut_in_danger,True,False,right,12,False,raw_predicted_collision,False,0,0,,inf,inf,inf,inf,False,False,2.6668087854128677,inf,0.0,True,False,1,0,,True,False,0.08708416821928566,0.5097194392690478,inf,5.21004440689091,0.0,cut_in_danger,True,raw_collision_risk:cut_in_danger,,False,False,0.0,4.716090984316546,inf,4.071288926442424,False,39.05750583423084,,,
6000,1007,1,252,252,-0.15017545223236084,0.30780935287475586,0.00013770718942396343,0.18000000715255737,0.15031315386295319,-0.1278093457221985,True,True,predictive_recovery,right_slow_follow,-3.1667309204737752,8.0,10,2,,0,0,0,False,False,False,False,False,False,False,False,True,0.6448695637669127,12.190020125852348,0.0,False,max_steps,vehicle,18.740188598632812,dynamic_vehicle,True,,inf,inf,inf,4.37432323908876,inf,4.057269079526225,2.316069013714797,-1.1152998280348603,0.08758359104851149,{'ROAD_LINE_BROKEN_SINGLE_WHITE'},True,True,raw_collision_risk:cut_in_danger,True,False,right,12,False,raw_predicted_collision,False,0,0,,inf,inf,inf,inf,False,False,2.529742871920275,inf,0.0,True,False,1,0,,True,False,0.08250519515615544,0.5249826828128152,inf,5.224064253807109,0.0,cut_in_danger,True,raw_collision_risk:cut_in_danger,,False,False,0.0,4.37432323908876,inf,4.057269079526225,False,42.74777910490651,,,
6000,1007,1,253,253,-0.08795475959777832,0.3638859987258911,0.0015774437924847007,0.30000001192092896,0.08953220397233963,-0.06388598680496216,True,True,predictive_recovery,right_pass,-3.1807336012522787,13.827507120118858,10,4,,0,0,0,False,False,False,False,False,False,False,False,True,0.647807686849369,12.281152551062194,0.0,False,max_steps,vehicle,18.358917236328125,dynamic_vehicle,True,,inf,inf,inf,-1.2770043507751154,inf,4.043266398747722,-17.317962518813022,-1.1014423441710297,1.1599581955405498,{'ROAD_LINE_BROKEN_SINGLE_WHITE'},True,True,raw_collision_risk:cut_in_danger,True,False,right,12,False,raw_predicted_collision,False,0,0,,inf,inf,inf,inf,False,False,2.395094361678212,inf,0.0,True,False,1,0,,True,False,0.18271532200450322,0.19094892665165597,inf,5.238066934585612,0.0,cut_in_danger,True,raw_collision_risk:cut_in_danger,,False,False,0.9207605175991199,-0.7936614125596937,inf,4.043266398747722,True,60.43782126041154,,,
6000,1007,1,254,254,-0.10221397876739502,0.5505850315093994,-1.1064180398534518e-05,0.18000000715255737,0.10220291465520859,-0.37058502435684204,True,True,predictive_recovery,right_slow_follow,-3.1945346991221517,8.0,10,2,,0,0,0,False,False,False,False,False,False,False,False,True,0.650765308798955,12.335842272246333,0.0,False,max_steps,vehicle,17.9713134765625,dynamic_vehicle,True,,inf,inf,inf,3.675878016211115,inf,4.029465300877849,1.1338339752097486,-1.0877552103819672,0.08437005232234063,{'ROAD_LINE_BROKEN_SINGLE_WHITE'},True,True,raw_collision_risk:cut_in_danger,True,False,right,12,False,raw_predicted_collision,False,0,0,,inf,inf,inf,inf,False,False,2.241822422901006,inf,0.0,True,False,1,0,,True,False,0.38123326064668617,-0.21852569731484417,inf,5.251868032455485,0.0,cut_in_danger,True,raw_collision_risk:cut_in_danger,,False,False,0.0,3.675878016211115,inf,4.029465300877849,False,39.14948806081682,,,
6000,1007,1,255,255,-0.21428191661834717,0.42473304271698,-0.0003699880908243358,0.18000000715255737,0.21391193568706512,-0.2447330355644226,True,True,predictive_recovery,right_slow_follow,-3.2080115477244466,8.0,10,2,,0,0,0,False,False,False,False,False,False,False,False,True,0.6537364808087497,12.390528678126453,0.0,False,max_steps,vehicle,17.575607299804688,dynamic_vehicle,True,,inf,inf,inf,3.3339604697369865,inf,4.015988452275554,0.5821847570020697,-1.0743963789763276,0.0992070686371729,{'ROAD_LINE_BROKEN_SINGLE_WHITE'},True,True,raw_collision_risk:cut_in_danger,True,False,right,12,False,raw_predicted_collision,False,0,0,,inf,inf,inf,inf,False,False,2.1126779142423757,inf,0.0,True,False,1,0,,True,False,0.4409950604438436,-0.26334400092578614,inf,5.26534488105778,0.0,cut_in_danger,True,raw_collision_risk:cut_in_danger,,False,False,0.0,3.3339604697369865,inf,4.015988452275554,False,42.677837083960156,,,
6000,1007,1,256,256,-0.12983053922653198,0.5423355102539062,-0.0003659077628981322,0.18000000715255737,0.12946462631225586,-0.3623355031013489,True,True,predictive_recovery,right_slow_follow,-3.2216452757517904,8.0,10,2,,0,0,0,False,False,False,False,False,False,False,False,True,0.6567207989474192,12.445220184050065,0.0,False,max_steps,vehicle,17.174270629882812,dynamic_vehicle,True,,inf,inf,inf,2.99492612872538,inf,4.00235472424821,0.024415938656918712,-1.06089902637623,0.09740742162382655,{'ROAD_LINE_BROKEN_SINGLE_WHITE'},True,True,raw_collision_risk:cut_in_danger,True,False,right,12,False,raw_predicted_collision,False,0,0,,inf,inf,inf,inf,False,False,1.9853128372882907,inf,0.0,True,False,1,0,,True,False,0.5854758500854532,-0.4497535808891766,inf,5.278978609085124,0.0,cut_in_danger,True,raw_collision_risk:cut_in_danger,,False,False,0.0,2.99492612872538,inf,4.00235472424821,False,40.9529221527758,,,
6000,1007,1,257,257,-0.15334320068359375,0.6999263763427734,-0.000174086686456576,0.18000000715255737,0.15316911041736603,-0.5199263691902161,True,True,predictive_recovery,right_slow_follow,-3.23546580473586,8.0,10,2,,0,0,0,False,False,False,False,False,False,False,False,True,0.6597182632149633,12.499904727250163,0.0,False,max_steps,vehicle,16.767471313476562,dynamic_vehicle,True,,inf,inf,inf,2.6601615460618824,inf,3.98853419526414,-0.5393287254872625,-1.0472089123549286,0.10007647913338023,{'ROAD_LINE_BROKEN_SINGLE_WHITE'},True,True,predicted_collision_within_1s;raw_collision_risk:cut_in_danger,True,False,right,12,False,raw_predicted_collision,False,0,0,,inf,inf,inf,inf,False,False,1.8598421838073549,inf,0.0,True,False,1,0,,True,False,0.29589888806817305,-0.11570966103696323,inf,5.292799138069194,0.0,cut_in_danger,True,predicted_collision_within_1s;raw_collision_risk:cut_in_danger,,False,False,0.0,2.6601615460618824,inf,3.98853419526414,False,34.72099787647144,,,
6000,1007,1,258,258,-0.1496943235397339,0.5929802656173706,4.258086482877843e-05,0.18000000715255737,0.1497369110584259,-0.41298025846481323,True,True,predictive_recovery,right_slow_follow,-3.249446908632955,8.0,10,2,,0,0,0,False,False,False,False,False,False,False,False,True,0.6627289103324124,12.554590349100959,0.0,False,max_steps,vehicle,16.355209350585938,dynamic_vehicle,True,,inf,inf,inf,2.331107412021593,inf,3.9745530913670453,-1.1090144038543759,-1.0333410572829071,0.10297481244350333,{'ROAD_LINE_BROKEN_SINGLE_WHITE'},True,True,predicted_collision_within_1s;raw_collision_risk:cut_in_danger,True,False,right,12,False,raw_predicted_collision,False,0,0,,inf,inf,inf,inf,False,False,1.7363347581546906,inf,0.0,True,False,1,0,,True,False,0.4117898065151844,-0.2516429925484016,inf,5.306780241966289,0.0,cut_in_danger,True,predicted_collision_within_1s;raw_collision_risk:cut_in_danger,,False,False,0.0,2.331107412021593,inf,3.9745530913670453,False,38.157567486633354,,,
6000,1007,1,259,259,-0.2532269358634949,0.40764033794403076,0.0001918000925797969,0.18000000715255737,0.2534187436103821,-0.2276403307914734,True,True,predictive_recovery,right_slow_follow,-3.2635177771250814,8.0,10,2,,0,0,0,False,False,False,False,False,False,False,False,True,0.6657527035787362,12.60928005234108,0.0,False,max_steps,vehicle,15.937469482421875,dynamic_vehicle,True,,inf,inf,inf,2.009405622903076,inf,3.960482222874919,-1.684679431205062,-1.0193829607786957,0.10591094147086419,{'ROAD_LINE_BROKEN_SINGLE_WHITE'},True,True,predicted_collision_within_1s;raw_collision_risk:cut_in_danger,True,False,right,12,False,raw_predicted_collision,False,0,0,,inf,inf,inf,inf,False,False,1.614784826348072,inf,0.0,True,False,1,0,,True,False,0.4914850252747356,-0.31495594030253704,inf,5.320851110458415,0.0,cut_in_danger,True,predicted_collision_within_1s;raw_collision_risk:cut_in_danger,,False,False,0.0,2.009405622903076,inf,3.960482222874919,False,43.18800842332904,,,
6000,1007,1,260,260,-0.25561726093292236,0.7312114238739014,0.0002510778431314975,0.18000000715255737,0.2558683454990387,-0.551211416721344,True,True,predictive_recovery,right_slow_follow,-3.2776142756144613,8.0,10,2,,0,0,0,False,False,False,False,False,False,False,False,True,0.6687896429539347,12.663965253548518,0.0,False,max_steps,vehicle,15.514266967773438,dynamic_vehicle,True,,inf,inf,inf,1.6970132038757573,inf,3.946385724385539,-2.2663174176038527,-1.0054092478575531,0.1088947629680351,{'ROAD_LINE_BROKEN_SINGLE_WHITE'},True,True,predicted_collision_within_1s;raw_collision_risk:cut_in_danger,True,False,right,12,False,raw_predicted_collision,False,0,0,,inf,inf,inf,inf,False,False,1.4951391667001086,inf,0.0,True,False,1,0,,True,False,0.5995922393825526,-0.4473132474778665,inf,5.334947608947795,0.0,cut_in_danger,True,predicted_collision_within_1s;raw_collision_risk:cut_in_danger,,False,False,0.0,1.6970132038757573,inf,3.946385724385539,False,35.88116193446302,,,
6000,1007,1,261,261,-0.24281644821166992,0.7504656314849854,0.00024177432351280004,0.18000000715255737,0.2430582195520401,-0.570465624332428,True,True,predictive_recovery,right_slow_follow,-3.291692773501119,7.598379152129111,10,1,,0,0,0,False,False,False,False,False,False,False,False,True,0.6718396917369774,12.718650830773331,0.0,False,max_steps,vehicle,15.085601806640625,dynamic_vehicle,True,,inf,inf,inf,1.3962271996445192,inf,3.932307226498881,-2.853903497469725,-0.9914513897719208,0.11583358227085173,{'ROAD_LINE_BROKEN_SINGLE_WHITE'},True,True,predicted_collision_within_1s;raw_collision_risk:cut_in_danger,True,False,right,12,False,raw_predicted_collision,False,0,0,,inf,inf,inf,inf,False,False,1.3773116206782983,inf,0.0,True,False,1,0,,True,False,0.7181815019054165,-0.4740499724815064,inf,5.349026106834453,0.0,cut_in_danger,True,predicted_collision_within_1s;raw_collision_risk:cut_in_danger,,False,False,0.0,1.3962271996445192,inf,3.932307226498881,False,33.385133157225624,,,
6000,1007,1,262,262,-0.275227427482605,0.6527259349822998,0.00020167080219835043,0.18000000715255737,0.2754290997982025,-0.47272592782974243,True,True,predictive_recovery,right_slow_follow,-3.3057336012522787,3.0,10,1,,0,0,0,False,False,False,False,False,False,False,False,True,0.6749029600909556,12.773338120488427,0.0,False,max_steps,vehicle,14.6514892578125,dynamic_vehicle,True,,inf,inf,inf,1.1097422077596466,inf,3.9182663987477215,-3.4474364365834056,-0.9775221419157807,0.12313248869387133,{'ROAD_LINE_BROKEN_SINGLE_WHITE'},True,True,predicted_collision_within_1s;raw_collision_risk:cut_in_danger,True,False,right,12,False,raw_predicted_collision,False,0,0,,inf,inf,inf,inf,False,False,1.2612054237820172,inf,0.0,True,False,1,0,,True,False,0.8245803632784159,-0.454839068153007,inf,5.363066934585612,0.0,cut_in_danger,True,predicted_collision_within_1s;raw_collision_risk:cut_in_danger,,False,False,0.0,1.1097422077596466,inf,3.9182663987477215,False,11.818853411320376,,,
6000,1007,1,263,263,-0.47001349925994873,0.22039449214935303,0.00015919757424853742,0.18000000715255737,0.4701727032661438,-0.040394484996795654,True,True,predictive_recovery,right_slow_follow,-3.3197400967280477,3.0,10,1,,0,0,0,False,False,False,False,False,False,False,False,True,0.6779793745738084,12.828017454768771,0.0,False,max_steps,vehicle,14.211883544921875,dynamic_vehicle,True,,inf,inf,inf,0.8406460396886133,inf,3.9042599032719525,-4.046965936711176,-0.9636265110792939,0.13433837644640517,{'ROAD_LINE_BROKEN_SINGLE_WHITE'},True,True,predicted_collision_within_1s;raw_collision_risk:cut_in_danger,True,False,right,12,False,raw_predicted_collision,False,0,0,,inf,inf,inf,inf,False,False,1.1467235268473943,inf,0.0,True,False,1,0,,True,False,0.8883788073731085,-0.4476827694846679,inf,5.377073430061381,0.0,cut_in_danger,True,predicted_collision_within_1s;raw_collision_risk:cut_in_danger,,False,False,0.0,0.8406460396886133,inf,3.9042599032719525,False,21.769068995557376,,,
6000,1007,1,264,264,-0.35213327407836914,0.5100491046905518,3.9799393562134355e-05,-0.8500000238418579,0.3521730601787567,-1.3600491285324097,True,True,minimum_risk_stop,pre_contact_minimum_risk,0,0,10,0,no_safe_candidate_before_cost,0,0,0,False,False,False,False,False,False,False,False,True,0.6809710369185531,11.300138231555886,0.0,False,max_steps,vehicle,13.766815185546875,dynamic_vehicle,True,,inf,inf,inf,inf,inf,inf,inf,inf,0.0,{'ROAD_LINE_BROKEN_SINGLE_WHITE'},True,True,predicted_collision_within_1s;raw_collision_risk:vehicle_lateral_margin_violation,False,False,,0,False,raw_predicted_collision,True,8,0,,inf,inf,inf,inf,False,False,1.0338020398962726,inf,0.0,True,False,1,0,,True,False,0.988279150822202,-0.4121578394095491,inf,5.39105870628361,0.0,vehicle_lateral_margin_violation,True,no_safe_candidate_before_cost,no_hard_safe_candidate,False,False,0.0,inf,inf,inf,False,0.0,,,
6000,1007,1,265,265,-0.27311551570892334,0.6130363941192627,9.949848390533589e-06,-0.8500000238418579,0.27312546968460083,-1.4630364179611206,True,True,minimum_risk_stop,pre_contact_minimum_risk,0,0,10,0,no_safe_candidate_before_cost,0,0,0,False,False,False,False,False,False,False,False,True,0.6836244985735335,9.926142745397518,0.0,False,max_steps,vehicle,13.356964111328125,dynamic_vehicle,True,,inf,inf,inf,inf,inf,inf,inf,inf,0.0,{'ROAD_LINE_BROKEN_SINGLE_WHITE'},True,True,predicted_collision_within_1s;raw_collision_risk:vehicle_lateral_margin_violation,False,False,,0,False,raw_predicted_collision,True,8,0,,inf,inf,inf,inf,False,False,1.428095974127003,inf,0.0,True,False,1,0,,True,False,0.9393774715364502,-0.41816796048995775,inf,5.4046087493896895,0.0,vehicle_lateral_margin_violation,True,no_safe_candidate_before_cost,no_hard_safe_candidate,False,False,0.0,inf,inf,inf,False,0.0,,,
6000,1007,1,266,266,-0.4541339874267578,0.3565211296081543,-0.004917376674711704,0.18000000715255737,0.4492166042327881,-0.17652112245559692,True,True,predictive_recovery,right_slow_follow,-3.3592949310938924,5.955685647238511,10,1,,0,0,0,False,False,False,False,False,False,False,False,True,0.6860295791790495,9.980782306413953,0.0,False,max_steps,vehicle,13.087646484375,dynamic_vehicle,True,,inf,inf,inf,0.8785479868144681,inf,3.8647050689061078,-0.27147586753065944,-0.9244119000258271,0.08147143700652834,{'ROAD_LINE_BROKEN_SINGLE_WHITE'},True,True,raw_collision_risk:vehicle_lateral_margin_violation,True,False,right,12,False,raw_predicted_collision,False,0,0,,inf,inf,inf,inf,False,False,2.4909585023424627,inf,0.0,True,False,1,0,,True,False,1.0884269965504076,-0.3852202342628366,inf,5.416628264427226,0.0,vehicle_lateral_margin_violation,True,raw_collision_risk:vehicle_lateral_margin_violation,,False,False,0.0,0.8785479868144681,inf,3.8647050689061078,False,43.45580519820763,,,
6000,1007,1,267,267,-0.4582200050354004,0.5162122249603271,-0.4582200050354004,0.5162122249603271,0.0,0.0,True,False,inactive_raw_action,raw_action,0,0,10,4,raw_action_safe_or_candidate_not_better,0,0,0,False,False,False,False,False,False,False,False,True,0.6884262873896398,9.933127310797392,0.0,False,max_steps,vehicle,12.921539306640625,dynamic_vehicle,True,,inf,inf,inf,-2.177444859210034,inf,3.8532130549748334,inf,inf,0.0,{'ROAD_LINE_BROKEN_SINGLE_WHITE'},False,False,,False,False,,0,False,vehicle_margin_uncertain_or_low,False,0,0,,inf,inf,inf,inf,False,False,2.306443043607854,inf,0.0,False,False,1,0,,False,False,3.861120142841004,-2.177444859210034,inf,5.4281202783585005,0.0,,False,raw_action_safe_or_candidate_not_better,candidate_not_better,False,False,1.806297393817129,-0.8620877876619022,inf,3.8532130549748334,False,90.12430077462189,,,
6000,1007,1,268,268,-0.4091898798942566,0.7617640495300293,0.006087001878768206,0.18000000715255737,0.4152768850326538,-0.5817640423774719,True,True,predictive_recovery,right_slow_follow,-3.395147363344869,8.0,10,2,,0,0,0,False,False,False,False,False,False,False,False,True,0.690816532698884,9.982288590937307,0.0,False,max_steps,vehicle,12.7589111328125,dynamic_vehicle,True,,inf,inf,inf,0.7181912308603935,inf,3.828852636655131,-0.6075450112901777,-0.8887795281233613,0.08346755974592177,{'ROAD_LINE_BROKEN_SINGLE_WHITE'},True,True,predicted_collision_within_1s;raw_collision_risk:vehicle_lateral_margin_violation,True,False,right,12,False,raw_predicted_collision,False,0,0,,inf,inf,inf,inf,False,False,2.2493806535738714,inf,0.0,True,False,1,0,,True,False,0.8711830257520268,-0.3367789651482531,inf,5.452480696678203,0.0,vehicle_lateral_margin_violation,True,predicted_collision_within_1s;raw_collision_risk:vehicle_lateral_margin_violation,,False,False,0.024542630741881965,0.7181912308603935,inf,3.828852636655131,False,45.983288145285854,,,
6000,1007,1,269,269,-0.3307901620864868,0.5435640811920166,0.031031660735607147,0.18000000715255737,0.36182183027267456,-0.36356407403945923,True,True,predictive_recovery,right_slow_follow,0.0,8.0,10,2,,0,0,0,False,False,False,False,False,False,False,False,True,0.6932195569266991,10.03425567921477,0.0,False,max_steps,vehicle,12.598968505859375,dynamic_vehicle,True,,inf,inf,inf,0.6660817284899978,inf,3.7239999999999998,-0.8191069837604807,-0.842464454432327,0.08463954132786149,{'ROAD_LINE_BROKEN_SINGLE_WHITE'},True,True,predicted_collision_within_1s;raw_collision_risk:vehicle_lateral_margin_violation,True,False,right,12,False,raw_predicted_collision,False,0,0,,inf,inf,inf,inf,False,False,2.0275190610013425,inf,3.3020428609902397,True,False,1,0,,True,False,0.8879993252806094,-0.30227956455000315,inf,5.447132967948873,0.0,vehicle_lateral_margin_violation,True,predicted_collision_within_1s;raw_collision_risk:vehicle_lateral_margin_violation,,False,False,0.05255466377436737,0.6660817284899978,inf,3.7239999999999998,False,50.77839638874058,,,
6000,1007,1,270,270,-0.41405826807022095,0.5193420648574829,0.034846872091293335,0.18000000715255737,0.4489051401615143,-0.33934205770492554,True,True,predictive_recovery,right_slow_follow,0.0,8.0,10,2,,0,0,0,False,False,False,False,False,False,False,False,True,0.6956360210516318,10.087902237148208,0.0,False,max_steps,vehicle,12.4337158203125,dynamic_vehicle,True,,inf,inf,inf,0.6039494814614916,inf,3.7239999999999998,-1.0389251117017384,-0.8047366787592557,0.08886402787575673,{'ROAD_LINE_BROKEN_SINGLE_WHITE'},True,True,predicted_collision_within_1s;raw_collision_risk:vehicle_lateral_margin_violation,True,False,right,12,False,raw_predicted_collision,False,0,0,,inf,inf,inf,inf,False,False,1.860530530100814,inf,4.154766527909446,True,False,1,0,,True,False,0.9145587860582738,-0.27908495301317116,inf,5.410567306518514,0.0,vehicle_lateral_margin_violation,True,predicted_collision_within_1s;raw_collision_risk:vehicle_lateral_margin_violation,,False,False,0.0910916976500579,0.6039494814614916,inf,3.7239999999999998,False,50.71271550038131,,,
6000,1007,1,271,271,-0.5320636630058289,0.21110272407531738,0.026587942615151405,0.18000000715255737,0.5586516261100769,-0.03110271692276001,True,True,predictive_recovery,right_slow_follow,0.0,8.0,10,3,,0,0,0,False,False,False,False,False,False,False,False,True,0.6980659250736821,10.142577036574584,0.0,False,max_steps,vehicle,12.26287841796875,dynamic_vehicle,True,,inf,inf,inf,0.5354583453958504,inf,3.7239999999999998,-1.266091398822283,-0.7769715148144286,0.09435167491719157,{'ROAD_LINE_BROKEN_SINGLE_WHITE'},True,True,predicted_collision_within_1s;raw_collision_risk:vehicle_lateral_margin_violation,True,False,right,12,False,raw_predicted_collision,False,0,0,,inf,inf,inf,inf,False,False,1.7243753402327553,inf,5.367406216341771,True,False,1,0,,True,False,0.9063264424416869,-0.2162270729734712,inf,5.383629940986593,0.0,vehicle_lateral_margin_violation,True,predicted_collision_within_1s;raw_collision_risk:vehicle_lateral_margin_violation,,False,False,0.13897457950760328,0.5354583453958504,inf,3.7239999999999998,False,57.022587644589926,,,
6000,1007,1,272,272,-0.5011031627655029,0.32490622997283936,0.015134825371205807,0.18000000715255737,0.5162379741668701,-0.14490622282028198,True,True,predictive_recovery,right_slow_follow,0.0,8.0,10,3,,0,0,0,False,False,False,False,False,False,False,False,True,0.7005091955507895,10.197445667938588,0.0,False,max_steps,vehicle,12.086456298828125,dynamic_vehicle,True,,inf,inf,inf,0.4628453828728154,inf,3.7239999999999998,-1.4999220577597043,-0.7568462772104462,0.10085673803880857,{'ROAD_LINE_BROKEN_SINGLE_WHITE'},True,True,predicted_collision_within_1s;raw_collision_risk:vehicle_lateral_margin_violation,True,False,right,12,False,raw_predicted_collision,False,0,0,,inf,inf,inf,inf,False,False,1.5989214774648504,inf,5.082477431620286,True,False,1,0,,True,False,0.9731917195937503,-0.23655595153509834,inf,5.364075206756551,0.0,vehicle_lateral_margin_violation,True,predicted_collision_within_1s;raw_collision_risk:vehicle_lateral_margin_violation,,False,False,0.20667629974351606,0.4628453828728154,inf,3.7239999999999998,False,53.20802128840036,,,
6000,1007,1,273,273,-0.5095833539962769,0.33047354221343994,0.005546689964830875,0.18000000715255737,0.5151300430297852,-0.15047353506088257,True,True,predictive_recovery,right_slow_follow,0.0,6.118467400763152,10,2,,0,0,0,False,False,False,False,False,False,False,False,True,0.7029657590408929,10.252208283488873,0.0,False,max_steps,vehicle,11.90447998046875,dynamic_vehicle,True,,inf,inf,inf,0.38864378197005545,inf,3.7239999999999998,-1.7395104396037304,-0.7419125644299706,0.07646055043608732,{'ROAD_LINE_BROKEN_SINGLE_WHITE'},True,True,predicted_collision_within_1s;raw_collision_risk:vehicle_lateral_margin_violation,True,False,right,12,False,raw_predicted_collision,False,0,0,,inf,inf,inf,inf,False,False,1.4739064970021944,inf,5.1964485656629495,True,False,1,0,,True,False,1.00913339565284,-0.22089940833246802,inf,5.349538706779439,0.0,vehicle_lateral_margin_violation,True,predicted_collision_within_1s;raw_collision_risk:vehicle_lateral_margin_violation,,False,False,0.20999964477144933,0.38864378197005545,inf,3.7239999999999998,False,37.453262228341956,,,
6000,1007,1,274,274,-0.45528388023376465,0.45469486713409424,-0.0003517323057167232,0.18000000715255737,0.45493215322494507,-0.27469485998153687,True,True,predictive_recovery,right_slow_follow,0.0,6.151324970093324,10,2,,0,0,0,False,False,False,False,False,False,False,False,True,0.7054354686598711,10.306885800892763,0.0,False,max_steps,vehicle,11.682373046875,dynamic_vehicle,True,,inf,inf,inf,0.31562936584465495,inf,3.7239999999999998,-2.6361328302942812,-0.729547544446255,0.09695680352770779,{'ROAD_LINE_BROKEN_SINGLE_WHITE'},True,True,predicted_collision_within_1s;raw_collision_risk:vehicle_lateral_margin_violation,True,False,right,12,False,raw_predicted_collision,False,0,0,,inf,inf,inf,inf,False,False,1.3460243588744467,inf,4.667665168271558,True,False,1,0,,True,False,1.0341602348944634,-0.19678012830344516,inf,5.337490462303121,0.0,vehicle_lateral_margin_violation,True,predicted_collision_within_1s;raw_collision_risk:vehicle_lateral_margin_violation,,False,False,0.27782016328097375,0.31562936584465495,inf,3.7239999999999998,False,31.795841897945905,,,
6000,1007,1,275,275,-0.4255516529083252,0.5919933319091797,-0.00278475065715611,0.18000000715255737,0.42276689410209656,-0.4119933247566223,True,True,predictive_recovery,right_slow_follow,0.0,6.184131480535657,10,2,,0,0,0,False,False,False,False,False,False,False,False,True,0.7079183244077238,10.361551502684332,0.0,False,max_steps,vehicle,11.364166259765625,dynamic_vehicle,True,,inf,inf,inf,0.24613132007073846,inf,3.7239999999999998,-2.712036261089475,-0.7178088003993023,0.10395410108592429,{'ROAD_LINE_BROKEN_SINGLE_WHITE'},True,True,predicted_collision_within_1s;raw_collision_risk:vehicle_lateral_margin_violation,True,False,right,12,False,raw_predicted_collision,False,0,0,,inf,inf,inf,inf,False,False,1.2159644263338965,inf,4.386112288907262,True,False,1,0,,True,False,1.0439307237797075,-0.19784881958255474,inf,5.326058768272359,0.0,vehicle_lateral_margin_violation,True,predicted_collision_within_1s;raw_collision_risk:vehicle_lateral_margin_violation,,False,False,0.3494858895820257,0.24613132007073846,inf,3.7239999999999998,False,24.337510635578724,,,
6000,1007,1,276,276,-0.34889912605285645,0.7093050479888916,-0.0028744181618094444,0.18000000715255737,0.3460247218608856,-0.5293050408363342,True,True,predictive_recovery,right_slow_follow,0.0,6.216930901610599,10,2,,0,0,0,False,False,False,False,False,False,False,False,True,0.7104143262844512,10.416233530971061,0.0,False,max_steps,vehicle,11.053466796875,dynamic_vehicle,True,,inf,inf,inf,0.1817650977264047,inf,3.7239999999999998,-3.0083081336446167,-0.705692157109577,0.11284481238846392,{'ROAD_LINE_BROKEN_SINGLE_WHITE'},True,True,predicted_collision_within_1s;raw_collision_risk:vehicle_lateral_margin_violation,True,False,right,12,False,raw_predicted_collision,False,0,0,,inf,inf,inf,inf,False,False,1.0859184286940315,inf,3.6151362638382247,True,False,1,0,,True,False,1.0439193766598058,-0.18634205005768356,inf,5.3142595520019125,0.0,vehicle_lateral_margin_violation,True,predicted_collision_within_1s;raw_collision_risk:vehicle_lateral_margin_violation,,False,False,0.4162088201504959,0.1817650977264047,inf,3.7239999999999998,False,17.064230936050777,,,
6000,1007,1,277,277,-0.2577650547027588,0.8376984596252441,-0.001846404979005456,0.18000000715255737,0.2559186518192291,-0.6576984524726868,True,True,predictive_recovery,right_slow_follow,0.0,3.0,10,1,,0,0,0,False,False,False,False,False,False,False,False,True,0.7129234742900534,10.470920728907744,0.0,False,max_steps,vehicle,10.754638671875,dynamic_vehicle,True,,inf,inf,inf,0.12365129150058118,inf,3.7239999999999998,-3.3240140774843088,-0.6928292711178449,0.1074324598139074,{'ROAD_LINE_BROKEN_SINGLE_WHITE'},True,True,predicted_collision_within_1s;vehicle_ttc;raw_collision_risk:vehicle_lateral_margin_violation,True,False,right,12,False,raw_predicted_collision,False,0,0,,inf,inf,inf,inf,False,False,0.9580631075468038,inf,2.684941005907466,True,False,1,0,,True,False,1.0339181035470075,-0.16307428147027148,inf,5.301736139297445,0.0,vehicle_lateral_margin_violation,True,predicted_collision_within_1s;vehicle_ttc;raw_collision_risk:vehicle_lateral_margin_violation,,False,False,0.4724546275399044,0.12365129150058118,inf,3.7239999999999998,False,-11.86952431171541,,,
6000,1007,1,278,278,-0.22296321392059326,0.898658037185669,0.0012746027205139399,0.30000001192092896,0.2242378145456314,-0.59865802526474,True,True,predictive_recovery,right_pass,0.0,14.514881896243255,10,4,,0,0,0,False,False,False,False,False,False,False,False,True,0.7154479716863527,10.56205038647932,0.0,False,max_steps,vehicle,10.466217041015625,dynamic_vehicle,True,,inf,inf,inf,-2.740876430999008,inf,3.7239999999999998,-22.694073352604356,-0.679320951263109,0.8828191868008751,{'ROAD_LINE_BROKEN_SINGLE_WHITE'},True,True,vehicle_ttc,True,False,right,12,False,vehicle_margin_uncertain_or_low,False,0,0,,inf,inf,inf,inf,False,False,0.8338186490573549,inf,2.3346301384250316,True,False,1,0,,False,False,4.984513219282678,-2.740876430999008,inf,5.288586877822835,0.0,,True,vehicle_ttc,,False,False,3.3560762565516393,-1.6046932054202676,inf,3.7239999999999998,False,102.55218808324403,,,
6000,1007,1,279,279,-0.2853742837905884,0.920536994934082,0.00022322984295897186,0.18000000715255737,0.2855975031852722,-0.7405369877815247,True,True,predictive_recovery,right_slow_follow,0.0,3.0,10,1,,0,0,0,False,False,False,False,False,False,False,False,True,0.7179918577866906,10.616736520904496,0.0,False,max_steps,vehicle,10.18572998046875,dynamic_vehicle,True,,inf,inf,inf,0.02652383799435709,inf,3.7239999999999998,-3.977134650312042,-0.665668740828831,0.12024074341886964,{'ROAD_LINE_BROKEN_SINGLE_WHITE'},True,True,predicted_collision_within_1s;vehicle_ttc;raw_collision_risk:vehicle_lateral_margin_violation,True,False,right,12,False,raw_predicted_collision,False,0,0,,inf,inf,inf,inf,False,False,0.7020015681420573,inf,3.0141375644016435,True,False,1,0,,True,False,0.8046325233814132,-0.14631934985346584,inf,5.275296710967977,0.0,vehicle_lateral_margin_violation,True,predicted_collision_within_1s;vehicle_ttc;raw_collision_risk:vehicle_lateral_margin_violation,,False,False,0.598545370937463,0.02652383799435709,inf,3.7239999999999998,False,-14.720133864807288,,,
6000,1007,1,280,280,-0.42680948972702026,0.8956518173217773,0.0,-0.800000011920929,0.42680948972702026,-1.6956517696380615,True,True,ultra_short_horizon_emergency,ultra_short_horizon_emergency_stop,0,0,0,0,high_speed_near_blocker,0,0,0,False,False,False,False,False,False,False,False,True,0.7204515058433457,9.118203773005906,0.0,False,max_steps,,inf,,False,,inf,inf,inf,inf,inf,inf,inf,inf,0.0,{'ROAD_LINE_BROKEN_SINGLE_WHITE'},True,True,high_speed_near_blocker,False,False,,0,False,,True,8,0,,inf,0,0,0,0,0,inf,inf,0.0,True,False,1,0,,False,False,0.0,inf,inf,inf,0.0,0,True,high_speed_near_blocker,,False,False,0.0,inf,inf,inf,False,0.0,,,
6000,1007,1,281,281,-0.44462156295776367,0.8745397329330444,0.0,-0.800000011920929,0.44462156295776367,-1.6745398044586182,True,True,ultra_short_horizon_emergency,ultra_short_horizon_emergency_stop,0,0,0,0,high_speed_near_blocker,0,0,0,False,False,False,False,False,False,False,False,True,0.7225825006781342,7.798116952394222,0.0,False,max_steps,,inf,,False,,inf,inf,inf,inf,inf,inf,inf,inf,0.0,{'ROAD_LINE_BROKEN_SINGLE_WHITE'},True,True,high_speed_near_blocker,False,False,,0,False,,True,8,0,,inf,0,0,0,0,0,inf,inf,0.0,True,False,1,0,,False,False,0.0,inf,inf,inf,0.0,0,True,high_speed_near_blocker,,False,False,0.0,inf,inf,inf,False,0.0,,,
6000,1007,1,282,282,-0.4388545751571655,0.9180018901824951,0.0,-0.800000011920929,0.4388545751571655,-1.7180018424987793,True,True,ultra_short_horizon_emergency,ultra_short_horizon_emergency_stop,0,0,0,0,high_speed_near_blocker,0,0,0,False,False,False,False,False,False,False,False,True,0.7243943163168933,6.448904619981638,0.0,False,max_steps,,inf,,False,,inf,inf,inf,inf,inf,inf,inf,inf,0.0,{'ROAD_LINE_BROKEN_SINGLE_WHITE'},True,True,high_speed_near_blocker,False,False,,0,False,,True,8,0,,inf,0,0,0,0,0,inf,inf,0.0,True,False,1,0,,False,False,0.0,inf,inf,inf,0.0,0,True,high_speed_near_blocker,,False,False,0.0,inf,inf,inf,False,0.0,,,
6000,1007,1,283,283,-0.42756980657577515,0.9426147937774658,0.0,-0.800000011920929,0.42756980657577515,-1.74261474609375,True,True,ultra_short_horizon_emergency,ultra_short_horizon_emergency_stop,0,0,0,0,high_speed_near_blocker,0,0,0,False,False,False,False,False,False,False,False,True,0.72587982887973,5.0627341290656425,0.0,False,max_steps,,inf,,False,,inf,inf,inf,inf,inf,inf,inf,inf,0.0,{'ROAD_LINE_BROKEN_SINGLE_WHITE'},True,True,high_speed_near_blocker,False,False,,0,False,,True,8,0,,inf,0,0,0,0,0,inf,inf,0.0,True,False,1,0,,False,False,0.0,inf,inf,inf,0.0,0,True,high_speed_near_blocker,,False,False,0.0,inf,inf,inf,False,0.0,,,
6000,1007,1,284,284,-0.3507338762283325,0.9725255966186523,0.0,-0.800000011920929,0.3507338762283325,-1.7725255489349365,True,True,ultra_short_horizon_emergency,ultra_short_horizon_emergency_stop,0,0,0,0,high_speed_near_blocker,0,0,0,False,False,False,False,False,False,False,False,True,0.7270305190875969,3.6578048732388435,0.0,False,max_steps,,inf,,False,,inf,inf,inf,inf,inf,inf,inf,inf,0.0,{'ROAD_LINE_BROKEN_SINGLE_WHITE'},True,True,high_speed_near_blocker,False,False,,0,False,,True,8,0,,inf,0,0,0,0,0,inf,inf,0.0,True,False,1,0,,False,False,0.0,inf,inf,inf,0.0,0,True,high_speed_near_blocker,,False,False,0.0,inf,inf,inf,False,0.0,,,
6000,1007,1,285,285,-0.18648868799209595,0.981189489364624,-0.013322326354682446,0.18000000715255737,0.17316636443138123,-0.8011894822120667,True,True,predictive_recovery,right_pass,0.49167788028712955,3.6578048732388435,10,3,,0,0,0,False,False,False,False,False,False,False,False,True,0.7279273200914431,3.7123533533798616,0.0,False,max_steps,,inf,,False,,inf,inf,inf,0.6961996456663875,inf,4.21567788028713,1.9950864856762767,-0.5875292204750912,0.05190976026087635,{'ROAD_LINE_BROKEN_SINGLE_WHITE'},True,True,raw_collision_risk:vehicle_lateral_margin_violation,True,False,right,12,False,raw_predicted_collision,False,0,0,,inf,inf,inf,inf,False,False,inf,inf,0.6821392317414068,True,False,1,0,,True,False,0.04968416446057644,0.6343861184647452,inf,5.21567788028713,0.0,vehicle_lateral_margin_violation,True,raw_collision_risk:vehicle_lateral_margin_violation,,False,False,0.031140106300083768,0.6961996456663875,inf,4.21567788028713,False,-32.864109096743775,,,
6000,1007,1,286,286,-0.2823399305343628,0.9139549732208252,-0.009622359648346901,0.30000001192092896,0.27271756529808044,-0.6139549612998962,True,True,predictive_recovery,right_pass,0.48648190498347965,7.825150732873575,10,5,,0,0,0,False,False,False,False,False,False,False,False,True,0.7288252961682614,3.8034910715678274,0.0,False,max_steps,,inf,,False,,inf,inf,inf,0.8779801365906281,inf,4.21048190498348,-2.224783821633144,-0.5824369572533504,0.07200812483171005,{'ROAD_LINE_BROKEN_SINGLE_WHITE'},True,True,raw_collision_risk:vehicle_lateral_margin_violation,True,False,right,12,False,raw_predicted_collision,False,0,0,,inf,inf,inf,inf,False,False,inf,inf,1.048145587912279,True,False,1,0,,True,False,0.0,0.8611973428725288,inf,5.21048190498348,0.0,vehicle_lateral_margin_violation,True,raw_collision_risk:vehicle_lateral_margin_violation,,False,False,0.0,0.8779801365906281,inf,4.21048190498348,False,-13.018661596251405,,,
6000,1007,1,287,287,-0.47697246074676514,0.7750899791717529,-0.007530975621193647,0.30000001192092896,0.4694414734840393,-0.475089967250824,True,True,predictive_recovery,right_pass,0.4801151752471515,7.291395977840716,10,5,,0,0,0,False,False,False,False,False,False,False,False,True,0.7297447907688802,3.894635291117903,0.0,False,max_steps,,inf,,False,,inf,inf,inf,1.122042279049099,inf,4.204115175247152,-2.030551001280587,-0.5761734627617733,0.06904776763327557,{'ROAD_LINE_BROKEN_SINGLE_WHITE'},True,True,raw_collision_risk:vehicle_lateral_margin_violation,True,False,right,12,False,raw_predicted_collision,False,0,0,,inf,inf,inf,inf,False,False,inf,inf,1.8141604958340571,True,False,1,0,,True,False,0.0,1.1058564781312707,inf,5.204115175247152,0.0,vehicle_lateral_margin_violation,True,raw_collision_risk:vehicle_lateral_margin_violation,,False,False,0.0,1.122042279049099,inf,4.204115175247152,False,-10.385435015831604,,,
6000,1007,1,288,288,-0.4793039560317993,0.6833677291870117,-0.005522817373275757,0.30000001192092896,0.47378113865852356,-0.38336771726608276,True,True,predictive_recovery,right_pass,0.4733996391295978,6.969790072459456,10,5,,0,0,0,False,False,False,False,False,False,False,False,True,0.7306863179877245,3.9857792792031645,0.0,False,max_steps,,inf,,False,,inf,inf,inf,1.3800065158506545,inf,4.197399639129598,-2.0568799112311247,-0.5695597313774959,0.06927476425075851,{'ROAD_LINE_BROKEN_SINGLE_WHITE'},True,True,raw_collision_risk:vehicle_lateral_margin_violation,True,False,right,12,False,raw_predicted_collision,False,0,0,,inf,inf,inf,inf,False,False,inf,inf,1.8667141023338694,True,False,1,0,,True,False,0.0,1.364405839396138,inf,5.197399639129598,0.0,vehicle_lateral_margin_violation,True,raw_collision_risk:vehicle_lateral_margin_violation,,False,False,0.0,1.3800065158506545,inf,4.197399639129598,False,-8.730394956852845,,,
6000,1007,1,289,289,-0.4009450674057007,0.7254078388214111,-0.0037950673140585423,0.30000001192092896,0.3971500098705292,-0.4254078269004822,True,True,predictive_recovery,right_pass,0.4665279388427326,7.250114553899515,10,5,,0,0,0,False,False,False,False,False,False,False,False,True,0.7316498778247946,4.076921589834163,0.0,False,max_steps,,inf,,False,,inf,inf,inf,1.6484914751586306,inf,4.190527938842733,-2.950114635441632,-0.5627888821495907,0.08267522042087946,{'ROAD_LINE_BROKEN_SINGLE_WHITE'},True,True,raw_collision_risk:vehicle_lateral_margin_violation,True,False,right,12,False,raw_predicted_collision,False,0,0,,inf,inf,inf,inf,False,False,inf,inf,1.598078541764358,True,False,1,0,,True,False,0.0,1.633455371808859,inf,5.190527938842733,0.0,vehicle_lateral_margin_violation,True,raw_collision_risk:vehicle_lateral_margin_violation,,False,False,0.0,1.6484914751586306,inf,4.190527938842733,False,-8.56534494938456,,,
6000,1007,1,290,290,-0.3927680253982544,0.7934871912002563,-0.002369907218962908,0.30000001192092896,0.3903981149196625,-0.4934871792793274,True,True,predictive_recovery,right_pass,0.45951819419856754,7.647613950235317,10,6,,0,0,0,False,False,False,False,False,False,False,False,True,0.7326351030697866,4.168061433359052,0.0,False,max_steps,,inf,,False,,inf,inf,inf,1.9248051608640537,inf,4.183518194198568,-4.019476999680011,-0.5558804654015438,0.1003792640540995,{'ROAD_LINE_BROKEN_SINGLE_WHITE'},True,True,raw_collision_risk:vehicle_lateral_margin_violation,True,False,right,12,False,raw_predicted_collision,False,0,0,,inf,inf,inf,inf,False,False,inf,inf,1.6012844425426764,True,False,1,0,,True,False,0.0,1.9103077163829436,inf,5.183518194198568,0.0,vehicle_lateral_margin_violation,True,raw_collision_risk:vehicle_lateral_margin_violation,,False,False,0.0,1.9248051608640537,inf,4.183518194198568,False,-8.817801822028663,,,
6000,1007,1,291,291,-0.3437926769256592,0.6896605491638184,-0.001222139922901988,0.30000001192092896,0.34257054328918457,-0.3896605372428894,True,True,predictive_recovery,right_pass,0.45237219333644596,7.271533904596235,10,6,,0,0,0,False,False,False,False,False,False,False,False,True,0.7336423609330044,4.259200200180706,0.0,False,max_steps,,inf,,False,,inf,inf,inf,2.20675994748461,inf,4.176372193336446,-3.995488569156692,-0.5488343619240658,0.1011905731125972,{'ROAD_LINE_BROKEN_SINGLE_WHITE'},True,True,raw_collision_risk:vehicle_lateral_margin_violation,True,False,right,12,False,raw_predicted_collision,False,0,0,,inf,inf,inf,inf,False,False,inf,inf,1.4329489977651086,True,False,1,0,,True,False,0.0,2.1927724414845535,inf,5.176372193336446,0.0,vehicle_lateral_margin_violation,True,raw_collision_risk:vehicle_lateral_margin_violation,,False,False,0.0,2.20675994748461,inf,4.176372193336446,False,-7.550982810827676,,,
6000,1007,1,292,292,-0.3038445711135864,0.6844964027404785,-0.00031846159254200757,0.30000001192092896,0.3035261034965515,-0.38449639081954956,True,True,predictive_recovery,right_pass,0.4451125860213825,7.339434012512859,10,6,,0,0,0,False,False,False,False,False,False,False,False,True,0.7346716514144478,4.350336174393846,0.0,False,max_steps,,inf,,False,,inf,inf,inf,2.4922848064187484,inf,4.169112586021383,-4.613325919596621,-0.5416715525521175,0.11525708994952329,{'ROAD_LINE_BROKEN_SINGLE_WHITE'},True,True,raw_collision_risk:vehicle_lateral_margin_violation,True,False,right,12,False,raw_predicted_collision,False,0,0,,inf,inf,inf,inf,False,False,inf,inf,1.2941348581108079,True,False,1,0,,True,False,0.0,2.4787770445117534,inf,5.169112586021383,0.0,vehicle_lateral_margin_violation,True,raw_collision_risk:vehicle_lateral_margin_violation,,False,False,0.0,2.4922848064187484,inf,4.169112586021383,False,-7.3004985256577655,,,
6000,1007,1,293,293,-0.3909200429916382,0.5500550270080566,0.00037775165401399136,0.30000001192092896,0.3912977874279022,-0.2500550150871277,True,True,predictive_recovery,right_pass,0.43776154518123356,6.8255837959301005,10,6,,0,0,0,False,False,False,False,False,False,False,False,True,0.7357229010720561,4.441473193109856,0.0,False,max_steps,,inf,,False,,inf,inf,inf,2.779702892977312,inf,4.161761545181234,-2.5737371457793845,-0.5344168328179256,0.07362459199220198,{'ROAD_LINE_BROKEN_SINGLE_WHITE'},True,True,raw_collision_risk:vehicle_lateral_margin_violation,True,False,right,12,False,raw_predicted_collision,False,0,0,,inf,inf,inf,inf,False,False,inf,inf,1.7006336043221209,True,False,1,0,,True,False,0.0,2.766644596815654,inf,5.161761545181234,0.0,vehicle_lateral_margin_violation,True,raw_collision_risk:vehicle_lateral_margin_violation,,False,False,0.0,2.779702892977312,inf,4.161761545181234,False,-5.970383937108277,,,
6000,1007,1,294,294,-0.30332618951797485,0.7604289054870605,0.0009017291595228016,0.30000001192092896,0.30422791838645935,-0.4604288935661316,True,True,predictive_recovery,right_pass,0.43033742904659,7.863403267801629,10,6,,0,0,0,False,False,False,False,False,False,False,False,True,0.7367958895796471,4.5326082905106455,0.0,False,max_steps,,inf,,False,,inf,inf,inf,3.0676131797030077,inf,4.15433742904659,-2.4978700622307226,-0.52708879937066,0.0669697227943364,{'ROAD_LINE_BROKEN_SINGLE_WHITE'},True,True,raw_collision_risk:vehicle_lateral_margin_violation,True,False,right,12,False,raw_predicted_collision,False,0,0,,inf,inf,inf,inf,False,False,inf,inf,1.3472151395122451,True,False,1,0,,True,False,0.0,3.0549747982369855,inf,5.15433742904659,0.0,vehicle_lateral_margin_violation,True,raw_collision_risk:vehicle_lateral_margin_violation,,False,False,0.0,3.0676131797030077,inf,4.15433742904659,False,-7.422378951280443,,,
6000,1007,1,295,295,-0.23896431922912598,0.8097038269042969,0.0012836272362619638,0.30000001192092896,0.2402479499578476,-0.5097038149833679,True,True,predictive_recovery,right_pass,0.4228566884994098,8.17627551157998,10,6,,0,0,0,False,False,False,False,False,False,False,False,True,0.7378909107054638,4.623742065731356,0.0,False,max_steps,,inf,,False,,inf,inf,inf,3.354879005978102,inf,4.14685668849941,1.532280636036619,-0.5197029494179622,0.043232319407404234,{'ROAD_LINE_BROKEN_SINGLE_WHITE'},True,True,raw_collision_risk:vehicle_lateral_margin_violation,True,False,right,12,False,raw_predicted_collision,False,0,0,,inf,inf,inf,inf,False,False,inf,inf,1.083131654474169,True,False,1,0,,True,False,0.0,3.342632266162454,inf,5.14685668849941,0.0,vehicle_lateral_margin_violation,True,raw_collision_risk:vehicle_lateral_margin_violation,,False,False,0.0,3.354879005978102,inf,4.14685668849941,False,-7.626641307942492,,,
6000,1007,1,296,296,-0.2215501070022583,0.8104456663131714,0.0015510686207562685,0.30000001192092896,0.2231011688709259,-0.5104456543922424,True,True,predictive_recovery,right_pass,0.4153324365615436,8.270747564140628,10,6,,0,0,0,False,False,False,False,False,False,False,False,True,0.7390079644495062,4.714879543116349,0.0,False,max_steps,,inf,,False,,inf,inf,inf,3.640378912084673,inf,4.139332436561544,3.160691711033607,-0.5122728728188412,0.042365477137506775,{'ROAD_LINE_BROKEN_SINGLE_WHITE'},True,True,raw_collision_risk:vehicle_lateral_margin_violation,True,False,right,12,False,raw_predicted_collision,False,0,0,,inf,inf,inf,inf,False,False,inf,inf,1.0243905494136247,True,False,1,0,,True,False,0.0,3.6284968592088553,inf,5.139332436561544,0.0,vehicle_lateral_margin_violation,True,raw_collision_risk:vehicle_lateral_margin_violation,,False,False,0.0,3.640378912084673,inf,4.139332436561544,False,-7.514928051657471,,,
6000,1007,1,297,297,-0.237060546875,0.8435690402984619,-3.334476059535518e-05,0.18000000715255737,0.23702719807624817,-0.6635690331459045,True,True,predictive_recovery,right_pass,0.4077745676040241,4.714879543116349,10,6,,0,0,0,False,False,False,False,False,False,False,False,True,0.7401448475499517,4.769560627153046,0.0,False,max_steps,,inf,,False,,inf,inf,inf,3.923232452041592,inf,0.631774567604024,5.895801087539664,-0.5048084639443294,0.04149462943548041,{'ROAD_LINE_BROKEN_SINGLE_WHITE'},True,True,raw_collision_risk:vehicle_lateral_margin_violation,True,False,right,12,False,raw_predicted_collision,False,0,0,,inf,inf,inf,inf,False,False,inf,inf,1.1177119229409118,True,False,1,0,,True,False,0.0,3.911689732164673,inf,5.131774567604024,0.0,vehicle_lateral_margin_violation,True,raw_collision_risk:vehicle_lateral_margin_violation,,False,False,0.0,3.999268229876007,inf,4.131774567604024,False,-23.970824681247684,,,
6000,1007,1,298,298,-0.09362053871154785,0.856067419052124,3.77611540898215e-05,0.18000000715255737,0.09365829825401306,-0.6760674118995667,True,True,predictive_recovery,right_pass,0.40010678768153873,4.769560627153046,10,6,,0,0,0,False,False,False,False,False,False,False,False,True,0.7412951705475148,4.824240648083887,0.0,False,max_steps,,inf,,False,,inf,inf,inf,4.210972067143992,inf,0.6241067876815386,6.199254403302856,-0.4972324751747982,0.0406107640790351,{'ROAD_LINE_BROKEN_SINGLE_WHITE'},True,True,raw_collision_risk:vehicle_lateral_margin_violation,True,False,right,12,False,raw_predicted_collision,False,0,0,,inf,inf,inf,inf,False,False,inf,inf,0.4465288353314562,True,False,1,0,,True,False,0.0,4.199754349796175,inf,5.124106787681539,0.0,vehicle_lateral_margin_violation,True,raw_collision_risk:vehicle_lateral_margin_violation,,False,False,0.0,4.2880946206591695,inf,4.124106787681539,False,-24.18852542554885,,,
6000,1007,1,299,299,-0.08758068084716797,0.8696029186248779,0.00025027990341186523,0.18000000715255737,0.08783096075057983,-0.6896029114723206,True,True,predictive_recovery,right_pass,0.3922444581985065,4.824240648083887,10,6,,0,0,0,False,False,False,False,False,False,False,False,True,0.7424586396739526,4.878921282805493,0.0,False,max_steps,,inf,,False,,inf,inf,inf,4.497943483619601,inf,0.6162444581985064,6.497106952482884,-0.48946074475182455,0.03970406219635483,{'ROAD_LINE_BROKEN_SINGLE_WHITE'},True,True,raw_collision_risk:vehicle_lateral_margin_violation,True,False,right,12,False,raw_predicted_collision,False,0,0,,inf,inf,inf,inf,False,False,inf,inf,0.42251028052976963,True,False,1,0,,True,False,0.0,4.4870308766543126,inf,5.116244458198507,0.0,vehicle_lateral_margin_violation,True,raw_collision_risk:vehicle_lateral_margin_violation,,False,False,0.0,4.576044971123437,inf,4.116244458198507,False,-24.447331234500595,,,
6000,1007,1,300,300,-0.00827169418334961,0.9111788272857666,0.00048369335127063096,0.18000000715255737,0.008755387738347054,-0.7311788201332092,True,True,predictive_recovery,right_pass,0.38428866863246647,4.878921282805493,10,7,,0,0,0,False,False,False,False,False,False,False,False,True,0.7436352549292652,4.9336012125784325,0.0,False,max_steps,,inf,,False,,inf,inf,inf,4.783703136308613,inf,0.6082886686324663,6.789488581215034,-0.481595315827264,0.031666476027170834,{'ROAD_LINE_BROKEN_SINGLE_WHITE'},True,True,raw_collision_risk:vehicle_lateral_margin_violation,True,False,right,12,False,raw_predicted_collision,False,0,0,,inf,inf,inf,inf,False,False,inf,inf,0.04035694479600281,True,False,1,0,,True,False,0.0,4.773077218578372,inf,5.108288668632467,0.0,vehicle_lateral_margin_violation,True,raw_collision_risk:vehicle_lateral_margin_violation,,False,False,0.0,4.862689362644534,inf,4.108288668632467,False,-25.379531242614753,,,
6000,1007,1,301,301,-0.01997530460357666,0.8322982788085938,0.0006851704092696309,0.18000000715255737,0.02066047489643097,-0.6522982716560364,True,True,predictive_recovery,right_pass,0.37629044055934635,4.9336012125784325,10,7,,0,0,0,False,False,False,False,False,False,False,False,True,0.7448250163134523,4.988280301337322,0.0,False,max_steps,,inf,,False,,inf,inf,inf,5.067803931638348,inf,0.6002904405593462,7.07650653229579,-0.47368649472130697,0.03087559391657514,{'ROAD_LINE_BROKEN_SINGLE_WHITE'},True,True,raw_collision_risk:vehicle_lateral_margin_violation,True,False,right,12,False,raw_predicted_collision,False,0,0,,inf,inf,inf,inf,False,False,inf,inf,0.09855018701382935,True,False,1,0,,True,False,0.0,5.057447527114725,inf,4.927988936788814,0.0,vehicle_lateral_margin_violation,True,raw_collision_risk:vehicle_lateral_margin_violation,,False,False,0.0,5.147591930354345,inf,4.1002904405593465,False,-23.393058815729635,,,
6000,1007,1,302,302,-0.01476353406906128,0.7882986068725586,0.0008417407516390085,0.18000000715255737,0.015605274587869644,-0.6082985997200012,True,True,predictive_recovery,right_pass,0.36827063560481754,4.988280301337322,10,7,,0,0,0,False,False,False,False,False,False,False,False,True,0.7460279972685749,5.042961317148013,0.0,False,max_steps,,inf,,False,,inf,inf,inf,5.34986711638016,inf,0.5922706356048174,7.358043646387344,-0.46575585831536215,0.03008253027598066,{'ROAD_LINE_BROKEN_SINGLE_WHITE'},True,True,raw_collision_risk:vehicle_lateral_margin_violation,True,False,right,12,False,raw_predicted_collision,False,0,0,,inf,inf,inf,inf,False,False,inf,inf,0.07364464617482082,True,False,1,0,,True,False,0.0,5.339764206257991,inf,4.312290267236812,0.0,vehicle_lateral_margin_violation,True,raw_collision_risk:vehicle_lateral_margin_violation,,False,False,0.0,5.43038353561378,inf,4.092270635604818,False,-22.26675844773886,,,
6000,1007,1,303,303,0.010654807090759277,0.7842844724655151,0.0009535992867313325,0.18000000715255737,-0.009701208211481571,-0.6042844653129578,True,True,predictive_recovery,right_pass,0.36023533344264713,5.042961317148013,10,7,,0,0,0,False,False,False,False,False,False,False,False,True,0.7472441243525721,5.097644670092047,0.0,False,max_steps,,inf,,False,,inf,inf,inf,5.629539054592648,inf,0.584235333442647,7.634071267946456,-0.4578087710274593,0.02928782154719038,{'ROAD_LINE_BROKEN_SINGLE_WHITE'},True,True,raw_collision_risk:vehicle_lateral_margin_violation,True,False,right,12,False,raw_predicted_collision,False,0,0,,inf,inf,inf,inf,False,False,inf,inf,0.0,True,False,1,0,,True,False,0.0,5.619674675685152,inf,3.376427639516193,0.0,vehicle_lateral_margin_violation,True,raw_collision_risk:vehicle_lateral_margin_violation,,False,False,0.0,5.710718766742506,inf,4.084235333442647,False,-22.124706399244605,,,
6000,1007,1,304,304,-0.08483254909515381,0.6685810089111328,0.0010279790731146932,0.18000000715255737,0.08586052805185318,-0.48858100175857544,True,True,predictive_recovery,right_pass,0.3521903753280231,5.097644670092047,10,7,,0,0,0,False,False,False,False,False,False,False,False,True,0.7484733975654441,5.152326825987705,0.0,False,max_steps,,inf,,False,,inf,inf,inf,5.906558497840498,inf,0.576190375328023,7.9046242519627254,-0.42323141899815353,0.020994593558488085,{'ROAD_LINE_BROKEN_SINGLE_WHITE'},True,True,raw_collision_risk:vehicle_lateral_margin_violation,True,False,right,12,False,raw_predicted_collision,False,0,0,,inf,inf,inf,inf,False,False,inf,inf,0.4324461917452327,True,False,1,0,,True,False,0.0,5.896918724487206,inf,3.30274476702264,0.0,vehicle_lateral_margin_violation,True,raw_collision_risk:vehicle_lateral_margin_violation,,False,False,0.0,5.988343644855165,inf,4.076190375328023,False,-19.231625718045212,,,
6000,1007,1,305,305,0.017484307289123535,0.6905386447906494,0.0010715167736634612,0.18000000715255737,-0.01641279086470604,-0.510538637638092,True,True,predictive_recovery,right_pass,0.3441395759582111,5.152326825987705,10,7,,0,0,0,False,False,False,False,False,False,False,False,True,0.7497158169071906,5.207008779895202,0.0,False,max_steps,,inf,,False,,inf,inf,inf,6.1806727518359175,inf,0.568139575958211,8.169706309768122,-0.4152676424097136,0.020330945509451425,{'ROAD_LINE_BROKEN_SINGLE_WHITE'},True,True,raw_collision_risk:vehicle_lateral_margin_violation,True,False,right,12,False,raw_predicted_collision,False,0,0,,inf,inf,inf,inf,False,False,inf,inf,0.0,True,False,1,0,,True,False,0.0,6.171244603938591,inf,2.1475929527105295,0.0,vehicle_lateral_margin_violation,True,raw_collision_risk:vehicle_lateral_margin_violation,,False,False,0.0,6.263011740596234,inf,3.4673693160100103,False,-20.074162204057757,,,
6000,1007,1,306,306,0.025821328163146973,0.5868551731109619,0.0010935324244201183,0.18000000715255737,-0.024727795273065567,-0.40685516595840454,True,True,predictive_recovery,right_pass,0.3360855579375812,5.207008779895202,10,7,,0,0,0,False,False,False,False,False,False,False,False,True,0.7509713823778118,5.261690596985612,0.0,False,max_steps,,inf,,False,,inf,inf,inf,6.451657414874118,inf,0.5600855579375811,8.346043146217557,-0.4013397058557585,0.01917028412995517,{'ROAD_LINE_BROKEN_SINGLE_WHITE'},True,True,raw_collision_risk:vehicle_lateral_margin_violation,True,False,right,12,False,raw_predicted_collision,False,0,0,,inf,inf,inf,inf,False,False,inf,inf,0.0,True,False,1,0,,True,False,0.0,6.442428789946799,inf,1.560085557937581,0.0,vehicle_lateral_margin_violation,True,raw_collision_risk:vehicle_lateral_margin_violation,,False,False,0.0,6.534504114252963,inf,2.4118149783266216,False,-18.509145384750656,,,
6000,1007,1,307,307,0.0029256343841552734,0.7143768072128296,0.001097994390875101,0.18000000715255737,-0.0018276399932801723,-0.5343768000602722,True,True,predictive_recovery,right_pass,0.3280307054519245,5.261690596985612,10,7,,0,0,0,False,False,False,False,False,False,False,False,True,0.7522400939773076,5.316372390255384,0.0,False,max_steps,,inf,,False,,inf,inf,inf,6.719312931353837,inf,0.5520307054519243,8.565145592978443,-0.3775566181253508,0.01730007083798633,{'ROAD_LINE_BROKEN_SINGLE_WHITE'},True,True,raw_collision_risk:vehicle_lateral_margin_violation,True,False,right,12,False,raw_predicted_collision,False,0,0,,inf,inf,inf,inf,False,False,inf,inf,0.0,True,False,1,0,,True,False,0.0,6.710272541867344,inf,1.5520307054519242,0.0,vehicle_lateral_margin_violation,True,raw_collision_risk:vehicle_lateral_margin_violation,,False,False,0.0,6.802625990530812,inf,1.3478494058702668,False,-24.213357179487076,,,
6000,1007,1,308,308,-0.14307451248168945,0.6991884708404541,-0.002391925547271967,0.18000000715255737,0.14068259298801422,-0.5191884636878967,True,True,predictive_recovery,right_slow_follow,0.3199766874312946,3.0,10,7,,0,0,0,False,False,False,False,False,False,False,False,True,0.7535220251477389,5.3710425296631135,0.0,False,max_steps,,inf,,False,,inf,inf,inf,6.983463238732572,inf,0.5439766874312945,10.18928139235498,-0.2267508092456395,0.005725798579792922,{'ROAD_LINE_BROKEN_SINGLE_WHITE'},True,True,raw_collision_risk:vehicle_lateral_margin_violation,True,False,right,12,False,raw_predicted_collision,False,0,0,,inf,inf,inf,inf,False,False,inf,inf,0.7606373879069032,True,False,1,0,,True,False,0.0,6.974600546424247,inf,1.5439766874312943,0.0,vehicle_lateral_margin_violation,True,raw_collision_risk:vehicle_lateral_margin_violation,,False,False,0.0,7.235107385837711,inf,4.043976687431295,False,-31.641643553656984,,,
6000,1007,1,309,309,-0.14099031686782837,0.6775490045547485,-0.002151623833924532,0.18000000715255737,0.13883869349956512,-0.49754899740219116,True,True,predictive_recovery,right_slow_follow,0.3117040395736286,3.0,10,7,,0,0,0,False,False,False,False,False,False,False,False,True,0.7548171024470448,5.425721971479115,0.0,False,max_steps,,inf,,False,,inf,inf,inf,7.244022471065303,inf,0.5357040395736284,10.41880207664986,-0.2278801980548436,0.005763444873433058,{'ROAD_LINE_BROKEN_SINGLE_WHITE'},True,True,raw_collision_risk:vehicle_lateral_margin_violation,True,False,right,12,False,raw_predicted_collision,False,0,0,,inf,inf,inf,inf,False,False,inf,inf,0.7572649881677849,True,False,1,0,,True,False,0.0,7.235327343766494,inf,1.5357040395736283,0.0,vehicle_lateral_margin_violation,True,raw_collision_risk:vehicle_lateral_margin_violation,,False,False,0.0,7.496828031834983,inf,4.035704039573629,False,-31.350236753554604,,,
6000,1007,1,310,310,-0.15451109409332275,0.7507108449935913,-0.001520418212749064,0.18000000715255737,0.1529906690120697,-0.5707108378410339,True,True,predictive_recovery,right_slow_follow,0.3029342889785358,3.0,10,8,,0,0,0,False,False,False,False,False,False,False,False,True,0.7561252524331648,5.480403731053227,0.0,False,max_steps,,inf,,False,,inf,inf,inf,7.5009868318062125,inf,0.5269342889785357,10.648797237950532,-0.10413850950311743,0.001735641825051957,{'ROAD_LINE_BROKEN_SINGLE_WHITE'},True,True,raw_collision_risk:vehicle_lateral_margin_violation,True,False,right,12,False,raw_predicted_collision,False,0,0,,inf,inf,inf,inf,False,False,inf,inf,0.8383342380594182,True,False,1,0,,True,False,0.0,7.492449463895799,inf,1.5269342889785356,0.0,vehicle_lateral_margin_violation,True,raw_collision_risk:vehicle_lateral_margin_violation,,False,False,0.0,7.754861185735463,inf,4.026934288978536,False,-33.36983877876033,,,
6000,1007,1,311,311,-0.1628638505935669,0.7606401443481445,-0.0008376185433007777,0.18000000715255737,0.16202622652053833,-0.5806401371955872,True,True,predictive_recovery,right_slow_follow,0.29391014575954166,3.0,10,8,,0,0,0,False,False,False,False,False,False,False,False,True,0.7574465485481592,5.535086682571032,0.0,False,max_steps,,inf,,False,,inf,inf,inf,7.754145298548783,inf,0.5179101457595415,10.873970280919849,-0.08697690176080786,0.0014496150293467978,{'ROAD_LINE_BROKEN_SINGLE_WHITE'},True,True,raw_collision_risk:vehicle_lateral_margin_violation,True,False,right,12,False,raw_predicted_collision,False,0,0,,inf,inf,inf,inf,False,False,inf,inf,0.8925596544466793,True,False,1,0,,True,False,0.0,7.687160994569352,inf,1.5179101457595414,0.0,vehicle_lateral_margin_violation,True,raw_collision_risk:vehicle_lateral_margin_violation,,False,False,0.0,8.00900661302259,inf,4.017910145759542,False,-33.85461856029842,,,
6000,1007,1,312,312,-0.16094934940338135,0.6952803134918213,-0.0002470100880600512,0.18000000715255737,0.16070233285427094,-0.5152803063392639,True,True,predictive_recovery,right_slow_follow,0.28476798534389225,3.0,10,8,,0,0,0,False,False,False,False,False,False,False,False,True,0.7587809907920284,5.589766668674131,0.0,False,max_steps,,inf,,False,,inf,inf,inf,8.003293897874768,inf,0.5087679853438921,11.096396028243392,-0.0794612328917893,0.0013243538815298217,{'ROAD_LINE_BROKEN_SINGLE_WHITE'},True,True,raw_collision_risk:vehicle_lateral_margin_violation,True,False,right,12,False,raw_predicted_collision,False,0,0,,inf,inf,inf,inf,False,False,inf,inf,0.890868600451128,True,False,1,0,,True,False,0.0,7.995046094518628,inf,1.508767985343892,0.0,vehicle_lateral_margin_violation,True,raw_collision_risk:vehicle_lateral_margin_violation,,False,False,0.0,8.259068847775556,inf,4.0087679853438924,False,-32.4983324299557,,,
6000,1007,1,313,313,-0.1502993106842041,0.6735086441040039,0.00021002220455557108,0.18000000715255737,0.1505093276500702,-0.49350863695144653,True,True,predictive_recovery,right_slow_follow,0.27557158470149723,3.0,10,8,,0,0,0,False,False,False,False,False,False,False,False,True,0.7601286526068329,5.644447294903388,0.0,False,max_steps,,inf,,False,,inf,inf,inf,8.24830372212623,inf,0.4995715847014971,11.314064073140203,0.04932127345049775,0.0,{'ROAD_LINE_BROKEN_SINGLE_WHITE'},True,True,raw_collision_risk:vehicle_lateral_margin_violation,True,False,right,12,False,raw_predicted_collision,False,0,0,,inf,inf,inf,inf,False,False,inf,inf,0.8401380771872619,True,False,1,0,,True,False,0.0,8.240189006718122,inf,1.499571584701497,0.0,vehicle_lateral_margin_violation,True,raw_collision_risk:vehicle_lateral_margin_violation,,False,False,0.0,8.50492606162198,inf,3.999571584701497,False,-32.20673738588525,,,
6000,1007,1,314,314,-0.16770148277282715,0.6816904544830322,0.0005371356382966042,0.18000000715255737,0.16823862493038177,-0.5016904473304749,True,True,predictive_recovery,right_slow_follow,0.2663451433181354,3.0,10,8,,0,0,0,False,False,False,False,False,False,False,False,True,0.7614894605505123,5.699127998733635,0.0,False,max_steps,,inf,,False,,inf,inf,inf,8.489043256762798,inf,0.4903451433181353,11.527485810378522,0.061097601537350776,0.0,{'ROAD_LINE_BROKEN_SINGLE_WHITE'},True,True,raw_collision_risk:vehicle_lateral_margin_violation,True,False,right,12,False,raw_predicted_collision,False,0,0,,inf,inf,inf,inf,False,False,inf,inf,0.9465821807883714,True,False,1,0,,True,False,0.0,8.481054503309787,inf,1.4903451433181352,0.0,vehicle_lateral_margin_violation,True,raw_collision_risk:vehicle_lateral_margin_violation,,False,False,0.0,8.74645265095162,inf,3.990345143318135,False,-32.65412536435695,,,
6000,1007,1,315,315,-0.136432945728302,0.7396354675292969,0.0007564587867818773,0.18000000715255737,0.13718940317630768,-0.5596354603767395,True,True,predictive_recovery,right_slow_follow,0.25710260868068424,3.0,10,8,,0,0,0,False,False,False,False,False,False,False,False,True,0.7628634146230662,5.753807431078809,0.0,False,max_steps,,inf,,False,,inf,inf,inf,8.462391764043794,inf,0.4811026086806841,11.73591011500448,0.07500622618639863,0.0,{'ROAD_LINE_BROKEN_SINGLE_WHITE'},True,True,raw_collision_risk:vehicle_lateral_margin_violation,True,False,right,12,False,raw_predicted_collision,False,0,0,,inf,inf,inf,inf,False,False,inf,inf,0.7775488209498724,True,False,1,0,,True,False,0.0,8.326947303551254,inf,1.481102608680684,0.0,vehicle_lateral_margin_violation,True,raw_collision_risk:vehicle_lateral_margin_violation,,False,False,0.0,8.983593011767773,inf,3.981102608680684,False,-34.32005308571862,,,
6000,1007,1,316,316,-0.11366671323776245,0.7249364852905273,0.0008941139676608145,0.18000000715255737,0.11456082761287689,-0.54493647813797,True,True,predictive_recovery,right_slow_follow,0.24785602092738834,3.0,10,8,,0,0,0,False,False,False,False,False,False,False,False,True,0.7642505148244947,5.808489020862662,0.0,False,max_steps,,inf,,False,,inf,inf,inf,8.662491182400936,inf,0.4718560209273882,11.93953186358779,0.2148178832795884,0.0,{'ROAD_LINE_BROKEN_SINGLE_WHITE'},True,True,raw_collision_risk:vehicle_lateral_margin_violation,True,False,right,12,False,raw_predicted_collision,False,0,0,,inf,inf,inf,inf,False,False,inf,inf,0.6540163792937417,True,False,1,0,,True,False,0.0,8.528548941655732,inf,1.471856020927388,0.0,vehicle_lateral_margin_violation,True,raw_collision_risk:vehicle_lateral_margin_violation,,False,False,0.0,9.216271768763946,inf,3.093594555890396,False,-34.78077687924245,,,
6000,1007,1,317,317,-0.11194783449172974,0.7128627300262451,0.0009722313261590898,0.18000000715255737,0.11292006820440292,-0.5328627228736877,True,True,predictive_recovery,right_slow_follow,0.23861396312709537,3.0,10,8,,0,0,0,False,False,False,False,False,False,False,False,True,0.7656508345968587,5.863169411501488,0.0,False,max_steps,,inf,,False,,inf,inf,inf,8.838828252032743,inf,0.46261396312709524,12.138008774488984,0.221899391916063,0.0,{'ROAD_LINE_BROKEN_SINGLE_WHITE'},True,True,raw_collision_risk:vehicle_lateral_margin_violation,True,False,right,12,False,raw_predicted_collision,False,0,0,,inf,inf,inf,inf,False,False,inf,inf,0.6502477675545626,True,False,1,0,,True,False,0.0,8.710707661012018,inf,1.4626139631270951,0.0,vehicle_lateral_margin_violation,True,raw_collision_risk:vehicle_lateral_margin_violation,,False,False,0.0,9.44442089902162,inf,2.165297918211463,False,-35.83915173209271,,,
6000,1007,1,318,318,-0.1538177728652954,0.7239888906478882,0.001010041800327599,0.18000000715255737,0.15482781827449799,-0.5439888834953308,True,True,predictive_recovery,right_slow_follow,0.22938191890712467,3.0,10,8,,0,0,0,False,False,False,False,False,False,False,False,True,0.7670643004980973,5.9178488056723655,0.0,False,max_steps,,inf,,False,,inf,inf,inf,8.837519693941442,inf,0.45338191890712454,12.33126794505055,0.23218858411577004,0.0,{'ROAD_LINE_BROKEN_SINGLE_WHITE'},True,True,raw_collision_risk:vehicle_lateral_margin_violation,True,False,right,12,False,raw_predicted_collision,False,0,0,,inf,inf,inf,inf,False,False,inf,inf,0.9018596608090836,True,False,1,0,,True,False,0.0,8.756534045184456,inf,1.4533819189071244,0.0,vehicle_lateral_margin_violation,True,raw_collision_risk:vehicle_lateral_margin_violation,,False,False,0.0,9.667952332829653,inf,1.2285539651986044,False,-39.17533837916788,,,
6000,1007,1,319,319,-0.16264104843139648,0.7222145795822144,0.0049194456078112125,0.30000001192092896,0.16756048798561096,-0.4222145676612854,True,True,predictive_recovery,right_pass,0.22016274929042545,9.16781441379233,10,8,,0,0,0,False,False,False,False,False,False,False,False,True,0.7684931157900332,6.008963118914887,0.0,False,max_steps,,inf,,False,,inf,inf,inf,8.927608074566118,inf,0.4441627492904253,8.975222079103373,-0.20987051776603416,0.005690285147560974,{'ROAD_LINE_BROKEN_SINGLE_WHITE'},True,True,raw_collision_risk:vehicle_lateral_margin_violation,True,False,right,12,False,raw_predicted_collision,False,0,0,,inf,inf,inf,inf,False,False,inf,inf,0.962485134213041,True,False,1,0,,True,False,0.0,8.870538939381538,inf,1.4441627492904252,0.0,vehicle_lateral_margin_violation,True,raw_collision_risk:vehicle_lateral_margin_violation,,False,False,1.252722044150178,8.927608074566118,inf,0.4441627492904253,False,-57.44523067570982,,,
6000,1007,1,320,320,-0.16390299797058105,0.7267346382141113,0.004714086186140776,0.30000001192092896,0.16861708462238312,-0.4267346262931824,True,True,predictive_recovery,right_pass,0.2112207412719318,9.27926899087839,10,7,,0,0,0,False,False,False,False,False,False,False,False,True,0.769943596489891,6.100096051981267,0.0,False,max_steps,,inf,,False,,inf,inf,inf,8.86832474495322,inf,0.43522074127193167,8.898485871278027,-0.2009101515169497,0.00524226683510675,{'ROAD_LINE_BROKEN_SINGLE_WHITE'},True,True,raw_collision_risk:vehicle_lateral_margin_violation,True,False,right,12,False,raw_predicted_collision,False,0,0,,inf,inf,inf,inf,False,False,inf,inf,0.9848870698848032,True,False,1,0,,True,False,0.0,8.859365671927964,inf,1.4352207412719316,0.0,vehicle_lateral_margin_violation,True,raw_collision_risk:vehicle_lateral_margin_violation,,False,False,1.2840190722149059,8.86832474495322,inf,0.43522074127193167,False,-58.430544023361115,,,
6000,1007,1,321,321,-0.16250979900360107,0.7143380641937256,0.0039900317788124084,0.30000001192092896,0.16649982333183289,-0.41433805227279663,True,True,predictive_recovery,right_pass,0.20289266109462467,9.314617340853033,10,7,,0,0,0,False,False,False,False,False,False,False,False,True,0.7714157425976707,6.191235822681769,0.0,False,max_steps,,inf,,False,,inf,inf,inf,8.92692429281705,inf,0.42689266109462454,8.156450153634358,-0.19381755641654685,0.004975245707712058,{'ROAD_LINE_BROKEN_SINGLE_WHITE'},True,True,raw_collision_risk:vehicle_lateral_margin_violation,True,False,right,12,False,raw_predicted_collision,False,0,0,,inf,inf,inf,inf,False,False,inf,inf,0.9913253833101362,True,False,1,0,,True,False,0.0,9.1607212342691,inf,1.4268926610946244,0.0,vehicle_lateral_margin_violation,True,raw_collision_risk:vehicle_lateral_margin_violation,,False,False,1.3131673528354808,8.92692429281705,inf,0.42689266109462454,True,-59.20635146930976,,,
6000,1007,1,322,322,-0.16244566440582275,0.6972202062606812,0.0031681181862950325,0.30000001192092896,0.1656137853860855,-0.3972201943397522,True,True,predictive_recovery,right_pass,0.1948955059051105,9.328726750854834,10,6,,0,0,0,False,False,False,False,False,False,False,False,True,0.7729099213236761,6.282377893008929,0.0,False,max_steps,,inf,,False,,inf,inf,inf,9.012677485921857,inf,0.4188955059051104,7.40484873388289,-0.24688452091923507,0.008814133453369148,{'ROAD_LINE_BROKEN_SINGLE_WHITE'},True,True,raw_collision_risk:vehicle_lateral_margin_violation,True,False,right,12,False,raw_predicted_collision,False,0,0,,inf,inf,inf,inf,False,False,inf,inf,1.0057394167086706,True,False,1,0,,True,False,0.0,9.258917519433732,inf,1.4188955059051103,0.0,vehicle_lateral_margin_violation,True,raw_collision_risk:vehicle_lateral_margin_violation,,False,False,1.3411573959987804,9.012677485921857,inf,0.4188955059051104,True,-59.92870334728239,,,
6000,1007,1,323,323,-0.18119841814041138,0.7401602268218994,0.0024422109127044678,0.30000001192092896,0.18364062905311584,-0.44016021490097046,True,True,predictive_recovery,right_pass,0.18706643581386295,9.613098913707477,10,6,,0,0,0,False,False,False,False,False,False,False,False,True,0.7744261326679072,6.373519633156801,0.0,False,max_steps,,inf,,False,,inf,inf,inf,8.643162877161854,inf,0.4110664358138628,6.643771793784582,-0.23794203606358322,0.008367009210586555,{'ROAD_LINE_BROKEN_SINGLE_WHITE'},True,True,raw_collision_risk:vehicle_lateral_margin_violation,True,False,right,12,False,raw_predicted_collision,False,0,0,,inf,inf,inf,inf,False,False,inf,inf,1.1383569363735087,True,False,1,0,,True,False,0.0,9.068899780729522,inf,1.4110664358138627,0.0,vehicle_lateral_margin_violation,True,raw_collision_risk:vehicle_lateral_margin_violation,,False,False,1.3685591413181468,8.643162877161854,inf,0.4110664358138628,True,-61.202263790303434,,,
6000,1007,1,324,324,-0.18118107318878174,0.7230567932128906,-0.18118107318878174,0.7230567932128906,0.0,0.0,True,False,inactive_raw_action,raw_action_safe,0,0,0,0,low_risk_verified_passthrough,0,0,0,False,False,False,False,False,False,False,False,True,0.7759663595660043,6.538927913102864,0.0,False,max_steps,,inf,,False,,inf,inf,inf,inf,inf,inf,inf,inf,0.0,{'ROAD_LINE_BROKEN_SINGLE_WHITE'},False,False,,False,False,,0,True,,False,0,0,,inf,inf,inf,inf,False,False,inf,inf,1.1547611271251197,False,False,1,-1,,False,False,0.0,8.264141963211024,inf,1.40333428287502,0.0,,False,low_risk_verified,,False,False,0.0,inf,inf,inf,False,0.0,,,
6000,1007,1,325,325,-0.2176039218902588,0.8136029243469238,-0.2176039218902588,0.8136029243469238,0.0,0.0,True,False,inactive_raw_action,raw_action_safe,0,0,0,0,low_risk_verified_passthrough,0,0,0,False,False,False,False,False,False,False,False,True,0.7775444091253888,6.760752370928594,0.0,False,max_steps,,inf,,False,,inf,inf,inf,inf,inf,inf,inf,inf,0.0,{'ROAD_LINE_BROKEN_SINGLE_WHITE'},False,False,,False,False,,0,True,,False,0,0,,inf,inf,inf,inf,False,False,inf,inf,1.4228963588488686,False,False,1,-1,,False,False,0.0,7.311816609393647,inf,1.3844373455047196,0.0,,False,low_risk_verified,,False,False,0.0,inf,inf,inf,False,0.0,,,
6000,1007,1,326,326,-0.19163542985916138,0.8692573308944702,-0.19163542985916138,0.8692573308944702,0.0,0.0,True,False,inactive_raw_action,raw_action_safe,0,0,0,0,low_risk_verified_passthrough,0,0,0,False,False,False,False,False,False,False,False,True,0.7791702694663231,7.021643001490368,0.0,False,max_steps,,inf,,False,,inf,inf,inf,inf,inf,inf,inf,inf,0.0,{'ROAD_LINE_BROKEN_SINGLE_WHITE'},False,False,,False,False,,0,True,,False,0,0,,inf,inf,inf,inf,False,False,inf,inf,1.2955996867742454,False,False,1,-1,,False,False,0.0,6.528186854666972,inf,1.3278730144500321,0.0,,False,low_risk_verified,,False,False,0.0,inf,inf,inf,False,0.0,,,
6000,1007,1,327,327,-0.16519349813461304,0.9035230875015259,-0.16519349813461304,0.9035230875015259,0.0,0.0,True,False,inactive_raw_action,raw_action_safe,0,0,0,0,low_risk_verified_passthrough,0,0,0,False,False,False,False,False,False,False,False,True,0.7808516520051861,7.29705141026273,0.0,False,max_steps,,inf,,False,,inf,inf,inf,inf,inf,inf,inf,inf,0.0,{'ROAD_LINE_BROKEN_SINGLE_WHITE'},False,False,,False,False,,0,True,,False,0,0,,inf,inf,inf,inf,False,False,inf,inf,1.1599297700686177,False,False,1,-1,,False,False,0.0,5.81712205202804,inf,1.2392482986449784,0.0,,False,low_risk_verified,,False,False,0.0,inf,inf,inf,False,0.0,,,
6000,1007,1,328,328,0.11729073524475098,0.8325026035308838,0.11729073524475098,0.8325026035308838,0.0,0.0,True,False,inactive_raw_action,raw_action_safe,0,0,0,0,low_risk_verified_passthrough,0,0,0,False,False,False,False,False,False,False,False,True,0.7825874551110665,7.450618467232002,0.0,False,max_steps,vehicle,21.885696607173315,dynamic_vehicle,True,,inf,inf,inf,inf,inf,inf,inf,inf,0.0,{'ROAD_LINE_BROKEN_SINGLE_WHITE'},False,False,,False,False,,0,True,,False,0,0,,inf,inf,inf,inf,False,False,inf,inf,0.0,False,False,1,-1,,False,False,0.0,5.732011051724568,inf,1.1263244380950517,0.0,,False,low_risk_verified,,False,False,0.0,inf,inf,inf,False,0.0,,,
6000,1007,1,329,329,0.1743922233581543,0.7646929025650024,0.1743922233581543,0.7646929025650024,0.0,0.0,True,False,inactive_raw_action,raw_action_safe,0,0,0,0,low_risk_verified_passthrough,0,0,0,False,False,False,False,False,False,False,False,True,0.784372758165894,7.625180001004861,0.0,False,max_steps,vehicle,21.16441364818894,dynamic_vehicle,True,,inf,inf,inf,inf,inf,inf,inf,inf,0.0,{'ROAD_LINE_BROKEN_SINGLE_WHITE'},False,False,,False,False,,0,True,,False,0,0,,inf,inf,inf,inf,False,False,inf,inf,0.0,False,False,1,-1,,False,False,0.0,5.986921689432478,inf,1.00288262271877,0.0,,False,low_risk_verified,,False,False,0.0,inf,inf,inf,False,0.0,,,
6000,1007,1,330,330,0.19637227058410645,0.5951962471008301,0.19637227058410645,0.5951962471008301,0.0,0.0,True,False,inactive_raw_action,raw_action_safe,0,0,0,0,low_risk_verified_passthrough,0,0,0,False,False,False,False,False,False,False,False,True,0.7862092503370659,7.7839918582113725,0.0,False,max_steps,vehicle,20.422561841548315,dynamic_vehicle,True,,inf,inf,inf,inf,inf,inf,inf,inf,0.0,{'ROAD_LINE_BROKEN_SINGLE_WHITE'},False,False,,False,False,,0,True,,False,0,0,,inf,inf,inf,inf,False,False,inf,inf,0.0,False,False,1,-1,,False,False,0.502193861484753,6.957381653664433,inf,0.9086920251845904,0.0,,False,low_risk_verified,,False,False,0.0,inf,inf,inf,False,0.0,,,
6000,1007,1,331,331,0.19346678256988525,0.6481449604034424,0.19346678256988525,0.6481449604034424,0.0,0.0,True,False,inactive_raw_action,raw_action_safe,0,0,0,0,low_risk_verified_passthrough,0,0,0,False,False,False,False,False,False,False,False,True,0.7880906890494181,7.97211693601382,0.0,False,max_steps,vehicle,19.659439282954565,dynamic_vehicle,True,,inf,inf,inf,inf,inf,inf,inf,inf,0.0,set(),False,False,,False,False,,0,True,,False,0,0,,inf,inf,inf,inf,False,False,inf,inf,0.0,False,False,1,-1,,False,False,0.8893474159243184,6.208150767401728,inf,0.8517754306792803,0.0,,False,low_risk_verified,,False,False,0.0,inf,inf,inf,False,0.0,,,
6000,1007,1,332,332,0.021862387657165527,0.742423415184021,0.021862387657165527,0.742423415184021,0.0,0.0,True,False,inactive_raw_action,raw_action_safe,0,0,0,0,low_risk_verified_passthrough,0,0,0,False,False,False,False,False,False,False,False,True,0.7900189103544696,8.188179789741614,0.0,False,max_steps,,inf,,False,,inf,inf,inf,inf,inf,inf,inf,inf,0.0,set(),False,False,,False,False,,0,True,,False,0,0,,inf,inf,inf,inf,False,False,inf,inf,0.0,False,False,1,-1,,False,False,1.0336599168779927,5.1276765222018295,inf,0.8277233471870012,0.0,,False,low_risk_verified,,False,False,0.0,inf,inf,inf,False,0.0,,,
6000,1007,1,333,333,-0.0883297324180603,0.8001317977905273,-0.0883297324180603,0.8001317977905273,0.0,0.0,True,False,inactive_raw_action,raw_action,0,0,10,6,raw_action_safe_or_candidate_not_better,0,0,0,False,False,False,False,False,False,False,False,True,0.7919972925870149,8.400704334974165,0.0,False,max_steps,,inf,,False,,inf,inf,inf,3.6518683464759736,inf,0.8196290364265032,inf,inf,0.0,set(),False,False,,False,False,,0,False,boundary_closing,False,0,0,,inf,inf,inf,inf,False,False,194.94203736928455,inf,0.723259729818846,False,False,1,0,,False,False,1.082225781440981,4.269905728395726,inf,0.8196290364265032,0.0,,False,raw_action_safe_or_candidate_not_better,vehicle_margin_worse,False,False,0.1455564453602452,3.6518683464759736,inf,0.8393049623524292,True,-16.50828316097101,,,
6000,1007,1,334,334,0.48862671852111816,0.9431231021881104,0.48862671852111816,0.9431231021881104,0.0,0.0,True,False,inactive_raw_action,raw_action,0,0,10,5,raw_action_safe_or_candidate_not_better,0,0,0,False,False,False,False,False,False,False,False,True,0.7940151132061841,8.41332746135894,0.0,False,max_steps,vehicle,24.262650591842295,dynamic_vehicle,True,,inf,inf,inf,1.6944631424796288,inf,0.7940808763503583,inf,inf,0.0,set(),False,False,,False,False,,0,False,vehicle_margin_uncertain_or_low,False,0,0,,inf,inf,inf,inf,False,False,89.34130682742759,inf,0.0,False,False,1,0,,False,False,1.2355147418978325,1.6944631424796288,inf,0.7940808763503583,0.0,,False,raw_action_safe_or_candidate_not_better,candidate_not_better,False,False,0.4693942589353439,1.7750665441426854,inf,0.7991505716418389,False,4.721556996601436,,,
6000,1007,1,335,335,0.5696330070495605,0.9624084234237671,0.5696330070495605,0.9624084234237671,0.0,0.0,True,False,inactive_raw_action,raw_action,0,0,10,5,raw_action_safe_or_candidate_not_better,0,0,0,False,False,False,False,False,False,False,False,True,0.7960391029584566,8.411742677284147,0.0,False,max_steps,vehicle,24.614067355069086,dynamic_vehicle,True,,inf,inf,inf,1.5272630929141133,inf,0.7579165925979178,inf,inf,0.0,set(),False,False,,False,False,,0,False,vehicle_margin_uncertain_or_low,False,0,0,,inf,inf,inf,inf,False,False,107.46966811166298,inf,0.0,False,False,1,0,,False,False,1.452500444412481,1.5272630929141133,inf,0.7579165925979178,0.0,,False,raw_action_safe_or_candidate_not_better,candidate_not_better,False,False,0.5150249526770507,1.6546707973674053,inf,0.7644241254837661,False,3.1045673760824073,,,
6000,1007,1,336,336,0.5051472187042236,0.9681289196014404,0.5051472187042236,0.9681289196014404,0.0,0.0,True,False,inactive_raw_action,raw_action,0,0,10,5,raw_action_safe_or_candidate_not_better,0,0,0,False,False,False,False,False,False,False,False,True,0.798061036333028,8.460991093597489,0.0,False,max_steps,vehicle,24.59233127313067,dynamic_vehicle,True,,inf,inf,inf,1.541802438012132,inf,0.7616760959624812,inf,inf,0.0,set(),False,False,,False,False,,0,False,vehicle_margin_uncertain_or_low,False,0,0,,inf,inf,inf,inf,False,False,123.7761104085572,inf,0.0,False,False,1,0,,False,False,1.4299434242251028,1.541802438012132,inf,0.7616760959624812,0.0,,False,raw_action_safe_or_candidate_not_better,candidate_not_better,False,False,0.5424165961934959,1.6757994283164752,inf,0.7675556778978888,False,2.859394041063588,,,
6000,1007,1,337,337,0.4221043586730957,0.9608547687530518,0.4221043586730957,0.9608547687530518,0.0,0.0,True,False,inactive_raw_action,raw_action,0,0,10,4,raw_action_safe_or_candidate_not_better,0,0,0,False,False,False,False,False,False,False,False,True,0.8000836306861462,8.581101960614742,0.0,False,max_steps,vehicle,24.574048347563707,dynamic_vehicle,True,,inf,inf,inf,1.6536770205975735,inf,0.8173254361152212,inf,inf,0.0,{'ROAD_LINE_BROKEN_SINGLE_WHITE'},False,False,,False,False,,0,False,vehicle_margin_uncertain_or_low,False,0,0,,inf,inf,inf,inf,False,False,101.28264455203593,inf,0.0,False,False,1,0,,False,False,1.0960473833086597,1.6536770205975735,inf,0.8173254361152212,0.0,,False,raw_action_safe_or_candidate_not_better,candidate_not_better,False,False,1.0960473833086597,1.6536770205975735,inf,0.8173254361152212,False,4.633976562057768,,,
6000,1007,1,338,338,0.30332982540130615,0.9639968872070312,0.30332982540130615,0.9639968872070312,0.0,0.0,True,False,inactive_raw_action,raw_action,0,0,10,4,raw_action_safe_or_candidate_not_better,0,0,0,False,False,False,False,False,False,False,False,True,0.8021168741380734,8.846344452330953,0.0,False,max_steps,vehicle,24.55589558160883,dynamic_vehicle,True,,inf,inf,inf,1.6256911691625557,inf,0.9331406583785574,inf,inf,0.0,{'ROAD_LINE_BROKEN_SINGLE_WHITE'},False,False,,False,False,,0,False,vehicle_margin_uncertain_or_low,False,0,0,,inf,inf,inf,inf,False,False,64.94070500093795,inf,0.0,False,False,1,0,,False,False,0.4011560497286424,1.6256911691625557,inf,0.9331406583785574,0.0,,False,raw_action_safe_or_candidate_not_better,candidate_not_better,False,False,0.4011560497286424,1.6256911691625557,inf,0.9331406583785574,False,7.570870070921245,,,
6000,1007,1,339,339,0.19352829456329346,0.9521609544754028,0.19352829456329346,0.9521609544754028,0.0,0.0,True,False,inactive_raw_action,raw_action,0,0,10,4,raw_action_safe_or_candidate_not_better,0,0,0,False,False,False,False,False,False,False,False,True,0.804185883873587,9.151547741950548,0.0,False,max_steps,vehicle,24.915314670175817,dynamic_vehicle,True,,inf,inf,inf,1.5528099896523706,inf,1.1128208866118947,inf,inf,0.0,{'ROAD_LINE_BROKEN_SINGLE_WHITE'},False,False,,False,False,,0,False,vehicle_margin_uncertain_or_low,False,0,0,,inf,inf,inf,inf,False,False,31.876759742347392,inf,0.0,False,False,1,0,,False,False,0.0,1.5528099896523706,inf,1.1128208866118947,0.0,,False,raw_action_safe_or_candidate_not_better,candidate_not_better,False,False,0.0,1.5528099896523706,inf,1.1128208866118947,False,9.342796246435597,,,
6000,1007,1,340,340,0.07631254196166992,0.8332798480987549,-0.29075896739959717,0.18000000715255737,-0.3670715093612671,-0.6532798409461975,True,True,predictive_recovery,left_slow_follow,2.7897233168283693,5.490928645170329,10,3,,0,0,0,False,False,False,False,False,False,False,False,True,0.8062908802188693,9.086196330300137,0.0,False,max_steps,vehicle,24.88348629590518,dynamic_vehicle,True,,inf,inf,inf,11.074253992006366,inf,1.347056650161702,8.824422080120392,-2.057748797351764,0.19391145380925043,{'ROAD_LINE_BROKEN_SINGLE_WHITE'},True,True,raw_collision_risk:vehicle_lateral_margin_violation,True,False,left,12,False,raw_predicted_collision,False,0,0,,inf,inf,inf,inf,False,False,18.755387201269038,inf,0.0,True,False,1,0,,True,False,0.0,4.73537138456021,inf,1.3470566501616985,0.0,vehicle_lateral_margin_violation,True,raw_collision_risk:vehicle_lateral_margin_violation,,False,False,0.0,11.074253992006366,inf,1.3798498600382452,False,-92.37623879414559,,,
6000,1007,1,341,341,0.15565574169158936,0.6453959941864014,-0.35564124584198,0.18000000715255737,-0.5112969875335693,-0.465395987033844,True,True,predictive_recovery,left_slow_follow,3.0493150154749147,5.4517177981800815,10,3,,0,0,0,False,False,False,False,False,False,False,False,True,0.8083974188474273,8.999635806588625,0.0,False,max_steps,vehicle,24.836749154515108,dynamic_vehicle,True,,inf,inf,inf,10.966502000492763,inf,1.6066483488082475,8.35395238861749,-2.284021424839384,0.21653871655801246,{'ROAD_LINE_BROKEN_SINGLE_WHITE'},True,True,raw_collision_risk:vehicle_lateral_margin_violation,True,False,left,12,False,raw_predicted_collision,False,0,0,,inf,inf,inf,inf,False,False,19.290005976000245,inf,0.0,True,False,1,0,,True,False,0.0,4.626440073118344,inf,1.606648348808244,0.0,vehicle_lateral_margin_violation,True,raw_collision_risk:vehicle_lateral_margin_violation,,False,False,0.0,10.966502000492763,inf,1.6394415586847906,False,-86.86829888758504,,,
6000,1007,1,342,342,0.10156071186065674,0.24227523803710938,-0.36537185311317444,0.18000000715255737,-0.4669325649738312,-0.062275230884552,True,True,predictive_recovery,left_slow_follow,3.2856381336847535,5.399781483953174,10,2,,0,0,0,False,False,False,False,False,False,False,False,True,0.8105095390726025,8.929695849076415,0.0,False,max_steps,vehicle,25.172951916652302,dynamic_vehicle,True,,inf,inf,inf,10.886756679404968,inf,1.8429714670180863,8.427583633585598,-2.51518919592721,0.23965549366679503,{'ROAD_LINE_BROKEN_SINGLE_WHITE'},True,True,raw_collision_risk:vehicle_lateral_margin_violation,True,False,left,12,False,raw_predicted_collision,False,0,0,,inf,inf,inf,inf,False,False,20.55244591333134,inf,0.0,True,False,1,0,,True,False,0.0,7.220025816842675,inf,1.8429714670180837,0.0,vehicle_lateral_margin_violation,True,raw_collision_risk:vehicle_lateral_margin_violation,,False,False,0.0,10.886756679404968,inf,1.8757646768946294,False,-76.35934675129326,,,
6000,1007,1,343,343,-0.04878157377243042,0.2340395450592041,-0.3275606036186218,0.18000000715255737,-0.2787790298461914,-0.05403953790664673,True,True,predictive_recovery,left_slow_follow,0.0,5.357817509445849,10,5,,0,0,0,False,False,False,False,False,False,False,False,True,0.8126328224910121,8.905413579898411,0.0,False,max_steps,vehicle,23.404002870661355,dynamic_vehicle,True,,inf,inf,inf,4.001306674600221,inf,0.3610187200191499,11.082497571137484,-2.6978352248946704,0.29307489662721015,{'ROAD_LINE_BROKEN_SINGLE_WHITE'},True,True,raw_collision_risk:vehicle_lateral_margin_violation,True,False,left,12,False,raw_predicted_collision,False,0,0,,inf,inf,inf,inf,False,False,21.91578831497794,inf,0.43560461682708684,True,False,1,0,,True,False,0.0,6.494951551777204,inf,2.0276853866858295,0.0,vehicle_lateral_margin_violation,True,raw_collision_risk:vehicle_lateral_margin_violation,,False,False,0.0,10.829563279173648,inf,2.067761200292203,False,-75.8384872452429,,,
6000,1007,1,344,344,-0.00031685829162597656,0.6251835823059082,-0.25779813528060913,0.18000000715255737,-0.25748127698898315,-0.44518357515335083,True,True,predictive_recovery,left_slow_follow,0.0,5.343248147939047,10,4,,0,0,0,False,False,False,False,False,False,False,False,True,0.8147710146477544,8.946247277307757,0.0,False,max_steps,vehicle,23.35670783641949,dynamic_vehicle,True,,inf,inf,inf,1.2814963094268368,inf,0.49428671871455176,11.060791893012297,-2.699607006558269,0.29499115732616593,{'ROAD_LINE_BROKEN_SINGLE_WHITE'},True,True,raw_collision_risk:cut_in_danger,True,False,left,12,False,raw_predicted_collision,False,0,0,,inf,inf,inf,inf,False,False,22.581906597453937,inf,0.0028217541331493827,True,False,1,0,,True,False,0.0,4.881116397320371,inf,2.1609533853812004,0.0,cut_in_danger,True,raw_collision_risk:cut_in_danger,,False,False,0.0,10.79048607844048,inf,2.1984070277169496,False,-85.15306706314563,,,
6000,1007,1,345,345,-0.10479879379272461,0.7824996709823608,-0.1688535064458847,0.18000000715255737,-0.0640547126531601,-0.6024996638298035,True,True,predictive_recovery,left_slow_follow,0.0,5.367748366384654,10,4,,0,0,0,False,False,False,False,False,False,False,False,True,0.8169265391308341,9.01340645802817,0.0,False,max_steps,vehicle,23.29903667667753,dynamic_vehicle,True,,inf,inf,inf,0.3506796863325836,inf,0.5675522712353153,10.962115827501375,-2.6972476645539833,0.29565574629191405,{'ROAD_LINE_BROKEN_SINGLE_WHITE'},True,True,raw_collision_risk:cut_in_danger,True,False,left,12,False,raw_predicted_collision,False,0,0,,inf,inf,inf,inf,False,False,21.76051750023788,inf,0.9375559236332995,True,False,1,0,,True,False,0.0,4.173765505094856,inf,2.2342189379019577,0.0,cut_in_danger,True,raw_collision_risk:cut_in_danger,,False,False,0.0,10.761586679140496,inf,2.270231012653381,False,-88.93685311054784,,,
6000,1007,1,346,346,-0.028919517993927002,0.9056711196899414,-0.08573268353939056,0.18000000715255737,-0.05681316554546356,-0.725671112537384,True,True,predictive_recovery,left_slow_follow,0.0,5.408043874816902,10,5,,0,0,0,False,False,False,False,False,False,False,False,True,0.819098955287887,9.076769727140634,0.0,False,max_steps,vehicle,23.233747372305274,dynamic_vehicle,True,,inf,inf,inf,-0.14545182896502462,inf,0.5979041484478397,10.826906598457214,-2.6692081875290095,0.29277382579228606,{'ROAD_LINE_BROKEN_SINGLE_WHITE'},True,True,raw_collision_risk:cut_in_danger,True,False,left,12,False,raw_predicted_collision,False,0,0,,inf,inf,inf,inf,False,False,20.11216488342222,inf,0.2606633702495235,True,False,1,0,,True,False,0.0,3.8366630397140007,inf,2.2645708151144777,0.0,cut_in_danger,True,raw_collision_risk:cut_in_danger,,False,False,0.0,10.739823009633234,inf,2.299985688578159,False,-91.98334654995651,,,
6000,1007,1,347,347,0.2024456262588501,0.8570823669433594,-0.026604752987623215,0.18000000715255737,-0.2290503829717636,-0.677082359790802,True,True,predictive_recovery,left_slow_follow,0.0,5.446061836284381,10,5,,0,0,0,False,False,False,False,False,False,False,False,True,0.821286133299151,9.133463566108844,0.0,False,max_steps,vehicle,23.170446053576946,dynamic_vehicle,True,,inf,inf,inf,-0.0011904421981383528,inf,0.6060749915722187,10.692878606774624,-2.638426108448182,0.2892873982536454,{'ROAD_LINE_BROKEN_SINGLE_WHITE'},True,True,raw_collision_risk:cut_in_danger,True,False,left,12,False,raw_predicted_collision,False,0,0,,inf,inf,inf,inf,False,False,18.493806649401115,inf,0.0,True,False,1,0,,True,False,0.0,3.828243089530348,inf,2.2727416582388664,0.0,cut_in_danger,True,raw_collision_risk:cut_in_danger,,False,False,0.0,10.725330994869921,inf,2.307995762798481,False,-90.83762582119806,,,
6000,1007,1,348,348,0.3245638608932495,0.7665112018585205,0.00640880037099123,0.18000000715255737,-0.31815505027770996,-0.5865111947059631,True,True,predictive_recovery,left_slow_follow,0.0,5.480078139665307,10,5,,0,0,0,False,False,False,False,False,False,False,False,True,0.8234867512075328,9.187550420979441,0.0,False,max_steps,vehicle,23.092682268944337,dynamic_vehicle,True,,inf,inf,inf,0.22293171028771352,inf,0.6060845283153676,10.559655703213812,-2.6628309788974787,0.29213475547609047,{'ROAD_LINE_BROKEN_SINGLE_WHITE'},True,True,raw_collision_risk:cut_in_danger,True,False,left,12,False,raw_predicted_collision,False,0,0,,inf,inf,inf,inf,False,False,17.15609004989932,inf,0.0,True,False,1,0,,True,False,0.0,4.190463146565399,inf,2.272751194982036,0.0,cut_in_danger,True,raw_collision_risk:cut_in_danger,,False,False,0.0,10.717752186874502,inf,2.3080051118973928,False,-88.69747360480036,,,
6000,1007,1,349,349,0.4317880868911743,0.7664206027984619,0.019100015982985497,0.18000000715255737,-0.41268807649612427,-0.5864205956459045,True,True,predictive_recovery,left_slow_follow,0.0,5.5125302525876645,10,5,,0,0,0,False,False,False,False,False,False,False,False,True,0.8257002949186069,9.241571217826875,0.0,False,max_steps,vehicle,23.009678202207823,dynamic_vehicle,True,,inf,inf,inf,-0.013458147717479552,inf,0.606010380137252,10.421152004062122,-2.659268986691006,0.2917182385508748,{'ROAD_LINE_BROKEN_SINGLE_WHITE'},True,True,raw_collision_risk:cut_in_danger,True,False,left,12,False,raw_predicted_collision,False,0,0,,inf,inf,inf,inf,False,False,16.079068079039242,inf,0.0,True,False,1,0,,True,False,0.0,5.608756606430129,inf,2.2726770468039317,0.0,cut_in_danger,True,raw_collision_risk:cut_in_danger,,False,False,0.0,10.716379813941693,inf,2.307932422653352,False,-88.77309833355828,,,
6000,1007,1,350,350,0.3731708526611328,0.713369607925415,0.01935740001499653,0.18000000715255737,-0.35381343960762024,-0.5333696007728577,True,True,predictive_recovery,left_slow_follow,0.0,5.544942730696125,10,5,,0,0,0,False,False,False,False,False,False,False,False,True,0.8279269113164949,9.296047985301803,0.0,False,max_steps,vehicle,22.920619453671804,dynamic_vehicle,True,,inf,inf,inf,0.08282408566370458,inf,0.6090418723705336,10.274830610394972,-2.6264920586657503,0.3201685713968267,{'ROAD_LINE_BROKEN_SINGLE_WHITE'},True,True,raw_collision_risk:cut_in_danger,True,False,left,12,False,raw_predicted_collision,False,0,0,,inf,inf,inf,inf,False,False,15.139914369877804,inf,0.0,True,False,1,0,,True,False,0.0,5.799909413392985,inf,2.2757085390372054,0.0,cut_in_danger,True,raw_collision_risk:cut_in_danger,,False,False,0.0,10.720523041652868,inf,2.3109042674700015,False,-87.60708293610011,,,
6000,1007,1,351,351,0.4251532554626465,0.644780158996582,0.0139938835054636,0.18000000715255737,-0.41115936636924744,-0.46478015184402466,True,True,predictive_recovery,left_slow_follow,0.0,5.577628791181081,10,5,,0,0,0,False,False,False,False,False,False,False,False,True,0.8301665269591361,9.350762870185246,0.0,False,max_steps,vehicle,22.8381181350503,dynamic_vehicle,True,,inf,inf,inf,0.3872265602900007,inf,0.6158360866191962,10.132033184846875,-2.6301700206664975,0.3208005124604399,{'ROAD_LINE_BROKEN_SINGLE_WHITE'},True,True,raw_collision_risk:cut_in_danger,True,False,left,12,False,raw_predicted_collision,False,0,0,,inf,inf,inf,inf,False,False,14.258060306320873,inf,0.0,True,False,1,0,,True,False,0.0,5.858849615379942,inf,2.282502753285869,0.0,cut_in_danger,True,raw_collision_risk:cut_in_danger,,False,False,0.0,10.730913101076755,inf,2.3175647992623776,False,-85.98189943406865,,,
6000,1007,1,352,352,0.4333188533782959,0.65317702293396,0.00756313418969512,0.18000000715255737,-0.42575570940971375,-0.4731770157814026,True,True,predictive_recovery,left_slow_follow,0.0,5.610457722111147,10,5,,0,0,0,False,False,False,False,False,False,False,False,True,0.832419288730652,9.405504660444489,0.0,False,max_steps,vehicle,22.7389233828518,dynamic_vehicle,True,,inf,inf,inf,0.14898256173893687,inf,0.625842514384095,9.978762054313936,-2.6449578622645697,0.32298069191861817,{'ROAD_LINE_BROKEN_SINGLE_WHITE'},True,True,raw_collision_risk:cut_in_danger,True,False,left,12,False,raw_predicted_collision,False,0,0,,inf,inf,inf,inf,False,False,13.41535936388518,inf,0.0,True,False,1,0,,True,False,0.0,5.8341606349085495,inf,2.2925091810507587,0.0,cut_in_danger,True,raw_collision_risk:cut_in_danger,,False,False,0.0,10.749704901861662,inf,2.3259816218624345,False,-86.26309019689816,,,
6000,1007,1,353,353,0.46774303913116455,0.5471558570861816,0.0024008434265851974,0.18000000715255737,-0.4653421938419342,-0.36715584993362427,True,True,predictive_recovery,left_slow_follow,0.0,5.643302796266693,10,4,,0,0,0,False,False,False,False,False,False,False,False,True,0.8346851966310425,9.46021193421589,0.0,False,max_steps,vehicle,22.634306218230186,dynamic_vehicle,True,,inf,inf,inf,0.9676194265529237,inf,0.6379725364330514,9.817391128679123,-2.631268541364248,0.3214081579245951,{'ROAD_LINE_BROKEN_SINGLE_WHITE'},True,True,raw_collision_risk:cut_in_danger,True,False,left,12,False,raw_predicted_collision,False,0,0,,inf,inf,inf,inf,False,False,12.613498024847654,inf,0.0,True,False,1,0,,True,False,0.0,6.246085193660038,inf,2.3046392030997063,0.0,cut_in_danger,True,raw_collision_risk:cut_in_danger,,False,False,0.0,10.77970912934212,inf,2.333717368940324,False,-83.70948648987613,,,
6000,1007,1,354,354,0.514801025390625,0.3189270496368408,0.026390818879008293,0.18000000715255737,-0.48841020464897156,-0.13892704248428345,True,True,predictive_recovery,left_slow_follow,0.0,5.676127160529534,10,5,,0,0,0,False,False,False,False,False,False,False,False,True,0.8369640303341254,9.513675313406614,0.0,False,max_steps,vehicle,22.53725892149145,dynamic_vehicle,True,,inf,inf,inf,3.2541551357188787,inf,0.6511055854442899,9.654918578653213,-2.592099241913795,0.3164591898522687,{'ROAD_LINE_BROKEN_SINGLE_WHITE'},True,True,raw_collision_risk:cut_in_danger,True,False,left,12,False,raw_predicted_collision,False,0,0,,inf,inf,inf,inf,False,False,11.848759923964215,inf,0.0,True,False,1,0,,True,False,0.0,6.428602574070034,inf,2.317772252110936,0.0,cut_in_danger,True,raw_collision_risk:cut_in_danger,,False,False,0.0,10.729923565138193,inf,2.3453066254914705,False,-78.14506768940173,,,
6000,1007,1,355,355,0.4651327133178711,0.31456422805786133,0.06006679683923721,0.18000000715255737,-0.4050659239292145,-0.13456422090530396,True,True,predictive_recovery,left_slow_follow,0.0,5.708205188043968,10,5,,0,0,0,False,False,False,False,False,False,False,False,True,0.8392547616510502,9.563618226597217,0.0,False,max_steps,vehicle,22.421176929646812,dynamic_vehicle,True,,inf,inf,inf,3.2698245628347564,inf,0.6674706367138269,9.48795629251567,-2.624466954447172,0.32111582342483413,set(),True,True,raw_collision_risk:cut_in_danger,True,False,left,12,False,raw_predicted_collision,False,0,0,,inf,inf,inf,inf,False,False,11.138935872619381,inf,0.0,True,False,1,0,,True,False,0.0,6.43777748859827,inf,2.334137303380457,0.0,cut_in_danger,True,raw_collision_risk:cut_in_danger,,False,False,0.0,10.755633888627234,inf,2.3613496792244484,False,-78.1090766274495,,,
6000,1007,1,356,356,0.7033262252807617,0.37576210498809814,0.07328173518180847,0.18000000715255737,-0.6300444602966309,-0.19576209783554077,True,True,predictive_recovery,left_slow_follow,0.0,5.738170935958331,10,4,,0,0,0,False,False,False,False,False,False,False,False,True,0.8411177539239063,9.61440709417632,0.0,False,max_steps,vehicle,22.38625869858078,dynamic_vehicle,True,,inf,inf,inf,1.994865281463845,inf,0.6742866738867926,9.403191262723675,-2.6294472549090493,0.32192186426085456,set(),True,True,raw_collision_risk:cut_in_danger,True,False,left,12,False,raw_predicted_collision,False,0,0,,inf,inf,inf,inf,False,False,9.555602337019847,inf,0.0,True,False,1,0,,True,False,0.0,5.922848991092595,inf,2.3409533405534306,0.0,cut_in_danger,True,raw_collision_risk:cut_in_danger,,False,False,0.0,10.872312271304029,inf,2.368031604554892,False,-79.6509564744942,,,
6000,1007,1,357,357,0.7473316192626953,0.2751861810684204,0.09297312796115875,0.18000000715255737,-0.6543585062026978,-0.09518617391586304,True,True,predictive_recovery,left_slow_follow,0.0,5.768644256505792,10,5,,0,0,0,False,False,False,False,False,False,False,False,True,0.8429911263511679,9.66314496350112,0.0,False,max_steps,vehicle,22.26024078815031,dynamic_vehicle,True,,inf,inf,inf,2.8234609878542862,inf,0.6608306879832045,9.2238316491296,-2.6076135856060496,0.3187303753141301,set(),True,True,raw_collision_risk:cut_in_danger,True,False,left,12,False,raw_predicted_collision,False,0,0,,inf,inf,inf,inf,False,False,9.530331586855405,inf,0.0,True,False,1,0,,True,False,0.0,6.571875831239311,inf,2.327497354649853,0.0,cut_in_danger,True,raw_collision_risk:cut_in_danger,,False,False,0.0,10.77797366986914,inf,2.3548403776332116,False,-77.25609447141163,,,
6000,1007,1,358,358,0.744124174118042,0.28969311714172363,0.13744615018367767,0.18000000715255737,-0.6066780090332031,-0.10969310998916626,True,True,predictive_recovery,left_slow_follow,0.0,5.797886978100672,10,5,,0,0,0,False,False,False,False,False,False,False,False,True,0.8448727987785134,9.701458321704715,0.0,False,max_steps,vehicle,22.143186070060416,dynamic_vehicle,True,,inf,inf,inf,2.6840995361096844,inf,0.668579586985203,9.04995747107101,-2.6009759919616235,0.3180067982240818,set(),True,True,raw_collision_risk:cut_in_danger,True,False,left,12,False,raw_predicted_collision,False,0,0,,inf,inf,inf,inf,False,False,9.509046279018655,inf,0.0,True,False,1,0,,True,False,0.0,6.431002267834428,inf,2.3352462536518526,0.0,cut_in_danger,True,raw_collision_risk:cut_in_danger,,False,False,0.0,10.794091269431132,inf,2.3624368098724475,False,-77.67447088891713,,,
6000,1007,1,359,359,0.7715592384338379,0.4013183116912842,0.16526570916175842,0.18000000715255737,-0.6062935590744019,-0.2213183045387268,True,True,predictive_recovery,left_slow_follow,0.0,5.820874993022829,10,4,,0,0,0,False,False,False,False,False,False,False,False,True,0.8467614440762863,9.737963782933706,0.0,False,max_steps,vehicle,22.17737779932354,dynamic_vehicle,True,,inf,inf,inf,1.6907093185098692,inf,0.6932386067350956,9.04818562624853,-2.6218322714410913,0.32130136506613366,set(),True,True,raw_collision_risk:cut_in_danger,True,False,left,12,False,raw_predicted_collision,False,0,0,,inf,inf,inf,inf,False,False,9.204943590688147,inf,0.0,True,False,1,0,,True,False,0.0,6.7193768365367355,inf,2.3599052734017603,0.0,cut_in_danger,True,raw_collision_risk:cut_in_danger,,False,False,0.0,10.956235941747604,inf,2.386610640576342,False,-80.39301507985431,,,
6000,1007,1,360,360,0.7654504776000977,0.48443615436553955,0.13683009147644043,0.18000000715255737,-0.6286203861236572,-0.3044361472129822,True,True,predictive_recovery,left_slow_follow,0.0,5.842778269760223,10,4,,0,0,0,False,False,False,False,False,False,False,False,True,0.8486580374595788,9.791001759068122,0.0,False,max_steps,vehicle,22.039220307662845,dynamic_vehicle,True,,inf,inf,inf,1.0212293742101846,inf,0.6494916180792846,8.873373469403305,-2.62015370912615,0.32016616116047897,set(),True,True,raw_collision_risk:cut_in_danger,True,False,left,12,False,raw_predicted_collision,False,0,0,,inf,inf,inf,inf,False,False,8.971387467027965,inf,0.0,True,False,1,0,,True,False,0.0,6.143340577843761,inf,2.31615828474595,0.0,cut_in_danger,True,raw_collision_risk:cut_in_danger,,False,False,0.0,10.884012876453408,inf,2.343724414428814,False,-82.53803155302765,,,
6000,1007,1,361,361,0.755441427230835,0.5232619047164917,0.12667445838451385,0.30000001192092896,-0.6287669539451599,-0.22326189279556274,True,True,predictive_recovery,right_pass,-3.07120823178024,12.145680330292334,10,3,,0,0,0,False,False,False,False,False,False,False,False,True,0.8505661045358637,9.879630078592184,0.0,False,max_steps,vehicle,21.89517506928531,dynamic_vehicle,True,,inf,inf,inf,0.6996721233584915,inf,0.6459580556700729,-4.725852694360961,-1.0682167722986429,0.19595499422247864,set(),True,True,raw_collision_risk:cut_in_danger,True,False,right,12,False,raw_predicted_collision,False,0,0,,inf,inf,inf,inf,False,False,8.678554375966877,inf,0.0,True,False,1,0,,True,False,0.0,5.921125798850234,inf,2.312624722336755,0.0,cut_in_danger,True,raw_collision_risk:cut_in_danger,,False,False,0.5220870156173679,0.6996721233584915,inf,0.65279176821976,True,37.64828465530567,,,
6000,1007,1,362,362,0.7502655982971191,0.5200045108795166,0.13513390719890594,-1.0,-0.615131676197052,-1.5200045108795166,True,True,predictive_recovery,right_slow_follow,-3.041846049256168,8.0,10,2,,0,0,0,False,False,False,False,False,False,False,False,True,0.8524119411440247,8.387041460205424,0.0,False,max_steps,vehicle,21.76071334598201,dynamic_vehicle,True,,inf,inf,inf,10.906889392355179,inf,0.6753202381941438,8.4421378131157,-1.02067512656993,0.05625346944711646,set(),True,True,raw_collision_risk:cut_in_danger,True,False,right,12,False,raw_predicted_collision,False,0,0,,inf,inf,inf,inf,False,False,8.191526445455386,inf,0.0,True,False,1,0,,True,False,0.0,5.8140208125119575,inf,2.3419869048608324,0.0,cut_in_danger,True,raw_collision_risk:cut_in_danger,,False,False,0.44102619027833345,10.926448216470988,inf,0.6753202381941438,False,13.102217163356997,,,
6000,1007,1,363,363,0.778861403465271,0.38971734046936035,0.09443634003400803,0.30000001192092896,-0.6844250559806824,-0.0897173285484314,True,True,predictive_recovery,right_pass,-3.0860148741296967,10.140769492317546,10,6,,0,0,0,False,False,False,False,False,False,False,False,True,0.854054754978194,8.465572237788344,0.0,False,max_steps,vehicle,21.815678502623136,dynamic_vehicle,True,,inf,inf,inf,5.54667234192558,inf,0.6311514133206267,4.630668564577288,-1.0902828180352315,0.07116185346213506,set(),True,True,raw_collision_risk:cut_in_danger,True,False,right,12,False,raw_predicted_collision,False,0,0,,inf,inf,inf,inf,False,False,12.956115930893052,inf,0.0,True,False,1,0,,True,False,0.0,8.714457683260822,inf,2.2978180799872967,0.0,cut_in_danger,True,raw_collision_risk:cut_in_danger,,False,False,0.5257939578402775,5.54667234192558,inf,0.6366028200957744,True,37.24942066617087,,,
6000,1007,1,364,364,0.7497192621231079,0.6589722633361816,0.1133430078625679,0.30000001192092896,-0.6363762617111206,-0.3589722514152527,True,True,predictive_recovery,right_pass,-3.123208910208467,11.430947422801161,10,5,,0,0,0,False,False,False,False,False,False,False,False,True,0.8557001453661677,8.550874133087694,0.0,False,max_steps,vehicle,21.801822007053275,dynamic_vehicle,True,,inf,inf,inf,2.98082287627148,inf,0.5939573772418761,-0.3394007506874406,-1.0357411076589431,0.06830445652779579,set(),True,True,raw_collision_risk:cut_in_danger,True,False,right,12,False,raw_predicted_collision,False,0,0,,inf,inf,inf,inf,False,False,12.867177051065623,inf,0.0,True,False,1,0,,True,False,0.0,7.089212741560859,inf,2.2606240439085163,0.0,cut_in_danger,True,raw_collision_risk:cut_in_danger,,False,False,0.5957062970483937,2.98082287627148,inf,0.6007910897915331,True,35.2354157042598,,,
6000,1007,1,365,365,0.7620693445205688,0.6405112743377686,0.1381828337907791,0.30000001192092896,-0.6238865256309509,-0.3405112624168396,True,True,predictive_recovery,right_pass,-3.1310771345054498,11.433174867607653,10,5,,0,0,0,False,False,False,False,False,False,False,False,True,0.857360569459452,8.632509851478844,0.0,False,max_steps,vehicle,21.80019110407378,dynamic_vehicle,True,,inf,inf,inf,3.063591202108176,inf,0.5860891529449127,-1.2678851631411021,-1.0092289040453852,0.07339060627022052,set(),True,True,raw_collision_risk:cut_in_danger,True,False,right,12,False,raw_predicted_collision,False,0,0,,inf,inf,inf,inf,False,False,12.739397905646653,inf,0.0,True,False,1,0,,True,False,0.0,7.188649694934348,inf,2.2527558196115227,0.0,cut_in_danger,True,raw_collision_risk:cut_in_danger,,False,False,0.6106294890355553,3.063591202108176,inf,0.5929228654945501,True,34.80023729957702,,,
6000,1007,1,366,366,0.7697954177856445,0.6586568355560303,0.1460559070110321,0.30000001192092896,-0.62373948097229,-0.3586568236351013,True,True,predictive_recovery,right_pass,-3.1288744646631725,11.59646561148098,10,5,,0,0,0,False,False,False,False,False,False,False,False,True,0.8590359559866326,8.716517816125023,0.0,False,max_steps,vehicle,21.956635972290037,dynamic_vehicle,True,,inf,inf,inf,2.9935321466475955,inf,0.5885768832289818,-2.6393327228571106,-1.0400305408844928,0.08789949961843134,set(),True,True,raw_collision_risk:cut_in_danger,True,False,right,12,False,raw_predicted_collision,False,0,0,,inf,inf,inf,inf,False,False,12.603128978665243,inf,0.0,True,False,1,0,,True,False,0.0,7.093405288871093,inf,2.254958489453818,0.0,cut_in_danger,True,raw_collision_risk:cut_in_danger,,False,False,0.6049583377283114,2.9935321466475955,inf,0.5951255353368273,True,35.11909432193641,,,
6000,1007,1,367,367,0.7920935153961182,0.6578648090362549,0.12503360211849213,0.30000001192092896,-0.6670598983764648,-0.3578647971153259,True,True,predictive_recovery,right_pass,-3.179552825131659,11.67690945678817,10,5,,0,0,0,False,False,False,False,False,False,False,False,True,0.8607267948593099,8.8071463948988,0.0,False,max_steps,vehicle,21.924812696199226,dynamic_vehicle,True,,inf,inf,inf,2.8870200009295477,inf,0.5376134623186793,-0.965946714338429,-0.9889693001124475,0.06984378040459727,set(),True,True,raw_collision_risk:cut_in_danger,True,False,right,12,False,raw_predicted_collision,False,0,0,,inf,inf,inf,inf,False,False,12.43131279853935,inf,0.0,True,False,1,0,,True,False,0.0,8.180773001815094,inf,2.2042801289853236,0.0,cut_in_danger,True,raw_collision_risk:cut_in_danger,,False,False,0.7199591840279795,2.8870200009295477,inf,0.5444471748683407,True,30.944480682544047,,,
6000,1007,1,368,368,0.7818222045898438,0.6726338863372803,0.14189065992832184,0.30000001192092896,-0.6399315595626831,-0.3726338744163513,True,True,predictive_recovery,right_pass,-3.202393234303048,11.83399888341656,10,5,,0,0,0,False,False,False,False,False,False,False,False,True,0.8624330509997696,8.890695724109614,0.0,False,max_steps,vehicle,21.88264811999032,dynamic_vehicle,True,,inf,inf,inf,2.627507404180248,inf,0.51477305314728,-2.4810353222794763,-0.9367495251339442,0.0826518557310598,set(),True,True,raw_collision_risk:cut_in_danger,True,False,right,12,False,raw_predicted_collision,False,0,0,,inf,inf,inf,inf,False,False,12.209557714673592,inf,0.0,True,False,1,0,,True,False,0.0,7.9551875743649845,inf,2.1814397198139237,0.0,cut_in_danger,True,raw_collision_risk:cut_in_danger,,False,False,0.7761600410298739,2.627507404180248,inf,0.521606765696952,True,29.011971616495664,,,
6000,1007,1,369,369,0.7808127403259277,0.6680724620819092,0.15962748229503632,0.30000001192092896,-0.6211852431297302,-0.3680724501609802,True,True,predictive_recovery,right_pass,-3.1988470186602784,11.897021803478205,10,5,,0,0,0,False,False,False,False,False,False,False,False,True,0.8641539347145385,8.97067941225127,0.0,False,max_steps,vehicle,21.847422525508435,dynamic_vehicle,True,,inf,inf,inf,2.56130137076525,inf,0.5183192687900388,-3.6704240538345516,-0.9524085384491068,0.10471877293675673,set(),True,True,raw_collision_risk:cut_in_danger,True,False,right,12,False,raw_predicted_collision,False,0,0,,inf,inf,inf,inf,False,False,11.988191875929713,inf,0.0,True,False,1,0,,True,False,0.0,7.95300114956801,inf,2.1849859354567127,0.0,cut_in_danger,True,raw_collision_risk:cut_in_danger,,False,False,0.7658285651428998,2.56130137076525,inf,0.5251529813397214,True,29.531051833785412,,,
6000,1007,1,370,370,0.7700386047363281,0.7125754356384277,0.13528329133987427,0.30000001192092896,-0.6347553133964539,-0.4125754237174988,True,True,predictive_recovery,right_pass,-3.2250333722351363,12.177268872624195,10,5,,0,0,0,False,False,False,False,False,False,False,False,True,0.865889746481217,9.060819582347438,0.0,False,max_steps,vehicle,21.980131648884658,dynamic_vehicle,True,,inf,inf,inf,2.2915091110661745,inf,0.4921329152151729,-5.419582141315393,-0.9427990233448793,0.14555856335779466,set(),True,True,raw_collision_risk:cut_in_danger,True,False,right,12,False,raw_predicted_collision,False,0,0,,inf,inf,inf,inf,False,False,11.74406533994676,inf,0.0,True,False,1,0,,True,False,0.0,8.017986614548503,inf,2.1587995818818464,0.0,cut_in_danger,True,raw_collision_risk:cut_in_danger,,False,False,0.8300349047532716,2.2915091110661745,inf,0.49896662776486356,True,26.859311318991345,,,
6000,1007,1,371,371,0.735400915145874,0.6955139636993408,0.13779884576797485,0.30000001192092896,-0.5976020693778992,-0.39551395177841187,True,True,predictive_recovery,right_pass,-3.2664719173287717,12.190632418994472,10,5,,0,0,0,False,False,False,False,False,False,False,False,True,0.8676410822653611,9.14719589824823,0.0,False,max_steps,vehicle,21.913626959209942,dynamic_vehicle,True,,inf,inf,inf,2.3427297991189153,inf,0.45069437012155167,-3.4166015788512354,-0.8889228356166777,0.11014089129610295,set(),True,True,raw_collision_risk:vehicle_lateral_margin_violation,True,False,right,12,False,raw_predicted_collision,False,0,0,,inf,inf,inf,inf,False,False,11.42875556732619,inf,0.0,True,False,1,0,,True,False,0.0,6.665775838287429,inf,2.1173610367882003,0.0,vehicle_lateral_margin_violation,True,raw_collision_risk:vehicle_lateral_margin_violation,,False,False,0.9328561063011287,2.3427297991189153,inf,0.45752808267122813,True,23.305776012437704,,,
6000,1007,1,372,372,0.7468315362930298,0.7045323848724365,0.15192751586437225,0.30000001192092896,-0.5949040055274963,-0.40453237295150757,True,True,predictive_recovery,right_pass,-3.2789758591750653,12.317591630174194,10,5,,0,0,0,False,False,False,False,False,False,False,False,True,0.8694074141304762,9.228897785567183,0.0,False,max_steps,vehicle,21.8500704714726,dynamic_vehicle,True,,inf,inf,inf,2.2216245205036866,inf,0.438190428275283,-4.829185502312173,-0.8422055382572223,0.11799843560775716,set(),True,True,raw_collision_risk:vehicle_lateral_margin_violation,True,False,right,12,False,raw_predicted_collision,False,0,0,,inf,inf,inf,inf,False,False,11.101473530907537,inf,0.0,True,False,1,0,,True,False,0.0,6.579096181054133,inf,2.104857094941927,0.0,vehicle_lateral_margin_violation,True,raw_collision_risk:vehicle_lateral_margin_violation,,False,False,0.9633958081382212,2.2216245205036866,inf,0.4450241408249346,True,22.230716774110007,,,
6000,1007,1,373,373,0.740180492401123,0.7126027345657349,0.16355714201927185,0.30000001192092896,-0.5766233205795288,-0.4126027226448059,True,True,predictive_recovery,right_pass,-3.2584803604022223,12.43561009111299,10,5,,0,0,0,False,False,False,False,False,False,False,False,True,0.8711881655566713,9.30902122484043,0.0,False,max_steps,vehicle,21.898043677766232,dynamic_vehicle,True,,inf,inf,inf,2.294715961957273,inf,0.45868592704814726,-6.086126923966871,-0.8737169762678542,0.1731272049043543,set(),True,True,raw_collision_risk:vehicle_lateral_margin_violation,True,False,right,12,False,raw_predicted_collision,False,0,0,,inf,inf,inf,inf,False,False,10.754782578725218,inf,0.0,True,False,1,0,,True,False,0.0,6.572105645899033,inf,2.1253525937147613,0.0,vehicle_lateral_margin_violation,True,raw_collision_risk:vehicle_lateral_margin_violation,,False,False,0.9118181849561731,2.294715961957273,inf,0.46551963959777753,True,24.440017025152287,,,
6000,1007,1,374,374,0.7197530269622803,0.7756814956665039,0.7197530269622803,0.7756814956665039,0.0,0.0,True,False,inactive_raw_action,raw_action,0,0,10,7,raw_action_safe_or_candidate_not_better,0,0,0,False,False,False,False,False,False,False,False,True,0.872976599411479,9.23612598330589,0.0,False,max_steps,vehicle,21.878759563838717,dynamic_vehicle,True,,inf,inf,inf,1.5635164503561505,inf,0.3985836309231259,inf,inf,0.0,set(),False,False,,False,False,,0,False,vehicle_margin_uncertain_or_low,False,0,0,,inf,inf,inf,inf,False,False,10.366228507823545,inf,0.0,False,False,1,0,,False,False,0.0,1.5635164503561505,inf,2.0639718388726362,0.0,,False,raw_action_safe_or_candidate_not_better,boundary_margin_insufficient,False,False,1.0652700720614618,1.9492284281073964,inf,0.4041388847556623,False,17.784563142981128,,,
6000,1007,1,375,375,0.7171542644500732,0.8551745414733887,0.1330881118774414,0.30000001192092896,-0.5840661525726318,-0.5551745295524597,True,True,predictive_recovery,right_pass,-3.333367603120451,13.084411419936139,10,5,,0,0,0,False,False,False,False,False,False,False,False,True,0.8747606114870554,9.335486786890925,0.0,False,max_steps,vehicle,21.78156148383406,dynamic_vehicle,True,,inf,inf,inf,1.9610106843840285,inf,0.38628327296490306,-9.99509994495597,-0.7649497810739035,0.22445651177511572,set(),True,True,raw_collision_risk:vehicle_lateral_margin_violation,True,False,right,12,False,raw_predicted_collision,False,0,0,,inf,inf,inf,inf,False,False,10.443512375411505,inf,0.0,True,False,1,0,,True,False,0.0,7.64287453820636,inf,2.050465350996537,0.0,vehicle_lateral_margin_violation,True,raw_collision_risk:vehicle_lateral_margin_violation,,False,False,1.0990362917517449,1.9610106843840285,inf,0.3906323968795491,True,15.94182947063112,,,
6000,1007,1,376,376,0.664149284362793,0.7434566020965576,0.12927506864070892,0.30000001192092896,-0.5348742008209229,-0.44345659017562866,True,True,predictive_recovery,right_pass,-3.3004736605584903,12.681041496325435,10,5,,0,0,0,False,False,False,False,False,False,False,False,True,0.8765620799792164,9.425463002818987,0.0,False,max_steps,vehicle,21.686018087456308,dynamic_vehicle,True,,inf,inf,inf,2.455634361116148,inf,0.42092571594455663,-9.716844356960094,-0.7513044169952391,0.23081240059951175,set(),True,True,raw_collision_risk:vehicle_lateral_margin_violation,True,False,right,12,False,raw_predicted_collision,False,0,0,,inf,inf,inf,inf,False,False,9.852531836232268,inf,0.0,True,False,1,0,,True,False,0.0,7.796165466879806,inf,2.083359293558496,0.0,vehicle_lateral_margin_violation,True,raw_collision_risk:vehicle_lateral_margin_violation,,False,False,1.0168014353468438,2.9506153794690206,inf,0.4235263394415095,True,20.890648672725035,,,
6000,1007,1,377,377,0.6816921234130859,0.6093406677246094,0.10039559751749039,0.30000001192092896,-0.5812965035438538,-0.3093406558036804,True,True,predictive_recovery,right_pass,-3.3094282216767965,12.167496007579729,10,5,,0,0,0,False,False,False,False,False,False,False,False,True,0.878380572278881,9.518166519083975,0.0,False,max_steps,vehicle,21.776346123248764,dynamic_vehicle,True,,inf,inf,inf,2.3378117614104954,inf,0.41322201999044383,-8.818610016083756,-0.6628820824394329,0.20653431904189068,set(),True,True,raw_collision_risk:vehicle_lateral_margin_violation,True,False,right,12,False,raw_predicted_collision,False,0,0,,inf,inf,inf,inf,False,False,9.305315552886153,inf,0.0,True,False,1,0,,True,False,0.0,7.408078425596944,inf,2.0744047324401818,0.0,vehicle_lateral_margin_violation,True,raw_collision_risk:vehicle_lateral_margin_violation,,False,False,1.0391878381426085,4.396161166068987,inf,0.41457177832320335,True,20.478638384125517,,,
6000,1007,1,378,378,0.6510670185089111,0.5552233457565308,0.11959374696016312,0.30000001192092896,-0.5314732789993286,-0.2552233338356018,True,True,predictive_recovery,right_pass,-3.3404125064007824,12.016671574988363,10,5,,0,0,0,False,False,False,False,False,False,False,False,True,0.8802150032959717,9.602277495840488,0.0,False,max_steps,vehicle,21.632196326189057,dynamic_vehicle,True,,inf,inf,inf,2.6993088934338547,inf,0.3835874935992176,-9.324542609255868,-0.5232857371685725,0.19280755671840957,set(),True,True,raw_collision_risk:vehicle_lateral_margin_violation,True,False,right,12,False,raw_predicted_collision,False,0,0,,inf,inf,inf,inf,False,False,8.739459831034008,inf,0.0,True,False,1,0,,True,False,0.0,7.64437068109436,inf,2.043420447716198,0.0,vehicle_lateral_margin_violation,True,raw_collision_risk:vehicle_lateral_margin_violation,,False,False,1.116648549952573,5.111342863632874,inf,0.3835874935992176,True,17.37666827816419,,,
6000,1007,1,379,379,0.6801760196685791,0.6733540296554565,0.13852274417877197,0.30000001192092896,-0.5416532754898071,-0.3733540177345276,True,True,predictive_recovery,right_pass,-3.354122382449429,12.632370629290042,10,4,,0,0,0,False,False,False,False,False,False,False,False,True,0.8820638603130151,9.682721605942602,0.0,False,max_steps,vehicle,21.487470723081646,dynamic_vehicle,True,,inf,inf,inf,3.1529990926833906,inf,0.36987761755057114,-0.5514476178643495,-0.4190302068230506,0.023547170379571082,set(),True,True,raw_collision_risk:vehicle_lateral_margin_violation,True,False,right,12,False,raw_predicted_collision,False,0,0,,inf,inf,inf,inf,False,False,8.185433679802994,inf,0.0,True,False,1,0,,True,False,0.0,8.098432132945414,inf,2.0297105716675805,0.0,vehicle_lateral_margin_violation,True,raw_collision_risk:vehicle_lateral_margin_violation,,False,False,1.1525199251260645,4.686905368261252,inf,0.36987761755057114,True,17.20548762940679,,,
6000,1007,1,380,380,0.6752562522888184,0.7465114593505859,0.1561649739742279,0.30000001192092896,-0.5190912485122681,-0.446511447429657,True,True,predictive_recovery,right_pass,-3.33704882263197,13.042023173020239,10,4,,0,0,0,False,False,False,False,False,False,False,False,True,0.8839267216545281,9.760759037181684,0.0,False,max_steps,vehicle,21.310621016029696,dynamic_vehicle,True,,inf,inf,inf,3.6742715396320214,inf,0.3869511773680301,-1.0413988589743735,-0.38105005570300954,0.021847338955615924,set(),True,True,raw_collision_risk:vehicle_lateral_margin_violation,True,False,right,12,False,raw_predicted_collision,False,0,0,,inf,inf,inf,inf,False,False,7.585071094381955,inf,0.0,True,False,1,0,,True,False,0.0,7.910831742283367,inf,2.046784131485041,0.0,vehicle_lateral_margin_violation,True,raw_collision_risk:vehicle_lateral_margin_violation,,False,False,1.1082393405305422,4.83136668367397,inf,0.3869511773680301,True,19.795628359410287,,,
6000,1007,1,381,381,0.7046482563018799,0.6506873369216919,0.13660123944282532,0.30000001192092896,-0.568047046661377,-0.35068732500076294,True,True,predictive_recovery,right_pass,-3.3887981306149797,12.688852053329297,10,4,,0,0,0,False,False,False,False,False,False,False,False,True,0.8858040758748904,9.848966266523728,0.0,False,max_steps,vehicle,21.338944908378636,dynamic_vehicle,True,,inf,inf,inf,4.051180506490777,inf,0.3352018693850203,-0.9986946949415216,-0.31767355045437473,0.018322645659577086,set(),True,True,raw_collision_risk:vehicle_lateral_margin_violation,True,False,right,12,False,raw_predicted_collision,False,0,0,,inf,inf,inf,inf,False,False,6.92002538654911,inf,0.0,True,False,1,0,,True,False,0.0,8.229462952208106,inf,1.9950348235020274,0.0,vehicle_lateral_margin_violation,True,raw_collision_risk:vehicle_lateral_margin_violation,,False,False,1.2565471696227173,5.087612000756264,inf,0.3352018693850203,True,13.462324600228854,,,
6000,1007,1,382,382,0.6615738868713379,0.4440138339996338,0.14457954466342926,0.30000001192092896,-0.5169943571090698,-0.14401382207870483,True,True,predictive_recovery,right_pass,-3.4154370268515923,11.84702851952208,10,4,,0,0,0,False,False,False,False,False,False,False,False,True,0.8876965978398826,9.931942941329151,0.0,False,max_steps,vehicle,21.15810881902941,dynamic_vehicle,True,,inf,inf,inf,4.676713440902606,inf,0.30856297314840764,-0.5201130942147429,-0.3022956405458871,0.013565570158096223,set(),True,True,raw_collision_risk:vehicle_lateral_margin_violation,True,False,right,12,False,raw_predicted_collision,False,0,0,,inf,inf,inf,inf,False,False,6.17239651833612,inf,0.0,True,False,1,0,,True,False,0.0,8.80612242670652,inf,1.968395927265417,0.0,vehicle_lateral_margin_violation,True,raw_collision_risk:vehicle_lateral_margin_violation,,False,False,1.3364638583325554,6.406307767293367,inf,0.30856297314840764,True,9.339259818321793,,,
6000,1007,1,383,383,0.6661862134933472,0.6168005466461182,0.1536739319562912,0.30000001192092896,-0.5125122666358948,-0.3168005347251892,True,True,predictive_recovery,right_pass,-3.406365257406466,12.707545401236683,10,4,,0,0,0,False,False,False,False,False,False,False,False,True,0.8896036023389216,10.012463489913813,0.0,False,max_steps,vehicle,20.97657690851294,dynamic_vehicle,True,,inf,inf,inf,4.493716190661045,inf,0.31763474259353397,-1.5445789745216594,-0.32226218538163887,0.023101113069108108,set(),True,True,raw_collision_risk:vehicle_lateral_margin_violation,True,False,right,12,False,raw_predicted_collision,False,0,0,,inf,inf,inf,inf,False,False,5.411859276952191,inf,0.0,True,False,1,0,,True,False,0.0,7.863848415418563,inf,1.9774676967105456,0.0,vehicle_lateral_margin_violation,True,raw_collision_risk:vehicle_lateral_margin_violation,,False,False,1.3092485499971758,4.493716190661045,inf,0.31763474259353397,True,11.66175272708513,,,
6000,1007,1,384,384,0.6525182723999023,0.7671154737472534,0.1347929984331131,0.30000001192092896,-0.5177252888679504,-0.46711546182632446,True,True,predictive_recovery,right_pass,-3.4328805914858487,13.464483121776453,10,4,,0,0,0,False,False,False,False,False,False,False,False,True,0.8915254025974444,10.100667876995024,0.0,False,max_steps,vehicle,21.01056974004043,dynamic_vehicle,True,,inf,inf,inf,3.1621375715294353,inf,0.2911194085141513,-1.6685662377533692,-0.31210427317725575,0.023626444652486554,set(),True,True,raw_collision_risk:vehicle_lateral_margin_violation,True,False,right,12,False,raw_predicted_collision,False,0,0,,inf,inf,inf,inf,False,False,4.616294747602625,inf,0.0,True,False,1,0,,True,False,0.0,7.287026992763739,inf,1.950952362631159,0.0,vehicle_lateral_margin_violation,True,raw_collision_risk:vehicle_lateral_margin_violation,,False,False,1.3887945522353236,3.1621375715294353,inf,0.2911194085141513,True,7.745869398758273,,,
6000,1007,1,385,385,0.6540626287460327,0.553631067276001,0.6540626287460327,0.553631067276001,0.0,0.0,True,False,inactive_raw_action,raw_action_safe,0,0,0,0,low_risk_verified_passthrough,0,0,0,False,False,False,False,False,False,False,False,True,0.8934543671402126,10.005680192262597,0.0,False,max_steps,vehicle,22.592522617721585,dynamic_vehicle,True,,inf,inf,inf,inf,inf,inf,inf,inf,0.0,set(),False,False,,False,False,,0,True,,False,0,0,,inf,inf,inf,inf,False,False,3.7817767313968598,inf,0.0,False,False,1,-1,,False,False,0.0,4.845395959088256,inf,1.9327107320817416,0.0,,False,low_risk_verified,,False,False,0.0,inf,inf,inf,False,0.0,,,
6000,1007,1,386,386,0.7321745157241821,0.5117861032485962,0.7321745157241821,0.5117861032485962,0.0,0.0,True,False,inactive_raw_action,raw_action_safe,0,0,0,0,low_risk_verified_passthrough,0,0,0,False,False,False,False,False,False,False,False,True,0.895364890820645,9.877228713968872,0.0,False,max_steps,vehicle,22.215836784276227,dynamic_vehicle,True,,inf,inf,inf,inf,inf,inf,inf,inf,0.0,set(),False,False,,False,False,,0,True,,False,0,0,,inf,inf,inf,inf,False,False,3.1696038136967077,inf,0.0,False,False,1,-1,,False,False,0.0,4.807765496063091,inf,1.9499009252044734,0.0,,False,low_risk_verified,,False,False,0.0,inf,inf,inf,False,0.0,,,
6000,1007,1,387,387,0.7367371320724487,0.802893877029419,0.12623919546604156,0.18000000715255737,-0.6104979515075684,-0.6228938698768616,True,True,predictive_recovery,left_slow_follow,3.3687580519545692,3.0,10,2,,0,0,0,False,False,False,False,False,False,False,False,True,0.8972612352089383,9.942958004491109,0.0,False,max_steps,vehicle,22.04101291346716,dynamic_vehicle,True,,inf,inf,inf,6.198427151602779,inf,1.9260913852879007,8.711413996163039,-2.190603509306717,0.25735824568534,set(),True,True,raw_collision_risk:vehicle_lateral_margin_violation,True,False,left,12,False,raw_predicted_collision,False,0,0,,inf,inf,inf,inf,False,False,2.416564986084535,inf,0.0,True,False,1,0,,True,False,0.0,8.07834411453948,inf,1.9260913852879007,0.0,vehicle_lateral_margin_violation,True,raw_collision_risk:vehicle_lateral_margin_violation,,False,False,0.0,6.558493080403943,inf,1.9588845951644451,True,-113.0670675369897,,,
6000,1007,1,388,388,0.5018436908721924,0.8539519309997559,0.10248074680566788,0.30000001192092896,-0.3993629515171051,-0.5539519190788269,True,True,predictive_recovery,right_pass,-3.4455251831324247,13.78574169399001,10,4,,0,0,0,False,False,False,False,False,False,False,False,True,0.8991714502377982,10.037098378423181,0.0,False,max_steps,vehicle,20.465615715944505,dynamic_vehicle,True,,inf,inf,inf,2.2057586577866766,inf,0.27847481686757525,-1.6276899858170992,-0.43977950574943014,0.029765432981153868,set(),True,True,raw_collision_risk:vehicle_lateral_margin_violation,True,False,right,12,False,raw_predicted_collision,False,0,0,,inf,inf,inf,inf,False,False,1.3672375282669327,inf,0.0,True,False,1,0,,True,False,0.0,6.4101109678861725,inf,1.93830777098461,0.0,vehicle_lateral_margin_violation,True,raw_collision_risk:vehicle_lateral_margin_violation,,False,False,1.4267283271750517,2.2057586577866766,inf,0.27847481686757525,True,5.255321928408662,,,
6000,1007,1,389,389,0.6502182483673096,0.8706140518188477,0.1234220489859581,0.30000001192092896,-0.5267962217330933,-0.5706140398979187,True,True,predictive_recovery,right_pass,-2.2422443107954346,13.954861611607996,10,6,,0,0,0,False,False,False,False,False,False,False,False,True,0.9010991135963139,10.11997143822127,0.0,False,max_steps,vehicle,20.329638190708742,dynamic_vehicle,True,,inf,inf,inf,0.7890102084344552,inf,0.32746826672372964,-19.32533931536406,-0.516530464914189,1.059950771319982,set(),True,True,vehicle_ttc,True,False,right,12,False,vehicle_margin_uncertain_or_low,False,0,0,,inf,inf,inf,inf,False,False,0.43930244708170935,inf,0.0,True,False,1,0,,False,False,0.003296937469663441,0.7890102084344552,inf,1.9873012208407768,0.0,,True,vehicle_ttc,,False,False,0.0,1.2422296232216947,inf,1.4817556892045651,False,16.718991543908658,,,
6000,1007,1,390,390,0.3717917203903198,0.8759610652923584,0.3717917203903198,0.8759610652923584,0.0,0.0,True,False,inactive_raw_action,raw_action,0,0,10,6,raw_action_safe_or_candidate_not_better,0,0,0,False,False,False,False,False,False,False,False,True,0.9030420316697452,10.193440141560897,0.0,False,max_steps,vehicle,20.33740202060649,dynamic_vehicle,True,,inf,inf,inf,0.47914034482327894,inf,0.2901568905644003,inf,inf,0.0,set(),False,False,,False,False,,0,False,vehicle_margin_uncertain_or_low,False,0,0,,inf,inf,inf,inf,False,False,8.432377702473994,inf,0.0,False,False,1,0,,False,False,0.09625789655301632,0.47914034482327894,inf,1.9504998959609945,0.0,,False,raw_action_safe_or_candidate_not_better,candidate_not_better,False,False,0.0,0.9367984289847318,inf,1.4444937263139401,False,16.106483544973457,,,
6000,1007,1,391,391,0.3039243221282959,0.8789043426513672,0.3039243221282959,0.8789043426513672,0.0,0.0,True,False,inactive_raw_action,raw_action,0,0,10,6,raw_action_safe_or_candidate_not_better,0,0,0,False,False,False,False,False,False,False,False,True,0.9050020871888123,10.324647210794431,0.0,False,max_steps,vehicle,20.153773963701553,dynamic_vehicle,True,,inf,inf,inf,0.135212860687139,inf,0.28528284658124803,inf,inf,0.0,set(),False,False,,False,False,,0,False,vehicle_margin_uncertain_or_low,False,0,0,,inf,inf,inf,inf,False,False,8.21975019286528,inf,0.0,False,False,1,0,,False,False,0.2638474675192552,0.135212860687139,inf,1.9468049238321181,0.0,,False,raw_action_safe_or_candidate_not_better,candidate_not_better,False,False,0.07721193986946062,0.6279732119013626,inf,1.4127249274858151,False,14.86037342960627,,,
6000,1007,1,392,392,0.3470582962036133,0.8824589252471924,0.10932476073503494,0.30000001192092896,-0.23773354291915894,-0.5824589133262634,True,True,predictive_recovery,right_pass,-3.383072352178604,14.295712374406797,10,4,,0,0,0,False,False,False,False,False,False,False,False,True,0.9069878918992836,10.427132837171214,0.0,False,max_steps,vehicle,19.96390795298039,dynamic_vehicle,True,,inf,inf,inf,0.6564738195891993,inf,0.34092764782139606,-6.770973599683225,-0.6798698843257426,0.12773350118386292,set(),True,True,raw_collision_risk:vehicle_lateral_margin_violation,True,False,right,12,False,raw_predicted_collision,False,0,0,,inf,inf,inf,inf,False,False,7.838447084498174,inf,0.0,True,False,1,0,,True,False,0.0,6.463274468247601,inf,2.003653516074472,0.0,vehicle_lateral_margin_violation,True,raw_collision_risk:vehicle_lateral_margin_violation,,False,False,1.2824276884368297,0.6564738195891993,inf,0.34092764782139606,True,10.544850281909376,,,
6000,1007,1,393,393,0.4540470838546753,0.5616345405578613,0.4540470838546753,0.5616345405578613,0.0,0.0,True,False,inactive_raw_action,raw_action,0,0,10,6,raw_action_safe_or_candidate_not_better,0,0,0,False,False,False,False,False,False,False,False,True,0.908989893472885,10.402600824737512,0.0,False,max_steps,vehicle,19.973718167678733,dynamic_vehicle,True,,inf,inf,inf,0.9302398912406282,inf,0.35083820383167885,inf,inf,0.0,set(),False,False,,False,False,,0,False,vehicle_margin_uncertain_or_low,False,0,0,,inf,inf,inf,inf,False,False,7.589173849638955,inf,0.0,False,False,1,0,,False,False,0.0,0.9302398912406282,inf,2.014709254119673,0.0,,False,raw_action_safe_or_candidate_not_better,candidate_not_better,False,False,0.0,1.4357550225581708,inf,1.3597464118608151,False,19.12297490410127,,,
6000,1007,1,394,394,0.40756964683532715,0.5697917938232422,0.07054731249809265,0.30000001192092896,-0.3370223343372345,-0.26979178190231323,True,True,predictive_recovery,right_pass,-3.3596687317297835,12.966663896942102,10,4,,0,0,0,False,False,False,False,False,False,False,False,True,0.9109961568054351,10.501056069536082,0.0,False,max_steps,vehicle,19.763981725750273,dynamic_vehicle,True,,inf,inf,inf,2.07274909847035,inf,0.36433126827021645,-7.05886757501373,-0.752986639540188,0.19395516013208253,set(),True,True,raw_collision_risk:vehicle_lateral_margin_violation,True,False,right,12,False,raw_predicted_collision,False,0,0,,inf,inf,inf,inf,False,False,7.7488349442096265,inf,0.0,True,False,1,0,,True,False,0.0,6.655027793953709,inf,2.0298681646529073,0.0,vehicle_lateral_margin_violation,True,raw_collision_risk:vehicle_lateral_margin_violation,,False,False,1.1691589729671288,2.07274909847035,inf,0.36433126827021645,True,18.502936903130518,,,
6000,1007,1,395,395,0.17976605892181396,0.5898146629333496,0.07423888891935349,0.30000001192092896,-0.10552717000246048,-0.28981465101242065,True,True,predictive_recovery,right_pass,-3.299786245722295,13.155222052736155,10,4,,0,0,0,False,False,False,False,False,False,False,False,True,0.9130222147580837,10.591918942211361,0.0,False,max_steps,vehicle,19.555105945145772,dynamic_vehicle,True,,inf,inf,inf,1.636919105272483,inf,0.4242137542777048,-7.976847783181148,-0.8322172700789263,0.22586687886600695,{'ROAD_LINE_BROKEN_SINGLE_WHITE'},True,True,raw_collision_risk:vehicle_lateral_margin_violation,True,False,right,12,False,raw_predicted_collision,False,0,0,,inf,inf,inf,inf,False,False,7.4578464984049155,inf,0.0,True,False,1,0,,True,False,0.0,6.24504656396857,inf,2.0908804209443708,0.0,vehicle_lateral_margin_violation,True,raw_collision_risk:vehicle_lateral_margin_violation,,False,False,1.0150828982563553,1.636919105272483,inf,0.4242137542777048,True,25.311647289741046,,,
6000,1007,1,396,396,0.1424804925918579,0.747410774230957,0.07236078381538391,0.30000001192092896,-0.070119708776474,-0.4474107623100281,True,True,predictive_recovery,right_pass,-3.3002436207287054,13.955267426250668,10,4,,0,0,0,False,False,False,False,False,False,False,False,True,0.9150649878550376,10.681347734947849,0.0,False,max_steps,vehicle,19.508692602426848,dynamic_vehicle,True,,inf,inf,inf,0.6534167669080837,inf,0.4237563792712945,-10.750840638560478,-0.8471102368693912,0.26889075091312115,{'ROAD_LINE_BROKEN_SINGLE_WHITE'},True,True,raw_collision_risk:vehicle_lateral_margin_violation,True,False,right,12,False,raw_predicted_collision,False,0,0,,inf,inf,inf,inf,False,False,7.151520118685799,inf,0.0,True,False,1,0,,True,False,0.0,5.757621862515309,inf,2.090423045937961,0.0,vehicle_lateral_margin_violation,True,raw_collision_risk:vehicle_lateral_margin_violation,,False,False,1.0602013056999562,0.6534167669080837,inf,0.4237563792712945,True,21.2601552332044,,,
6000,1007,1,397,397,0.2100977897644043,0.7124447822570801,0.06379517912864685,0.30000001192092896,-0.14630261063575745,-0.4124447703361511,True,True,predictive_recovery,right_pass,-3.311867397864194,13.88734925510471,10,4,,0,0,0,False,False,False,False,False,False,False,False,True,0.9171217598484429,10.771682757479034,0.0,False,max_steps,vehicle,19.280491219166368,dynamic_vehicle,True,,inf,inf,inf,0.5334638570690062,inf,0.41213260213580594,-10.853453558883421,-0.8490057468432777,0.28378841434756474,{'ROAD_LINE_BROKEN_SINGLE_WHITE'},True,True,raw_collision_risk:vehicle_lateral_margin_violation,True,False,right,12,False,raw_predicted_collision,False,0,0,,inf,inf,inf,inf,False,False,6.851951924221366,inf,0.0,True,False,1,0,,True,False,0.0,5.490125180537186,inf,2.0787992688024723,0.0,vehicle_lateral_margin_violation,True,raw_collision_risk:vehicle_lateral_margin_violation,,False,False,1.125246621490401,0.5334638570690062,inf,0.41213260213580594,True,18.685825772920992,,,
6000,1007,1,398,398,0.21266186237335205,0.8495301008224487,0.04345473274588585,0.30000001192092896,-0.1692071259021759,-0.5495300889015198,True,True,predictive_recovery,right_pass,-3.328546963790226,14.594568211180054,10,4,,0,0,0,False,False,False,False,False,False,False,False,True,0.9191892072947774,10.863503251244756,0.0,False,max_steps,vehicle,19.116207122802738,dynamic_vehicle,True,,inf,inf,inf,-0.6092426457455069,inf,0.3954530362097739,-13.20421973482175,-0.8440449309172455,0.3152989903366019,{'ROAD_LINE_BROKEN_SINGLE_WHITE'},True,True,raw_collision_risk:vehicle_lateral_margin_violation,True,False,right,12,False,raw_predicted_collision,False,0,0,,inf,inf,inf,inf,False,False,6.559358706113486,inf,0.0,True,False,1,0,,True,False,0.0,5.045259361545693,inf,2.06211970287644,0.0,vehicle_lateral_margin_violation,True,raw_collision_risk:vehicle_lateral_margin_violation,,False,False,1.5804136013064847,-0.6092426457455069,inf,0.3954530362097739,True,1.578128861012118,,,
6000,1007,1,399,399,0.06643557548522949,0.8853528499603271,0.017830247059464455,0.30000001192092896,-0.04860533028841019,-0.5853528380393982,True,True,predictive_recovery,right_pass,-3.347681485274601,14.847591076066228,10,4,,0,0,0,False,False,False,False,False,False,False,False,True,0.9212622320985072,10.955276858440504,0.0,False,max_steps,vehicle,18.870349884033203,dynamic_vehicle,True,,inf,inf,inf,-1.0109772304231148,inf,0.32270841773116854,-13.858504039091818,-0.8337910246672455,0.3353634042725328,{'ROAD_LINE_BROKEN_SINGLE_WHITE'},True,True,raw_collision_risk:vehicle_lateral_margin_violation,True,False,right,12,False,raw_predicted_collision,False,0,0,,inf,inf,inf,inf,False,False,6.26968860224715,inf,0.0,True,False,1,0,,True,False,0.0,4.705800685854657,inf,1.9893750843978348,0.0,vehicle_lateral_margin_violation,True,raw_collision_risk:vehicle_lateral_margin_violation,,False,False,2.0621440355422926,-1.0109772304231148,inf,0.32270841773116854,True,-7.2488929412000545,,,
6000,1007,1,400,400,0.03884446620941162,0.899874210357666,0.00017559074331074953,0.30000001192092896,-0.03866887465119362,-0.5998741984367371,True,True,predictive_recovery,right_pass,-3.356470547774601,15.004710805050001,10,4,,0,0,0,False,False,False,False,False,False,False,False,True,0.923903020407879,11.046373962465044,0.0,False,max_steps,vehicle,18.61528205871582,dynamic_vehicle,True,,inf,inf,inf,-1.2307731570224822,inf,0.3675294522253989,-14.523361696437982,-0.8313496184172455,0.3599732872802902,{'ROAD_LINE_BROKEN_SINGLE_WHITE'},True,True,raw_collision_risk:vehicle_lateral_margin_violation,True,False,right,12,False,raw_predicted_collision,False,0,0,,inf,inf,inf,inf,False,False,5.9824130079199564,inf,0.0,True,False,1,0,,True,False,0.0,4.370735200704548,inf,2.034196118892065,0.0,vehicle_lateral_margin_violation,True,raw_collision_risk:vehicle_lateral_margin_violation,,False,False,2.1064363603916805,-1.2307731570224822,inf,0.3675294522253989,True,-0.9380257520877535,,,
6000,1007,1,401,401,-0.11562448740005493,0.6582932472229004,-0.008148031309247017,0.30000001192092896,0.10747645795345306,-0.35829323530197144,True,True,predictive_recovery,right_pass,-3.362085782149601,14.008693574968095,10,4,,0,0,0,False,False,False,False,False,False,False,False,True,0.9265656990414838,11.137305575283142,0.0,False,max_steps,vehicle,18.35110855102539,dynamic_vehicle,True,,inf,inf,inf,-0.43037644392356356,inf,0.3619142178503989,-12.567764420257065,-0.8308613371672454,0.3622084434780927,{'ROAD_LINE_BROKEN_SINGLE_WHITE'},True,True,raw_collision_risk:vehicle_lateral_margin_violation,True,False,right,12,False,raw_predicted_collision,False,0,0,,inf,inf,inf,inf,False,False,5.698145228855381,inf,1.2772313270393343,True,False,1,0,,True,False,0.0,4.332606353133778,inf,2.028580884517065,0.0,vehicle_lateral_margin_violation,True,raw_collision_risk:vehicle_lateral_margin_violation,,False,False,1.6101280105129494,-0.43037644392356356,inf,0.3619142178503989,True,-1.1206676466643444,,,
6000,1007,1,402,402,0.01101839542388916,0.09185123443603516,-0.009603145532310009,0.09185123443603516,-0.020621541887521744,0.0,True,True,predictive_recovery,right_pass,-3.368647061446476,11.5506361302453,10,4,,0,0,0,False,False,False,False,False,False,False,False,True,0.9292466004864127,11.165118823790344,0.0,False,max_steps,vehicle,18.07788848876953,dynamic_vehicle,True,,inf,inf,inf,3.108272115035243,inf,0.3553529385535239,-3.980712791703544,-0.8284504484953704,0.1541716366637949,{'ROAD_LINE_BROKEN_SINGLE_WHITE'},True,True,raw_collision_risk:vehicle_lateral_margin_violation,True,False,right,12,False,raw_predicted_collision,False,0,0,,inf,inf,inf,inf,False,False,5.419255339143177,inf,0.0,True,False,1,0,,True,False,0.0,6.103396095925376,inf,2.02201960522019,0.0,vehicle_lateral_margin_violation,True,raw_collision_risk:vehicle_lateral_margin_violation,,False,False,1.1960939621172066,3.108272115035243,inf,0.3553529385535239,True,18.085165427932957,,,
6000,1007,1,403,403,0.07982730865478516,0.11649203300476074,-0.006996689829975367,0.11649203300476074,-0.08682399988174438,0.0,True,True,predictive_recovery,right_pass,-3.377741299727726,11.689332972311767,10,4,,0,0,0,False,False,False,False,False,False,False,False,True,0.9319351674464327,11.200502148806233,0.0,False,max_steps,vehicle,17.797130584716797,dynamic_vehicle,True,,inf,inf,inf,2.72917367409147,inf,0.3462587002722739,-4.799736257607529,-0.8221027922453704,0.18477918047568395,{'ROAD_LINE_BROKEN_SINGLE_WHITE'},True,True,raw_collision_risk:vehicle_lateral_margin_violation,True,False,right,12,False,raw_predicted_collision,False,0,0,,inf,inf,inf,inf,False,False,5.264655155528611,inf,0.0,True,False,1,0,,True,False,0.0,5.692571935761052,inf,2.01292536693894,0.0,vehicle_lateral_margin_violation,True,raw_collision_risk:vehicle_lateral_margin_violation,,False,False,1.2233766769609566,2.72917367409147,inf,0.3462587002722739,True,17.237972276017196,,,
6000,1007,1,404,404,0.2093522548675537,0.10451090335845947,-0.003462818218395114,0.10451090335845947,-0.2128150761127472,0.0,True,True,predictive_recovery,right_pass,-3.389154873946476,11.670801213919301,10,4,,0,0,0,False,False,False,False,False,False,False,False,True,0.934631932376484,11.232263220968285,0.0,False,max_steps,vehicle,17.513214111328125,dynamic_vehicle,True,,inf,inf,inf,2.6417880378784204,inf,0.3348451260535239,-5.0156638099919935,-0.8121845793547454,0.20520042996724105,{'ROAD_LINE_BROKEN_SINGLE_WHITE'},True,True,raw_collision_risk:vehicle_lateral_margin_violation,True,False,right,12,False,raw_predicted_collision,False,0,0,,inf,inf,inf,inf,False,False,5.096830411831497,inf,0.0,True,False,1,0,,True,False,0.0,5.475038829103049,inf,2.00151179272019,0.0,vehicle_lateral_margin_violation,True,raw_collision_risk:vehicle_lateral_margin_violation,,False,False,1.2576173996172066,2.6417880378784204,inf,0.3348451260535239,True,15.804729843942063,,,
6000,1007,1,405,405,0.1497938632965088,-0.050219833850860596,-0.0012688067508861423,-0.3013190031051636,-0.15106266736984253,-0.251099169254303,True,True,predictive_recovery,right_pass,-3.402155362227726,10.78028471631054,10,4,,0,0,0,False,False,False,False,False,False,False,False,True,0.9372821809413066,10.34678361044646,0.0,False,max_steps,vehicle,17.225906372070312,dynamic_vehicle,True,,inf,inf,inf,4.172226740402229,inf,0.3218446377722739,-1.9261309647925362,-0.8001301359953704,0.09796218864547429,{'ROAD_LINE_BROKEN_SINGLE_WHITE'},True,True,raw_collision_risk:vehicle_lateral_margin_violation,True,False,right,12,False,raw_predicted_collision,False,0,0,,inf,inf,inf,inf,False,False,4.938767998742548,inf,0.0,True,False,1,0,,True,False,0.0,6.322310382847871,inf,1.9885113044389402,0.0,vehicle_lateral_margin_violation,True,raw_collision_risk:vehicle_lateral_margin_violation,,False,False,1.2966188644609566,4.172226740402229,inf,0.3218446377722739,True,12.653615224408433,,,
6000,1007,1,406,406,0.0629040002822876,-0.009494900703430176,-0.000800931011326611,-0.056969404220581055,-0.06370493024587631,-0.04747450351715088,True,True,predictive_recovery,right_pass,-3.415705166915226,10.261329504115588,10,4,,0,0,0,False,False,False,False,False,False,False,False,True,0.9397701133716088,10.175430358752275,0.0,False,max_steps,vehicle,16.957942962646484,dynamic_vehicle,True,,inf,inf,inf,5.210419567247811,inf,0.3082948330847739,-0.17413641314326256,-0.7872517180266204,0.06429768494925846,{'ROAD_LINE_BROKEN_SINGLE_WHITE'},True,True,raw_collision_risk:vehicle_lateral_margin_violation,True,False,right,12,False,raw_predicted_collision,False,0,0,,inf,inf,inf,inf,False,False,6.974078007887056,inf,0.0,True,False,1,0,,True,False,0.0,6.396572132374759,inf,1.9749614997514402,0.0,vehicle_lateral_margin_violation,True,raw_collision_risk:vehicle_lateral_margin_violation,,False,False,1.3372682785234566,5.210419567247811,inf,0.3082948330847739,True,9.395776416966434,,,
6000,1007,1,407,407,0.0630040168762207,0.22307682037353516,0.038146451115608215,0.18000000715255737,-0.024857565760612488,-0.04307681322097778,True,True,predictive_recovery,left_slow_follow,3.4044750902462324,3.0,10,2,,0,0,0,False,False,False,False,False,False,False,False,True,0.9422233077071752,10.22690099126335,0.0,False,max_steps,vehicle,16.757431030273438,dynamic_vehicle,True,,inf,inf,inf,9.100239309985808,inf,1.9618084235795652,3.13651308500536,-2.5334799714265053,0.3782880724746014,{'ROAD_LINE_BROKEN_SINGLE_WHITE'},True,True,raw_collision_risk:vehicle_lateral_margin_violation,True,False,left,12,False,raw_predicted_collision,False,0,0,,inf,inf,inf,inf,False,False,7.5128713642804685,inf,0.0,True,False,1,0,,True,False,0.0,5.620930210626669,inf,1.9618084235795652,0.0,vehicle_lateral_margin_violation,True,raw_collision_risk:vehicle_lateral_margin_violation,,False,False,0.0,9.100239309985808,inf,1.9946016334561083,False,-98.29608436246613,,,
6000,1007,1,408,408,0.03724467754364014,0.2644827365875244,0.03453395143151283,0.18000000715255737,-0.002710726112127304,-0.08448272943496704,True,True,predictive_recovery,left_slow_follow,3.3960217211056074,3.0,10,2,,0,0,0,False,False,False,False,False,False,False,False,True,0.9446870501587172,10.280978410147174,0.0,False,max_steps,vehicle,16.571369171142578,dynamic_vehicle,True,,inf,inf,inf,8.918098951477491,inf,1.9533550544389402,2.8964216467942965,-2.5247519440827553,0.3765424670058514,{'ROAD_LINE_BROKEN_SINGLE_WHITE'},True,True,raw_collision_risk:vehicle_lateral_margin_violation,True,False,left,12,False,raw_predicted_collision,False,0,0,,inf,inf,inf,inf,False,False,7.218246209818077,inf,0.0,True,False,1,0,,True,False,0.0,5.219021225283779,inf,1.9533550544389402,0.0,vehicle_lateral_margin_violation,True,raw_collision_risk:vehicle_lateral_margin_violation,,False,False,0.0,8.918098951477491,inf,1.9861482643154833,False,-99.2303143593449,,,
6000,1007,1,409,409,0.02547752857208252,0.24529480934143066,0.002692402107641101,-1.0,-0.02278512716293335,-1.2452948093414307,True,True,predictive_recovery,keep_slow_follow,1.7329866462358154,3.0,10,1,,0,0,0,False,False,False,False,False,False,False,False,True,0.9470631027897211,8.707251527817649,0.0,False,max_steps,vehicle,16.380924224853516,dynamic_vehicle,True,,inf,inf,inf,8.739675717488307,inf,1.9569866462358152,2.64920461146316,-0.7108571777343751,0.14217143554687503,{'ROAD_LINE_BROKEN_SINGLE_WHITE'},True,True,raw_collision_risk:vehicle_lateral_margin_violation,False,False,left,11,False,raw_predicted_collision,False,0,0,,inf,inf,inf,inf,False,False,6.943986321448399,inf,0.0,True,False,1,0,,True,False,0.0,5.073461633475045,inf,1.9569866462358152,0.0,vehicle_lateral_margin_violation,True,raw_collision_risk:vehicle_lateral_margin_violation,,False,False,0.0,8.739675717488307,inf,1.9569866462358152,False,-143.64253951985302,,,
6000,1007,1,410,410,-0.0636255145072937,-0.13137418031692505,-0.008539611473679543,-1.0,0.05508590489625931,-0.868625819683075,True,True,predictive_recovery,keep_slow_follow,1.7422029548295654,3.0,10,1,,0,0,0,False,False,False,False,False,False,False,False,True,0.9490839161728659,7.174938149710144,0.0,False,max_steps,vehicle,16.226917266845703,dynamic_vehicle,True,,inf,inf,inf,8.959108514745264,inf,1.9662029548295652,4.147615695855903,-0.7197072753906251,0.14394145507812503,{'ROAD_LINE_BROKEN_SINGLE_WHITE'},True,True,raw_collision_risk:vehicle_lateral_margin_violation,False,False,left,10,False,raw_predicted_collision,False,0,0,,inf,inf,inf,inf,False,False,35.83861885376875,inf,0.554003358401817,True,False,1,0,,True,False,0.0,8.922187060111547,inf,1.9662029548295652,0.0,vehicle_lateral_margin_violation,True,raw_collision_risk:vehicle_lateral_margin_violation,,False,False,0.0,8.959108514745264,inf,1.9662029548295652,False,-133.39644752092735,,,
6000,1007,1,411,411,-0.07214123010635376,-0.05095416307449341,0.01293273363262415,0.0,0.08507396280765533,0.05095416307449341,True,True,predictive_recovery,left_slow_follow,3.4132946703243574,3.0,10,2,,0,0,0,False,False,False,False,False,False,False,False,True,0.9508234740041024,7.140538641216753,0.0,False,max_steps,vehicle,16.220523834228516,dynamic_vehicle,True,,inf,inf,inf,9.297332798267462,inf,1.9706280036576902,5.750156255330203,-2.5408041901765053,0.3797529162246014,{'ROAD_LINE_BROKEN_SINGLE_WHITE'},True,True,raw_collision_risk:vehicle_lateral_margin_violation,True,False,left,12,False,raw_predicted_collision,False,0,0,,inf,inf,inf,inf,False,False,inf,inf,0.5176088640570956,True,False,1,0,,True,False,0.0,9.187603128118733,inf,1.9706280036576902,0.0,vehicle_lateral_margin_violation,True,raw_collision_risk:vehicle_lateral_margin_violation,,False,False,0.0,9.297332798267462,inf,2.0034212135342333,False,-92.76939783921134,,,
6000,1007,1,412,412,-0.1964440941810608,-0.01206517219543457,-0.048438407480716705,0.0,0.14800569415092468,0.01206517219543457,True,True,predictive_recovery,right_pass,-3.415949307540226,8.0,10,4,,0,0,0,False,False,False,False,False,False,False,False,True,0.9525396497192468,7.100132692025818,0.0,False,max_steps,vehicle,16.33100128173828,dynamic_vehicle,True,,inf,inf,inf,9.168815799978418,inf,0.3080506924597739,3.8155077562491044,-0.7851154875578704,0.06259732128504376,{'ROAD_LINE_BROKEN_SINGLE_WHITE'},True,True,raw_collision_risk:vehicle_lateral_margin_violation,True,False,right,12,False,raw_predicted_collision,False,0,0,,inf,inf,inf,inf,False,False,inf,inf,1.4027166453386877,True,False,1,0,,True,False,0.0,9.257008814196073,inf,1.9747173591264402,0.0,vehicle_lateral_margin_violation,True,raw_collision_risk:vehicle_lateral_margin_violation,,False,False,1.3380007003984566,9.168815799978418,inf,0.3080506924597739,False,7.018658080266718,,,
6000,1007,1,413,413,-0.20516836643218994,0.10633742809295654,-0.04900446534156799,0.10633742809295654,0.15616390109062195,0.0,True,True,predictive_recovery,right_pass,-3.408075772383976,8.0,10,4,,0,0,0,False,False,False,False,False,False,False,False,True,0.9542504825244714,7.131431039340301,0.0,False,max_steps,vehicle,16.451194763183594,dynamic_vehicle,True,,inf,inf,inf,9.28805743706708,inf,0.3159242276160239,3.960298243758327,-0.7925617766203704,0.0634660550090021,{'ROAD_LINE_BROKEN_SINGLE_WHITE'},True,True,raw_collision_risk:vehicle_lateral_margin_violation,True,False,right,12,False,raw_predicted_collision,False,0,0,,inf,inf,inf,inf,False,False,inf,inf,1.4567226258747243,True,False,1,0,,True,False,0.0,9.30794634642832,inf,1.9825908942826902,0.0,vehicle_lateral_margin_violation,True,raw_collision_risk:vehicle_lateral_margin_violation,,False,False,1.3143800949297066,9.28805743706708,inf,0.3159242276160239,False,5.089629344894341,,,
6000,1007,1,414,414,-0.1875067949295044,0.3504962921142578,-0.038621995598077774,0.30000001192092896,0.14888480305671692,-0.05049628019332886,True,True,predictive_recovery,right_pass,-3.408564053633976,8.708664353854461,10,4,,0,0,0,False,False,False,False,False,False,False,False,True,0.9559715972182015,7.222682805713618,0.0,False,max_steps,vehicle,16.573627471923828,dynamic_vehicle,True,,inf,inf,inf,9.258017846000092,inf,0.3154359463660239,3.1532698698334496,-0.7917683195891204,0.06337348502202292,{'ROAD_LINE_BROKEN_SINGLE_WHITE'},True,True,raw_collision_risk:vehicle_lateral_margin_violation,True,False,right,12,False,raw_predicted_collision,False,0,0,,inf,inf,inf,inf,False,False,inf,inf,1.3371917774474842,True,False,1,0,,True,False,0.0,8.891068313208486,inf,1.9821026130326902,0.0,vehicle_lateral_margin_violation,True,raw_collision_risk:vehicle_lateral_margin_violation,,False,False,1.3158449386797066,9.258017846000092,inf,0.3154359463660239,False,4.351617284354283,,,
6000,1007,1,415,415,-0.1344435214996338,0.6049656867980957,-0.025955483317375183,0.30000001192092896,0.1084880381822586,-0.30496567487716675,True,True,predictive_recovery,right_pass,-3.415003262618351,9.945028396305048,10,4,,0,0,0,False,False,False,False,False,False,False,False,True,0.9577140101095496,7.314095896123034,0.0,False,max_steps,vehicle,16.691787719726562,dynamic_vehicle,True,,inf,inf,inf,6.906740024714463,inf,0.3089967373816489,1.5706657960277415,-0.7850849699797454,0.06259376090092918,{'ROAD_LINE_BROKEN_SINGLE_WHITE'},True,True,raw_collision_risk:vehicle_lateral_margin_violation,True,False,right,12,False,raw_predicted_collision,False,0,0,,inf,inf,inf,inf,False,False,inf,inf,0.9710429110749942,True,False,1,0,,True,False,0.0,7.86268605564252,inf,1.9756634040483152,0.0,vehicle_lateral_margin_violation,True,raw_collision_risk:vehicle_lateral_margin_violation,,False,False,1.3351625656328316,6.906740024714463,inf,0.3089967373816489,True,5.03248677522955,,,
6000,1007,1,416,416,-0.1244269609451294,0.7081658840179443,0.03797505795955658,0.18000000715255737,0.16240201890468597,-0.528165876865387,True,True,predictive_recovery,left_slow_follow,3.4082287523556074,3.0,10,2,,0,0,0,False,False,False,False,False,False,False,False,True,0.9594759861298306,7.364761977663554,0.0,False,max_steps,vehicle,16.0,dynamic_vehicle,True,,inf,inf,inf,9.813181641050793,inf,1.9655620856889402,5.383526082554693,-2.5340903229890053,0.3784101427871014,{'ROAD_LINE_BROKEN_SINGLE_WHITE'},True,True,raw_collision_risk:vehicle_lateral_margin_violation,True,False,left,12,False,raw_predicted_collision,False,0,0,,inf,inf,inf,inf,False,False,inf,inf,0.9100707244158319,True,False,1,0,,True,False,0.0,7.493146695623208,inf,1.9655620856889402,0.0,vehicle_lateral_margin_violation,True,raw_collision_risk:vehicle_lateral_margin_violation,,False,False,0.0,9.813181641050793,inf,1.9983552955654833,False,-112.74865660574113,,,
6000,1007,1,417,417,0.11448466777801514,0.819953203201294,0.11448466777801514,0.819953203201294,0.0,0.0,True,False,inactive_raw_action,raw_action_safe,0,0,0,0,low_risk_verified_passthrough,0,0,0,False,False,False,False,False,False,False,False,True,0.9612607016481721,7.598346215321182,0.0,False,max_steps,,inf,,False,,inf,inf,inf,inf,inf,inf,inf,inf,0.0,{'ROAD_LINE_BROKEN_SINGLE_WHITE'},False,False,,False,False,,0,True,,False,0,0,,inf,inf,inf,inf,False,False,inf,inf,0.0,False,False,1,-1,,False,False,0.0,4.250056542574617,inf,1.9580547614701902,0.0,,False,low_risk_verified,,False,False,0.0,inf,inf,inf,False,0.0,,,
6000,1007,1,418,418,0.15051794052124023,0.9303054809570312,0.15051794052124023,0.9303054809570312,0.0,0.0,True,False,inactive_raw_action,raw_action,0,0,10,10,raw_action_safe_or_candidate_not_better,0,0,0,False,False,False,False,False,False,False,False,True,0.9630999846176526,7.866862203793056,0.0,False,max_steps,,inf,,False,,inf,inf,inf,2.50084809677921,inf,0.9673015876420653,inf,inf,0.0,{'ROAD_LINE_BROKEN_SINGLE_WHITE'},False,False,,False,False,,0,False,vehicle_margin_uncertain_or_low,False,0,0,,inf,inf,inf,inf,False,False,inf,inf,0.0,False,False,1,0,,False,False,0.0,3.0857299680343058,inf,1.9673015876420652,0.0,,False,raw_action_safe_or_candidate_not_better,candidate_not_better,False,False,0.0,3.0857299680343058,inf,1.9673015876420652,False,-11.031773888113598,,,
6000,1007,1,419,419,0.05657243728637695,0.9380842447280884,0.05657243728637695,0.9380842447280884,0.0,0.0,True,False,inactive_raw_action,raw_action,0,0,10,10,raw_action_safe_or_candidate_not_better,0,0,0,False,False,False,False,False,False,False,False,True,0.9650023267765464,8.15499464003107,0.0,False,max_steps,,inf,,False,,inf,inf,inf,1.8261063950608207,inf,1.0038006110795652,inf,inf,0.0,{'ROAD_LINE_BROKEN_SINGLE_WHITE'},False,False,,False,False,,0,False,vehicle_margin_uncertain_or_low,False,0,0,,inf,inf,inf,inf,False,False,inf,inf,0.0,False,False,1,0,,False,False,0.0,2.4559289506618143,inf,2.003800611079565,0.0,,False,raw_action_safe_or_candidate_not_better,candidate_not_better,False,False,0.0,2.4559289506618143,inf,2.003800611079565,False,-11.45025350098745,,,
6000,1007,1,420,420,0.10616207122802734,0.8949112892150879,0.10616207122802734,0.8949112892150879,0.0,0.0,True,False,inactive_raw_action,raw_action_safe,0,0,0,0,low_risk_verified_passthrough,0,0,0,False,False,False,False,False,False,False,False,True,0.9669706749875414,8.419775423700452,0.0,False,max_steps,,inf,,False,,inf,inf,inf,inf,inf,inf,inf,inf,0.0,{'ROAD_LINE_BROKEN_SINGLE_WHITE'},False,False,,False,False,,0,True,,False,0,0,,inf,inf,inf,inf,False,False,inf,inf,0.0,False,False,1,-1,,False,False,0.0,33.97418551795087,inf,2.060441236079565,0.0,,False,low_risk_verified,,False,False,0.0,inf,inf,inf,False,0.0,,,
6000,1007,1,421,421,0.07282900810241699,0.7992904186248779,0.07282900810241699,0.7992904186248779,0.0,0.0,True,False,inactive_raw_action,raw_action_safe,0,0,0,0,low_risk_verified_passthrough,0,0,0,False,False,False,False,False,False,False,False,True,0.9689975473406984,8.663687044118097,0.0,False,max_steps,,inf,,False,,inf,inf,inf,inf,inf,inf,inf,inf,0.0,{'ROAD_LINE_BROKEN_SINGLE_WHITE'},False,False,,False,False,,0,True,,False,0,0,,inf,inf,inf,inf,False,False,inf,inf,0.0,False,False,1,-1,,False,False,0.0,35.07289722440647,inf,2.127091626704565,0.0,,False,low_risk_verified,,False,False,0.0,inf,inf,inf,False,0.0,,,
6000,1007,1,422,422,-0.04118847846984863,0.7132712602615356,-0.04118847846984863,0.7132712602615356,0.0,0.0,True,False,inactive_raw_action,raw_action_safe,0,0,0,0,low_risk_verified_passthrough,0,0,0,False,False,False,False,False,False,False,False,True,0.9710796756643139,8.867650809230577,0.0,False,max_steps,,inf,,False,,inf,inf,inf,inf,inf,inf,inf,inf,0.0,{'ROAD_LINE_BROKEN_SINGLE_WHITE'},False,False,,False,False,,0,True,,False,0,0,,inf,inf,inf,inf,False,False,inf,inf,0.3568440872861648,False,False,1,-1,,False,False,0.0,36.18557550238965,inf,2.21470759350144,0.0,,False,low_risk_verified,,False,False,0.0,inf,inf,inf,False,0.0,,,
6000,1007,1,423,423,-0.0980539321899414,0.5312285423278809,-0.0980539321899414,0.5312285423278809,0.0,0.0,True,False,inactive_raw_action,raw_action_safe,0,0,0,0,low_risk_verified_passthrough,0,0,0,False,False,False,False,False,False,False,False,True,0.97321262589397,9.014761954921324,0.0,False,max_steps,,inf,,False,,inf,inf,inf,inf,inf,inf,inf,inf,0.0,{'ROAD_LINE_BROKEN_SINGLE_WHITE'},False,False,,False,False,,0,True,,False,0,0,,inf,inf,inf,inf,False,False,inf,inf,0.8695080311323741,False,False,1,-1,,False,False,0.0,37.31193536733429,inf,2.306290845454565,0.0,,False,low_risk_verified,,False,False,0.0,inf,inf,inf,False,0.0,,,
6000,1007,1,424,424,-0.10251200199127197,0.37116384506225586,-0.10251200199127197,0.37116384506225586,0.0,0.0,True,False,inactive_raw_action,raw_action_safe,0,0,0,0,low_risk_verified_passthrough,0,0,0,False,False,False,False,False,False,False,False,True,0.9753835181282622,9.12201646396735,0.0,False,max_steps,,inf,,False,,inf,inf,inf,inf,inf,inf,inf,inf,0.0,{'ROAD_LINE_BROKEN_SINGLE_WHITE'},False,False,,False,False,,0,True,,False,0,0,,inf,inf,inf,inf,False,False,inf,inf,0.9241212954737376,False,False,1,-1,,False,False,0.0,38.45477017832294,inf,2.37877009350144,0.0,,False,low_risk_verified,,False,False,0.0,inf,inf,inf,False,0.0,,,
6000,1007,1,425,425,-0.09191220998764038,0.4270843267440796,-0.09191220998764038,0.4270843267440796,0.0,0.0,True,False,inactive_raw_action,raw_action_safe,0,0,0,0,low_risk_verified_passthrough,0,0,0,False,False,False,False,False,False,False,False,True,0.9775841268563863,9.250481443385809,0.0,False,max_steps,,inf,,False,,inf,inf,inf,inf,inf,inf,inf,inf,0.0,{'ROAD_LINE_BROKEN_SINGLE_WHITE'},False,False,,False,False,,0,True,,False,0,0,,inf,inf,inf,inf,False,False,inf,inf,0.8384246927468799,False,False,1,-1,,False,False,0.0,39.61517414993508,inf,2.42723200756394,0.0,,False,low_risk_verified,,False,False,0.0,inf,inf,inf,False,0.0,,,
6000,1007,1,426,426,-0.06363314390182495,0.46576130390167236,-0.06363314390182495,0.46576130390167236,0.0,0.0,True,False,inactive_raw_action,raw_action_safe,0,0,0,0,low_risk_verified_passthrough,0,0,0,False,False,False,False,False,False,False,False,True,0.9798172061556205,9.393381677817622,0.0,False,max_steps,,inf,,False,,inf,inf,inf,inf,inf,inf,inf,inf,0.0,{'ROAD_LINE_BROKEN_SINGLE_WHITE'},False,False,,False,False,,0,True,,False,0,0,,inf,inf,inf,inf,False,False,inf,inf,0.5886372168481305,False,False,1,-1,,False,False,0.0,40.80297238554999,inf,2.454850415767065,0.0,,False,low_risk_verified,,False,False,0.0,inf,inf,inf,False,0.0,,,
6000,1007,1,427,427,-0.018078625202178955,0.44483160972595215,-0.018078625202178955,0.44483160972595215,0.0,0.0,True,False,inactive_raw_action,raw_action_safe,0,0,0,0,low_risk_verified_passthrough,0,0,0,False,False,False,False,False,False,False,False,True,0.9820842340474375,9.529336959298094,0.0,False,max_steps,,inf,,False,,inf,inf,inf,inf,inf,inf,inf,inf,0.0,{'ROAD_LINE_BROKEN_SINGLE_WHITE'},False,False,,False,False,,0,True,,False,0,0,,inf,inf,inf,inf,False,False,inf,inf,0.16981942673427972,False,False,1,-1,,False,False,0.0,42.01577724845862,inf,2.466386060298315,0.0,,False,low_risk_verified,,False,False,0.0,inf,inf,inf,False,0.0,,,
6000,1007,1,428,428,0.025907039642333984,0.34906768798828125,0.025907039642333984,0.34906768798828125,0.0,0.0,True,False,inactive_raw_action,raw_action_safe,0,0,0,0,low_risk_verified_passthrough,0,0,0,False,False,False,False,False,False,False,False,True,0.9843820433429673,9.632738479754412,0.0,False,max_steps,,inf,,False,,inf,inf,inf,inf,inf,inf,inf,inf,0.0,{'ROAD_LINE_BROKEN_SINGLE_WHITE'},False,False,,False,False,,0,True,,False,0,0,,inf,inf,inf,inf,False,False,inf,inf,0.0,False,False,1,-1,,False,False,0.0,43.2459229695022,inf,2.469865064204565,0.0,,False,low_risk_verified,,False,False,0.0,inf,inf,inf,False,0.0,,,
6000,1007,1,429,429,0.018135786056518555,0.13458001613616943,0.018135786056518555,0.13458001613616943,0.0,0.0,True,False,inactive_raw_action,raw_action_safe,0,0,0,0,low_risk_verified_passthrough,0,0,0,False,False,False,False,False,False,False,False,True,0.9867013069004944,9.673454640186973,0.0,False,max_steps,,inf,,False,,inf,inf,inf,inf,inf,inf,inf,inf,0.0,{'ROAD_LINE_BROKEN_SINGLE_WHITE'},False,False,,False,False,,0,True,,False,0,0,,inf,inf,inf,inf,False,False,inf,inf,0.0,False,False,1,-1,,False,False,0.0,44.4653306264346,inf,2.476090650142065,0.0,,False,low_risk_verified,,False,False,0.0,inf,inf,inf,False,0.0,,,
6000,1007,1,430,430,0.002602100372314453,-0.007839977741241455,0.002602100372314453,-0.007839977741241455,0.0,0.0,True,False,inactive_raw_action,raw_action_safe,0,0,0,0,low_risk_verified_passthrough,0,0,0,False,False,False,False,False,False,False,False,True,0.9890272169645195,9.649859289155383,0.0,True,arrive_dest,,inf,,False,,inf,inf,inf,inf,inf,inf,inf,inf,0.0,{'ROAD_LINE_BROKEN_SINGLE_WHITE'},False,False,,False,False,,0,True,,False,0,0,,inf,inf,inf,inf,False,False,inf,inf,0.0,False,False,1,-1,,False,False,0.0,45.61778130083052,inf,2.48967097240769,0.0,,False,low_risk_verified,,False,False,0.0,inf,inf,inf,False,0.0,,,
