ckpt_index,env_id,episode,step,global_step,raw_action_steer,raw_action_throttle,safe_action_steer,safe_action_throttle,action_delta_steer,action_delta_throttle,filter_enabled,filter_intervened,recovery_mode,selected_candidate_type,selected_lateral_target,selected_speed_target,num_candidates,num_hard_safe_candidates,fallback_reason,cost,step_cost,episode_cost_so_far,crash,crash_vehicle,crash_object,crash_sidewalk,crash_building,crash_human,out_of_road,out_of_route,on_lane,route_completion,velocity,reward,done,done_reason,front_blocking_object_type,front_blocking_object_distance,nearest_object_type,nearest_object_distance,nearest_traffic_object_distance,front_traffic_object_distance,min_vehicle_margin,min_static_margin,min_boundary_margin,rss_longitudinal_margin,rss_lateral_margin,rss_risk_score,contact_results,actual_action_modified,hard_risk,hard_risk_reason,hard_recovery_moving_bypass,hard_recovery_entered_safety_hold,hard_bypass_side,hard_bypass_remaining,low_risk_gate_passed,low_risk_gate_rejected_reason,safety_hold_active,safety_hold_remaining,recent_contact_steps,nearest_static_object_type,nearest_static_object_distance,nearest_static_forward_distance,nearest_static_lateral_gap,front_static_blocking_distance,static_distance_immediate_risk,deadlock_escape_candidate,ttc_vehicle_min,ttc_static_min,boundary_closing_rate,pre_contact_intervention,post_contact_intervention,first_risk_detected_step,risk_to_intervention_delay,intervention_to_first_cost_delay,raw_predicted_collision,raw_predicted_out_of_road,raw_predicted_cost_risk,raw_min_vehicle_margin,raw_min_static_margin,raw_min_boundary_margin,raw_deadlock_risk,raw_failure_reason,allow_intervention,intervention_reason,intervention_rejected_reason,candidate_predicted_collision,candidate_predicted_out_of_road,candidate_predicted_cost_risk,candidate_min_vehicle_margin,candidate_min_static_margin,candidate_min_boundary_margin,vehicle_margin_worse,intervention_score_gain,exception_type,exception_message,exception_traceback
6000,1029,1,1,1,-0.5211763978004456,0.9746847152709961,-0.3499999940395355,0.30000001192092896,0.17117640376091003,-0.6746847033500671,True,True,pre_contact_emergency,pre_contact_boundary_recovery,0,0,0,0,boundary_margin_low,0,0,0,False,False,False,False,False,False,False,False,True,0.01895200329393386,0.08927928767680422,0.0,False,max_steps,,inf,,inf,inf,inf,inf,inf,inf,inf,inf,0.0,set(),True,True,boundary_margin,False,False,,0,False,,False,0,0,,inf,inf,inf,inf,False,False,inf,inf,0.0,True,False,1,0,,False,False,4.656,inf,inf,0.22399999999999998,0.0,,True,boundary_margin_low,,False,False,0.0,inf,inf,inf,False,0.0,,,
6000,1029,1,2,2,-0.5522382855415344,0.9804379940032959,-0.3499999940395355,0.30000001192092896,0.2022382915019989,-0.6804379820823669,True,True,pre_contact_emergency,pre_contact_boundary_recovery,0,0,0,0,boundary_margin_low,0,0,0,False,False,False,False,False,False,False,False,True,0.018992385167090512,0.17843972338488998,0.0,False,max_steps,,inf,,inf,inf,inf,inf,inf,inf,inf,inf,0.0,set(),True,True,boundary_margin,False,False,,0,False,,False,0,0,,inf,inf,inf,inf,False,False,inf,inf,0.0,True,False,1,0,,False,False,4.6546495971679684,inf,inf,0.22422506713867185,0.0,,True,boundary_margin_low,,False,False,0.0,inf,inf,inf,False,0.0,,,
6000,1029,1,3,3,-0.5514562726020813,0.9801738262176514,-0.3499999940395355,0.30000001192092896,0.20145627856254578,-0.6801738142967224,True,True,pre_contact_emergency,pre_contact_boundary_recovery,0,0,0,0,boundary_margin_low,0,0,0,False,False,False,False,False,False,False,False,True,0.01906619518086177,0.26676485065961225,0.0,False,max_steps,,inf,,inf,inf,inf,inf,inf,inf,inf,inf,0.0,set(),True,True,boundary_margin,False,False,,0,False,,False,0,0,,inf,inf,inf,inf,False,False,inf,inf,0.0,True,False,1,0,,False,False,4.6481894073486325,inf,inf,0.2253017654418945,0.0,,True,boundary_margin_low,,False,False,0.0,inf,inf,inf,False,0.0,,,
6000,1029,1,4,4,-0.5495643019676208,0.9799997806549072,-0.3499999940395355,0.30000001192092896,0.19956430792808533,-0.6799997687339783,True,True,pre_contact_emergency,pre_contact_boundary_recovery,0,0,0,0,boundary_margin_low,0,0,0,False,False,False,False,False,False,False,False,True,0.019172835339541883,0.35483429632440855,0.0,False,max_steps,,inf,,inf,inf,inf,inf,inf,inf,inf,inf,0.0,set(),True,True,boundary_margin,False,False,,0,False,,False,0,0,,inf,inf,inf,inf,False,False,inf,inf,0.0,True,False,1,0,,False,False,4.634453636169433,inf,inf,0.2275910606384277,0.0,,True,boundary_margin_low,,False,False,0.0,inf,inf,inf,False,0.0,,,
6000,1029,1,5,5,-0.5455363392829895,0.9800795316696167,-0.3499999940395355,0.30000001192092896,0.19553634524345398,-0.6800795197486877,True,True,pre_contact_emergency,pre_contact_boundary_recovery,0,0,0,0,boundary_margin_low,0,0,0,False,False,False,False,False,False,False,False,True,0.019312302029863747,0.44330150166638443,0.0,False,max_steps,,inf,,inf,inf,inf,inf,inf,inf,inf,inf,0.0,set(),True,True,boundary_margin,False,False,,0,False,,False,0,0,,inf,inf,inf,inf,False,False,inf,inf,0.0,True,False,1,0,,False,False,4.610200744628906,inf,inf,0.2316332092285156,0.0,,True,boundary_margin_low,,False,False,0.0,inf,inf,inf,False,0.0,,,
6000,1029,1,6,6,-0.5399425029754639,0.9802563190460205,-0.3499999940395355,0.30000001192092896,0.18994250893592834,-0.6802563071250916,True,True,pre_contact_emergency,pre_contact_boundary_recovery,0,0,0,0,boundary_margin_low,0,0,0,False,False,False,False,False,False,False,False,True,0.019484862633593072,0.5319213733019341,0.0,False,max_steps,,inf,,inf,inf,inf,inf,inf,inf,inf,inf,0.0,set(),True,True,boundary_margin,False,False,,0,False,,False,0,0,,inf,inf,inf,inf,False,False,inf,inf,0.0,True,False,1,0,,False,False,4.575902801513672,inf,inf,0.23734953308105466,0.0,,True,boundary_margin_low,,False,False,0.0,inf,inf,inf,False,0.0,,,
6000,1029,1,7,7,-0.5336465835571289,0.9803814888000488,-0.3499999940395355,0.30000001192092896,0.18364658951759338,-0.6803814768791199,True,True,pre_contact_emergency,pre_contact_boundary_recovery,0,0,0,0,boundary_margin_low,0,0,0,False,False,False,False,False,False,False,False,True,0.01969054244359959,0.6204835749863693,0.0,False,max_steps,,inf,,inf,inf,inf,inf,inf,inf,inf,inf,0.0,set(),True,True,boundary_margin,False,False,,0,False,,False,0,0,,inf,inf,inf,inf,False,False,inf,inf,0.0,True,False,1,0,,False,False,4.533038955688476,inf,inf,0.24449350738525388,0.0,,True,boundary_margin_low,,False,False,0.0,inf,inf,inf,False,0.0,,,
6000,1029,1,8,8,-0.5263058543205261,0.9805207252502441,-0.3499999940395355,0.30000001192092896,0.1763058602809906,-0.6805207133293152,True,True,pre_contact_emergency,pre_contact_boundary_recovery,0,0,0,0,boundary_margin_low,0,0,0,False,False,False,False,False,False,False,False,True,0.019929200542466236,0.7089567924078677,0.0,False,max_steps,,inf,,inf,inf,inf,inf,inf,inf,inf,inf,0.0,set(),True,True,boundary_margin,False,False,,0,False,,False,0,0,,inf,inf,inf,inf,False,False,inf,inf,0.0,True,False,1,0,,False,False,4.481420379638672,inf,inf,0.25309660339355466,0.0,,True,boundary_margin_low,,False,False,0.0,inf,inf,inf,False,0.0,,,
6000,1029,1,9,9,-0.5178524851799011,0.9807138442993164,-0.3499999940395355,0.30000001192092896,0.1678524911403656,-0.6807138323783875,True,True,pre_contact_emergency,pre_contact_boundary_recovery,0,0,0,0,boundary_margin_low,0,0,0,False,False,False,False,False,False,False,False,True,0.02020067613980687,0.7973524659118217,0.0,False,max_steps,,inf,,inf,inf,inf,inf,inf,inf,inf,inf,0.0,set(),True,True,boundary_margin,False,False,,0,False,,False,0,0,,inf,inf,inf,inf,False,False,inf,inf,0.0,True,False,1,0,,False,False,4.419962745666504,inf,inf,0.263339542388916,0.0,,True,boundary_margin_low,,False,False,0.0,inf,inf,inf,False,0.0,,,
6000,1029,1,10,10,-0.5080130696296692,0.980973482131958,-0.3499999940395355,0.30000001192092896,0.15801307559013367,-0.680973470211029,True,True,pre_contact_emergency,pre_contact_boundary_recovery,0,0,0,0,boundary_margin_low,0,0,0,False,False,False,False,False,False,False,False,True,0.020504792185533395,0.8856975048968534,0.0,False,max_steps,,inf,,inf,inf,inf,inf,inf,inf,inf,inf,0.0,set(),True,True,boundary_margin,False,False,,0,False,,False,0,0,,inf,inf,inf,inf,False,False,inf,inf,0.0,True,False,1,0,,False,False,4.347461563110351,inf,inf,0.2754230728149414,0.0,,True,boundary_margin_low,,False,False,0.0,inf,inf,inf,False,0.0,,,
6000,1029,1,11,11,-0.49670499563217163,0.9812932014465332,-0.3499999940395355,0.30000001192092896,0.1467050015926361,-0.6812931895256042,True,True,pre_contact_emergency,pre_contact_boundary_recovery,0,0,0,0,boundary_margin_low,0,0,0,False,False,False,False,False,False,False,False,True,0.020841380662725454,0.9740178506356602,0.0,False,max_steps,,inf,,inf,inf,inf,inf,inf,inf,inf,inf,0.0,set(),True,True,boundary_margin,False,False,,0,False,,False,0,0,,inf,inf,inf,inf,False,False,inf,inf,0.0,True,False,1,0,,False,False,4.262675148010254,inf,inf,0.289554141998291,0.0,,True,boundary_margin_low,,False,False,0.0,inf,inf,inf,False,0.0,,,
6000,1029,1,12,12,-0.4833768606185913,0.9816529750823975,-0.3499999940395355,0.30000001192092896,0.1333768665790558,-0.6816529631614685,True,True,pre_contact_emergency,pre_contact_boundary_recovery,0,0,0,0,boundary_margin_low,0,0,0,False,False,False,False,False,False,False,False,True,0.0212102699411956,1.0623085742048386,0.0,False,max_steps,,inf,,inf,inf,inf,inf,inf,inf,inf,inf,0.0,set(),True,True,boundary_margin,False,False,,0,False,,False,0,0,,inf,inf,inf,inf,False,False,inf,inf,0.0,True,False,1,0,,False,False,4.16439614868164,inf,inf,0.30593397521972654,0.0,,True,boundary_margin_low,,False,False,0.0,inf,inf,inf,False,0.0,,,
6000,1029,1,13,13,-0.46845096349716187,0.9820536375045776,-0.3499999940395355,0.30000001192092896,0.11845096945762634,-0.6820536255836487,True,True,pre_contact_emergency,pre_contact_boundary_recovery,0,0,0,0,boundary_margin_low,0,0,0,False,False,False,False,False,False,False,False,True,0.02161123961165048,1.1505595556640869,0.0,False,max_steps,,inf,,inf,inf,inf,inf,inf,inf,inf,inf,0.0,set(),True,True,boundary_margin,False,False,,0,False,,False,0,0,,inf,inf,inf,inf,False,False,inf,inf,0.0,True,False,1,0,,False,False,4.051425796508789,inf,inf,0.32476236724853513,0.0,,True,boundary_margin_low,,False,False,0.0,inf,inf,inf,False,0.0,,,
6000,1029,1,14,14,-0.4519181251525879,0.9824836254119873,-0.3499999940395355,0.30000001192092896,0.10191813111305237,-0.6824836134910583,True,True,pre_contact_emergency,pre_contact_boundary_recovery,0,0,0,0,boundary_margin_low,0,0,0,False,False,False,False,False,False,False,False,True,0.022044027712225037,1.238764218373483,0.0,False,max_steps,,inf,,inf,inf,inf,inf,inf,inf,inf,inf,0.0,set(),True,True,boundary_margin,False,False,,0,False,,False,0,0,,inf,inf,inf,inf,False,False,inf,inf,0.0,True,False,1,0,,False,False,3.922333580017089,inf,inf,0.34627773666381834,0.0,,True,boundary_margin_low,,False,False,0.0,inf,inf,inf,False,0.0,,,
6000,1029,1,15,15,-0.43606168031692505,0.9826908111572266,-0.43606168031692505,0.9826908111572266,0.0,0.0,True,False,inactive_raw_action,raw_action,0,0,10,6,raw_action_safe_or_candidate_not_better,0,0,0,False,False,False,False,False,False,False,False,True,0.022524024954149655,1.5202965891206341,0.0,False,max_steps,,inf,,inf,inf,inf,inf,inf,0.3707432975769043,inf,inf,0.0,set(),False,False,,False,False,,0,False,boundary_margin_uncertain_or_low,False,0,0,,inf,inf,inf,inf,False,False,inf,inf,0.0,False,False,1,0,,False,False,3.7755402145385735,inf,inf,0.3707432975769043,0.0,,False,raw_action_safe_or_candidate_not_better,boundary_margin_insufficient,False,False,1.197768828851206,inf,inf,0.3904192235028303,False,-35.29015717804089,,,
6000,1029,1,16,16,-0.40965813398361206,0.9917397499084473,-0.40965813398361206,0.9917397499084473,0.0,0.0,True,False,inactive_raw_action,raw_action,0,0,10,6,raw_action_safe_or_candidate_not_better,0,0,0,False,False,False,False,False,False,False,False,True,0.023101544275216906,1.811512887298655,0.0,False,max_steps,,inf,,inf,inf,inf,inf,inf,0.4008736839294432,inf,inf,0.0,set(),False,False,,False,False,,0,False,boundary_margin_uncertain_or_low,False,0,0,,inf,inf,inf,inf,False,False,inf,inf,0.0,False,False,1,0,,False,False,3.59475789642334,inf,inf,0.4008736839294432,0.0,,False,raw_action_safe_or_candidate_not_better,boundary_margin_insufficient,False,False,1.1046706148783372,inf,inf,0.42054960985536927,False,-33.44179438712991,,,
6000,1029,1,17,17,-0.37429022789001465,0.9924911260604858,-0.37429022789001465,0.9924911260604858,0.0,0.0,True,False,inactive_raw_action,raw_action,0,0,10,7,raw_action_safe_or_candidate_not_better,0,0,0,False,False,False,False,False,False,False,False,True,0.023783541214602404,2.106369612520728,0.0,False,max_steps,,inf,,inf,inf,inf,inf,inf,0.44203379058837877,inf,inf,0.0,set(),False,False,,False,False,,0,False,boundary_margin_uncertain_or_low,False,0,0,,inf,inf,inf,inf,False,False,inf,inf,0.0,False,False,1,0,,False,False,3.3477972564697267,inf,inf,0.44203379058837877,0.0,,False,raw_action_safe_or_candidate_not_better,boundary_margin_insufficient,False,False,0.9811902949015305,inf,inf,0.4617097165143048,False,-31.09599215637122,,,
6000,1029,1,18,18,-0.3410030007362366,0.992661714553833,-0.3410030007362366,0.992661714553833,0.0,0.0,True,False,inactive_raw_action,raw_action,0,0,10,7,raw_action_safe_or_candidate_not_better,0,0,0,False,False,False,False,False,False,False,False,True,0.024571730267547092,2.402634573846973,0.0,False,max_steps,,inf,,inf,inf,inf,inf,inf,0.493033908843994,inf,inf,0.0,set(),False,False,,False,False,,0,False,boundary_margin_uncertain_or_low,False,0,0,,inf,inf,inf,inf,False,False,inf,inf,0.0,False,False,1,0,,False,False,3.0417965469360353,inf,inf,0.493033908843994,0.0,,False,raw_action_safe_or_candidate_not_better,boundary_margin_insufficient,False,False,0.8281899401346846,inf,inf,0.51270983476992,False,-28.559371325102838,,,
6000,1029,1,19,19,-0.3100975751876831,0.9923610687255859,-0.3100975751876831,0.9923610687255859,0.0,0.0,True,False,inactive_raw_action,raw_action,0,0,10,6,raw_action_safe_or_candidate_not_better,0,0,0,False,False,False,False,False,False,False,False,True,0.025465835019117495,2.699575236457957,0.0,False,max_steps,,inf,,inf,inf,inf,inf,inf,0.5533657302856444,inf,inf,0.0,{'ROAD_LINE_BROKEN_SINGLE_WHITE'},False,False,,False,False,,0,False,boundary_margin_uncertain_or_low,False,0,0,,inf,inf,inf,inf,False,False,inf,inf,0.0,False,False,1,0,,False,False,2.6798056182861334,inf,inf,0.5533657302856444,0.0,,False,raw_action_safe_or_candidate_not_better,boundary_margin_insufficient,False,False,0.6738773409525556,inf,inf,0.5730416562115704,False,-25.949593267667375,,,
6000,1029,1,20,20,-0.2776165008544922,0.9919489622116089,-0.2776165008544922,0.9919489622116089,0.0,0.0,True,False,inactive_raw_action,raw_action,0,0,10,7,raw_action_safe_or_candidate_not_better,0,0,0,False,False,False,False,False,False,False,False,True,0.02646500815817768,2.9973152099252114,0.0,False,max_steps,,inf,,inf,inf,inf,inf,inf,0.6236911048889159,inf,inf,0.0,{'ROAD_LINE_BROKEN_SINGLE_WHITE'},False,False,,False,False,,0,False,boundary_margin_uncertain_or_low,False,0,0,,inf,inf,inf,inf,False,False,inf,inf,0.0,False,False,1,0,,False,False,2.257853370666505,inf,inf,0.6236911048889159,0.0,,False,raw_action_safe_or_candidate_not_better,candidate_not_better,False,False,0.4980639044443768,inf,inf,0.6433670308148419,False,-23.295278874720463,,,
6000,1029,1,21,21,-0.24343878030776978,0.991418719291687,-0.24343878030776978,0.991418719291687,0.0,0.0,True,False,inactive_raw_action,raw_action,0,0,10,7,raw_action_safe_or_candidate_not_better,0,0,0,False,False,False,False,False,False,False,False,True,0.027568763700302132,3.2957394270869655,0.0,False,max_steps,,inf,,inf,inf,inf,inf,inf,0.7049508323669432,inf,inf,0.0,{'ROAD_LINE_BROKEN_SINGLE_WHITE'},False,False,,False,False,,0,False,boundary_margin_uncertain_or_low,False,0,0,,inf,inf,inf,inf,False,False,inf,inf,0.0,False,False,1,0,,False,False,1.770295005798341,inf,inf,0.7049508323669432,0.0,,False,raw_action_safe_or_candidate_not_better,candidate_not_better,False,False,0.3354687056364838,inf,inf,0.7246267582928693,False,-20.59600582894655,,,
6000,1029,1,22,22,-0.2079668641090393,0.9907172918319702,-0.2079668641090393,0.9907172918319702,0.0,0.0,True,False,inactive_raw_action,raw_action,0,0,10,7,raw_action_safe_or_candidate_not_better,0,0,0,False,False,False,False,False,False,False,False,True,0.02877683787699224,3.5945681724290783,0.0,False,max_steps,,inf,,inf,inf,inf,inf,inf,0.7977423896789549,inf,inf,0.0,{'ROAD_LINE_BROKEN_SINGLE_WHITE'},False,False,,False,False,,0,False,object_list_uncertain,False,0,0,,inf,inf,inf,inf,False,False,inf,inf,0.0,False,False,1,0,,False,False,1.2135456619262708,inf,inf,0.7977423896789549,0.0,,False,raw_action_safe_or_candidate_not_better,candidate_not_better,False,False,0.17838641548156758,inf,inf,0.817418315604881,False,-17.85111503033915,,,
6000,1029,1,23,23,-0.17207074165344238,0.9897811412811279,-0.17207074165344238,0.9897811412811279,0.0,0.0,True,False,inactive_raw_action,raw_action,0,0,10,6,raw_action_safe_or_candidate_not_better,0,0,0,False,False,False,False,False,False,False,False,True,0.030089163842806577,3.8934121532505683,0.0,False,max_steps,,inf,,inf,inf,inf,inf,inf,0.9024005165100096,inf,inf,0.0,{'ROAD_LINE_BROKEN_SINGLE_WHITE'},False,False,,False,False,,0,False,object_list_uncertain,False,0,0,,inf,inf,inf,inf,False,False,inf,inf,0.0,False,False,1,0,,False,False,0.5855969009399422,inf,inf,0.9024005165100096,0.0,,False,raw_action_safe_or_candidate_not_better,candidate_not_better,False,False,0.05072448348999037,inf,inf,0.9220764424359357,False,-15.05578313696384,,,
6000,1029,1,24,24,-0.1367369294166565,0.988534688949585,-0.1367369294166565,0.988534688949585,0.0,0.0,True,False,inactive_raw_action,raw_action,0,0,10,7,raw_action_safe_or_candidate_not_better,0,0,0,False,False,False,False,False,False,False,False,True,0.031505839155956956,4.191859771341449,0.0,False,max_steps,,inf,,inf,inf,inf,inf,inf,1.0189986457824705,inf,inf,0.0,{'ROAD_LINE_BROKEN_SINGLE_WHITE'},False,False,,False,False,,0,False,object_list_uncertain,False,0,0,,inf,inf,inf,inf,False,False,inf,inf,0.0,False,False,1,0,,False,False,0.0,inf,inf,1.0189986457824705,0.0,,False,raw_action_safe_or_candidate_not_better,candidate_not_better,False,False,0.0,inf,inf,1.0386745717083965,False,-13.765699523922088,,,
6000,1029,1,25,25,-0.10339361429214478,0.9868154525756836,-0.10339361429214478,0.9868154525756836,0.0,0.0,True,False,inactive_raw_action,raw_action,0,0,10,7,raw_action_safe_or_candidate_not_better,0,0,0,False,False,False,False,False,False,False,False,True,0.03302710048543871,4.489494708596819,0.0,False,max_steps,,inf,,inf,inf,inf,inf,inf,1.1473813285827634,inf,inf,0.0,{'ROAD_LINE_BROKEN_SINGLE_WHITE'},False,False,,False,False,,0,False,object_list_uncertain,False,0,0,,inf,inf,inf,inf,False,False,inf,inf,0.0,False,False,1,0,,False,False,0.0,inf,inf,1.1473813285827634,0.0,,False,raw_action_safe_or_candidate_not_better,candidate_not_better,False,False,0.0,inf,inf,1.1670572545086895,False,-12.899042786299589,,,
6000,1029,1,26,26,-0.07245826721191406,0.9845590591430664,-0.07245826721191406,0.9845590591430664,0.0,0.0,True,False,inactive_raw_action,raw_action,0,0,10,10,raw_action_safe_or_candidate_not_better,0,0,0,False,False,False,False,False,False,False,False,True,0.03465330915796224,4.786012140158114,0.0,False,max_steps,,inf,,inf,inf,inf,inf,inf,0.28718283081054685,inf,inf,0.0,{'ROAD_LINE_BROKEN_SINGLE_WHITE'},False,False,,False,False,,0,False,object_list_uncertain,False,0,0,,inf,inf,inf,inf,False,False,inf,inf,0.0,False,False,1,0,,False,False,0.0,inf,inf,1.2871828308105466,0.0,,False,raw_action_safe_or_candidate_not_better,candidate_not_better,False,False,0.0,inf,inf,1.3068587567364722,False,-12.14000237768061,,,
6000,1029,1,27,27,-0.04440516233444214,0.981642484664917,-0.04440516233444214,0.981642484664917,0.0,0.0,True,False,inactive_raw_action,raw_action,0,0,10,10,raw_action_safe_or_candidate_not_better,0,0,0,False,False,False,False,False,False,False,False,True,0.03638504329626425,5.081154395334056,0.0,False,max_steps,,inf,,inf,inf,inf,inf,inf,0.4378442993164061,inf,inf,0.0,{'ROAD_LINE_BROKEN_SINGLE_WHITE'},False,False,,False,False,,0,False,object_list_uncertain,False,0,0,,inf,inf,inf,inf,False,False,inf,inf,0.0,False,False,1,0,,False,False,0.0,inf,inf,1.437844299316406,0.0,,False,raw_action_safe_or_candidate_not_better,candidate_not_better,False,False,0.0,inf,inf,1.4575202252423316,False,-11.47374398138571,,,
6000,1029,1,28,28,-0.02039426565170288,0.9778532981872559,-0.02039426565170288,0.9778532981872559,0.0,0.0,True,False,inactive_raw_action,raw_action,0,0,10,10,raw_action_safe_or_candidate_not_better,0,0,0,False,False,False,False,False,False,False,False,True,0.0382229858078274,5.374674359921116,0.0,False,max_steps,,inf,,inf,inf,inf,inf,inf,0.5985799064636229,inf,inf,0.0,{'ROAD_LINE_BROKEN_SINGLE_WHITE'},False,False,,False,False,,0,False,object_list_uncertain,False,0,0,,inf,inf,inf,inf,False,False,inf,inf,0.0,False,False,1,0,,False,False,0.0,inf,inf,1.5985799064636228,0.0,,False,raw_action_safe_or_candidate_not_better,candidate_not_better,False,False,0.0,inf,inf,1.6182558323895484,False,-10.88511962933174,,,
6000,1029,1,29,29,0.16689836978912354,0.9943468570709229,0.16689836978912354,0.9943468570709229,0.0,0.0,True,False,inactive_raw_action,raw_action,0,0,10,10,raw_action_safe_or_candidate_not_better,0,0,0,False,False,False,False,False,False,False,False,True,0.04017258911271198,5.625822013626057,0.0,False,max_steps,,inf,,inf,inf,inf,inf,inf,0.7684450378417967,inf,inf,0.0,{'ROAD_LINE_BROKEN_SINGLE_WHITE'},False,False,,False,False,,0,False,object_list_uncertain,False,0,0,,inf,inf,inf,inf,False,False,inf,inf,0.8970243888182352,False,False,1,0,,False,False,0.0,inf,inf,1.7684450378417966,0.0,,False,raw_action_safe_or_candidate_not_better,candidate_not_better,False,False,0.0,inf,inf,1.7881209637677222,False,-10.567438532966925,,,
6000,1029,1,30,30,0.1968752145767212,0.9929003715515137,0.1968752145767212,0.9929003715515137,0.0,0.0,True,False,inactive_raw_action,raw_action,0,0,10,10,raw_action_safe_or_candidate_not_better,0,0,0,False,False,False,False,False,False,False,False,True,0.04224989611686066,5.906044044070197,0.0,False,max_steps,,inf,,inf,inf,inf,inf,inf,0.9373917808532714,inf,inf,0.0,{'ROAD_LINE_BROKEN_SINGLE_WHITE'},False,False,,False,False,,0,False,object_list_uncertain,False,0,0,,inf,inf,inf,inf,False,False,inf,inf,1.1075849161030717,False,False,1,0,,False,False,0.0,inf,inf,1.9373917808532712,0.0,,False,raw_action_safe_or_candidate_not_better,candidate_not_better,False,False,0.0,inf,inf,1.9570677067791968,False,-10.15928155383643,,,
6000,1029,1,31,31,0.19325435161590576,0.9950227737426758,0.19325435161590576,0.9950227737426758,0.0,0.0,True,False,inactive_raw_action,raw_action,0,0,10,10,raw_action_safe_or_candidate_not_better,0,0,0,False,False,False,False,False,False,False,False,True,0.04445244979864259,6.198411971109919,0.0,False,max_steps,,inf,,inf,inf,inf,inf,inf,1.0857777824401853,inf,inf,0.0,{'ROAD_LINE_BROKEN_SINGLE_WHITE'},False,False,,False,False,,0,False,object_list_uncertain,False,0,0,,inf,inf,inf,inf,False,False,inf,inf,1.141368712351768,False,False,1,0,,False,False,0.0,inf,inf,2.0857777824401853,0.0,,False,raw_action_safe_or_candidate_not_better,candidate_not_better,False,False,0.0,inf,inf,2.105453708366111,False,-9.889527655610372,,,
6000,1029,1,32,32,0.1597754955291748,0.995288610458374,0.1597754955291748,0.995288610458374,0.0,0.0,True,False,inactive_raw_action,raw_action,0,0,10,10,raw_action_safe_or_candidate_not_better,0,0,0,False,False,False,False,False,False,False,False,True,0.046777363157641486,6.498327769431038,0.0,False,max_steps,,inf,,inf,inf,inf,inf,inf,1.2190985908508298,inf,inf,0.0,{'ROAD_LINE_BROKEN_SINGLE_WHITE'},False,False,,False,False,,0,False,object_list_uncertain,False,0,0,,inf,inf,inf,inf,False,False,inf,inf,0.9903543441780565,False,False,1,0,,False,False,0.0,inf,inf,2.21909859085083,0.0,,False,raw_action_safe_or_candidate_not_better,candidate_not_better,False,False,0.0,inf,inf,2.2387745167767554,False,-9.663628451076214,,,
6000,1029,1,33,33,0.12363123893737793,0.9946973323822021,0.12363123893737793,0.9946973323822021,0.0,0.0,True,False,inactive_raw_action,raw_action,0,0,10,10,raw_action_safe_or_candidate_not_better,0,0,0,False,False,False,False,False,False,False,False,True,0.04922209968035022,6.799482169002626,0.0,False,max_steps,,inf,,inf,inf,inf,inf,inf,1.342411064147949,inf,inf,0.0,{'ROAD_LINE_BROKEN_SINGLE_WHITE'},False,False,,False,False,,0,False,object_list_uncertain,False,0,0,,inf,inf,inf,inf,False,False,inf,inf,0.8033963131559267,False,False,1,0,,False,False,0.0,inf,inf,2.342411064147949,0.0,,False,raw_action_safe_or_candidate_not_better,candidate_not_better,False,False,0.0,inf,inf,2.3620869900738746,False,-9.467844961808908,,,
6000,1029,1,34,34,0.09096956253051758,0.9933133125305176,0.09096956253051758,0.9933133125305176,0.0,0.0,True,False,inactive_raw_action,raw_action,0,0,10,10,raw_action_safe_or_candidate_not_better,0,0,0,False,False,False,False,False,False,False,False,True,0.05178487441281929,7.099752090354996,0.0,False,max_steps,,inf,,inf,inf,inf,inf,inf,1.460143112182617,inf,inf,0.0,{'ROAD_LINE_BROKEN_SINGLE_WHITE'},False,False,,False,False,,0,False,object_list_uncertain,False,0,0,,inf,inf,inf,inf,False,False,inf,inf,0.6185459183482237,False,False,1,0,,False,False,0.0,inf,inf,2.460143112182617,0.0,,False,raw_action_safe_or_candidate_not_better,candidate_not_better,False,False,0.0,inf,inf,2.4798190381085425,False,-9.289250854054721,,,
6000,1029,1,35,35,0.06364738941192627,0.9912412166595459,0.06364738941192627,0.9912412166595459,0.0,0.0,True,False,inactive_raw_action,raw_action,0,0,10,10,raw_action_safe_or_candidate_not_better,0,0,0,False,False,False,False,False,False,False,False,True,0.05446402886544787,7.398593413352074,0.0,False,max_steps,,inf,,inf,inf,inf,inf,inf,1.5743780364990232,inf,inf,0.0,{'ROAD_LINE_BROKEN_SINGLE_WHITE'},False,False,,False,False,,0,False,object_list_uncertain,False,0,0,,inf,inf,inf,inf,False,False,inf,inf,0.451880686022962,False,False,1,0,,False,False,0.0,inf,inf,2.574378036499023,0.0,,False,raw_action_safe_or_candidate_not_better,candidate_not_better,False,False,0.0,inf,inf,2.594053962424949,False,-9.122197746734408,,,
6000,1029,1,36,36,0.04395473003387451,0.9884943962097168,0.04395473003387451,0.9884943962097168,0.0,0.0,True,False,inactive_raw_action,raw_action,0,0,10,10,raw_action_safe_or_candidate_not_better,0,0,0,False,False,False,False,False,False,False,False,True,0.05725811773139428,7.695891256849484,0.0,False,max_steps,,inf,,inf,inf,inf,inf,inf,1.6865687599182126,inf,inf,0.0,{'ROAD_LINE_BROKEN_SINGLE_WHITE'},False,False,,False,False,,0,False,object_list_uncertain,False,0,0,,inf,inf,inf,inf,False,False,inf,inf,0.32520317611429256,False,False,1,0,,False,False,0.0,inf,inf,2.6865687599182126,0.0,,False,raw_action_safe_or_candidate_not_better,candidate_not_better,False,False,0.0,inf,inf,2.7062446858441382,False,-8.962006168759324,,,
6000,1029,1,37,37,0.0313262939453125,0.9851070642471313,0.0313262939453125,0.9851070642471313,0.0,0.0,True,False,inactive_raw_action,raw_action,0,0,10,10,raw_action_safe_or_candidate_not_better,0,0,0,False,False,False,False,False,False,False,False,True,0.0601660100580549,7.991713440650132,0.0,False,max_steps,,inf,,inf,inf,inf,inf,inf,1.7978716125488279,inf,inf,0.0,{'ROAD_LINE_BROKEN_SINGLE_WHITE'},False,False,,False,False,,0,False,object_list_uncertain,False,0,0,,inf,inf,inf,inf,False,False,inf,inf,0.2410837516832274,False,False,1,0,,False,False,0.0,inf,inf,2.797871612548828,0.0,,False,raw_action_safe_or_candidate_not_better,candidate_not_better,False,False,0.0,inf,inf,2.8175475384747535,False,-8.805878548536796,,,
6000,1029,1,38,38,0.02547013759613037,0.9812554121017456,0.02547013759613037,0.9812554121017456,0.0,0.0,True,False,inactive_raw_action,raw_action,0,0,10,10,raw_action_safe_or_candidate_not_better,0,0,0,False,False,False,False,False,False,False,False,True,0.06318693621953653,8.286091264803707,0.0,False,max_steps,,inf,,inf,inf,inf,inf,inf,1.909028553009033,inf,inf,0.0,{'ROAD_LINE_BROKEN_SINGLE_WHITE'},False,False,,False,False,,0,False,object_list_uncertain,False,0,0,,inf,inf,inf,inf,False,False,inf,inf,0.20355004096220333,False,False,1,0,,False,False,0.0,inf,inf,2.909028553009033,0.0,,False,raw_action_safe_or_candidate_not_better,candidate_not_better,False,False,0.0,inf,inf,2.9287044789349586,False,-8.653474264142673,,,
6000,1029,1,39,39,0.023674845695495605,0.9769678115844727,0.023674845695495605,0.9769678115844727,0.0,0.0,True,False,inactive_raw_action,raw_action,0,0,10,10,raw_action_safe_or_candidate_not_better,0,0,0,False,False,False,False,False,False,False,False,True,0.06632043371764984,8.579017472427376,0.0,False,max_steps,,inf,,inf,inf,inf,inf,inf,2.0202808609008787,inf,inf,0.0,{'ROAD_LINE_BROKEN_SINGLE_WHITE'},False,False,,False,False,,0,False,object_list_uncertain,False,0,0,,inf,inf,inf,inf,False,False,inf,inf,0.19617193211302178,False,False,1,0,,False,False,0.0,inf,inf,3.0202808609008787,0.0,,False,raw_action_safe_or_candidate_not_better,candidate_not_better,False,False,0.0,inf,inf,3.0399567868268043,False,-8.50403389025788,,,
6000,1029,1,40,40,0.024473905563354492,0.9724555015563965,0.024473905563354492,0.9724555015563965,0.0,0.0,True,False,inactive_raw_action,raw_action,0,0,10,10,raw_action_safe_or_candidate_not_better,0,0,0,False,False,False,False,False,False,False,False,True,0.06956620265122516,8.870459031992192,0.0,False,max_steps,,inf,,inf,inf,inf,inf,inf,2.1312828292846677,inf,inf,0.0,set(),False,False,,False,False,,0,False,object_list_uncertain,False,0,0,,inf,inf,inf,inf,False,False,inf,inf,0.20996206344655574,False,False,1,0,,False,False,0.0,inf,inf,3.1312828292846677,0.0,,False,raw_action_safe_or_candidate_not_better,candidate_not_better,False,False,0.0,inf,inf,3.1509587552105933,False,-8.35928689440891,,,
6000,1029,1,41,41,0.02589726448059082,0.9677255153656006,0.02589726448059082,0.9677255153656006,0.0,0.0,True,False,inactive_raw_action,raw_action,0,0,10,10,raw_action_safe_or_candidate_not_better,0,0,0,False,False,False,False,False,False,False,False,True,0.07292395395889419,9.160406549413835,0.0,False,max_steps,,inf,,inf,inf,inf,inf,inf,2.241381429672241,inf,inf,0.0,set(),False,False,,False,False,,0,False,object_list_uncertain,False,0,0,,inf,inf,inf,inf,False,False,inf,inf,0.22972062361574744,False,False,1,0,,False,False,0.0,inf,inf,3.241381429672241,0.0,,False,raw_action_safe_or_candidate_not_better,candidate_not_better,False,False,0.0,inf,inf,3.241381429672241,False,-8.235067324910446,,,
6000,1029,1,42,42,0.027498960494995117,0.9625856876373291,0.027498960494995117,0.9625856876373291,0.0,0.0,True,False,inactive_raw_action,raw_action,0,0,10,10,raw_action_safe_or_candidate_not_better,0,0,0,False,False,False,False,False,False,False,False,True,0.07639336244661751,9.448746004730747,0.0,False,max_steps,,inf,,inf,inf,inf,inf,inf,2.3497605552673337,inf,inf,0.0,set(),False,False,,False,False,,0,False,object_list_uncertain,False,0,0,,inf,inf,inf,inf,False,False,inf,inf,0.2519016578204256,False,False,1,0,,False,False,0.0,inf,inf,3.3497605552673337,0.0,,False,raw_action_safe_or_candidate_not_better,candidate_not_better,False,False,0.0,inf,inf,3.3497605552673337,False,-8.096125623240795,,,
6000,1029,1,43,43,0.02876436710357666,0.9567708969116211,0.02876436710357666,0.9567708969116211,0.0,0.0,True,False,inactive_raw_action,raw_action,0,0,10,10,raw_action_safe_or_candidate_not_better,0,0,0,False,False,False,False,False,False,False,False,True,0.07997404510808209,9.735314036117487,0.0,False,max_steps,,inf,,inf,inf,inf,inf,inf,2.455561183929443,inf,inf,0.0,set(),False,False,,False,False,,0,False,object_list_uncertain,False,0,0,,inf,inf,inf,inf,False,False,inf,inf,0.2717871987485285,False,False,1,0,,False,False,0.0,inf,inf,3.455561183929443,0.0,,False,raw_action_safe_or_candidate_not_better,candidate_not_better,False,False,0.0,inf,inf,3.455561183929443,False,-7.956415733331212,,,
6000,1029,1,44,44,0.028799772262573242,0.9499853849411011,0.028799772262573242,0.9499853849411011,0.0,0.0,True,False,inactive_raw_action,raw_action,0,0,10,10,raw_action_safe_or_candidate_not_better,0,0,0,False,False,False,False,False,False,False,False,True,0.08366541659401706,10.019880331897909,0.0,False,max_steps,,inf,,inf,inf,inf,inf,inf,2.5578799476623533,inf,inf,0.0,set(),False,False,,False,False,,0,False,object_list_uncertain,False,0,0,,inf,inf,inf,inf,False,False,inf,inf,0.2803748271448164,False,False,1,0,,False,False,0.0,inf,inf,3.5578799476623533,0.0,,False,raw_action_safe_or_candidate_not_better,candidate_not_better,False,False,0.0,inf,inf,3.5578799476623533,False,-7.812637832798856,,,
6000,1029,1,45,45,0.026684880256652832,0.9417098760604858,0.026684880256652832,0.9417098760604858,0.0,0.0,True,False,inactive_raw_action,raw_action,0,0,10,10,raw_action_safe_or_candidate_not_better,0,0,0,False,False,False,False,False,False,False,False,True,0.0874666097203174,10.302079464443183,0.0,False,max_steps,,inf,,inf,inf,inf,inf,inf,2.655955575942993,inf,inf,0.0,set(),False,False,,False,False,,0,False,object_list_uncertain,False,0,0,,inf,inf,inf,inf,False,False,inf,inf,0.2673793068426865,False,False,1,0,,False,False,0.0,inf,inf,3.655955575942993,0.0,,False,raw_action_safe_or_candidate_not_better,candidate_not_better,False,False,0.0,inf,inf,3.655955575942993,False,-7.65898521202331,,,
6000,1029,1,46,46,0.023026227951049805,0.9313424825668335,0.023026227951049805,0.9313424825668335,0.0,0.0,True,False,inactive_raw_action,raw_action,0,0,10,10,raw_action_safe_or_candidate_not_better,0,0,0,False,False,False,False,False,False,False,False,True,0.09137640320270189,10.581277765827974,0.0,False,max_steps,,inf,,inf,inf,inf,inf,inf,2.6985521545410154,inf,inf,0.0,set(),False,False,,False,False,,0,False,object_list_uncertain,False,0,0,,inf,inf,inf,inf,False,False,inf,inf,0.0,False,False,1,0,,False,False,0.0,inf,inf,3.6985521545410154,0.0,,False,raw_action_safe_or_candidate_not_better,candidate_not_better,False,False,0.0,inf,inf,3.6985521545410154,False,-7.5177096509529235,,,
6000,1029,1,47,47,0.015270233154296875,0.9172974824905396,0.015270233154296875,0.9172974824905396,0.0,0.0,True,False,inactive_raw_action,raw_action,0,0,10,10,raw_action_safe_or_candidate_not_better,0,0,0,False,False,False,False,False,False,False,False,True,0.09539310603216575,10.856433933413763,0.0,False,max_steps,,inf,,inf,inf,inf,inf,inf,2.609435342788696,inf,inf,0.0,set(),False,False,,False,False,,0,False,object_list_uncertain,False,0,0,,inf,inf,inf,inf,False,False,inf,inf,0.0,False,False,1,0,,False,False,0.0,inf,inf,3.609435342788696,0.0,,False,raw_action_safe_or_candidate_not_better,candidate_not_better,False,False,0.0,inf,inf,3.609435342788696,False,-7.415370906721691,,,
6000,1029,1,48,48,0.004944205284118652,0.8980931043624878,0.004944205284118652,0.8980931043624878,0.0,0.0,True,False,inactive_raw_action,raw_action,0,0,10,10,raw_action_safe_or_candidate_not_better,0,0,0,False,False,False,False,False,False,False,False,True,0.0995142395074755,11.125806189900008,0.0,False,max_steps,,inf,,inf,inf,inf,inf,inf,2.5236988296508787,inf,inf,0.0,set(),False,False,,False,False,,0,False,object_list_uncertain,False,0,0,,inf,inf,inf,inf,False,False,inf,inf,0.0,False,False,1,0,,False,False,0.0,inf,inf,3.5236988296508787,0.0,,False,raw_action_safe_or_candidate_not_better,candidate_not_better,False,False,0.0,inf,inf,3.5236988296508787,False,-7.257514118039865,,,
6000,1029,1,49,49,-0.003201603889465332,0.8712267875671387,-0.003201603889465332,0.8712267875671387,0.0,0.0,True,False,inactive_raw_action,raw_action,0,0,10,10,raw_action_safe_or_candidate_not_better,0,0,0,False,False,False,False,False,False,False,False,True,0.10373658059437417,11.386981338498412,0.0,False,max_steps,,inf,,inf,inf,inf,inf,inf,2.4390292396545408,inf,inf,0.0,set(),False,False,,False,False,,0,False,object_list_uncertain,False,0,0,,inf,inf,inf,inf,False,False,inf,inf,0.03562042437102133,False,False,1,0,,False,False,0.0,inf,inf,3.4390292396545408,0.0,,False,raw_action_safe_or_candidate_not_better,candidate_not_better,False,False,0.0,inf,inf,3.4390292396545408,False,-7.017693243541203,,,
6000,1029,1,50,50,-0.005364477634429932,0.8351235389709473,-0.005364477634429932,0.8351235389709473,0.0,0.0,True,False,inactive_raw_action,raw_action,0,0,10,10,raw_action_safe_or_candidate_not_better,0,0,0,False,False,False,False,False,False,False,False,True,0.10805632090933395,11.637353413393214,0.0,False,max_steps,,inf,,inf,inf,inf,inf,inf,2.3526897659301755,inf,inf,0.0,set(),False,False,,False,False,,0,False,object_list_uncertain,False,0,0,,inf,inf,inf,inf,False,False,inf,inf,0.061085206714045735,False,False,1,0,,False,False,0.0,inf,inf,3.3526897659301755,0.0,,False,raw_action_safe_or_candidate_not_better,candidate_not_better,False,False,0.0,inf,inf,3.3526897659301755,False,-6.6805061531626535,,,
6000,1029,1,51,51,0.0013424158096313477,0.7975565195083618,0.0013424158096313477,0.7975565195083618,0.0,0.0,True,False,inactive_raw_action,raw_action,0,0,10,10,raw_action_safe_or_candidate_not_better,0,0,0,False,False,False,False,False,False,False,False,True,0.11246957257695069,11.876486153005128,0.0,False,max_steps,,inf,,inf,inf,inf,inf,inf,2.2630055179595945,inf,inf,0.0,set(),False,False,,False,False,,0,False,object_list_uncertain,False,0,0,,inf,inf,inf,inf,False,False,inf,inf,0.0,False,False,1,0,,False,False,0.0,inf,inf,3.2630055179595945,0.0,,False,raw_action_safe_or_candidate_not_better,candidate_not_better,False,False,0.0,inf,inf,3.2630055179595945,False,-6.40533812151628,,,
6000,1029,1,52,52,0.014247894287109375,0.762000560760498,0.014247894287109375,0.762000560760498,0.0,0.0,True,False,inactive_raw_action,raw_action,0,0,10,10,raw_action_safe_or_candidate_not_better,0,0,0,False,False,False,False,False,False,False,False,True,0.11697307643029639,12.104478153412366,0.0,False,max_steps,,inf,,inf,inf,inf,inf,inf,2.1706705322265623,inf,inf,0.0,set(),False,False,,False,False,,0,False,object_list_uncertain,False,0,0,,inf,inf,inf,inf,False,False,inf,inf,0.0,False,False,1,0,,False,False,0.0,inf,inf,3.1706705322265623,0.0,,False,raw_action_safe_or_candidate_not_better,candidate_not_better,False,False,0.0,inf,inf,3.190346458152488,False,-6.143351026862831,,,
6000,1029,1,53,53,0.02356088161468506,0.7201128005981445,0.02356088161468506,0.7201128005981445,0.0,0.0,True,False,inactive_raw_action,raw_action,0,0,10,10,raw_action_safe_or_candidate_not_better,0,0,0,False,False,False,False,False,False,False,False,True,0.12156364556778515,12.319560274029945,0.0,False,max_steps,,inf,,inf,inf,inf,inf,inf,2.0791635742187498,inf,inf,0.0,{'ROAD_LINE_BROKEN_SINGLE_WHITE'},False,False,,False,False,,0,False,object_list_uncertain,False,0,0,,inf,inf,inf,inf,False,False,inf,inf,0.0,False,False,1,0,,False,False,0.0,inf,inf,3.0791635742187498,0.0,,False,raw_action_safe_or_candidate_not_better,candidate_not_better,False,False,0.0,inf,inf,3.0988395001446754,False,-5.841922911556864,,,
6000,1029,1,54,54,0.029047012329101562,0.6967865228652954,0.029047012329101562,0.6967865228652954,0.0,0.0,True,False,inactive_raw_action,raw_action,0,0,10,10,raw_action_safe_or_candidate_not_better,0,0,0,False,False,False,False,False,False,False,False,True,0.12623760891003907,12.52755759581861,0.0,False,max_steps,,inf,,inf,inf,inf,inf,inf,1.992895864486694,inf,inf,0.0,{'ROAD_LINE_BROKEN_SINGLE_WHITE'},False,False,,False,False,,0,False,object_list_uncertain,False,0,0,,inf,inf,inf,inf,False,False,inf,inf,0.0,False,False,1,0,,False,False,0.0,inf,inf,2.992895864486694,0.0,,False,raw_action_safe_or_candidate_not_better,candidate_not_better,False,False,0.0,inf,inf,3.0125717904126197,False,-5.706464776785467,,,
6000,1029,1,55,55,0.024014949798583984,0.6728887557983398,0.024014949798583984,0.6728887557983398,0.0,0.0,True,False,inactive_raw_action,raw_action,0,0,10,10,raw_action_safe_or_candidate_not_better,0,0,0,False,False,False,False,False,False,False,False,True,0.1309922348271274,12.729117279190689,0.0,False,max_steps,,inf,,inf,inf,inf,inf,inf,1.9151799907684324,inf,inf,0.0,{'ROAD_LINE_BROKEN_SINGLE_WHITE'},False,False,,False,False,,0,False,object_list_uncertain,False,0,0,,inf,inf,inf,inf,False,False,inf,inf,0.0,False,False,1,0,,False,False,0.0,inf,inf,2.9151799907684324,0.0,,False,raw_action_safe_or_candidate_not_better,candidate_not_better,False,False,0.0,inf,inf,2.934855916694358,False,-5.562612762193069,,,
6000,1029,1,56,56,0.010350704193115234,0.6341264247894287,0.010350704193115234,0.6341264247894287,0.0,0.0,True,False,inactive_raw_action,raw_action,0,0,10,10,raw_action_safe_or_candidate_not_better,0,0,0,False,False,False,False,False,False,False,False,True,0.1358237366151249,12.919439873687237,0.0,False,max_steps,,inf,,inf,inf,inf,inf,inf,1.847197793960571,inf,inf,0.0,{'ROAD_LINE_BROKEN_SINGLE_WHITE'},False,False,,False,False,,0,False,object_list_uncertain,False,0,0,,inf,inf,inf,inf,False,False,inf,inf,0.0,False,False,1,0,,False,False,0.0,inf,inf,2.847197793960571,0.0,,False,raw_action_safe_or_candidate_not_better,candidate_not_better,False,False,0.0,inf,inf,2.8668737198864966,False,-5.346402553792913,,,
6000,1029,1,57,57,-0.003309309482574463,0.5609288215637207,-0.003309309482574463,0.5609288215637207,0.0,0.0,True,False,inactive_raw_action,raw_action,0,0,10,10,raw_action_safe_or_candidate_not_better,0,0,0,False,False,False,False,False,False,False,False,True,0.14072589945461236,13.087512984641945,0.0,False,max_steps,,inf,,inf,inf,inf,inf,inf,1.7860691776275632,inf,inf,0.0,{'ROAD_LINE_BROKEN_SINGLE_WHITE'},False,False,,False,False,,0,False,object_list_uncertain,False,0,0,,inf,inf,inf,inf,False,False,inf,inf,0.04275442488354379,False,False,1,0,,False,False,0.0,inf,inf,2.7860691776275632,0.0,,False,raw_action_safe_or_candidate_not_better,candidate_not_better,False,False,0.0,inf,inf,2.805745103553489,False,-4.901146218903463,,,
6000,1029,1,58,58,-0.010098814964294434,0.4450721740722656,-0.010098814964294434,0.4450721740722656,0.0,0.0,True,False,inactive_raw_action,raw_action,0,0,10,10,raw_action_safe_or_candidate_not_better,0,0,0,False,False,False,False,False,False,False,False,True,0.14568849057315061,13.220714786356211,0.0,False,max_steps,,inf,,inf,inf,inf,inf,inf,1.726753973007202,inf,inf,0.0,{'ROAD_LINE_BROKEN_SINGLE_WHITE'},False,False,,False,False,,0,False,object_list_uncertain,False,0,0,,inf,inf,inf,inf,False,False,inf,inf,0.13216837197469977,False,False,1,0,,False,False,0.0,inf,inf,2.726753973007202,0.0,,False,raw_action_safe_or_candidate_not_better,candidate_not_better,False,False,0.0,inf,inf,2.7464298989331275,False,-4.273310403098378,,,
6000,1029,1,59,59,-0.0022246837615966797,0.310083270072937,-0.0022246837615966797,0.310083270072937,0.0,0.0,True,False,inactive_raw_action,raw_action,0,0,10,10,raw_action_safe_or_candidate_not_better,0,0,0,False,False,False,False,False,False,False,False,True,0.150697895180291,13.313704274747963,0.0,False,max_steps,,inf,,inf,inf,inf,inf,inf,1.664852642059326,inf,inf,0.0,{'ROAD_LINE_BROKEN_SINGLE_WHITE'},False,False,,False,False,,0,False,object_list_uncertain,False,0,0,,inf,inf,inf,inf,False,False,inf,inf,0.02941190950190778,False,False,1,0,,False,False,0.0,inf,inf,2.664852642059326,0.0,,False,raw_action_safe_or_candidate_not_better,candidate_not_better,False,False,0.0,inf,inf,2.6845285679852515,False,-3.7281395132162913,,,
6000,1029,1,60,60,0.022731900215148926,0.2186342477798462,0.022731900215148926,0.2186342477798462,0.0,0.0,True,False,inactive_raw_action,raw_action,0,0,10,10,raw_action_safe_or_candidate_not_better,0,0,0,False,False,False,False,False,False,False,False,True,0.15574097543684265,13.377618715265177,0.0,False,max_steps,,inf,,inf,inf,inf,inf,inf,1.5996873607635496,inf,inf,0.0,{'ROAD_LINE_BROKEN_SINGLE_WHITE'},False,False,,False,False,,0,False,object_list_uncertain,False,0,0,,inf,inf,inf,inf,False,False,inf,inf,0.0,False,False,1,0,,False,False,0.0,inf,inf,2.5996873607635496,0.0,,False,raw_action_safe_or_candidate_not_better,candidate_not_better,False,False,0.0,inf,inf,2.619363286689475,False,-3.540633518977458,,,
6000,1029,1,61,61,0.034401774406433105,0.11347508430480957,0.034401774406433105,0.11347508430480957,0.0,0.0,True,False,inactive_raw_action,raw_action,0,0,10,10,raw_action_safe_or_candidate_not_better,0,0,0,False,False,False,False,False,False,False,False,True,0.1608077298194611,13.409650374302535,0.0,False,max_steps,,inf,,inf,inf,inf,inf,inf,1.5374407997131345,inf,inf,0.0,{'ROAD_LINE_BROKEN_SINGLE_WHITE'},False,False,,False,False,,0,False,object_list_uncertain,False,0,0,,inf,inf,inf,inf,False,False,inf,inf,0.0,False,False,1,0,,False,False,0.0,inf,inf,2.5374407997131345,0.0,,False,raw_action_safe_or_candidate_not_better,candidate_not_better,False,False,0.0,inf,inf,2.55711672563906,False,-3.359431580805449,,,
6000,1029,1,62,62,0.04139149188995361,0.09051954746246338,0.04139149188995361,0.09051954746246338,0.0,0.0,True,False,inactive_raw_action,raw_action,0,0,10,10,raw_action_safe_or_candidate_not_better,0,0,0,False,False,False,False,False,False,False,False,True,0.1658884458661702,13.434674023227966,0.0,False,max_steps,,inf,,inf,inf,inf,inf,inf,1.4870438804626462,inf,inf,0.0,{'ROAD_LINE_BROKEN_SINGLE_WHITE'},False,False,,False,False,,0,False,object_list_uncertain,False,0,0,,inf,inf,inf,inf,False,False,inf,inf,0.0,False,False,1,0,,False,False,0.0,inf,inf,2.4870438804626462,0.0,,False,raw_action_safe_or_candidate_not_better,candidate_not_better,False,False,0.0,inf,inf,2.506719806388572,False,-3.3757228654926763,,,
6000,1029,1,63,63,0.024216532707214355,0.07070517539978027,0.024216532707214355,0.07070517539978027,0.0,0.0,True,False,inactive_raw_action,raw_action,0,0,10,10,raw_action_safe_or_candidate_not_better,0,0,0,False,False,False,False,False,False,False,False,True,0.17097969819975517,13.456112560648961,0.0,False,max_steps,,inf,,inf,inf,inf,inf,inf,1.4531259765624998,inf,inf,0.0,{'ROAD_LINE_BROKEN_SINGLE_WHITE'},False,False,,False,False,,0,False,object_list_uncertain,False,0,0,,inf,inf,inf,inf,False,False,inf,inf,0.0,False,False,1,0,,False,False,0.0,inf,inf,2.4531259765624998,0.0,,False,raw_action_safe_or_candidate_not_better,candidate_not_better,False,False,0.0,inf,inf,2.4728019024884254,False,-3.379226000112041,,,
6000,1029,1,64,64,-0.009151220321655273,0.01613485813140869,-0.009151220321655273,0.01613485813140869,0.0,0.0,True,False,inactive_raw_action,raw_action,0,0,10,10,raw_action_safe_or_candidate_not_better,0,0,0,False,False,False,False,False,False,False,False,True,0.17607772902242763,13.46012605189394,0.0,False,max_steps,,inf,,inf,inf,inf,inf,inf,1.4355948200225828,inf,inf,0.0,{'ROAD_LINE_BROKEN_SINGLE_WHITE'},False,False,,False,False,,0,False,object_list_uncertain,False,0,0,,inf,inf,inf,inf,False,False,inf,inf,0.12313985071549155,False,False,1,0,,False,False,0.0,inf,inf,2.4355948200225828,0.0,,False,raw_action_safe_or_candidate_not_better,candidate_not_better,False,False,0.0,inf,inf,2.4552707459485084,False,-3.2935888056169915,,,
6000,1029,1,65,65,-0.03922492265701294,-0.09930020570755005,-0.03922492265701294,-0.09930020570755005,0.0,0.0,True,False,inactive_raw_action,raw_action,0,0,10,10,raw_action_safe_or_candidate_not_better,0,0,0,False,False,False,False,False,False,False,False,True,0.18115098728583365,13.176994592818115,0.0,False,max_steps,,inf,,inf,inf,inf,inf,inf,1.4243257274627683,inf,inf,0.0,{'ROAD_LINE_BROKEN_SINGLE_WHITE'},False,False,,False,False,,0,False,object_list_uncertain,False,0,0,,inf,inf,inf,inf,False,False,inf,inf,0.5279724033391847,False,False,1,0,,False,False,0.0,inf,inf,2.4243257274627683,0.0,,False,raw_action_safe_or_candidate_not_better,candidate_not_better,False,False,0.0,inf,inf,2.444001653388694,False,1.530885280206249,,,
6000,1029,1,66,66,-0.037381529808044434,-0.15493416786193848,-0.037381529808044434,-0.15493416786193848,0.0,0.0,True,False,inactive_raw_action,raw_action,0,0,10,10,raw_action_safe_or_candidate_not_better,0,0,0,False,False,False,False,False,False,False,False,True,0.18610625069868458,12.740211528139156,0.0,False,max_steps,,inf,,inf,inf,inf,inf,inf,1.4054267635345457,inf,inf,0.0,{'ROAD_LINE_BROKEN_SINGLE_WHITE'},False,False,,False,False,,0,False,object_list_uncertain,False,0,0,,inf,inf,inf,inf,False,False,inf,inf,0.4925762161518707,False,False,1,0,,False,False,0.0,inf,inf,2.4054267635345457,0.0,,False,raw_action_safe_or_candidate_not_better,candidate_not_better,False,False,0.0,inf,inf,2.4251026894604713,False,4.199792321123148,,,
6000,1029,1,67,67,-0.00040662288665771484,-0.06506985425949097,-0.00040662288665771484,-0.06506985425949097,0.0,0.0,True,False,inactive_raw_action,raw_action,0,0,10,10,raw_action_safe_or_candidate_not_better,0,0,0,False,False,False,False,False,False,False,False,True,0.19092040880458186,12.557100557589449,0.0,False,max_steps,,inf,,inf,inf,inf,inf,inf,1.370982669830322,inf,inf,0.0,set(),False,False,,False,False,,0,False,object_list_uncertain,False,0,0,,inf,inf,inf,inf,False,False,inf,inf,0.0051804615882018405,False,False,1,0,,False,False,0.0,inf,inf,2.370982669830322,0.0,,False,raw_action_safe_or_candidate_not_better,candidate_not_better,False,False,0.0,inf,inf,2.3906585957562476,False,-0.19945317479313474,,,
6000,1029,1,68,68,0.200361967086792,0.6517149209976196,0.200361967086792,0.6517149209976196,0.0,0.0,True,False,inactive_raw_action,raw_action,0,0,10,10,raw_action_safe_or_candidate_not_better,0,0,0,False,False,False,False,False,False,False,False,True,0.19568468937137265,12.627073518290608,0.0,False,max_steps,,inf,,inf,inf,inf,inf,inf,1.327854179382324,inf,inf,0.0,set(),False,False,,False,False,,0,False,object_list_uncertain,False,0,0,,inf,inf,inf,inf,False,False,inf,inf,0.0,False,False,1,0,,False,False,0.0,inf,inf,2.327854179382324,0.0,,False,raw_action_safe_or_candidate_not_better,candidate_not_better,False,False,0.0,inf,inf,2.3475301053082496,False,-6.088017500163971,,,
6000,1029,1,69,69,0.17444908618927002,0.7805109024047852,0.17444908618927002,0.7805109024047852,0.0,0.0,True,False,inactive_raw_action,raw_action,0,0,10,10,raw_action_safe_or_candidate_not_better,0,0,0,False,False,False,False,False,False,False,False,True,0.2004795237247966,12.774714774502215,0.0,False,max_steps,,inf,,inf,inf,inf,inf,inf,1.2976525058746335,inf,inf,0.0,set(),False,False,,False,False,,0,False,object_list_uncertain,False,0,0,,inf,inf,inf,inf,False,False,inf,inf,0.0,False,False,1,0,,False,False,0.0,inf,inf,2.2976525058746335,0.0,,False,raw_action_safe_or_candidate_not_better,candidate_not_better,False,False,0.0,inf,inf,2.317328431800559,False,-7.253227913861451,,,
6000,1029,1,70,70,0.10239934921264648,0.8858507871627808,0.10239934921264648,0.8858507871627808,0.0,0.0,True,False,inactive_raw_action,raw_action,0,0,10,10,raw_action_safe_or_candidate_not_better,0,0,0,False,False,False,False,False,False,False,False,True,0.20533413596919264,13.038114154531137,0.0,False,max_steps,,inf,,inf,inf,inf,inf,inf,1.315555833816528,inf,inf,0.0,set(),False,False,,False,False,,0,False,object_list_uncertain,False,0,0,,inf,inf,inf,inf,False,False,inf,inf,0.0,False,False,1,0,,False,False,0.0,inf,inf,2.315555833816528,0.0,,False,raw_action_safe_or_candidate_not_better,candidate_not_better,False,False,0.0,inf,inf,2.3352317597424537,False,-8.273681952857586,,,
6000,1029,1,71,71,-0.008720338344573975,0.9045209884643555,-0.008720338344573975,0.9045209884643555,0.0,0.0,True,False,inactive_raw_action,raw_action,0,0,10,10,raw_action_safe_or_candidate_not_better,0,0,0,False,False,False,False,False,False,False,False,True,0.21027783692731009,13.29571236559922,0.0,False,max_steps,,inf,,inf,inf,inf,inf,inf,1.3848021259307859,inf,inf,0.0,set(),False,False,,False,False,,0,False,object_list_uncertain,False,0,0,,inf,inf,inf,inf,False,False,inf,inf,0.11369676680269056,False,False,1,0,,False,False,0.0,inf,inf,2.384802125930786,0.0,,False,raw_action_safe_or_candidate_not_better,candidate_not_better,False,False,0.0,inf,inf,2.4044780518567115,False,-8.376546740663784,,,
6000,1029,1,72,72,-0.13262468576431274,0.8427460193634033,-0.13262468576431274,0.8427460193634033,0.0,0.0,True,False,inactive_raw_action,raw_action,0,0,10,10,raw_action_safe_or_candidate_not_better,0,0,0,False,False,False,False,False,False,False,False,True,0.2153125633103168,13.451053406986016,0.0,False,max_steps,,inf,,inf,inf,inf,inf,inf,1.4834335079193113,inf,inf,0.0,set(),False,False,,False,False,,0,False,object_list_uncertain,False,0,0,,inf,inf,inf,inf,False,False,inf,inf,1.7633396745002838,False,False,1,0,,False,False,0.0,inf,inf,2.4834335079193113,0.0,,False,raw_action_safe_or_candidate_not_better,candidate_not_better,False,False,0.0,inf,inf,2.503109433845237,False,-7.568712966684231,,,
6000,1029,1,73,73,-0.2271425724029541,0.6221952438354492,-0.2271425724029541,0.6221952438354492,0.0,0.0,True,False,inactive_raw_action,raw_action,0,0,10,10,raw_action_safe_or_candidate_not_better,0,0,0,False,False,False,False,False,False,False,False,True,0.22040805039294792,13.516468346558492,0.0,False,max_steps,,inf,,inf,inf,inf,inf,inf,1.573469184875488,inf,inf,0.0,set(),False,False,,False,False,,0,False,object_list_uncertain,False,0,0,,inf,inf,inf,inf,False,False,inf,inf,3.0553068723923236,False,False,1,0,,False,False,0.0,inf,inf,2.573469184875488,0.0,,False,raw_action_safe_or_candidate_not_better,candidate_not_better,False,False,0.0,inf,inf,2.5931451108014136,False,-5.5618766620400635,,,
6000,1029,1,74,74,-0.15472441911697388,0.7496535778045654,-0.15472441911697388,0.7496535778045654,0.0,0.0,True,False,inactive_raw_action,raw_action,0,0,10,10,raw_action_safe_or_candidate_not_better,0,0,0,False,False,False,False,False,False,False,False,True,0.22554370255270945,13.70143088170575,0.0,False,max_steps,,inf,,inf,inf,inf,inf,inf,1.6231510868072507,inf,inf,0.0,set(),False,False,,False,False,,0,False,object_list_uncertain,False,0,0,,inf,inf,inf,inf,False,False,inf,inf,2.091327713434227,False,False,1,0,,False,False,0.0,inf,inf,2.6231510868072507,0.0,,False,raw_action_safe_or_candidate_not_better,candidate_not_better,False,False,0.0,inf,inf,2.6428270127331763,False,-6.550551149153264,,,
6000,1029,1,75,75,-0.04222661256790161,0.8506958484649658,-0.04222661256790161,0.8506958484649658,0.0,0.0,True,False,inactive_raw_action,raw_action,0,0,10,10,raw_action_safe_or_candidate_not_better,0,0,0,False,False,False,False,False,False,False,False,True,0.23074929311054004,13.958870775429007,0.0,False,max_steps,,inf,,inf,inf,inf,inf,inf,1.6118221511840818,inf,inf,0.0,set(),False,False,,False,False,,0,False,object_list_uncertain,False,0,0,,inf,inf,inf,inf,False,False,inf,inf,0.5785650134676713,False,False,1,0,,False,False,0.0,inf,inf,2.611822151184082,0.0,,False,raw_action_safe_or_candidate_not_better,candidate_not_better,False,False,0.0,inf,inf,2.6314980771100074,False,-7.4976490891840655,,,
6000,1029,1,76,76,0.07769036293029785,0.8542754650115967,0.07769036293029785,0.8542754650115967,0.0,0.0,True,False,inactive_raw_action,raw_action,0,0,10,10,raw_action_safe_or_candidate_not_better,0,0,0,False,False,False,False,False,False,False,False,True,0.2360416887972822,14.152829215382404,0.0,False,max_steps,,inf,,inf,inf,inf,inf,inf,1.5467949142456052,inf,inf,0.0,set(),False,False,,False,False,,0,False,object_list_uncertain,False,0,0,,inf,inf,inf,inf,False,False,inf,inf,0.0,False,False,1,0,,False,False,0.0,inf,inf,2.5467949142456052,0.0,,False,raw_action_safe_or_candidate_not_better,candidate_not_better,False,False,0.0,inf,inf,2.566470840171531,False,-7.61391436301011,,,
6000,1029,1,77,77,0.12938833236694336,0.6808810234069824,0.12938833236694336,0.6808810234069824,0.0,0.0,True,False,inactive_raw_action,raw_action,0,0,10,10,raw_action_safe_or_candidate_not_better,0,0,0,False,False,False,False,False,False,False,False,True,0.24140883575387626,14.292655502136391,0.0,False,max_steps,,inf,,inf,inf,inf,inf,inf,1.4699704875946042,inf,inf,0.0,set(),False,False,,False,False,,0,False,object_list_uncertain,False,0,0,,inf,inf,inf,inf,False,False,inf,inf,0.0,False,False,1,0,,False,False,0.0,inf,inf,2.4699704875946042,0.0,,False,raw_action_safe_or_candidate_not_better,candidate_not_better,False,False,0.0,inf,inf,2.48964641352053,False,-6.119850728833995,,,
6000,1029,1,78,78,0.11606252193450928,0.5687499046325684,0.11606252193450928,0.5687499046325684,0.0,0.0,True,False,inactive_raw_action,raw_action,0,0,10,10,raw_action_safe_or_candidate_not_better,0,0,0,False,False,False,False,False,False,False,False,True,0.24683508130722678,14.446368595053684,0.0,False,max_steps,,inf,,inf,inf,inf,inf,inf,1.4216850032806394,inf,inf,0.0,set(),False,False,,False,False,,0,False,object_list_uncertain,False,0,0,,inf,inf,inf,inf,False,False,inf,inf,0.0,False,False,1,0,,False,False,0.0,inf,inf,2.4216850032806394,0.0,,False,raw_action_safe_or_candidate_not_better,candidate_not_better,False,False,0.0,inf,inf,2.441360929206565,False,-5.379519125200574,,,
6000,1029,1,79,79,0.03373980522155762,0.6464852094650269,0.03373980522155762,0.6464852094650269,0.0,0.0,True,False,inactive_raw_action,raw_action,0,0,10,10,raw_action_safe_or_candidate_not_better,0,0,0,False,False,False,False,False,False,False,False,True,0.2523212059230283,14.643632134957116,0.0,False,max_steps,,inf,,inf,inf,inf,inf,inf,1.4246731033325193,inf,inf,0.0,set(),False,False,,False,False,,0,False,object_list_uncertain,False,0,0,,inf,inf,inf,inf,False,False,inf,inf,0.0,False,False,1,0,,False,False,0.0,inf,inf,2.4246731033325193,0.0,,False,raw_action_safe_or_candidate_not_better,candidate_not_better,False,False,0.0,inf,inf,2.444349029258445,False,-5.910630742806617,,,
6000,1029,1,80,80,-0.07833504676818848,0.6039865016937256,-0.07833504676818848,0.6039865016937256,0.0,0.0,True,False,inactive_raw_action,raw_action,0,0,10,10,raw_action_safe_or_candidate_not_better,0,0,0,False,False,False,False,False,False,False,False,True,0.2578728029387581,14.777672588480625,0.0,False,max_steps,,inf,,inf,inf,inf,inf,inf,1.4725742568969724,inf,inf,0.0,set(),False,False,,False,False,,0,False,object_list_uncertain,False,0,0,,inf,inf,inf,inf,False,False,inf,inf,1.1471096081480134,False,False,1,0,,False,False,0.0,inf,inf,2.4725742568969724,0.0,,False,raw_action_safe_or_candidate_not_better,candidate_not_better,False,False,0.0,inf,inf,2.492250182822898,False,-5.555717874030847,,,
6000,1029,1,81,81,-0.16994702816009521,0.2876160144805908,-0.16994702816009521,0.2876160144805908,0.0,0.0,True,False,inactive_raw_action,raw_action,0,0,10,10,raw_action_safe_or_candidate_not_better,0,0,0,False,False,False,False,False,False,False,False,True,0.2634695224340853,14.793606756204284,0.0,False,max_steps,,inf,,inf,inf,inf,inf,inf,1.5296278228759763,inf,inf,0.0,set(),False,False,,False,False,,0,False,object_list_uncertain,False,0,0,,inf,inf,inf,inf,False,False,inf,inf,2.511421539535184,False,False,1,0,,False,False,0.0,inf,inf,2.5296278228759763,0.0,,False,raw_action_safe_or_candidate_not_better,candidate_not_better,False,False,0.0,inf,inf,2.549303748801902,False,-3.823007480287856,,,
6000,1029,1,82,82,-0.11987245082855225,0.24725377559661865,-0.11987245082855225,0.24725377559661865,0.0,0.0,True,False,inactive_raw_action,raw_action,0,0,10,10,raw_action_safe_or_candidate_not_better,0,0,0,False,False,False,False,False,False,False,False,True,0.2690771684491356,14.84795351363796,0.0,False,max_steps,,inf,,inf,inf,inf,inf,inf,1.553811334609985,inf,inf,0.0,set(),False,False,,False,False,,0,False,object_list_uncertain,False,0,0,,inf,inf,inf,inf,False,False,inf,inf,1.7733458984600363,False,False,1,0,,False,False,0.0,inf,inf,2.553811334609985,0.0,,False,raw_action_safe_or_candidate_not_better,candidate_not_better,False,False,0.0,inf,inf,2.5734872605359107,False,-3.6767877002788367,,,
6000,1029,1,83,83,-0.02607738971710205,0.41203951835632324,-0.02607738971710205,0.41203951835632324,0.0,0.0,True,False,inactive_raw_action,raw_action,0,0,10,10,raw_action_safe_or_candidate_not_better,0,0,0,False,False,False,False,False,False,False,False,True,0.2747050198538326,14.973922388778355,0.0,False,max_steps,,inf,,inf,inf,inf,inf,inf,1.5217848052978513,inf,inf,0.0,set(),False,False,,False,False,,0,False,object_list_uncertain,False,0,0,,inf,inf,inf,inf,False,False,inf,inf,0.3871958702765518,False,False,1,0,,False,False,0.0,inf,inf,2.5217848052978513,0.0,,False,raw_action_safe_or_candidate_not_better,candidate_not_better,False,False,0.0,inf,inf,2.541460731223777,False,-4.345061043923977,,,
6000,1029,1,84,84,0.07930433750152588,0.44630134105682373,0.07930433750152588,0.44630134105682373,0.0,0.0,True,False,inactive_raw_action,raw_action,0,0,10,10,raw_action_safe_or_candidate_not_better,0,0,0,False,False,False,False,False,False,False,False,True,0.2803738601605598,15.06826863615703,0.0,False,max_steps,,inf,,inf,inf,inf,inf,inf,1.4410374393463132,inf,inf,0.0,set(),False,False,,False,False,,0,False,object_list_uncertain,False,0,0,,inf,inf,inf,inf,False,False,inf,inf,0.0,False,False,1,0,,False,False,0.0,inf,inf,2.4410374393463132,0.0,,False,raw_action_safe_or_candidate_not_better,candidate_not_better,False,False,0.0,inf,inf,2.460713365272239,False,-4.616596461392689,,,
6000,1029,1,85,85,0.13203692436218262,0.11292052268981934,0.13203692436218262,0.11292052268981934,0.0,0.0,True,False,inactive_raw_action,raw_action,0,0,10,10,raw_action_safe_or_candidate_not_better,0,0,0,False,False,False,False,False,False,False,False,True,0.2860765206473825,15.062958386951149,0.0,False,max_steps,,inf,,inf,inf,inf,inf,inf,1.3526430358886716,inf,inf,0.0,set(),False,False,,False,False,,0,False,object_list_uncertain,False,0,0,,inf,inf,inf,inf,False,False,inf,inf,0.0,False,False,1,0,,False,False,0.0,inf,inf,2.3526430358886716,0.0,,False,raw_action_safe_or_candidate_not_better,candidate_not_better,False,False,0.0,inf,inf,2.3723189618145972,False,-3.6024765728728028,,,
6000,1029,1,86,86,0.12574410438537598,0.03031134605407715,0.12574410438537598,0.03031134605407715,0.0,0.0,True,False,inactive_raw_action,raw_action,0,0,10,10,raw_action_safe_or_candidate_not_better,0,0,0,False,False,False,False,False,False,False,False,True,0.2917816092496991,15.04870763983294,0.0,False,max_steps,,inf,,inf,inf,inf,inf,inf,1.2984647979736326,inf,inf,0.0,set(),False,False,,False,False,,0,False,object_list_uncertain,False,0,0,,inf,inf,inf,inf,False,False,inf,inf,0.0,False,False,1,0,,False,False,0.0,inf,inf,2.2984647979736326,0.0,,False,raw_action_safe_or_candidate_not_better,candidate_not_better,False,False,0.0,inf,inf,2.318140723899558,False,-3.5161059075149694,,,
6000,1029,1,87,87,0.025056838989257812,0.08903384208679199,0.025056838989257812,0.08903384208679199,0.0,0.0,True,False,inactive_raw_action,raw_action,0,0,10,10,raw_action_safe_or_candidate_not_better,0,0,0,False,False,False,False,False,False,False,False,True,0.29748213068239604,15.078087698814647,0.0,False,max_steps,,inf,,inf,inf,inf,inf,inf,1.30280425453186,inf,inf,0.0,set(),False,False,,False,False,,0,False,object_list_uncertain,False,0,0,,inf,inf,inf,inf,False,False,inf,inf,0.0,False,False,1,0,,False,False,0.0,inf,inf,2.30280425453186,0.0,,False,raw_action_safe_or_candidate_not_better,candidate_not_better,False,False,0.0,inf,inf,2.3224801804577857,False,-3.6244100940124895,,,
6000,1029,1,88,88,-0.09076213836669922,0.019136905670166016,-0.09076213836669922,0.019136905670166016,0.0,0.0,True,False,inactive_raw_action,raw_action,0,0,10,10,raw_action_safe_or_candidate_not_better,0,0,0,False,False,False,False,False,False,False,False,True,0.3031869591294812,15.054896825806948,0.0,False,max_steps,,inf,,inf,inf,inf,inf,inf,1.3587439289093015,inf,inf,0.0,set(),False,False,,False,False,,0,False,object_list_uncertain,False,0,0,,inf,inf,inf,inf,False,False,inf,inf,1.3685194820250404,False,False,1,0,,False,False,0.0,inf,inf,2.3587439289093015,0.0,,False,raw_action_safe_or_candidate_not_better,candidate_not_better,False,False,0.0,inf,inf,2.378419854835227,False,-3.4062559124236174,,,
6000,1029,1,89,89,-0.16471076011657715,-0.2878260612487793,-0.16471076011657715,-0.2878260612487793,0.0,0.0,True,False,inactive_raw_action,raw_action,0,0,10,10,raw_action_safe_or_candidate_not_better,0,0,0,False,False,False,False,False,False,False,False,True,0.3088316628119523,14.412773865275332,0.0,False,max_steps,,inf,,inf,inf,inf,inf,inf,1.4220388164520261,inf,inf,0.0,set(),False,False,,False,False,,0,False,object_list_uncertain,False,0,0,,inf,inf,inf,inf,False,False,inf,inf,2.4797034996553067,False,False,1,0,,False,False,0.0,inf,inf,2.422038816452026,0.0,,False,raw_action_safe_or_candidate_not_better,candidate_not_better,False,False,0.0,inf,inf,2.4417147423779517,False,10.654090353644634,,,
6000,1029,1,90,90,-0.1093895435333252,-0.19716370105743408,-0.1093895435333252,-0.19716370105743408,0.0,0.0,True,False,inactive_raw_action,raw_action,0,0,10,10,raw_action_safe_or_candidate_not_better,0,0,0,False,False,False,False,False,False,False,False,True,0.314254482988088,13.904383410669434,0.0,False,max_steps,,inf,,inf,inf,inf,inf,inf,1.4480283489227292,inf,inf,0.0,set(),False,False,,False,False,,0,False,object_list_uncertain,False,0,0,,inf,inf,inf,inf,False,False,inf,inf,1.5766067541715076,False,False,1,0,,False,False,0.0,inf,inf,2.4480283489227292,0.0,,False,raw_action_safe_or_candidate_not_better,candidate_not_better,False,False,0.0,inf,inf,2.467704274848655,False,6.299967288084844,,,
6000,1029,1,91,91,-0.027294635772705078,0.03500568866729736,-0.027294635772705078,0.03500568866729736,0.0,0.0,True,False,inactive_raw_action,raw_action,0,0,10,10,raw_action_safe_or_candidate_not_better,0,0,0,False,False,False,False,False,False,False,False,True,0.31952508344765757,13.917263374352057,0.0,False,max_steps,,inf,,inf,inf,inf,inf,inf,1.4177739849090574,inf,inf,0.0,set(),False,False,,False,False,,0,False,object_list_uncertain,False,0,0,,inf,inf,inf,inf,False,False,inf,inf,0.37951508083826496,False,False,1,0,,False,False,0.0,inf,inf,2.4177739849090574,0.0,,False,raw_action_safe_or_candidate_not_better,candidate_not_better,False,False,0.0,inf,inf,2.437449910834983,False,-3.355285123899506,,,
6000,1029,1,92,92,0.05761265754699707,0.05404400825500488,0.05761265754699707,0.05404400825500488,0.0,0.0,True,False,inactive_raw_action,raw_action,0,0,10,10,raw_action_safe_or_candidate_not_better,0,0,0,False,False,False,False,False,False,False,False,True,0.3247897581491762,13.91920248172476,0.0,False,max_steps,,inf,,inf,inf,inf,inf,inf,1.3492272129058835,inf,inf,0.0,{'ROAD_LINE_BROKEN_SINGLE_WHITE'},False,False,,False,False,,0,False,object_list_uncertain,False,0,0,,inf,inf,inf,inf,False,False,inf,inf,0.0,False,False,1,0,,False,False,0.0,inf,inf,2.3492272129058835,0.0,,False,raw_action_safe_or_candidate_not_better,candidate_not_better,False,False,0.0,inf,inf,2.368903138831809,False,-3.488418686074752,,,
6000,1029,1,93,93,0.10718345642089844,-0.1861029863357544,0.10718345642089844,-0.1861029863357544,0.0,0.0,True,False,inactive_raw_action,raw_action,0,0,10,10,raw_action_safe_or_candidate_not_better,0,0,0,False,False,False,False,False,False,False,False,True,0.3300151205046011,13.400554468347037,0.0,False,max_steps,,inf,,inf,inf,inf,inf,inf,1.2739665737152097,inf,inf,0.0,{'ROAD_LINE_BROKEN_SINGLE_WHITE'},False,False,,False,False,,0,False,object_list_uncertain,False,0,0,,inf,inf,inf,inf,False,False,inf,inf,0.0,False,False,1,0,,False,False,0.0,inf,inf,2.2739665737152097,0.0,,False,raw_action_safe_or_candidate_not_better,candidate_not_better,False,False,0.0,inf,inf,2.2936424996411353,False,5.520189288740909,,,
6000,1029,1,94,94,0.10410237312316895,-0.1696608066558838,0.10410237312316895,-0.1696608066558838,0.0,0.0,True,False,inactive_raw_action,raw_action,0,0,10,10,raw_action_safe_or_candidate_not_better,0,0,0,False,False,False,False,False,False,False,False,True,0.3350561484254375,12.922708391139825,0.0,False,max_steps,,inf,,inf,inf,inf,inf,inf,1.2260670890808103,inf,inf,0.0,{'ROAD_LINE_BROKEN_SINGLE_WHITE'},False,False,,False,False,,0,False,object_list_uncertain,False,0,0,,inf,inf,inf,inf,False,False,inf,inf,0.0,False,False,1,0,,False,False,0.0,inf,inf,2.2260670890808103,0.0,,False,raw_action_safe_or_candidate_not_better,candidate_not_better,False,False,0.0,inf,inf,2.245743015006736,False,4.649748472515384,,,
6000,1029,1,95,95,0.5653674602508545,0.6327536106109619,0.5653674602508545,0.6327536106109619,0.0,0.0,True,False,inactive_raw_action,raw_action,0,0,10,10,raw_action_safe_or_candidate_not_better,0,0,0,False,False,False,False,False,False,False,False,True,0.3399450433481183,12.82287078133937,0.0,False,max_steps,,inf,,inf,inf,inf,inf,inf,1.2170456476493219,inf,inf,0.0,{'ROAD_LINE_BROKEN_SINGLE_WHITE'},False,False,,False,False,,0,False,object_list_uncertain,False,0,0,,inf,inf,inf,inf,False,False,inf,inf,0.0,False,False,1,0,,False,False,0.0,inf,inf,2.217045647649321,0.0,,False,raw_action_safe_or_candidate_not_better,candidate_not_better,False,False,0.0,inf,inf,2.2435552861249,False,-6.166346342613863,,,
6000,1029,1,96,96,0.5373690128326416,0.8525784015655518,0.5373690128326416,0.8525784015655518,0.0,0.0,True,False,inactive_raw_action,raw_action,0,0,10,10,raw_action_safe_or_candidate_not_better,0,0,0,False,False,False,False,False,False,False,False,True,0.3447802306685621,12.812058825653022,0.0,False,max_steps,,inf,,inf,inf,inf,inf,inf,1.266533715276267,inf,inf,0.0,{'ROAD_LINE_BROKEN_SINGLE_WHITE'},False,False,,False,False,,0,False,object_list_uncertain,False,0,0,,inf,inf,inf,inf,False,False,inf,inf,0.0,False,False,1,0,,False,False,0.0,inf,inf,2.266533715276267,0.0,,False,raw_action_safe_or_candidate_not_better,candidate_not_better,False,False,0.0,inf,inf,2.293043353751853,False,-8.054125721777368,,,
6000,1029,1,97,97,0.3965775966644287,0.9078853130340576,0.3965775966644287,0.9078853130340576,0.0,0.0,True,False,inactive_raw_action,raw_action,0,0,10,10,raw_action_safe_or_candidate_not_better,0,0,0,False,False,False,False,False,False,False,False,True,0.34958376576917305,12.878446615356925,0.0,False,max_steps,,inf,,inf,inf,inf,inf,inf,1.3884738512320838,inf,inf,0.0,{'ROAD_LINE_BROKEN_SINGLE_WHITE'},False,False,,False,False,,0,False,object_list_uncertain,False,0,0,,inf,inf,inf,inf,False,False,inf,inf,0.0,False,False,1,0,,False,False,0.0,inf,inf,2.3884738512320838,0.0,,False,raw_action_safe_or_candidate_not_better,candidate_not_better,False,False,0.0,inf,inf,2.4149834897076636,False,-8.481798275860996,,,
6000,1029,1,98,98,0.2255265712738037,0.911449670791626,0.2255265712738037,0.911449670791626,0.0,0.0,True,False,inactive_raw_action,raw_action,0,0,10,10,raw_action_safe_or_candidate_not_better,0,0,0,False,False,False,False,False,False,False,False,True,0.35436903219130506,13.037411830484759,0.0,False,max_steps,,inf,,inf,inf,inf,inf,inf,1.5826643533988336,inf,inf,0.0,{'ROAD_LINE_BROKEN_SINGLE_WHITE'},False,False,,False,False,,0,False,object_list_uncertain,False,0,0,,inf,inf,inf,inf,False,False,inf,inf,0.0,False,False,1,0,,False,False,0.0,inf,inf,2.5826643533988327,0.0,,False,raw_action_safe_or_candidate_not_better,candidate_not_better,False,False,0.0,inf,inf,2.6091739918744117,False,-8.26167623128812,,,
6000,1029,1,99,99,0.0241854190826416,0.8974120616912842,0.0241854190826416,0.8974120616912842,0.0,0.0,True,False,inactive_raw_action,raw_action,0,0,10,10,raw_action_safe_or_candidate_not_better,0,0,0,False,False,False,False,False,False,False,False,True,0.35917025480096926,13.292660681778441,0.0,False,max_steps,,inf,,inf,inf,inf,inf,inf,1.8515056200309172,inf,inf,0.0,{'ROAD_LINE_BROKEN_SINGLE_WHITE'},False,False,,False,False,,0,False,object_list_uncertain,False,0,0,,inf,inf,inf,inf,False,False,inf,inf,0.0,False,False,1,0,,False,False,0.0,inf,inf,2.8515056200309057,0.0,,False,raw_action_safe_or_candidate_not_better,candidate_not_better,False,False,0.0,inf,inf,2.8780152585064918,False,-7.801489171008555,,,
6000,1029,1,100,100,-0.18942153453826904,0.8336725234985352,-0.18942153453826904,0.8336725234985352,0.0,0.0,True,False,inactive_raw_action,raw_action,0,0,10,10,raw_action_safe_or_candidate_not_better,0,0,0,False,False,False,False,False,False,False,False,True,0.3640464888357169,13.397597664221085,0.0,False,max_steps,,inf,,inf,inf,inf,inf,inf,2.178507668523349,inf,inf,0.0,set(),False,False,,False,False,,0,False,object_list_uncertain,False,0,0,,inf,inf,inf,inf,False,False,inf,inf,2.517916184438986,False,False,1,0,,False,False,0.0,inf,inf,3.1785076685233453,0.0,,False,raw_action_safe_or_candidate_not_better,candidate_not_better,False,False,0.0,inf,inf,3.2050173069989234,False,-6.7939589706557655,,,
6000,1029,1,101,101,-0.3555563688278198,0.5609011650085449,-0.3555563688278198,0.5609011650085449,0.0,0.0,True,False,inactive_raw_action,raw_action,0,0,10,10,raw_action_safe_or_candidate_not_better,0,0,0,False,False,False,False,False,False,False,False,True,0.36898310779031007,13.387914660845835,0.0,False,max_steps,,inf,,inf,inf,inf,inf,inf,2.516057116536649,inf,inf,0.0,set(),False,False,,False,False,,0,False,object_list_uncertain,False,0,0,,inf,inf,inf,inf,False,False,inf,inf,4.763601176506529,False,False,1,0,,False,False,0.0,inf,inf,3.516057116536649,0.0,,False,raw_action_safe_or_candidate_not_better,candidate_not_better,False,False,0.0,inf,inf,3.516057116536649,False,-4.339103347771157,,,
6000,1029,1,102,102,-0.3797847032546997,0.4854164123535156,-0.3797847032546997,0.4854164123535156,0.0,0.0,True,False,inactive_raw_action,raw_action_safe,0,0,0,0,low_risk_verified_passthrough,0,0,0,False,False,False,False,False,False,False,False,True,0.37396071564693345,13.363280269743594,0.0,False,max_steps,,inf,,inf,inf,inf,inf,inf,inf,inf,inf,0.0,{'ROAD_LINE_BROKEN_SINGLE_WHITE'},False,False,,False,False,,0,True,,False,0,0,,inf,inf,inf,inf,False,False,2.878360771108806,inf,0.0,False,False,1,-1,,False,False,0.0,33.9098432236836,inf,3.6098302431388167,0.0,,False,low_risk_verified,,False,False,0.0,inf,inf,inf,False,0.0,,,
6000,1029,1,103,103,-0.3086920976638794,0.6398251056671143,-0.3086920976638794,0.6398251056671143,0.0,0.0,True,False,inactive_raw_action,raw_action_safe,0,0,0,0,low_risk_verified_passthrough,0,0,0,False,False,False,False,False,False,False,False,True,0.37897870537671347,13.405227359400188,0.0,False,max_steps,,inf,,inf,inf,inf,inf,inf,inf,inf,inf,0.0,set(),False,False,,False,False,,0,True,,False,0,0,,inf,inf,inf,inf,False,False,2.9743835412755337,inf,0.0,False,False,1,-1,,False,False,0.0,34.01856980685783,inf,3.3561888761801986,0.0,,False,low_risk_verified,,False,False,0.0,inf,inf,inf,False,0.0,,,
6000,1029,1,104,104,-0.2106519341468811,0.7605454921722412,-0.2106519341468811,0.7605454921722412,0.0,0.0,True,False,inactive_raw_action,raw_action_safe,0,0,0,0,low_risk_verified_passthrough,0,0,0,False,False,False,False,False,False,False,False,True,0.38405074958237245,13.529745006084237,0.0,False,max_steps,,inf,,inf,inf,inf,inf,inf,inf,inf,inf,0.0,{'ROAD_LINE_BROKEN_SINGLE_WHITE'},False,False,,False,False,,0,True,,False,0,0,,inf,inf,inf,inf,False,False,3.096189695057812,inf,0.0,False,False,1,-1,,False,False,0.0,33.73949934991181,inf,3.171448571233294,0.0,,False,low_risk_verified,,False,False,0.0,inf,inf,inf,False,0.0,,,
6000,1029,1,105,105,-0.08391982316970825,0.8175513744354248,-0.08391982316970825,0.8175513744354248,0.0,0.0,True,False,inactive_raw_action,raw_action,0,0,10,10,raw_action_safe_or_candidate_not_better,0,0,0,False,False,False,False,False,False,False,False,True,0.3891939028846423,13.769356655493311,0.0,False,max_steps,,inf,,inf,inf,inf,32.143250467615196,inf,2.0614780016227034,inf,inf,0.0,set(),False,False,,False,False,,0,False,route_deviation_rising,False,0,0,,inf,inf,inf,inf,False,False,3.212155740100743,inf,0.0,False,False,1,0,,False,False,0.0,33.64323077040749,inf,3.0614780016227043,0.0,,False,raw_action_safe_or_candidate_not_better,vehicle_margin_worse,False,False,0.0,32.91365797825522,inf,3.0879876400982886,True,-6.88736169475834,,,
6000,1029,1,106,106,0.05233275890350342,0.794052243232727,0.05233275890350342,0.794052243232727,0.0,0.0,True,False,inactive_raw_action,raw_action_safe,0,0,0,0,low_risk_verified_passthrough,0,0,0,False,False,False,False,False,False,False,False,True,0.3944223003844347,13.964043135946557,0.0,False,max_steps,,inf,,inf,inf,inf,inf,inf,inf,inf,inf,0.0,set(),False,False,,False,False,,0,True,,False,0,0,,inf,inf,inf,inf,False,False,3.270201695964924,inf,0.7205884221082817,False,False,1,-1,,False,False,0.0,33.360669318462904,inf,3.0164216585440893,0.0,,False,low_risk_verified,,False,False,0.0,inf,inf,inf,False,0.0,,,
6000,1029,1,107,107,0.13326287269592285,0.5766588449478149,0.13326287269592285,0.5766588449478149,0.0,0.0,True,False,inactive_raw_action,raw_action_safe,0,0,0,0,low_risk_verified_passthrough,0,0,0,False,False,False,False,False,False,False,False,True,0.3997166327823447,14.066952714041877,0.0,False,max_steps,,inf,,inf,inf,inf,inf,inf,inf,inf,inf,0.0,{'ROAD_LINE_BROKEN_SINGLE_WHITE'},False,False,,False,False,,0,True,,False,0,0,,inf,inf,inf,inf,False,False,3.2452859621855987,inf,1.8608885027460214,False,False,1,-1,,False,False,0.0,32.95150587542673,inf,3.003229004888078,0.0,,False,low_risk_verified,,False,False,0.0,inf,inf,inf,False,0.0,,,
6000,1029,1,108,108,0.09772884845733643,0.1784672737121582,0.09772884845733643,0.1784672737121582,0.0,0.0,True,False,inactive_raw_action,raw_action_safe,0,0,0,0,low_risk_verified_passthrough,0,0,0,False,False,False,False,False,False,False,False,True,0.40504079631346707,14.1104973401289,0.0,False,max_steps,,inf,,inf,inf,inf,inf,inf,inf,inf,inf,0.0,{'ROAD_LINE_BROKEN_SINGLE_WHITE'},False,False,,False,False,,0,True,,False,0,0,,inf,inf,inf,inf,False,False,3.120707362431067,inf,1.374747090047116,False,False,1,-1,,False,False,0.0,32.45437633512918,inf,2.972178322820216,0.0,,False,low_risk_verified,,False,False,0.0,inf,inf,inf,False,0.0,,,
6000,1029,1,109,109,0.040061354637145996,0.15419328212738037,0.040061354637145996,0.15419328212738037,0.0,0.0,True,False,inactive_raw_action,raw_action_safe,0,0,0,0,low_risk_verified_passthrough,0,0,0,False,False,False,False,False,False,False,False,True,0.41037426762064994,14.159322625119083,0.0,False,max_steps,,inf,,inf,inf,inf,inf,inf,inf,inf,inf,0.0,{'ROAD_LINE_BROKEN_SINGLE_WHITE'},False,False,,False,False,,0,True,,False,0,0,,inf,inf,inf,inf,False,False,2.9326517545784583,inf,0.5652856380494091,False,False,1,-1,,False,False,0.0,32.17793600195162,inf,2.8980411119742606,0.0,,False,low_risk_verified,,False,False,0.0,inf,inf,inf,False,0.0,,,
6000,1029,1,110,110,-0.0719527006149292,0.06492996215820312,-0.0719527006149292,0.06492996215820312,0.0,0.0,True,False,inactive_raw_action,raw_action_safe,0,0,0,0,low_risk_verified_passthrough,0,0,0,False,False,False,False,False,False,False,False,True,0.4157181451370929,14.156229926221082,0.0,False,max_steps,,inf,,inf,inf,inf,inf,inf,inf,inf,inf,0.0,{'ROAD_LINE_BROKEN_SINGLE_WHITE'},False,False,,False,False,,0,True,,False,0,0,,inf,inf,inf,inf,False,False,2.7380274091989816,inf,0.0,False,False,1,-1,,False,False,0.0,31.893834455243717,inf,2.78690133765175,0.0,,False,low_risk_verified,,False,False,0.0,inf,inf,inf,False,0.0,,,
6000,1029,1,111,111,-0.1758672595024109,-0.20013660192489624,-0.1758672595024109,-0.20013660192489624,0.0,0.0,True,False,inactive_raw_action,raw_action_safe,0,0,0,0,low_risk_verified_passthrough,0,0,0,False,False,False,False,False,False,False,False,True,0.42102976340482945,13.678335485280783,0.0,False,max_steps,,inf,,inf,inf,inf,inf,inf,inf,inf,inf,0.0,{'ROAD_LINE_BROKEN_SINGLE_WHITE'},False,False,,False,False,,0,True,,False,0,0,,inf,inf,inf,inf,False,False,2.6165690707530493,inf,0.0,False,False,1,-1,,False,False,0.0,31.00960484486924,inf,2.6672123499198173,0.0,,False,low_risk_verified,,False,False,0.0,inf,inf,inf,False,0.0,,,
6000,1029,1,112,112,-0.15233594179153442,-0.1831423044204712,-0.15233594179153442,-0.1831423044204712,0.0,0.0,True,False,inactive_raw_action,raw_action_safe,0,0,0,0,low_risk_verified_passthrough,0,0,0,False,False,False,False,False,False,False,False,True,0.42617280108255196,13.185861963552917,0.0,False,max_steps,,inf,,inf,inf,inf,inf,inf,inf,inf,inf,0.0,{'ROAD_LINE_BROKEN_SINGLE_WHITE'},False,False,,False,False,,0,True,,False,0,0,,inf,inf,inf,inf,False,False,2.714580025929124,inf,0.0,False,False,1,-1,,False,False,0.0,30.70347304187018,inf,2.5820158548636676,0.0,,False,low_risk_verified,,False,False,0.0,inf,inf,inf,False,0.0,,,
6000,1029,1,113,113,-0.032190918922424316,0.07698667049407959,-0.032190918922424316,0.07698667049407959,0.0,0.0,True,False,inactive_raw_action,raw_action_safe,0,0,0,0,low_risk_verified_passthrough,0,0,0,False,False,False,False,False,False,False,False,True,0.43117732055256747,13.211324673429353,0.0,False,max_steps,,inf,,inf,inf,inf,inf,inf,inf,inf,inf,0.0,{'ROAD_LINE_BROKEN_SINGLE_WHITE'},False,False,,False,False,,0,True,,False,0,0,,inf,inf,inf,inf,False,False,2.916252742817073,inf,0.0,False,False,1,-1,,False,False,0.0,31.075482269257154,inf,2.558547837285541,0.0,,False,low_risk_verified,,False,False,0.0,inf,inf,inf,False,0.0,,,
6000,1029,1,114,114,0.08228147029876709,0.15655875205993652,0.08228147029876709,0.15655875205993652,0.0,0.0,True,False,inactive_raw_action,raw_action_safe,0,0,0,0,low_risk_verified_passthrough,0,0,0,False,False,False,False,False,False,False,False,True,0.43618207127167763,13.229557333999768,0.0,False,max_steps,,inf,,inf,inf,inf,inf,inf,inf,inf,inf,0.0,{'ROAD_LINE_BROKEN_SINGLE_WHITE'},False,False,,False,False,,0,True,,False,0,0,,inf,inf,inf,inf,False,False,2.982003311903134,inf,1.087047218724146,False,False,1,-1,,False,False,0.0,30.775863681563354,inf,2.582713944463275,0.0,,False,low_risk_verified,,False,False,0.0,inf,inf,inf,False,0.0,,,
6000,1029,1,115,115,0.10587036609649658,-0.1326371431350708,0.10587036609649658,-0.1326371431350708,0.0,0.0,True,False,inactive_raw_action,raw_action_safe,0,0,0,0,low_risk_verified_passthrough,0,0,0,False,False,False,False,False,False,False,False,True,0.44115921663011165,12.844990906254267,0.0,False,max_steps,,inf,,inf,inf,inf,inf,inf,inf,inf,inf,0.0,{'ROAD_LINE_BROKEN_SINGLE_WHITE'},False,False,,False,False,,0,True,,False,0,0,,inf,inf,inf,inf,False,False,2.9399998832027436,inf,1.4006180782451467,False,False,1,-1,,False,False,0.0,29.893181650169847,inf,2.6119412012381775,0.0,,False,low_risk_verified,,False,False,0.0,inf,inf,inf,False,0.0,,,
6000,1029,1,116,116,0.0761117935180664,-0.18721288442611694,0.0761117935180664,-0.18721288442611694,0.0,0.0,True,False,inactive_raw_action,raw_action_safe,0,0,0,0,low_risk_verified_passthrough,0,0,0,False,False,False,False,False,False,False,False,True,0.4459817430626223,12.317852025912092,0.0,False,max_steps,,inf,,inf,inf,inf,inf,inf,inf,inf,inf,0.0,{'ROAD_LINE_BROKEN_SINGLE_WHITE'},False,False,,False,False,,0,True,,False,0,0,,inf,inf,inf,inf,False,False,2.902808496494214,inf,0.9776552955982655,False,False,1,-1,,False,False,0.0,29.234074896488075,inf,2.609947068242574,0.0,,False,low_risk_verified,,False,False,0.0,inf,inf,inf,False,0.0,,,
6000,1029,1,117,117,-0.009692668914794922,0.01690959930419922,-0.009692668914794922,0.01690959930419922,0.0,0.0,True,False,inactive_raw_action,raw_action_safe,0,0,0,0,low_risk_verified_passthrough,0,0,0,False,False,False,False,False,False,False,False,True,0.4506523677460719,12.320161916073824,0.0,False,max_steps,,inf,,inf,inf,inf,inf,inf,inf,inf,inf,0.0,{'ROAD_LINE_BROKEN_SINGLE_WHITE'},False,False,,False,False,,0,True,,False,0,0,,inf,inf,inf,inf,False,False,2.8662806169556614,inf,0.0,False,False,1,-1,,False,False,0.0,29.56193255798706,inf,2.5722940988822205,0.0,,False,low_risk_verified,,False,False,0.0,inf,inf,inf,False,0.0,,,
6000,1029,1,118,118,-0.08920085430145264,-0.009780704975128174,-0.08920085430145264,-0.009780704975128174,0.0,0.0,True,False,inactive_raw_action,raw_action_safe,0,0,0,0,low_risk_verified_passthrough,0,0,0,False,False,False,False,False,False,False,False,True,0.4553127885632193,12.27260907930036,0.0,False,max_steps,,inf,,inf,inf,inf,inf,inf,inf,inf,inf,0.0,{'ROAD_LINE_BROKEN_SINGLE_WHITE'},False,False,,False,False,,0,True,,False,0,0,,inf,inf,inf,inf,False,False,2.6931861617010813,inf,0.0,False,False,1,-1,,False,False,0.0,29.329061140458293,inf,2.51928315833046,0.0,,False,low_risk_verified,,False,False,0.0,inf,inf,inf,False,0.0,,,
6000,1029,1,119,119,-0.10947561264038086,-0.13629454374313354,-0.10947561264038086,-0.13629454374313354,0.0,0.0,True,False,inactive_raw_action,raw_action_safe,0,0,0,0,low_risk_verified_passthrough,0,0,0,False,False,False,False,False,False,False,False,True,0.4599265259693803,11.875422798160374,0.0,False,max_steps,,inf,,inf,inf,inf,inf,inf,inf,inf,inf,0.0,{'ROAD_LINE_BROKEN_SINGLE_WHITE'},False,False,,False,False,,0,True,,False,0,0,,inf,inf,inf,inf,False,False,2.630365364492649,inf,0.0,False,False,1,-1,,False,False,0.0,28.59348333403492,inf,2.4805019922538034,0.0,,False,low_risk_verified,,False,False,0.0,inf,inf,inf,False,0.0,,,
6000,1029,1,120,120,-0.04728299379348755,0.03853714466094971,-0.04728299379348755,0.03853714466094971,0.0,0.0,True,False,inactive_raw_action,raw_action_safe,0,0,0,0,low_risk_verified_passthrough,0,0,0,False,False,False,False,False,False,False,False,True,0.46443189426855175,11.889813155814117,0.0,False,max_steps,,inf,,inf,inf,inf,inf,inf,inf,inf,inf,0.0,{'ROAD_LINE_BROKEN_SINGLE_WHITE'},False,False,,False,False,,0,True,,False,0,0,,inf,inf,inf,inf,False,False,2.7809939414279565,inf,0.0,False,False,1,-1,,False,False,0.0,28.831836150692936,inf,2.478805405644916,0.0,,False,low_risk_verified,,False,False,0.0,inf,inf,inf,False,0.0,,,
6000,1029,1,121,121,0.6002039909362793,0.18975675106048584,0.6002039909362793,0.18975675106048584,0.0,0.0,True,False,inactive_raw_action,raw_action_safe,0,0,0,0,low_risk_verified_passthrough,0,0,0,False,False,False,False,False,False,False,False,True,0.4684571858506625,11.716609899559256,0.0,False,max_steps,,inf,,inf,inf,inf,inf,inf,inf,inf,inf,0.0,set(),False,False,,False,False,,0,True,,False,0,0,,inf,inf,inf,inf,False,False,2.807835313093401,inf,7.1363133076063106,False,False,1,-1,,False,False,0.0,28.893854137779606,inf,2.5148475619365445,0.0,,False,low_risk_verified,,False,False,0.0,inf,inf,inf,False,0.0,,,
6000,1029,1,122,122,0.7356581687927246,0.155784010887146,0.7356581687927246,0.155784010887146,0.0,0.0,True,False,inactive_raw_action,raw_action_safe,0,0,0,0,low_risk_verified_passthrough,0,0,0,False,False,False,False,False,False,False,False,True,0.4724033887885493,11.498431589216693,0.0,False,max_steps,,inf,,inf,inf,inf,inf,inf,inf,inf,inf,0.0,set(),False,False,,False,False,,0,True,,False,0,0,,inf,inf,inf,inf,False,False,2.8305616861004332,inf,8.619419783168471,False,False,1,-1,,False,False,0.0,28.466983734417475,inf,2.620479887349974,0.0,,False,low_risk_verified,,False,False,0.0,inf,inf,inf,False,0.0,,,
6000,1029,1,123,123,0.7870681285858154,0.2549581527709961,0.7870681285858154,0.2549581527709961,0.0,0.0,True,False,inactive_raw_action,raw_action_safe,0,0,0,0,low_risk_verified_passthrough,0,0,0,False,False,False,False,False,False,False,False,True,0.4762585532728988,11.284796855043808,0.0,False,max_steps,,inf,,inf,inf,inf,inf,inf,inf,inf,inf,0.0,set(),False,False,,False,False,,0,True,,False,0,0,,inf,inf,inf,inf,False,False,2.7353900675579617,inf,9.050049032596807,False,False,1,-1,,False,False,0.0,28.1881821526176,inf,2.6898520035196385,0.0,,False,low_risk_verified,,False,False,0.0,inf,inf,inf,False,0.0,,,
6000,1029,1,124,124,0.7825560569763184,0.45189034938812256,0.7825560569763184,0.45189034938812256,0.0,0.0,True,False,inactive_raw_action,raw_action_safe,0,0,0,0,low_risk_verified_passthrough,0,0,0,False,False,False,False,False,False,False,False,True,0.48003138487732255,11.118550321264202,0.0,False,max_steps,,inf,,inf,inf,inf,inf,inf,inf,inf,inf,0.0,set(),False,False,,False,False,,0,True,,False,0,0,,inf,inf,inf,inf,False,False,2.527850613885518,inf,8.83098613066184,False,False,1,-1,,False,False,0.0,28.064248203201323,inf,2.7968128877302205,0.0,,False,low_risk_verified,,False,False,0.0,inf,inf,inf,False,0.0,,,
6000,1029,1,125,125,0.7900185585021973,0.6797676086425781,0.7900185585021973,0.6797676086425781,0.0,0.0,True,False,inactive_raw_action,raw_action_safe,0,0,0,0,low_risk_verified_passthrough,0,0,0,False,False,False,False,False,False,False,False,True,0.4837411621418533,10.998398110831243,0.0,False,max_steps,,inf,,inf,inf,inf,inf,inf,inf,inf,inf,0.0,set(),False,False,,False,False,,0,True,,False,0,0,,inf,inf,inf,inf,False,False,2.212045839401303,inf,8.783861097439287,False,False,1,-1,,False,False,0.0,27.680244157317937,inf,2.8951116884829227,0.0,,False,low_risk_verified,,False,False,0.0,inf,inf,inf,False,0.0,,,
6000,1029,1,126,126,0.7418148517608643,0.7694070339202881,0.24626746773719788,0.30000001192092896,-0.4955473840236664,-0.46940702199935913,True,True,predictive_recovery,right_pass,-0.21621097075167361,14.46072976347254,10,10,,0,0,0,False,False,False,False,False,False,False,False,True,0.48741566800374264,11.037799928386718,0.0,False,max_steps,,inf,,inf,inf,inf,17.476951391100116,inf,1.9329529222309159,inf,inf,0.0,set(),True,True,vehicle_ttc,True,False,right,12,False,vehicle_ttc_low,False,0,0,,inf,inf,inf,inf,False,False,1.8057876111739082,inf,8.158775064193248,True,False,1,0,,False,False,0.0,27.374572939956074,inf,2.9329529222309163,0.0,,True,vehicle_ttc,,False,False,0.0,27.235796304269122,inf,2.952628848156842,False,-6.654500271066823,,,
6000,1029,1,127,127,0.5776453018188477,0.7681746482849121,0.22216898202896118,0.30000001192092896,-0.3554763197898865,-0.46817463636398315,True,True,predictive_recovery,right_pass,-0.3152401717639012,14.494585845668823,10,10,,0,0,0,False,False,False,False,False,False,False,False,True,0.491099245205357,11.10172262715131,0.0,False,max_steps,,inf,,inf,inf,inf,17.073688695349496,inf,2.0319821232431434,inf,inf,0.0,set(),True,True,vehicle_ttc,True,False,right,12,False,vehicle_ttc_low,False,0,0,,inf,inf,inf,inf,False,False,1.2916041496610187,inf,6.375933271049001,True,False,1,0,,False,False,0.0,27.17211868328343,inf,3.0319821232431434,0.0,,True,vehicle_ttc,,False,False,0.0,27.035423829083378,inf,3.05165804916907,False,-6.534210385914463,,,
6000,1029,1,128,128,0.6376621723175049,0.7984428405761719,0.19726376235485077,0.30000001192092896,-0.4403983950614929,-0.4984428286552429,True,True,predictive_recovery,right_pass,-0.34023849399416706,14.694715409744083,10,10,,0,0,0,False,False,False,False,False,False,False,False,True,0.4948019440693093,11.176386199475038,0.0,False,max_steps,,inf,,inf,inf,inf,16.737293023181156,inf,2.0569804454734095,inf,inf,0.0,set(),True,True,vehicle_ttc,True,False,right,12,False,vehicle_ttc_low,False,0,0,,inf,inf,inf,inf,False,False,0.7228890951659311,inf,7.079148566895701,True,False,1,0,,False,False,0.0,27.02204393735383,inf,3.056980445473409,0.0,,True,vehicle_ttc,,False,False,0.0,26.92214950594895,inf,3.0766563713993356,False,-6.799155222756212,,,
6000,1029,1,129,129,0.59040367603302,0.7800984382629395,0.16566267609596252,0.30000001192092896,-0.4247409999370575,-0.4800984263420105,True,True,predictive_recovery,right_pass,-0.35246774694483585,14.686829171658266,10,10,,0,0,0,False,False,False,False,False,False,False,False,True,0.4985283123509561,11.260214291630387,0.0,False,max_steps,,inf,,inf,inf,inf,16.64928910321569,inf,2.069209698424078,inf,inf,0.0,set(),True,True,vehicle_ttc,True,False,right,12,False,vehicle_ttc_low,False,0,0,,inf,inf,inf,inf,False,False,0.14379894975912696,inf,6.598579496934776,True,False,1,0,,False,False,0.0,26.812690741891217,inf,3.069209698424078,0.0,,True,vehicle_ttc,,False,False,0.0,26.747072982510698,inf,3.0888856243500045,False,-6.620892540954671,,,
6000,1029,1,130,130,0.58315110206604,0.7697460651397705,0.58315110206604,0.7697460651397705,0.0,0.0,True,False,inactive_raw_action,raw_action_safe,0,0,0,0,low_risk_verified_passthrough,0,0,0,False,False,False,False,False,False,False,False,True,0.5022717652747379,11.22936982457685,0.0,False,max_steps,,inf,,inf,inf,inf,inf,inf,inf,inf,inf,0.0,set(),False,False,,False,False,,0,True,,False,0,0,,inf,inf,inf,inf,False,False,inf,inf,6.566406373664035,False,False,1,-1,,False,False,0.0,26.684425315742068,inf,3.1011135051823957,0.0,,False,low_risk_verified,,False,False,0.0,inf,inf,inf,False,0.0,,,
6000,1029,1,131,131,0.5332334041595459,0.7943215370178223,0.5332334041595459,0.7943215370178223,0.0,0.0,True,False,inactive_raw_action,raw_action_safe,0,0,0,0,low_risk_verified_passthrough,0,0,0,False,False,False,False,False,False,False,False,True,0.5060089930568901,11.221774800280103,0.0,False,max_steps,,inf,,inf,inf,inf,inf,inf,inf,inf,inf,0.0,set(),False,False,,False,False,,0,True,,False,0,0,,inf,inf,inf,inf,False,False,inf,inf,5.987875098125596,False,False,1,-1,,False,False,0.0,26.593456377106556,inf,3.070809148729095,0.0,,False,low_risk_verified,,False,False,0.0,inf,inf,inf,False,0.0,,,
6000,1029,1,132,132,0.537834882736206,0.8590278625488281,0.537834882736206,0.8590278625488281,0.0,0.0,True,False,inactive_raw_action,raw_action_safe,0,0,0,0,low_risk_verified_passthrough,0,0,0,False,False,False,False,False,False,False,False,True,0.5097466537178929,11.222174436803638,0.0,False,max_steps,,inf,,inf,inf,inf,inf,inf,inf,inf,inf,0.0,set(),False,False,,False,False,,0,True,,False,0,0,,inf,inf,inf,inf,False,False,inf,inf,6.035461933800762,False,False,1,-1,,False,False,0.0,26.518643358321714,inf,3.0813216498231895,0.0,,False,low_risk_verified,,False,False,0.0,inf,inf,inf,False,0.0,,,
6000,1029,1,133,133,0.41173434257507324,0.8537431955337524,0.41173434257507324,0.8537431955337524,0.0,0.0,True,False,inactive_raw_action,raw_action_safe,0,0,0,0,low_risk_verified_passthrough,0,0,0,False,False,False,False,False,False,False,False,True,0.5134929869892377,11.27430029408127,0.0,False,max_steps,,inf,,inf,inf,inf,inf,inf,inf,inf,inf,0.0,set(),False,False,,False,False,,0,True,,False,0,0,,inf,inf,inf,inf,False,False,inf,inf,4.620554614000138,False,False,1,-1,,False,False,0.0,26.431587715214786,inf,3.0446995246214095,0.0,,False,low_risk_verified,,False,False,0.0,inf,inf,inf,False,0.0,,,
6000,1029,1,134,134,0.3319278955459595,0.8842835426330566,0.3319278955459595,0.8842835426330566,0.0,0.0,True,False,inactive_raw_action,raw_action_safe,0,0,0,0,low_risk_verified_passthrough,0,0,0,False,False,False,False,False,False,False,False,True,0.5172660811699221,11.37138326861147,0.0,False,max_steps,,inf,,inf,inf,inf,inf,inf,inf,inf,inf,0.0,set(),False,False,,False,False,,0,True,,False,0,0,,inf,inf,inf,inf,False,False,inf,inf,3.742254770367588,False,False,1,-1,,False,False,0.0,26.41280106071651,inf,2.961869771690506,0.0,,False,low_risk_verified,,False,False,0.0,inf,inf,inf,False,0.0,,,
6000,1029,1,135,135,0.22258460521697998,0.8945997953414917,0.22258460521697998,0.8945997953414917,0.0,0.0,True,False,inactive_raw_action,raw_action_safe,0,0,0,0,low_risk_verified_passthrough,0,0,0,False,False,False,False,False,False,False,False,True,0.5210892566232924,11.582952838371636,0.0,False,max_steps,,inf,,inf,inf,inf,inf,inf,inf,inf,inf,0.0,set(),False,False,,False,False,,0,True,,False,0,0,,inf,inf,inf,inf,False,False,inf,inf,2.531094855614856,False,False,1,-1,,False,False,0.0,26.481272893209752,inf,2.9114191423553826,0.0,,False,low_risk_verified,,False,False,0.0,inf,inf,inf,False,0.0,,,
6000,1029,1,136,136,0.16436386108398438,0.8613376617431641,0.16436386108398438,0.8613376617431641,0.0,0.0,True,False,inactive_raw_action,raw_action_safe,0,0,0,0,low_risk_verified_passthrough,0,0,0,False,False,False,False,False,False,False,False,True,0.524998302763793,11.820200200420924,0.0,False,max_steps,,inf,,inf,inf,inf,inf,inf,inf,inf,inf,0.0,set(),False,False,,False,False,,0,True,,False,0,0,,inf,inf,inf,inf,False,False,inf,inf,1.9038188512684582,False,False,1,-1,,False,False,0.0,26.63799386176175,inf,2.7802371140732958,0.0,,False,low_risk_verified,,False,False,0.0,inf,inf,inf,False,0.0,,,
6000,1029,1,137,137,0.07372868061065674,0.8809092044830322,0.07372868061065674,0.8809092044830322,0.0,0.0,True,False,inactive_raw_action,raw_action_safe,0,0,0,0,low_risk_verified_passthrough,0,0,0,False,False,False,False,False,False,False,False,True,0.5290131465195731,12.088510861935587,0.0,False,max_steps,,inf,,inf,inf,inf,inf,inf,inf,inf,inf,0.0,set(),False,False,,False,False,,0,True,,False,0,0,,inf,inf,inf,inf,False,False,inf,inf,0.871487765330855,False,False,1,-1,,False,False,0.0,26.870802430864185,inf,2.6678501440905236,0.0,,False,low_risk_verified,,False,False,0.0,inf,inf,inf,False,0.0,,,
6000,1029,1,138,138,-0.013561367988586426,0.8346956968307495,-0.013561367988586426,0.8346956968307495,0.0,0.0,True,False,inactive_raw_action,raw_action_safe,0,0,0,0,low_risk_verified_passthrough,0,0,0,False,False,False,False,False,False,False,False,True,0.533146517499079,12.33233276172889,0.0,False,max_steps,,inf,,inf,inf,inf,inf,inf,inf,inf,inf,0.0,set(),False,False,,False,False,,0,True,,False,0,0,,inf,inf,inf,inf,False,False,inf,inf,0.0,False,False,1,-1,,False,False,0.0,27.163166096524982,inf,2.549018430729699,0.0,,False,low_risk_verified,,False,False,0.0,inf,inf,inf,False,0.0,,,
6000,1029,1,139,139,-0.0039081573486328125,0.629679799079895,-0.0039081573486328125,0.629679799079895,0.0,0.0,True,False,inactive_raw_action,raw_action_safe,0,0,0,0,low_risk_verified_passthrough,0,0,0,False,False,False,False,False,False,False,False,True,0.5373790128849485,12.52100231904892,0.0,False,max_steps,,inf,,inf,inf,inf,inf,inf,inf,inf,inf,0.0,set(),False,False,,False,False,,0,True,,False,0,0,,inf,inf,inf,inf,False,False,inf,inf,0.0,False,False,1,-1,,False,False,0.0,27.49922250792097,inf,2.4419292329425835,0.0,,False,low_risk_verified,,False,False,0.0,inf,inf,inf,False,0.0,,,
6000,1029,1,140,140,0.07368302345275879,0.20583081245422363,0.07368302345275879,0.20583081245422363,0.0,0.0,True,False,inactive_raw_action,raw_action_safe,0,0,0,0,low_risk_verified_passthrough,0,0,0,False,False,False,False,False,False,False,False,True,0.5416623085536073,12.566411070939115,0.0,False,max_steps,,inf,,inf,inf,inf,inf,inf,inf,inf,inf,0.0,set(),False,False,,False,False,,0,True,,False,0,0,,inf,inf,inf,inf,False,False,inf,inf,0.9225853075265288,False,False,1,-1,,False,False,0.0,27.834928831371677,inf,2.4085278834185995,0.0,,False,low_risk_verified,,False,False,0.0,inf,inf,inf,False,0.0,,,
6000,1029,1,141,141,0.18262994289398193,0.06468749046325684,0.18262994289398193,0.06468749046325684,0.0,0.0,True,False,inactive_raw_action,raw_action_safe,0,0,0,0,low_risk_verified_passthrough,0,0,0,False,False,False,False,False,False,False,False,True,0.545943471457495,12.532695509129123,0.0,False,max_steps,,inf,,inf,inf,inf,inf,inf,inf,inf,inf,0.0,set(),False,False,,False,False,,0,True,,False,0,0,,inf,inf,inf,inf,False,False,inf,inf,2.2950029362679127,False,False,1,-1,,False,False,0.0,28.123368990069288,inf,2.419890652066515,0.0,,False,low_risk_verified,,False,False,0.0,inf,inf,inf,False,0.0,,,
6000,1029,1,142,142,0.304953932762146,0.23697733879089355,0.304953932762146,0.23697733879089355,0.0,0.0,True,False,inactive_raw_action,raw_action_safe,0,0,0,0,low_risk_verified_passthrough,0,0,0,False,False,False,False,False,False,False,False,True,0.5501992797442358,12.495349024515999,0.0,False,max_steps,,inf,,inf,inf,inf,inf,inf,inf,inf,inf,0.0,set(),False,False,,False,False,,0,True,,False,0,0,,inf,inf,inf,inf,False,False,inf,inf,3.821894783619412,False,False,1,-1,,False,False,0.0,28.50867961891477,inf,2.510833477612185,0.0,,False,low_risk_verified,,False,False,0.0,inf,inf,inf,False,0.0,,,
6000,1029,1,143,143,0.28891682624816895,0.5369291305541992,0.28891682624816895,0.5369291305541992,0.0,0.0,True,False,inactive_raw_action,raw_action_safe,0,0,0,0,low_risk_verified_passthrough,0,0,0,False,False,False,False,False,False,False,False,True,0.5544362349052867,12.536239432320594,0.0,False,max_steps,,inf,,inf,inf,inf,inf,inf,inf,inf,inf,0.0,set(),False,False,,False,False,,0,True,,False,0,0,,inf,inf,inf,inf,False,False,inf,inf,3.610116583026316,False,False,1,-1,,False,False,0.0,28.730916916484247,inf,2.541701865065829,0.0,,False,low_risk_verified,,False,False,0.0,inf,inf,inf,False,0.0,,,
6000,1029,1,144,144,0.18891680240631104,0.6940948963165283,0.18891680240631104,0.6940948963165283,0.0,0.0,True,False,inactive_raw_action,raw_action_safe,0,0,0,0,low_risk_verified_passthrough,0,0,0,False,False,False,False,False,False,False,False,True,0.5586856277974823,12.700860379141158,0.0,False,max_steps,,inf,,inf,inf,inf,inf,inf,inf,inf,inf,0.0,set(),False,False,,False,False,,0,True,,False,0,0,,inf,inf,inf,inf,False,False,inf,inf,2.3683062677539146,False,False,1,-1,,False,False,0.0,29.2663194745872,inf,2.65241188047549,0.0,,False,low_risk_verified,,False,False,0.0,inf,inf,inf,False,0.0,,,
6000,1029,1,145,145,0.07930421829223633,0.7639057636260986,0.07930421829223633,0.7639057636260986,0.0,0.0,True,False,inactive_raw_action,raw_action_safe,0,0,0,0,low_risk_verified_passthrough,0,0,0,False,False,False,False,False,False,False,False,True,0.5629808521525652,12.930772049804343,0.0,False,max_steps,,inf,,inf,inf,inf,inf,inf,inf,inf,inf,0.0,set(),False,False,,False,False,,0,True,,False,0,0,,inf,inf,inf,inf,False,False,inf,inf,1.007231804006626,False,False,1,-1,,False,False,0.0,29.718976593402683,inf,2.691849324820972,0.0,,False,low_risk_verified,,False,False,0.0,inf,inf,inf,False,0.0,,,
6000,1029,1,146,146,0.058156728744506836,0.7727773189544678,0.058156728744506836,0.7727773189544678,0.0,0.0,True,False,inactive_raw_action,raw_action_safe,0,0,0,0,low_risk_verified_passthrough,0,0,0,False,False,False,False,False,False,False,False,True,0.5673278254492611,13.163936451255871,0.0,False,max_steps,,inf,,inf,inf,inf,inf,inf,inf,inf,inf,0.0,set(),False,False,,False,False,,0,True,,False,0,0,,inf,inf,inf,inf,False,False,inf,inf,0.7520114025575219,False,False,1,-1,,False,False,0.0,30.22270981585876,inf,2.778843355002826,0.0,,False,low_risk_verified,,False,False,0.0,inf,inf,inf,False,0.0,,,
6000,1029,1,147,147,0.060790061950683594,0.528516411781311,0.060790061950683594,0.528516411781311,0.0,0.0,True,False,inactive_raw_action,raw_action_safe,0,0,0,0,low_risk_verified_passthrough,0,0,0,False,False,False,False,False,False,False,False,True,0.5717084823655292,13.31966173036042,0.0,False,max_steps,,inf,,inf,inf,inf,inf,inf,inf,inf,inf,0.0,set(),False,False,,False,False,,0,True,,False,0,0,,inf,inf,inf,inf,False,False,inf,inf,0.8002365123867063,False,False,1,-1,,False,False,0.0,30.74887135419961,inf,2.882280984734964,0.0,,False,low_risk_verified,,False,False,0.0,inf,inf,inf,False,0.0,,,
6000,1029,1,148,148,0.169935941696167,0.29161739349365234,0.169935941696167,0.29161739349365234,0.0,0.0,True,False,inactive_raw_action,raw_action_safe,0,0,0,0,low_risk_verified_passthrough,0,0,0,False,False,False,False,False,False,False,False,True,0.5760835673574488,13.343085910724898,0.0,False,max_steps,,inf,,inf,inf,inf,inf,inf,inf,inf,inf,0.0,set(),False,False,,False,False,,0,True,,False,0,0,,inf,inf,inf,inf,False,False,inf,inf,2.2634892592231948,False,False,1,-1,,False,False,0.0,31.293852324932796,inf,3.0280556938385437,0.0,,False,low_risk_verified,,False,False,0.0,inf,inf,inf,False,0.0,,,
6000,1029,1,149,149,0.2896472215652466,0.22547495365142822,0.2896472215652466,0.22547495365142822,0.0,0.0,True,False,inactive_raw_action,raw_action_safe,0,0,0,0,low_risk_verified_passthrough,0,0,0,False,False,False,False,False,False,False,False,True,0.5804208374753147,13.307076976353972,0.0,False,max_steps,,inf,,inf,inf,inf,inf,inf,inf,inf,inf,0.0,set(),False,False,,False,False,,0,True,,False,0,0,,inf,inf,inf,inf,False,False,inf,inf,3.8647877611478547,False,False,1,-1,,False,False,0.0,31.783774895684406,inf,3.2275275077876295,0.0,,False,low_risk_verified,,False,False,0.0,inf,inf,inf,False,0.0,,,
6000,1029,1,150,150,0.2777048349380493,0.21095478534698486,0.2777048349380493,0.21095478534698486,0.0,0.0,True,False,inactive_raw_action,raw_action_safe,0,0,0,0,low_risk_verified_passthrough,0,0,0,False,False,False,False,False,False,False,False,True,0.5847097943151116,13.276344373580459,0.0,False,max_steps,,inf,,inf,inf,inf,inf,inf,inf,inf,inf,0.0,set(),False,False,,False,False,,0,True,,False,0,0,,inf,inf,inf,inf,False,False,inf,inf,3.695439615226296,False,False,1,-1,,False,False,0.0,32.321200345477145,inf,3.3974165377945265,0.0,,False,low_risk_verified,,False,False,0.0,inf,inf,inf,False,0.0,,,
6000,1029,1,151,151,0.3387683629989624,0.2512561082839966,0.3387683629989624,0.2512561082839966,0.0,0.0,True,False,inactive_raw_action,raw_action_safe,0,0,0,0,low_risk_verified_passthrough,0,0,0,False,False,False,False,False,False,False,False,True,0.5889543168278778,13.2285437173716,0.0,False,max_steps,,inf,,inf,inf,inf,inf,inf,inf,inf,inf,0.0,set(),False,False,,False,False,,0,True,,False,0,0,,inf,inf,inf,inf,False,False,inf,inf,4.497605450048337,False,False,1,-1,,False,False,0.0,32.81801298610208,inf,3.604256920890639,0.0,,False,low_risk_verified,,False,False,0.0,inf,inf,inf,False,0.0,,,
6000,1029,1,152,152,0.2496495246887207,0.11117744445800781,0.2496495246887207,0.11117744445800781,0.0,0.0,True,False,inactive_raw_action,raw_action_safe,0,0,0,0,low_risk_verified_passthrough,0,0,0,False,False,False,False,False,False,False,False,True,0.5931551567180591,13.1920469845787,0.0,False,max_steps,,inf,,inf,inf,inf,inf,inf,inf,inf,inf,0.0,set(),False,False,,False,False,,0,True,,False,0,0,,inf,inf,inf,inf,False,False,inf,inf,0.0,False,False,1,-1,,False,False,0.0,33.308837804377326,inf,3.6355142822265623,0.0,,False,low_risk_verified,,False,False,0.0,inf,inf,inf,False,0.0,,,
6000,1029,1,153,153,0.1227942705154419,0.8431968688964844,0.1227942705154419,0.8431968688964844,0.0,0.0,True,False,inactive_raw_action,raw_action_safe,0,0,0,0,low_risk_verified_passthrough,0,0,0,False,False,False,False,False,False,False,False,True,0.5981727562149918,13.413864727895653,0.0,False,max_steps,,inf,,inf,inf,inf,inf,inf,inf,inf,inf,0.0,set(),False,False,,False,False,,0,True,,False,0,0,,inf,inf,inf,inf,False,False,inf,inf,0.0,False,False,1,-1,,False,False,0.0,33.86538362476308,inf,3.5307169189453123,0.0,,False,low_risk_verified,,False,False,0.0,inf,inf,inf,False,0.0,,,
6000,1029,1,154,154,-0.09135884046554565,0.8999426364898682,-0.09135884046554565,0.8999426364898682,0.0,0.0,True,False,inactive_raw_action,raw_action_safe,0,0,0,0,low_risk_verified_passthrough,0,0,0,False,False,False,False,False,False,False,False,True,0.6032636544484006,13.573484707794044,0.0,False,max_steps,,inf,,inf,inf,inf,inf,inf,inf,inf,inf,0.0,set(),False,False,,False,False,,0,True,,False,0,0,,inf,inf,inf,inf,False,False,inf,inf,1.2254751277022289,False,False,1,-1,,False,False,0.0,34.464416929761036,inf,3.5014963378906248,0.0,,False,low_risk_verified,,False,False,0.0,inf,inf,inf,False,0.0,,,
6000,1029,1,155,155,-0.23778390884399414,0.831045389175415,-0.23778390884399414,0.831045389175415,0.0,0.0,True,False,inactive_raw_action,raw_action_safe,0,0,0,0,low_risk_verified_passthrough,0,0,0,False,False,False,False,False,False,False,False,True,0.6084109413282376,13.662196512191707,0.0,False,max_steps,,inf,,inf,inf,inf,inf,inf,inf,inf,inf,0.0,set(),False,False,,False,False,,0,True,,False,0,0,,inf,inf,inf,inf,False,False,inf,inf,3.2275562504534476,False,False,1,-1,,False,False,0.0,35.06795349121169,inf,3.5204019775390623,0.0,,False,low_risk_verified,,False,False,0.0,inf,inf,inf,False,0.0,,,
6000,1029,1,156,156,-0.3283257484436035,0.524409294128418,-0.3283257484436035,0.524409294128418,0.0,0.0,True,False,inactive_raw_action,raw_action_safe,0,0,0,0,low_risk_verified_passthrough,0,0,0,False,False,False,False,False,False,False,False,True,0.6135838390453093,13.661903798194123,0.0,False,max_steps,,inf,,inf,inf,inf,inf,inf,inf,inf,inf,0.0,set(),False,False,,False,False,,0,True,,False,0,0,,inf,inf,inf,inf,False,False,inf,inf,4.485650895248932,False,False,1,-1,,False,False,0.0,35.67811987287924,inf,3.5300455322265623,0.0,,False,low_risk_verified,,False,False,0.0,inf,inf,inf,False,0.0,,,
6000,1029,1,157,157,-0.23831939697265625,0.6657161712646484,-0.23831939697265625,0.6657161712646484,0.0,0.0,True,False,inactive_raw_action,raw_action_safe,0,0,0,0,low_risk_verified_passthrough,0,0,0,False,False,False,False,False,False,False,False,True,0.6187538316956293,13.743556298377786,0.0,False,max_steps,,inf,,inf,inf,inf,inf,inf,inf,inf,inf,0.0,set(),False,False,,False,False,,0,True,,False,0,0,,inf,inf,inf,inf,False,False,inf,inf,3.2558966746840654,False,False,1,-1,,False,False,0.0,36.290468495058896,inf,3.4979105224609373,0.0,,False,low_risk_verified,,False,False,0.0,inf,inf,inf,False,0.0,,,
6000,1029,1,158,158,-0.06615239381790161,0.7899550199508667,-0.06615239381790161,0.7899550199508667,0.0,0.0,True,False,inactive_raw_action,raw_action_safe,0,0,0,0,low_risk_verified_passthrough,0,0,0,False,False,False,False,False,False,False,False,True,0.6239482066723684,13.98465440021244,0.0,False,max_steps,,inf,,inf,inf,inf,inf,inf,inf,inf,inf,0.0,set(),False,False,,False,False,,0,True,,False,0,0,,inf,inf,inf,inf,False,False,inf,inf,0.9091691487087894,False,False,1,-1,,False,False,0.0,36.950180727314496,inf,3.4016885986328123,0.0,,False,low_risk_verified,,False,False,0.0,inf,inf,inf,False,0.0,,,
6000,1029,1,159,159,0.08956992626190186,0.8229496479034424,0.08956992626190186,0.8229496479034424,0.0,0.0,True,False,inactive_raw_action,raw_action_safe,0,0,0,0,low_risk_verified_passthrough,0,0,0,False,False,False,False,False,False,False,False,True,0.6292128524677503,14.147062140195036,0.0,False,max_steps,,inf,,inf,inf,inf,inf,inf,inf,inf,inf,0.0,{'ROAD_LINE_BROKEN_SINGLE_WHITE'},False,False,,False,False,,0,True,,False,0,0,,inf,inf,inf,inf,False,False,inf,inf,0.0,False,False,1,-1,,False,False,0.0,37.685308738788436,inf,3.2456369628906248,0.0,,False,low_risk_verified,,False,False,0.0,inf,inf,inf,False,0.0,,,
6000,1029,1,160,160,0.18424725532531738,0.6663495302200317,0.18424725532531738,0.6663495302200317,0.0,0.0,True,False,inactive_raw_action,raw_action_safe,0,0,0,0,low_risk_verified_passthrough,0,0,0,False,False,False,False,False,False,False,False,True,0.6345448351088862,14.234542235943357,0.0,False,max_steps,,inf,,inf,inf,inf,inf,inf,inf,inf,inf,0.0,{'ROAD_LINE_BROKEN_SINGLE_WHITE'},False,False,,False,False,,0,True,,False,0,0,,inf,inf,inf,inf,False,False,inf,inf,0.0,False,False,1,-1,,False,False,0.0,38.44425391825796,inf,3.0665292968749998,0.0,,False,low_risk_verified,,False,False,0.0,inf,inf,inf,False,0.0,,,
6000,1029,1,161,161,0.1894928216934204,0.4295625686645508,0.1894928216934204,0.4295625686645508,0.0,0.0,True,False,inactive_raw_action,raw_action_safe,0,0,0,0,low_risk_verified_passthrough,0,0,0,False,False,False,False,False,False,False,False,True,0.6399253800599026,14.28340285953452,0.0,False,max_steps,,inf,,inf,inf,inf,inf,inf,inf,inf,inf,0.0,{'ROAD_LINE_BROKEN_SINGLE_WHITE'},False,False,,False,False,,0,True,,False,0,0,,inf,inf,inf,inf,False,False,inf,inf,0.0,False,False,1,-1,,False,False,0.0,39.22227693873479,inf,2.9108743896484373,0.0,,False,low_risk_verified,,False,False,0.0,inf,inf,inf,False,0.0,,,
6000,1029,1,162,162,0.14413225650787354,0.5369467735290527,0.14413225650787354,0.5369467735290527,0.0,0.0,True,False,inactive_raw_action,raw_action_safe,0,0,0,0,low_risk_verified_passthrough,0,0,0,False,False,False,False,False,False,False,False,True,0.6453455697775865,14.413258743233898,0.0,False,max_steps,,inf,,inf,inf,inf,inf,inf,inf,inf,inf,0.0,{'ROAD_LINE_BROKEN_SINGLE_WHITE'},False,False,,False,False,,0,True,,False,0,0,,inf,inf,inf,inf,False,False,inf,inf,0.0,False,False,1,-1,,False,False,0.0,40.02205973473232,inf,2.8051309814453123,0.0,,False,low_risk_verified,,False,False,0.0,inf,inf,inf,False,0.0,,,
6000,1029,1,163,163,-0.024753153324127197,0.6193444728851318,-0.024753153324127197,0.6193444728851318,0.0,0.0,True,False,inactive_raw_action,raw_action_safe,0,0,0,0,low_risk_verified_passthrough,0,0,0,False,False,False,False,False,False,False,False,True,0.6508160272672241,14.56751575790871,0.0,False,max_steps,,inf,,inf,inf,inf,inf,inf,inf,inf,inf,0.0,{'ROAD_LINE_BROKEN_SINGLE_WHITE'},False,False,,False,False,,0,True,,False,0,0,,inf,inf,inf,inf,False,False,inf,inf,0.35677360357158555,False,False,1,-1,,False,False,0.0,40.8683252588358,inf,2.7670450439453123,0.0,,False,low_risk_verified,,False,False,0.0,inf,inf,inf,False,0.0,,,
6000,1029,1,164,164,-0.11790794134140015,0.5522671937942505,-0.11790794134140015,0.5522671937942505,0.0,0.0,True,False,inactive_raw_action,raw_action_safe,0,0,0,0,low_risk_verified_passthrough,0,0,0,False,False,False,False,False,False,False,False,True,0.6563405247796723,14.665804882600414,0.0,False,max_steps,,inf,,inf,inf,inf,inf,inf,inf,inf,inf,0.0,{'ROAD_LINE_BROKEN_SINGLE_WHITE'},False,False,,False,False,,0,True,,False,0,0,,inf,inf,inf,inf,False,False,inf,inf,1.7176257934734225,False,False,1,-1,,False,False,0.0,41.751192599622485,inf,2.7808237304687498,0.0,,False,low_risk_verified,,False,False,0.0,inf,inf,inf,False,0.0,,,
6000,1029,1,165,165,-0.1793980598449707,0.06339514255523682,-0.1793980598449707,0.06339514255523682,0.0,0.0,True,False,inactive_raw_action,raw_action_safe,0,0,0,0,low_risk_verified_passthrough,0,0,0,False,False,False,False,False,False,False,False,True,0.6618900550066185,14.63228041435903,0.0,False,max_steps,,inf,,inf,inf,inf,inf,inf,inf,inf,inf,0.0,{'ROAD_LINE_BROKEN_SINGLE_WHITE'},False,False,,False,False,,0,True,,False,0,0,,inf,inf,inf,inf,False,False,inf,inf,2.6310169420034124,False,False,1,-1,,False,False,0.0,42.60574721721604,inf,2.7849741210937498,0.0,,False,low_risk_verified,,False,False,0.0,inf,inf,inf,False,0.0,,,
6000,1029,1,166,166,-0.08021491765975952,0.1788647174835205,-0.08021491765975952,0.1788647174835205,0.0,0.0,True,False,inactive_raw_action,raw_action_safe,0,0,0,0,low_risk_verified_passthrough,0,0,0,False,False,False,False,False,False,False,False,True,0.6674284852770206,14.68507474988385,0.0,False,max_steps,,inf,,inf,inf,inf,inf,inf,inf,inf,inf,0.0,{'ROAD_LINE_BROKEN_SINGLE_WHITE'},False,False,,False,False,,0,True,,False,0,0,,inf,inf,inf,inf,False,False,inf,inf,1.1737271686123216,False,False,1,-1,,False,False,0.0,43.585196072209904,inf,2.7480020751953123,0.0,,False,low_risk_verified,,False,False,0.0,inf,inf,inf,False,0.0,,,
6000,1029,1,167,167,0.011018157005310059,0.35056376457214355,0.011018157005310059,0.35056376457214355,0.0,0.0,True,False,inactive_raw_action,raw_action_safe,0,0,0,0,low_risk_verified_passthrough,0,0,0,False,False,False,False,False,False,False,False,True,0.6729817877548235,14.785838025608408,0.0,False,max_steps,,inf,,inf,inf,inf,inf,inf,inf,inf,inf,0.0,{'ROAD_LINE_BROKEN_SINGLE_WHITE'},False,False,,False,False,,0,True,,False,0,0,,inf,inf,inf,inf,False,False,inf,inf,0.0,False,False,1,-1,,False,False,0.0,44.56779127840091,inf,2.6566934814453123,0.0,,False,low_risk_verified,,False,False,0.0,inf,inf,inf,False,0.0,,,
6000,1029,1,168,168,0.10522592067718506,0.27030277252197266,0.10522592067718506,0.27030277252197266,0.0,0.0,True,False,inactive_raw_action,raw_action_safe,0,0,0,0,low_risk_verified_passthrough,0,0,0,False,False,False,False,False,False,False,False,True,0.6785689971311324,14.824741385407325,0.0,False,max_steps,,inf,,inf,inf,inf,inf,inf,inf,inf,inf,0.0,{'ROAD_LINE_BROKEN_SINGLE_WHITE'},False,False,,False,False,,0,True,,False,0,0,,inf,inf,inf,inf,False,False,inf,inf,0.0,False,False,1,-1,,False,False,0.0,45.604655153748865,inf,2.5367136230468748,0.0,,False,low_risk_verified,,False,False,0.0,inf,inf,inf,False,0.0,,,
6000,1029,1,169,169,0.13172292709350586,-0.030142009258270264,0.13172292709350586,-0.030142009258270264,0.0,0.0,True,False,inactive_raw_action,raw_action_safe,0,0,0,0,low_risk_verified_passthrough,0,0,0,False,False,False,False,False,False,False,False,True,0.684169300987427,14.717204729805951,0.0,False,max_steps,,inf,,inf,inf,inf,inf,inf,inf,inf,inf,0.0,{'ROAD_LINE_BROKEN_SINGLE_WHITE'},False,False,,False,False,,0,True,,False,0,0,,inf,inf,inf,inf,False,False,inf,inf,0.0,False,False,1,-1,,False,False,0.0,46.54265529898487,inf,2.4249735107421873,0.0,,False,low_risk_verified,,False,False,0.0,inf,inf,inf,False,0.0,,,
6000,1029,1,170,170,0.11356544494628906,0.10204923152923584,0.11356544494628906,0.10204923152923584,0.0,0.0,True,False,inactive_raw_action,raw_action_safe,0,0,0,0,low_risk_verified_passthrough,0,0,0,False,False,False,False,False,False,False,False,True,0.6897482143024646,14.73483070913797,0.0,False,max_steps,,inf,,inf,inf,inf,inf,inf,inf,inf,inf,0.0,{'ROAD_LINE_BROKEN_SINGLE_WHITE'},False,False,,False,False,,0,True,,False,0,0,,inf,inf,inf,inf,False,False,inf,inf,0.0,False,False,1,-1,,False,False,0.0,47.686012826940896,inf,2.3578043212890623,0.0,,False,low_risk_verified,,False,False,0.0,inf,inf,inf,False,0.0,,,
6000,1029,1,171,171,-0.007269322872161865,0.23423290252685547,-0.007269322872161865,0.23423290252685547,0.0,0.0,True,False,inactive_raw_action,raw_action_safe,0,0,0,0,low_risk_verified_passthrough,0,0,0,False,False,False,False,False,False,False,False,True,0.6953342096210265,14.799934593730468,0.0,False,max_steps,,inf,,inf,inf,inf,inf,inf,inf,inf,inf,0.0,{'ROAD_LINE_BROKEN_SINGLE_WHITE'},False,False,,False,False,,0,True,,False,0,0,,inf,inf,inf,inf,False,False,inf,inf,0.10711224189136968,False,False,1,-1,,False,False,0.0,48.82034717223222,inf,2.3526468505859373,0.0,,False,low_risk_verified,,False,False,0.0,inf,inf,inf,False,0.0,,,
6000,1029,1,172,172,-0.11840564012527466,0.15535879135131836,-0.11840564012527466,0.15535879135131836,0.0,0.0,True,False,inactive_raw_action,raw_action_safe,0,0,0,0,low_risk_verified_passthrough,0,0,0,False,False,False,False,False,False,False,False,True,0.7009388927570513,14.801439723484048,0.0,False,max_steps,,inf,,inf,inf,inf,inf,inf,inf,inf,inf,0.0,{'ROAD_LINE_BROKEN_SINGLE_WHITE'},False,False,,False,False,,0,True,,False,0,0,,inf,inf,inf,inf,False,False,inf,inf,1.7523957293828527,False,False,1,-1,,False,False,0.0,49.950077998072565,inf,2.3905802001953123,0.0,,False,low_risk_verified,,False,False,0.0,inf,inf,inf,False,0.0,,,
6000,1029,1,173,173,-0.1885662078857422,-0.21671664714813232,-0.1885662078857422,-0.21671664714813232,0.0,0.0,True,False,inactive_raw_action,raw_action_safe,0,0,0,0,low_risk_verified_passthrough,0,0,0,False,False,False,False,False,False,False,False,True,0.7065020233213778,14.311557136845785,0.0,False,max_steps,,inf,,inf,inf,inf,inf,inf,inf,inf,inf,0.0,{'ROAD_LINE_BROKEN_SINGLE_WHITE'},False,False,,False,False,,0,True,,False,0,0,,inf,inf,inf,inf,False,False,5.830291702031896,inf,2.7910513599067754,False,False,1,-1,,False,False,0.0,29.453708731808657,inf,2.4221506347656248,0.0,,False,low_risk_verified,,False,False,0.0,inf,inf,inf,False,0.0,,,
6000,1029,1,174,174,-0.09158271551132202,-0.006036043167114258,-0.09158271551132202,-0.006036043167114258,0.0,0.0,True,False,inactive_raw_action,raw_action_safe,0,0,0,0,low_risk_verified_passthrough,0,0,0,False,False,False,False,False,False,False,False,True,0.7119239329542033,14.291493048991496,0.0,False,max_steps,,inf,,inf,inf,inf,inf,inf,inf,inf,inf,0.0,{'ROAD_LINE_BROKEN_SINGLE_WHITE'},False,False,,False,False,,0,True,,False,0,0,,inf,inf,inf,inf,False,False,6.161168162313838,inf,1.3106912657877778,False,False,1,-1,,False,False,0.0,25.336471087798145,inf,2.4110117187499998,0.0,,False,low_risk_verified,,False,False,0.0,inf,inf,inf,False,0.0,,,
6000,1029,1,175,175,-0.0012127161026000977,0.19468605518341064,-0.0012127161026000977,0.19468605518341064,0.0,0.0,True,False,inactive_raw_action,raw_action_safe,0,0,0,0,low_risk_verified_passthrough,0,0,0,False,False,False,False,False,False,False,False,True,0.7173308981142857,14.348946126837355,0.0,False,max_steps,,inf,,inf,inf,inf,inf,inf,inf,inf,inf,0.0,{'ROAD_LINE_BROKEN_SINGLE_WHITE'},False,False,,False,False,,0,True,,False,0,0,,inf,inf,inf,inf,False,False,6.202273677851135,inf,0.017331523750709354,False,False,1,-1,,False,False,0.0,22.56749442209521,inf,2.3439340820312498,0.0,,False,low_risk_verified,,False,False,0.0,inf,inf,inf,False,0.0,,,
6000,1029,1,176,176,0.08961403369903564,0.15835785865783691,0.08961403369903564,0.15835785865783691,0.0,0.0,True,False,inactive_raw_action,raw_action_safe,0,0,0,0,low_risk_verified_passthrough,0,0,0,False,False,False,False,False,False,False,False,True,0.7227553948463578,14.367137947801526,0.0,False,max_steps,,inf,,inf,inf,inf,inf,inf,inf,inf,inf,0.0,{'ROAD_LINE_BROKEN_SINGLE_WHITE'},False,False,,False,False,,0,True,,False,0,0,,inf,inf,inf,inf,False,False,6.1955162824863494,inf,0.0,False,False,1,-1,,False,False,0.0,22.6385435420192,inf,2.2442484130859373,0.0,,False,low_risk_verified,,False,False,0.0,inf,inf,inf,False,0.0,,,
6000,1029,1,177,177,0.3756006956100464,0.5841084718704224,0.3756006956100464,0.5841084718704224,0.0,0.0,True,False,inactive_raw_action,raw_action_safe,0,0,0,0,low_risk_verified_passthrough,0,0,0,False,False,False,False,False,False,False,False,True,0.7281927548093209,14.356271758527615,0.0,False,max_steps,static_obstacle,58.609161376953125,,inf,inf,inf,inf,inf,inf,inf,inf,0.0,{'ROAD_LINE_BROKEN_SINGLE_WHITE'},False,False,,False,False,,0,True,,False,0,0,static_obstacle,58.61037165561409,61.113819680129254,4.786184295324672,inf,False,False,6.241981694982946,4.253722620480647,0.0,False,False,1,-1,,False,False,0.0,17.844921546423247,8.884948206535892,2.1486520996093748,0.0,,False,low_risk_verified,,False,False,0.0,inf,inf,inf,False,0.0,,,
6000,1029,1,178,178,0.3451042175292969,0.8253227472305298,0.3451042175292969,0.8253227472305298,0.0,0.0,True,False,inactive_raw_action,raw_action_safe,0,0,0,0,low_risk_verified_passthrough,0,0,0,False,False,False,False,False,False,False,False,True,0.7336361272487454,14.406650333409731,0.0,False,max_steps,static_obstacle,57.174041748046875,,inf,inf,inf,inf,inf,inf,inf,inf,0.0,{'ROAD_LINE_BROKEN_SINGLE_WHITE'},False,False,,False,False,,0,True,,False,0,0,static_obstacle,57.17724494431196,59.80693573413896,3.2547527985419684,inf,False,False,6.340035893308817,4.16590997579951,0.0,False,False,1,-1,,False,False,0.0,15.645444972099899,5.4114636929234505,2.0922098388671873,0.0,,False,low_risk_verified,,False,False,0.0,inf,inf,inf,False,0.0,,,
6000,1029,1,179,179,0.2251213788986206,0.9063925743103027,0.2251213788986206,0.9063925743103027,0.0,0.0,True,False,inactive_raw_action,raw_action_safe,0,0,0,0,low_risk_verified_passthrough,0,0,0,False,False,False,False,False,False,False,False,True,0.7390982019587012,14.538755156749378,0.0,False,max_steps,static_obstacle,55.737335205078125,,inf,inf,inf,inf,inf,inf,inf,inf,0.0,{'ROAD_LINE_BROKEN_SINGLE_WHITE'},False,False,,False,False,,0,True,,False,0,0,static_obstacle,55.741017939982996,58.50194677961657,0.7791562387271669,inf,False,False,6.405043907231835,4.0607598175647865,0.0,False,False,1,-1,,False,False,0.0,14.755468245540296,3.280524097076244,2.0945596923828123,0.0,,False,low_risk_verified,,False,False,0.0,inf,inf,inf,False,0.0,,,
6000,1029,1,180,180,0.08764874935150146,0.9241542816162109,-0.076704241335392,0.30000001192092896,-0.16435298323631287,-0.624154269695282,True,True,predictive_recovery,right_pass,-3.2226359049479165,18.697449424022327,10,7,,0,0,0,False,False,False,False,False,False,False,False,True,0.7445859164120286,14.577532320776205,0.0,False,max_steps,static_obstacle,54.295692443847656,,inf,inf,inf,14.191809256394905,1.56384229919308,0.5013640950520833,1.1208469747795533,0.8492593617380402,0.0,{'ROAD_LINE_BROKEN_SINGLE_WHITE'},True,True,raw_collision_risk:static_collision,True,False,right,12,False,raw_predicted_collision,False,0,0,static_obstacle,54.29789834733843,57.08275004254521,0.0,54.57525004254521,False,False,6.400375743808077,3.926247428140055,0.0,True,False,1,0,,True,False,0.0,14.07571759397474,5.904708865914841,2.1680307617187498,0.0,static_collision,True,raw_collision_risk:static_collision,,False,False,0.8222070463204092,14.585620730778022,2.2529951228949323,0.5013640950520833,False,-7.370222812384412,,,
6000,1029,1,181,181,-0.07781875133514404,0.8052055835723877,-0.13838736712932587,0.30000001192092896,-0.060568615794181824,-0.5052055716514587,True,True,predictive_recovery,right_pass,-3.0943094889322915,18.20095744685195,10,8,,0,0,0,False,False,False,False,False,False,False,False,True,0.7500930268831714,14.605373797060757,0.0,False,max_steps,static_obstacle,52.84728240966797,,inf,inf,inf,14.795751704906241,0.9846692645507786,0.6296905110677083,-7.547245975056889,0.7209329457224152,0.06702951941518916,{'ROAD_LINE_BROKEN_SINGLE_WHITE'},True,True,raw_collision_risk:static_margin_violation,True,False,right,12,False,raw_predicted_collision,False,0,0,static_obstacle,52.8465998009288,55.53266663967375,2.2814179587495405,inf,False,False,6.450293822951819,3.809469628856691,1.1344053627505088,True,False,1,0,,True,False,0.0,14.65053101328283,5.107059092970693,2.2963571777343748,0.0,static_margin_violation,True,raw_collision_risk:static_margin_violation,,False,False,0.53228564453125,15.135169793668759,1.6724392509354826,0.6296905110677083,False,4.317986211283667,,,
6000,1029,1,182,182,-0.13034558296203613,0.5010602474212646,-0.13034558296203613,0.5010602474212646,0.0,0.0,True,False,inactive_raw_action,raw_action_safe,0,0,0,0,low_risk_verified_passthrough,0,0,0,False,False,False,False,False,False,False,False,True,0.7556291302095584,14.71875709722073,0.0,False,max_steps,static_obstacle,51.39375305175781,,inf,inf,inf,inf,inf,inf,inf,inf,0.0,{'ROAD_LINE_BROKEN_SINGLE_WHITE'},False,False,,False,False,,0,True,,False,0,0,static_obstacle,51.39065897310884,54.07646112122504,2.2400312075232476,inf,False,False,6.500508739568069,3.7025044256044715,1.9037459619563315,False,False,1,-1,,False,False,0.0,17.066130748831878,1.8324430212121594,2.4111490478515623,0.0,,False,low_risk_verified,,False,False,0.0,inf,inf,inf,False,0.0,,,
6000,1029,1,183,183,-0.05089080333709717,0.7879316806793213,-0.05089080333709717,0.7879316806793213,0.0,0.0,True,False,inactive_raw_action,raw_action_safe,0,0,0,0,low_risk_verified_passthrough,0,0,0,False,False,False,False,False,False,False,False,True,0.761225416112833,14.95864139158059,0.0,False,max_steps,static_obstacle,49.93257141113281,,inf,inf,inf,inf,inf,inf,inf,inf,0.0,{'ROAD_LINE_BROKEN_SINGLE_WHITE'},False,False,,False,False,,0,True,,False,0,0,static_obstacle,49.928223205150125,52.6943999312702,0.5239650566606512,50.1868999312702,False,False,6.472509211395499,3.580084893256389,0.7490493728011633,False,False,1,-1,,False,False,0.0,14.024150780156404,-1.5503618298921165,2.4810800781249998,0.0,,False,low_risk_verified,,False,False,0.0,inf,inf,inf,False,0.0,,,
6000,1029,1,184,184,0.051033616065979004,0.8723986148834229,-0.03732932358980179,0.30000001192092896,-0.08836293965578079,-0.5723986029624939,True,True,predictive_recovery,right_pass,-2.8896280924479165,18.884435158555995,10,7,,0,0,0,False,False,False,False,False,False,False,False,True,0.7668974650007487,15.048668272931998,0.0,False,max_steps,static_obstacle,48.45550537109375,,inf,inf,inf,12.714669378833813,-0.07452798801685195,0.8343719075520833,-21.22873137487668,0.3098472282503859,0.33594471820187666,{'ROAD_LINE_BROKEN_SINGLE_WHITE'},True,True,raw_collision_risk:static_margin_violation,True,False,right,12,False,raw_predicted_collision,False,0,0,static_obstacle,48.4510993210108,51.24365332604301,0.0,48.73615332604301,False,False,6.323168517156343,3.4256890037410277,0.0,True,False,1,0,,True,False,0.0,15.340647650025005,3.923157293976886,2.5010385742187498,0.0,static_margin_violation,True,raw_collision_risk:static_margin_violation,,False,False,0.17031713867187498,13.019423038609583,0.62818774296056,0.8343719075520833,True,18.860031218588233,,,
6000,1029,1,185,185,0.12188994884490967,0.6881117820739746,-0.0027633379213511944,0.18000000715255737,-0.12465328723192215,-0.5081117749214172,True,True,predictive_recovery,right_pass,-2.8973795572916665,18.145171292264884,10,7,,0,0,0,False,False,False,False,False,False,False,False,True,0.7726016864189603,15.102779281306102,0.0,False,max_steps,static_obstacle,46.95844268798828,,inf,inf,inf,2.144991450174309,-0.3589881660807828,0.8266204427083333,-40.90553193293413,0.3175986930941359,1.4820742895099464,{'ROAD_LINE_BROKEN_SINGLE_WHITE'},True,True,raw_collision_risk:static_collision,True,False,right,12,False,raw_predicted_collision,False,0,0,static_obstacle,46.954667008426306,49.72386494019025,0.3816919070126171,47.21636494019025,False,False,3.9719297943154572,3.304203670276156,0.0,True,False,1,0,,True,False,0.0,10.987347747868903,3.310436450773635,2.4932871093749998,0.0,static_collision,True,raw_collision_risk:static_collision,,False,False,0.18194433593749998,2.449276318244658,0.4136365008336293,0.8266204427083333,True,11.51744738164841,,,
6000,1029,1,186,186,0.1731489896774292,0.5550090074539185,0.024124281480908394,0.18000000715255737,-0.14902471005916595,-0.3750090003013611,True,True,predictive_recovery,right_pass,-1.9760000000000002,17.600319814848735,10,7,,0,0,0,False,False,False,False,False,False,False,False,True,0.7783264311943239,15.154520656838733,0.0,False,max_steps,static_obstacle,45.45288848876953,,inf,inf,inf,1.7372801446400863,-0.6405235523848976,0.7983001302083333,-41.88959039879459,-0.25973449933087356,2.37828950718983,{'ROAD_LINE_BROKEN_SINGLE_WHITE'},True,True,raw_collision_risk:static_collision,True,False,right,12,False,raw_predicted_collision,False,0,0,static_obstacle,45.45031873892517,48.19156396550099,1.0707674653871981,inf,False,False,3.8556012272876967,3.1909069892288953,0.0,True,False,1,0,,True,False,0.0,10.295406259540016,2.64127939654407,2.4649667968749998,0.0,static_collision,True,raw_collision_risk:static_collision,,False,False,0.0,1.7372801446400863,-0.6405235523848976,1.7479999999999998,True,12.567511107856248,,,
6000,1029,1,187,187,0.18238580226898193,0.42279529571533203,0.18238580226898193,0.42279529571533203,0.0,0.0,True,False,inactive_raw_action,raw_action,0,0,10,10,raw_action_safe_or_candidate_not_better,0,0,0,False,False,False,False,False,False,False,False,True,0.7840693579297559,15.18488639795695,0.0,False,max_steps,static_obstacle,43.941917419433594,,inf,inf,inf,1.1354632618209832,-2.356758280267499,0.7679503987630208,inf,inf,0.0,{'ROAD_LINE_BROKEN_SINGLE_WHITE'},False,False,,False,False,,0,False,vehicle_margin_uncertain_or_low,False,0,0,static_obstacle,43.94070641985441,46.67657246692198,1.1460924722615937,inf,False,False,3.7429066217219975,3.0800428152017063,0.0,False,False,1,0,,False,False,0.0,1.267769189543733,-1.4324561657651622,2.4346170654296873,0.0,,False,raw_action_safe_or_candidate_not_better,candidate_not_better,False,False,0.0,1.267769189543733,-1.4324561657651622,2.4346170654296873,False,14.663250862961846,,,
6000,1029,1,188,188,0.1745138168334961,0.5945316553115845,0.0019218833185732365,0.18000000715255737,-0.1725919395685196,-0.4145316481590271,True,True,predictive_recovery,right_pass,-2.9669901529947915,17.86027884685908,10,6,,0,0,0,False,False,False,False,False,False,False,False,True,0.7898258705494996,15.237289367838411,0.0,False,max_steps,static_obstacle,42.4261474609375,,inf,inf,inf,-0.9497542501436902,0.553716720677542,0.7570098470052083,-44.106697437078395,0.16923089373553224,1.7200625858993162,{'ROAD_LINE_BROKEN_SINGLE_WHITE'},True,True,raw_collision_risk:static_collision,True,False,right,12,False,raw_predicted_collision,False,0,0,static_obstacle,42.42584608504132,45.1858727904716,0.5659433490909679,42.6783727904716,False,False,3.6369002302091054,2.975713588252536,0.0,True,False,1,0,,True,False,0.0,11.239330514045069,3.5717194716528913,2.4236765136718748,0.0,static_collision,True,raw_collision_risk:static_collision,,False,False,0.8112865045352946,-0.9497542501436902,0.553716720677542,0.7570098470052083,True,-3.3407305606333324,,,
6000,1029,1,189,189,0.11978232860565186,0.5710963010787964,-0.03034401871263981,0.18000000715255737,-0.1501263529062271,-0.391096293926239,True,True,predictive_recovery,right_pass,-2.9438578287760415,17.807222722692995,10,6,,0,0,0,False,False,False,False,False,False,False,False,True,0.7956020393422903,15.287486048329411,0.0,False,max_steps,static_obstacle,40.90679168701172,,inf,inf,inf,-1.8091033089266237,0.041376681710508734,0.7801421712239583,-40.94700331645827,-0.07187982554494687,1.6436232350993438,{'ROAD_LINE_BROKEN_SINGLE_WHITE'},True,True,raw_collision_risk:collision,True,False,right,12,False,raw_predicted_collision,False,0,0,static_obstacle,40.906458268382664,43.6941378696021,0.0,41.1866378696021,False,False,3.5269027414149066,2.8675794503074816,0.0,True,False,1,0,,True,False,0.0,0.9351281186697484,-1.4845469983400252,2.4468088378906248,0.0,collision,True,raw_collision_risk:collision,,False,False,1.0343927358420497,-1.8091033089266237,0.041376681710508734,0.7801421712239583,True,0.23118987086704124,,,
6000,1029,1,190,190,0.07292640209197998,0.4098864793777466,-0.035246919840574265,0.18000000715255737,-0.10817332565784454,-0.2298864722251892,True,True,predictive_recovery,right_pass,-2.9233805338541665,17.131975205529272,10,6,,0,0,0,False,False,False,False,False,False,False,False,True,0.8013978932142647,15.33928977685864,0.0,False,max_steps,static_obstacle,39.38224792480469,,inf,inf,inf,-1.8439585406230345,0.0075568771488787045,0.8006194661458333,-39.14819089825476,-0.09235712046682187,1.7032820072762016,{'ROAD_LINE_BROKEN_SINGLE_WHITE'},True,True,raw_collision_risk:static_collision,True,False,right,12,False,raw_predicted_collision,False,0,0,static_obstacle,39.381974163661035,42.17168209823987,0.0,39.66418209823987,False,False,3.415248533269632,2.7585753448879395,0.0,True,False,1,0,,True,False,0.0,13.481771005191083,5.78218266357471,2.4672861328124998,0.0,static_collision,True,raw_collision_risk:static_collision,,False,False,1.0141333629681604,-1.8439585406230345,0.0075568771488787045,0.8006194661458333,True,2.5284359445709725,,,
6000,1029,1,191,191,0.1298210620880127,0.41715455055236816,-0.022104322910308838,0.18000000715255737,-0.15192538499832153,-0.2371545433998108,True,True,predictive_recovery,right_pass,-2.916346232096354,17.2164852543443,10,6,,0,0,0,False,False,False,False,False,False,False,False,True,0.8072136923206544,15.393207786918442,0.0,False,max_steps,static_obstacle,40.627098083496094,,inf,inf,inf,-2.141922423708568,0.5309193238053365,0.8076537679036458,-32.6234150018817,-0.4364346321011765,1.5044624333161651,{'ROAD_LINE_BROKEN_SINGLE_WHITE'},True,True,raw_collision_risk:static_collision,True,False,right,12,False,raw_predicted_collision,False,0,0,static_obstacle,37.85272272108918,40.63493188778101,0.0,38.12743188778101,False,False,3.304002693994829,2.6490751839817386,0.0,True,False,1,0,,True,False,0.0,11.811085758775565,4.1250810546595735,2.4743204345703123,0.0,static_collision,True,raw_collision_risk:static_collision,,False,False,1.3934015812710028,-2.141922423708568,0.5309193238053365,0.8076537679036458,True,2.923839406595306,,,
6000,1029,1,192,192,0.16397929191589355,0.43511009216308594,-0.004822256974875927,0.18000000715255737,-0.16880154609680176,-0.25511008501052856,True,True,predictive_recovery,right_pass,-2.9252726236979165,17.35120320165233,10,6,,0,0,0,False,False,False,False,False,False,False,False,True,0.8130495233798698,15.447313920887472,0.0,False,max_steps,static_obstacle,39.09209442138672,,inf,inf,inf,-1.5205594554518993,-0.034964651852670336,0.7987273763020833,-34.91113854271046,-0.6454866355613427,1.6413565111677655,{'ROAD_LINE_BROKEN_SINGLE_WHITE'},True,True,raw_collision_risk:static_margin_violation,True,False,right,12,False,raw_predicted_collision,False,0,0,static_obstacle,36.31875942551896,39.08538243724522,0.27617593285799813,36.57788243724522,False,False,3.1913516766938472,2.539131737730522,0.0,True,False,1,0,,True,False,0.0,10.059480351793841,2.4117944429543123,2.4653940429687498,0.0,static_margin_violation,True,raw_collision_risk:static_margin_violation,,False,False,1.5751879775570665,-1.5205594554518993,-0.034964651852670336,0.7987273763020833,True,3.3169549820487987,,,
6000,1029,1,193,193,0.15085840225219727,0.3551027774810791,0.00701180100440979,0.18000000715255737,-0.14384660124778748,-0.17510277032852173,True,True,predictive_recovery,right_pass,-2.9444986979166665,17.04527641955233,10,6,,0,0,0,False,False,False,False,False,False,False,False,True,0.8189056465471424,15.501030671432064,0.0,False,max_steps,static_obstacle,37.55180358886719,,inf,inf,inf,-1.9477430467946588,-0.08496060292639457,0.7795013020833333,-34.862064216425146,-0.6262605613425927,1.69550098328151,{'ROAD_LINE_BROKEN_SINGLE_WHITE'},True,True,raw_collision_risk:static_collision,True,False,right,12,False,raw_predicted_collision,False,0,0,static_obstacle,34.77994792394571,37.53169122283237,0.5968399338108835,35.02419122283237,False,False,3.0799169638036714,2.4296580891052493,0.0,True,False,1,0,,True,False,0.0,13.162670729481718,5.464666565196116,2.4461679687499998,0.0,static_collision,True,raw_collision_risk:static_collision,,False,False,1.5581077327933561,-1.9477430467946588,-0.08496060292639457,0.7795013020833333,True,2.775942354263009,,,
6000,1029,1,194,194,0.13143658638000488,0.23828446865081787,0.010453115217387676,0.18000000715255737,-0.12098347395658493,-0.0582844614982605,True,True,predictive_recovery,right_pass,-2.9668680826822915,16.573310780360742,10,6,,0,0,0,False,False,False,False,False,False,False,False,True,0.8247822352592933,15.554767805160639,0.0,False,max_steps,static_obstacle,36.00615692138672,,inf,inf,inf,-2.068624497281384,0.11639908054517328,0.7571319173177083,-33.871858469690224,-0.6038911765769677,1.6987332068807615,{'ROAD_LINE_BROKEN_SINGLE_WHITE'},True,True,raw_collision_risk:static_collision,True,False,right,12,False,raw_predicted_collision,False,0,0,static_obstacle,33.23603401815381,35.98156830537871,0.6842694039038101,inf,False,False,2.968829225454917,2.3212371530682576,0.0,True,False,1,0,,True,False,0.0,12.222149600747002,4.540055658435906,2.4237985839843748,0.0,static_collision,True,raw_collision_risk:static_collision,,False,False,1.627816851746919,-2.068624497281384,0.11639908054517328,0.7571319173177083,True,1.721484485997209,,,
6000,1029,1,195,195,0.12514126300811768,0.16571474075317383,0.007640894036740065,0.16571474075317383,-0.11750037223100662,0.0,True,True,predictive_recovery,right_pass,-2.986780802408854,16.30048413854992,10,5,,0,0,0,False,False,False,False,False,False,False,False,True,0.8306790004549541,15.604412780215238,0.0,False,max_steps,static_obstacle,34.455108642578125,,inf,inf,inf,-2.117996188284723,0.41866570464792047,0.7372191975911458,-33.96036338210566,-0.5839784568504052,1.7516835686050816,{'ROAD_LINE_BROKEN_SINGLE_WHITE'},True,True,raw_collision_risk:static_collision,True,False,right,12,False,raw_predicted_collision,False,0,0,static_obstacle,31.686798079391355,34.43402342801241,0.6115243948939445,inf,False,False,2.859444149834005,2.213727897409575,0.0,True,False,1,0,,True,False,0.0,11.035851927337578,3.371870949323067,2.4038858642578123,0.0,static_collision,True,raw_collision_risk:static_collision,,False,False,1.7116584762434175,-2.117996188284723,0.41866570464792047,0.7372191975911458,True,0.9278701759605354,,,
6000,1029,1,196,196,0.11511385440826416,0.10571765899658203,0.0025103860534727573,0.10571765899658203,-0.11260347068309784,0.0,True,True,predictive_recovery,right_pass,-3.001978556315104,16.080142245699857,10,4,,0,0,0,False,False,False,False,False,False,False,False,True,0.8365931671449888,15.63613034444526,0.0,False,max_steps,static_obstacle,32.89873504638672,,inf,inf,inf,-1.8700262809671684,-0.28909461944868947,0.7220214436848958,-34.288131285373204,-0.7867590980058843,1.808567249736934,{'ROAD_LINE_BROKEN_SINGLE_WHITE'},True,True,raw_collision_risk:static_margin_violation,True,False,right,12,False,raw_predicted_collision,False,0,0,static_obstacle,30.132232343373907,32.88368343193117,0.48928959749518486,30.376183431931167,False,False,2.750659479732862,2.1073323229198495,0.0,True,False,1,0,,True,False,0.0,9.83376202237507,2.205981465463329,2.3886881103515623,0.0,static_margin_violation,True,raw_collision_risk:static_margin_violation,,False,False,1.7090003426066338,-1.8700262809671684,-0.10268879477030152,0.7220214436848958,True,0.46740233675654963,,,
6000,1029,1,197,197,0.10875833034515381,0.01085507869720459,-0.0016333936946466565,0.01085507869720459,-0.11039172112941742,0.0,True,True,predictive_recovery,right_pass,-3.013483683268229,15.68497819858268,10,5,,0,0,0,False,False,False,False,False,False,False,False,True,0.8425170462969995,15.639369321328143,0.0,False,max_steps,static_obstacle,31.3377685546875,,inf,inf,inf,-1.6271780805686382,-0.8153786970969252,0.7105163167317708,-29.726524717618894,-0.7752539710527593,1.6402071780640946,{'ROAD_LINE_BROKEN_SINGLE_WHITE'},True,True,raw_collision_risk:static_collision,True,False,right,12,False,raw_predicted_collision,False,0,0,static_obstacle,28.57310583894298,31.327203471589595,0.39752366140234974,28.819703471589595,False,False,2.6458671560304707,2.0035138350403043,0.0,True,False,1,0,,True,False,0.0,12.82549541998917,5.138000414943492,2.3771829833984373,0.0,static_collision,True,raw_collision_risk:static_collision,,False,False,1.7780358477745142,-1.6271780805686382,-0.21207405887116898,0.7105163167317708,True,0.7904633512398362,,,
6000,1029,1,198,198,0.10736536979675293,-0.09544140100479126,-0.0035294380504637957,-0.5726484060287476,-0.11089480668306351,-0.4772070050239563,True,True,predictive_recovery,right_pass,-3.023615519205729,14.780396712285022,10,5,,0,0,0,False,False,False,False,False,False,False,False,True,0.8483151259415102,14.411048543575584,0.0,False,max_steps,static_obstacle,29.77423858642578,,inf,inf,inf,-1.946192290269586,-0.7148614270609717,0.7003844807942708,-26.57795123695049,-0.7651221351152593,1.3339222245275846,{'ROAD_LINE_BROKEN_SINGLE_WHITE'},True,True,raw_collision_risk:static_collision,True,False,right,12,False,raw_predicted_collision,False,0,0,static_obstacle,27.011553007201734,29.765314999885828,0.3643300124923413,27.257814999885827,False,False,2.5451209976281643,1.9032298802032552,0.0,True,False,1,0,,True,False,0.0,12.504239272324348,4.824506349585879,2.3670511474609373,0.0,static_collision,True,raw_collision_risk:static_collision,,False,False,1.8834388150469472,-1.946192290269586,-0.1999040379835864,0.7003844807942708,True,0.3908063494697842,,,
6000,1029,1,199,199,0.15091228485107422,-0.12704592943191528,-0.004251870326697826,-0.7622755765914917,-0.15516415238380432,-0.6352296471595764,True,True,predictive_recovery,right_slow_follow,-3.0340983072916665,13.267635178688346,10,5,,0,0,0,False,False,False,False,False,False,False,False,True,0.8536739190245594,13.148220530213983,0.0,False,max_steps,static_obstacle,28.243911743164062,,inf,inf,inf,-1.6515409440384579,-0.7577808737438063,0.6899016927083333,-20.368334649988533,-0.7546393470293218,0.9693746896960573,{'ROAD_LINE_BROKEN_SINGLE_WHITE'},True,True,raw_collision_risk:static_collision,True,False,right,12,False,raw_predicted_collision,False,0,0,static_obstacle,25.483403796878125,28.23441194664002,0.37525815867464674,25.72691194664002,False,False,2.6561964805246334,1.9592198209079563,0.0,True,False,1,0,,True,False,0.0,9.904667948351626,2.2769005246601908,2.3565683593749998,0.0,static_collision,True,raw_collision_risk:static_collision,,False,False,1.9097090953154088,-1.6515409440384579,0.24316150634679062,0.6899016927083333,True,-1.64342073312244,,,
6000,1029,1,200,200,0.17656338214874268,-0.022018849849700928,-0.003700469620525837,-0.13211309909820557,-0.18026384711265564,-0.11009424924850464,True,True,predictive_recovery,right_pass,-3.0452372233072915,12.950050881566675,10,4,,0,0,0,False,False,False,False,False,False,False,False,True,0.8586408894228279,12.779237010996669,0.0,False,max_steps,static_obstacle,26.82952880859375,,inf,inf,inf,-1.8266938786428741,-0.6576924961484265,0.6787627766927083,-20.085247302717733,-0.7435004310136968,0.9790996952007331,{'ROAD_LINE_BROKEN_SINGLE_WHITE'},True,True,raw_collision_risk:static_collision,True,False,right,12,False,raw_predicted_collision,False,0,0,static_obstacle,24.07133198560005,26.81848484458771,0.4029057956121739,24.31098484458771,False,False,2.8032591530166115,2.039704519935615,0.0,True,False,1,0,,True,False,0.0,12.389843457111134,4.713749176853862,2.3454294433593748,0.0,static_collision,True,raw_collision_risk:static_collision,,False,False,2.0552921293285102,-1.8266938786428741,-0.02828880233588099,0.6787627766927083,True,-2.3837179148892744,,,
6000,1029,1,201,201,0.15375614166259766,0.2731431722640991,-0.0017013148171827197,0.2731431722640991,-0.15545745193958282,0.0,True,True,predictive_recovery,right_pass,-3.0570780436197915,14.008381286185115,10,5,,0,0,0,False,False,False,False,False,False,False,False,True,0.8634954727610871,12.861144234513016,0.0,False,max_steps,static_obstacle,25.51856231689453,,inf,inf,inf,-2.0364925671424294,-0.7959561732790137,0.6669219563802083,-26.434981734249543,-0.9380639316888506,1.3936336962561582,{'ROAD_LINE_BROKEN_SINGLE_WHITE'},True,True,raw_collision_risk:static_collision,True,False,right,12,False,raw_predicted_collision,False,0,0,static_obstacle,22.762822676033274,25.505364883247996,0.43850571097483104,22.997864883247995,False,False,2.7818572662859764,1.9958441072264612,0.0,True,False,1,0,,True,False,0.0,9.80317625372564,2.183968350556152,2.3335886230468748,0.0,static_collision,True,raw_collision_risk:static_collision,,False,False,2.0811344097002995,-2.0364925671424294,-0.048197987376275286,0.6669219563802083,True,-1.8699421572717796,,,
6000,1029,1,202,202,0.15342438220977783,0.327181339263916,2.5587418349459767e-05,0.30000001192092896,-0.153398796916008,-0.02718132734298706,True,True,predictive_recovery,right_pass,-3.070002237955729,14.333460261200639,10,5,,0,0,0,False,False,False,False,False,False,False,False,True,0.8683749442831601,12.95109887118603,0.0,False,max_steps,static_obstacle,24.237258911132812,,inf,inf,inf,-1.902456273293525,-0.6851902109491792,0.6539977620442708,-29.306876594528678,-0.9251397373529131,1.5546181294186763,{'ROAD_LINE_BROKEN_SINGLE_WHITE'},True,True,raw_collision_risk:static_collision,True,False,right,12,False,raw_predicted_collision,False,0,0,static_obstacle,21.484260697371916,24.222132788058527,0.4678836481308871,21.714632788058527,False,False,2.663927743384242,1.8833575260790698,0.0,True,False,1,0,,True,False,0.0,11.699144406367367,4.037168535504041,2.3206644287109373,0.0,static_collision,True,raw_collision_risk:static_collision,,False,False,2.0186644275895977,-1.902456273293525,-0.30348621752353094,0.6539977620442708,True,-1.777276309387105,,,
6000,1029,1,203,203,0.15160512924194336,0.2767801284790039,0.0009689931175671518,0.2767801284790039,-0.15063613653182983,0.0,True,True,predictive_recovery,right_pass,-3.083521525065104,14.196609449341548,10,5,,0,0,0,False,False,False,False,False,False,False,False,True,0.8732877445810023,13.034091027675618,0.0,False,max_steps,static_obstacle,22.949386596679688,,inf,inf,inf,-1.9606523896421337,-0.7066882875697489,0.6404784749348958,-29.967320826298476,-0.9116204502435381,1.620033506125138,{'ROAD_LINE_BROKEN_SINGLE_WHITE'},True,True,raw_collision_risk:static_collision,True,False,right,12,False,raw_predicted_collision,False,0,0,static_obstacle,20.199491328507264,22.933212538991405,0.4821874125309359,20.425712538991405,False,False,2.546262472646012,1.7707541859643943,0.0,True,False,1,0,,True,False,0.0,10.505540361434772,2.8697001788916467,2.3071451416015623,0.0,static_collision,True,raw_collision_risk:static_collision,,False,False,2.0923316936925795,-1.9606523896421337,0.14638176389224639,0.6404784749348958,True,-2.1537490274572235,,,
6000,1029,1,204,204,0.1692408323287964,0.22597849369049072,0.0011417572386562824,0.22597849369049072,-0.1680990755558014,0.0,True,True,predictive_recovery,right_pass,-3.097101847330729,14.050994249282827,10,5,,0,0,0,False,False,False,False,False,False,False,False,True,0.8782307228856989,13.101849430715477,0.0,False,max_steps,static_obstacle,21.65271759033203,,inf,inf,inf,-2.2316388911202396,-0.8466065145664077,0.6268981526692708,-30.603003323804245,-1.081296300817419,1.6955917897474309,{'ROAD_LINE_BROKEN_SINGLE_WHITE'},True,True,raw_collision_risk:static_margin_violation,True,False,right,12,False,raw_predicted_collision,False,0,0,static_obstacle,18.90632455936218,21.636373399963222,0.4834185578447773,19.128873399963222,False,False,2.4301646798491827,1.6599832971875184,0.0,True,False,1,0,,True,False,0.0,9.30954400511402,1.7217870071655843,2.2935648193359373,0.0,static_margin_violation,True,raw_collision_risk:static_margin_violation,,False,False,2.2682111502554028,-2.2316388911202396,-0.40243037542872334,0.6268981526692708,True,-2.583806563043609,,,
6000,1029,1,205,205,0.12464654445648193,0.05362868309020996,0.0005733256111852825,0.05362868309020996,-0.12407322227954865,0.0,True,True,predictive_recovery,right_pass,-3.1103922526041665,13.343178504621422,10,3,,0,0,0,False,False,False,False,False,False,False,False,True,0.8831948893886946,13.117929015670454,0.0,False,max_steps,static_obstacle,20.34808349609375,,inf,inf,inf,-2.203391057851412,-0.4877034032652155,0.6136077473958333,-28.469656088768975,-1.0680058955439815,1.6453887848922508,{'ROAD_LINE_BROKEN_SINGLE_WHITE'},True,True,raw_collision_risk:static_collision,True,False,right,12,False,raw_predicted_collision,False,0,0,static_obstacle,17.605645659175224,20.332100387799457,0.4776442640237303,17.824600387799457,False,False,2.31837810598195,1.5518496449923822,0.0,True,False,1,0,,True,False,0.0,12.052968353379494,4.388092165827891,2.2802744140624998,0.0,static_collision,True,raw_collision_risk:static_collision,,False,False,2.359220606921372,-2.203391057851412,-0.4877034032652155,0.6136077473958333,True,-3.697502905540702,,,
6000,1029,1,206,206,0.13485240936279297,-0.050068557262420654,-0.0002520867274142802,-0.3004113435745239,-0.1351044923067093,-0.25034278631210327,True,True,predictive_recovery,right_pass,-3.1234232584635415,12.667312000308668,10,3,,0,0,0,False,False,False,False,False,False,False,False,True,0.8880877155459848,12.279688862627669,0.0,False,max_steps,static_obstacle,19.037857055664062,,inf,inf,inf,-2.1715305637969924,-0.5034183186959871,0.6005767415364583,-26.512762968458933,-1.0549748896846065,1.5731104017604214,{'ROAD_LINE_BROKEN_SINGLE_WHITE'},True,True,raw_collision_risk:static_collision,True,False,right,12,False,raw_predicted_collision,False,0,0,static_obstacle,16.299919706451536,19.022341279043722,0.4710195212051357,16.514841279043722,False,False,2.2153429040047516,1.450102470925095,0.0,True,False,1,0,,True,False,0.0,11.334067134576173,3.6864931992198313,2.2672434082031248,0.0,static_collision,True,raw_collision_risk:static_collision,,False,False,2.4413734285378283,-2.1715305637969924,-0.5034183186959871,0.6005767415364583,True,-4.942229708332931,,,
6000,1029,1,207,207,0.16970527172088623,-0.03479349613189697,-0.0014143625739961863,-0.20876097679138184,-0.17111963033676147,-0.17396748065948486,True,True,predictive_recovery,right_pass,-3.1361185709635415,11.966547397440596,10,2,,0,0,0,False,False,False,False,False,False,False,False,True,0.8926989381182412,11.692827029741501,0.0,False,max_steps,static_obstacle,17.7464599609375,,inf,inf,inf,-2.089240943159289,-0.4780717985464123,0.5878814290364583,-24.382355754065006,-1.0422795771846065,1.4786171854829187,{'ROAD_LINE_BROKEN_SINGLE_WHITE'},True,True,raw_collision_risk:static_collision,True,False,right,12,False,raw_predicted_collision,False,0,0,static_obstacle,15.013602474109115,17.731154421397648,0.46786524044707367,15.223654421397647,False,False,2.2617893116092658,1.4439416682096167,0.0,True,False,1,0,,True,False,0.0,10.766161948627992,3.132261752108606,2.2545480957031248,0.0,static_collision,True,raw_collision_risk:static_collision,,False,False,2.4952665238697347,-2.089240943159289,-0.4780717985464123,0.5878814290364583,True,-6.432544724071093,,,
6000,1029,1,208,208,0.14333653450012207,0.013225436210632324,-0.0017876558704301715,0.013225436210632324,-0.14512419700622559,0.0,True,True,predictive_recovery,right_pass,-3.1483256022135415,11.752341492689347,10,1,,0,0,0,False,False,False,False,False,False,False,False,True,0.8971380824579267,11.696790892732775,0.0,False,max_steps,static_obstacle,16.529388427734375,,inf,inf,inf,-2.1902254870894584,-0.2341055813568687,0.5756743977864583,-24.533456589677154,-1.1786064965518905,1.536675207327146,{'ROAD_LINE_BROKEN_SINGLE_WHITE'},True,True,raw_collision_risk:static_collision,True,False,right,12,False,raw_predicted_collision,False,0,0,static_obstacle,13.802071196434676,16.513842318197106,0.4699060987575875,14.006342318197106,False,False,2.2708356388569313,1.4123053626118838,0.0,True,False,1,0,,True,False,0.0,9.81359822362361,2.2150639540055335,2.2423410644531248,0.0,static_collision,True,raw_collision_risk:static_collision,,False,False,2.5987533422855607,-2.1902254870894584,-0.2341055813568687,0.5756743977864583,True,-7.29576957771814,,,
6000,1029,1,209,209,-0.0017649531364440918,0.11488592624664307,-0.00044691396760754287,-0.8500000238418579,0.0013180391397327185,-0.964885950088501,True,True,minimum_risk_stop,pre_contact_minimum_risk,0,0,10,0,no_safe_candidate_before_cost,0,0,0,False,False,False,False,False,False,False,False,True,0.90140954229784,10.094733922919346,0.0,False,max_steps,static_obstacle,15.357734680175781,,inf,inf,inf,inf,inf,inf,inf,inf,0.0,{'ROAD_LINE_BROKEN_SINGLE_WHITE'},True,True,predicted_collision_within_1s;raw_collision_risk:static_collision,False,False,,0,False,raw_predicted_collision,True,8,0,static_obstacle,12.636639811292511,15.341466923761118,0.4766970045484603,12.833966923761118,False,False,2.1701776311852585,1.3115962373314534,0.0206442877724594,True,False,1,0,,True,False,0.0,11.286613481044547,3.644184918845872,2.2300119628906248,0.0,static_collision,True,no_safe_candidate_before_cost,no_hard_safe_candidate,False,False,0.0,inf,inf,inf,False,0.0,,,
6000,1029,1,210,210,0.08166348934173584,0.042644381523132324,-0.003014660906046629,0.042644381523132324,-0.08467815071344376,0.0,True,True,predictive_recovery,right_pass,-3.172938028971354,10.286633639773441,10,1,,0,0,0,False,False,False,False,False,False,False,False,True,0.9052558795833404,10.107498202666749,0.0,False,max_steps,static_obstacle,14.230339050292969,,inf,inf,inf,-1.950359339312151,-0.2441876562122725,0.5510619710286458,-20.019931657502706,-1.153994069794078,1.2896943345426264,{'ROAD_LINE_BROKEN_SINGLE_WHITE'},True,True,predicted_collision_within_1s;raw_collision_risk:static_collision,True,False,right,12,False,raw_predicted_collision,False,0,0,static_obstacle,11.516245143054597,14.213297332078218,0.4833920130970807,11.705797332078218,False,False,2.402469496047711,1.4079912794737441,0.0,True,False,1,0,,True,False,0.0,11.562506311866318,3.916995575056153,2.2177286376953123,0.0,static_collision,True,predicted_collision_within_1s;raw_collision_risk:static_collision,,False,False,2.8964376411380877,-1.950359339312151,-0.2441876562122725,0.5510619710286458,True,-10.456945026868837,,,
6000,1029,1,211,211,-0.041015565395355225,0.3164551258087158,-0.0007536652265116572,-0.8500000238418579,0.040261901915073395,-1.1664551496505737,True,True,minimum_risk_stop,pre_contact_minimum_risk,0,0,10,0,no_safe_candidate_before_cost,0,0,0,False,False,False,False,False,False,False,False,True,0.9089255714666501,8.49664291410537,0.0,False,max_steps,static_obstacle,13.21514892578125,,inf,inf,inf,inf,inf,inf,inf,inf,0.0,{'ROAD_LINE_BROKEN_SINGLE_WHITE'},True,True,predicted_collision_within_1s;raw_collision_risk:static_collision,False,False,,0,False,raw_predicted_collision,True,8,0,static_obstacle,10.508424950118012,13.197283413603078,0.4899327211004415,10.689783413603077,False,False,2.2993333178511217,1.3056923829203475,0.41456475351491345,True,False,1,0,,True,False,0.0,9.94626140007087,2.3485003193755687,2.2062845458984373,0.0,static_collision,True,no_safe_candidate_before_cost,no_hard_safe_candidate,False,False,0.0,inf,inf,inf,False,0.0,,,
6000,1029,1,212,212,0.01683485507965088,0.23033583164215088,-0.00428486242890358,0.23033583164215088,-0.02111971750855446,0.0,True,True,predictive_recovery,right_pass,-3.1960550944010415,9.53315415649505,10,2,,0,0,0,False,False,False,False,False,False,False,False,True,0.9121718462576199,8.56568931104415,0.0,False,max_steps,static_obstacle,12.24658203125,,inf,inf,inf,-1.9675962893395744,-0.5727761138486203,0.5279449055989583,-16.792822748836524,-1.2331146586853783,1.0721505667757507,{'ROAD_LINE_BROKEN_SINGLE_WHITE'},True,True,predicted_collision_within_1s;raw_collision_risk:static_collision,True,False,right,12,False,raw_predicted_collision,False,0,0,static_obstacle,9.548119048132243,12.227694525279821,0.497704575922845,9.72019452527982,False,False,2.620704262886434,1.4391206796487224,0.0,True,False,1,0,,True,False,0.0,10.328996158336265,2.7206507809809284,2.1946115722656248,0.0,static_collision,True,predicted_collision_within_1s;raw_collision_risk:static_collision,,False,False,3.0868717576161715,-1.9675962893395744,-0.5727761138486203,0.5279449055989583,True,-12.515809536732313,,,
6000,1029,1,213,213,-0.006031930446624756,0.6369447708129883,-0.001071215607225895,-0.8500000238418579,0.004960714839398861,-1.4869447946548462,True,True,minimum_risk_stop,pre_contact_minimum_risk,0,0,10,0,no_safe_candidate_before_cost,0,0,0,False,False,False,False,False,False,False,False,True,0.9152551771552584,6.930508904676127,0.0,False,max_steps,static_obstacle,11.3897705078125,,inf,inf,inf,inf,inf,inf,inf,inf,0.0,{'ROAD_LINE_BROKEN_SINGLE_WHITE'},True,True,predicted_collision_within_1s;raw_collision_risk:static_collision,False,False,,0,False,raw_predicted_collision,True,8,0,static_obstacle,8.69983875739662,11.369856536674014,0.504858075316894,8.862356536674014,False,False,2.4999629185765846,1.3273720448877733,0.051667642151615435,True,False,1,0,,True,False,0.0,11.758068002082407,4.112267283497574,2.1838541259765623,0.0,static_collision,True,no_safe_candidate_before_cost,no_hard_safe_candidate,False,False,0.0,inf,inf,inf,False,0.0,,,
6000,1029,1,214,214,0.05504775047302246,0.512729287147522,-0.007004857063293457,0.30000001192092896,-0.06205260753631592,-0.21272927522659302,True,True,predictive_recovery,right_pass,-3.217859903971354,9.237790696839976,10,2,,0,0,0,False,False,False,False,False,False,False,False,True,0.9179100901988849,7.0204105187982915,0.0,False,max_steps,static_obstacle,10.575965881347656,,inf,inf,inf,-2.03634248846919,-0.6140936760381994,0.5061400960286458,-15.851935090310647,-1.2113098491150658,0.8678823526143548,{'ROAD_LINE_BROKEN_SINGLE_WHITE'},True,True,predicted_collision_within_1s;raw_collision_risk:static_collision,True,False,right,12,False,raw_predicted_collision,False,0,0,static_obstacle,7.895527785639545,10.554800729040336,0.5132117549730398,8.047300729040336,False,False,2.971648377485733,1.5229474305875057,0.0,True,False,1,0,,True,False,0.0,9.571831984053613,1.998735120677227,2.1728067626953123,0.0,static_collision,True,predicted_collision_within_1s;raw_collision_risk:static_collision,,False,False,3.16669275869749,-2.03634248846919,-0.6140936760381994,0.5061400960286458,True,-14.865968318914511,,,
6000,1029,1,215,215,-0.03477984666824341,0.8028559684753418,0.0,-0.800000011920929,0.03477984666824341,-1.602855920791626,True,True,ultra_short_horizon_emergency,ultra_short_horizon_emergency_stop,0,0,0,0,high_speed_near_blocker,0,0,0,False,False,False,False,False,False,False,False,True,0.9204109335331878,5.437885210906548,0.0,False,max_steps,,inf,,inf,inf,inf,inf,inf,inf,inf,inf,0.0,{'ROAD_LINE_BROKEN_SINGLE_WHITE'},True,True,high_speed_near_blocker,False,False,,0,False,,True,8,0,,9.997882324227266,0,0,0,0,0,inf,inf,0.0,True,False,1,0,,False,False,0.0,inf,inf,inf,0.0,0,True,high_speed_near_blocker,,False,False,0.0,inf,inf,inf,False,0.0,,,
6000,1029,1,216,216,-0.10346215963363647,0.43328821659088135,0.0,-0.800000011920929,0.10346215963363647,-1.233288288116455,True,True,ultra_short_horizon_emergency,ultra_short_horizon_emergency_stop,0,0,0,0,high_speed_near_blocker,0,0,0,False,False,False,False,False,False,False,False,True,0.9223736602241949,4.147028234776407,0.0,False,max_steps,,inf,,inf,inf,inf,inf,inf,inf,inf,inf,0.0,{'ROAD_LINE_BROKEN_SINGLE_WHITE'},True,True,high_speed_near_blocker,False,False,,0,False,,True,8,0,,9.348206474685398,0,0,0,0,0,inf,inf,0.0,True,False,1,0,,False,False,0.0,inf,inf,inf,0.0,0,True,high_speed_near_blocker,,False,False,0.0,inf,inf,inf,False,0.0,,,
6000,1029,1,217,217,-0.10343235731124878,0.5688807964324951,-0.019899331033229828,0.30000001192092896,0.08353302627801895,-0.26888078451156616,True,True,predictive_recovery,right_pass,-3.2457987467447915,6.706991818722635,10,2,,0,0,0,False,False,False,False,False,False,False,False,True,0.9239723430279185,4.236646253946389,0.0,False,max_steps,static_obstacle,8.697135925292969,,inf,inf,inf,-1.8248679096015894,-0.8020974836565786,0.47820125325520835,-8.29217202498767,-1.1833710063416283,0.4246931882332761,{'ROAD_LINE_BROKEN_SINGLE_WHITE'},True,True,predicted_collision_within_1s;raw_collision_risk:static_collision,True,False,right,12,False,raw_predicted_collision,False,0,0,static_obstacle,6.0457435951819205,8.672288401350436,0.5343348541020173,6.164788401350435,False,False,4.51513138654799,2.0912055357197286,0.42893690615923064,True,False,1,0,,True,False,0.0,9.784101622591155,2.205488743696565,2.1448679199218748,0.0,static_collision,True,predicted_collision_within_1s;raw_collision_risk:static_collision,,False,False,2.902726580206211,-1.8248679096015894,-0.36837243369063605,0.47820125325520835,True,-21.54121716672904,,,
6000,1029,1,218,218,-0.15807926654815674,0.7847259044647217,-0.01780792325735092,0.30000001192092896,0.14027133584022522,-0.4847258925437927,True,True,predictive_recovery,right_pass,-3.252985636393229,7.767912824037636,10,4,,0,0,0,False,False,False,False,False,False,False,False,True,0.9255838601563964,4.326573062178396,0.0,False,max_steps,static_obstacle,8.275184631347656,,inf,inf,inf,-1.797769460730379,-0.821009472512686,0.47101436360677085,-11.117393655942907,-1.1761841166931908,0.5367748877084687,{'ROAD_LINE_BROKEN_SINGLE_WHITE'},True,True,predicted_collision_within_1s;static_object_distance;static_ttc;raw_collision_risk:static_collision,True,False,right,12,False,raw_predicted_collision,False,0,0,static_obstacle,5.632267590970405,8.248738746112577,0.5425452147057143,5.741238746112577,True,False,4.31749850603109,1.9469972831526752,0.669725932447841,True,False,1,0,,True,False,0.0,9.29719018282923,1.7465081580411927,2.1376810302734373,0.0,static_collision,True,predicted_collision_within_1s;static_object_distance;static_ttc;raw_collision_risk:static_collision,,False,False,3.4750061399328454,-1.797769460730379,-0.4831808482230027,0.47101436360677085,True,-22.08230256393394,,,
6000,1029,1,219,219,-0.14949142932891846,0.7777950763702393,0.0,-0.800000011920929,0.14949142932891846,-1.5777950286865234,True,True,ultra_short_horizon_emergency,ultra_short_horizon_emergency_stop,0,0,0,0,high_speed_approach_False,0,0,0,False,False,False,False,False,False,False,False,True,0.9270521184707264,2.6990658251401745,0.0,False,max_steps,,inf,,inf,inf,inf,inf,inf,inf,inf,inf,0.0,{'ROAD_LINE_BROKEN_SINGLE_WHITE'},True,True,high_speed_approach_False,False,False,,0,False,,True,8,0,,inf,0,0,0,0,0,inf,inf,0.0,True,False,1,0,,False,False,0.0,inf,inf,inf,0.0,0,True,high_speed_approach_False,,False,False,0.0,inf,inf,inf,False,0.0,,,
6000,1029,1,220,220,-0.19049286842346191,0.5652596950531006,-0.03288540244102478,0.30000001192092896,0.15760746598243713,-0.26525968313217163,True,True,predictive_recovery,right_pass,-3.2721354166666665,5.242734452879127,10,2,,0,0,0,False,False,False,False,False,False,False,False,True,0.9281020471727994,2.7886015588120823,0.0,False,max_steps,static_obstacle,7.462318420410156,,inf,inf,inf,-0.7245130645208055,-0.38630538109168305,0.45186458333333335,-5.913587987021316,-1.1570343364197533,0.2583349679506229,{'ROAD_LINE_BROKEN_SINGLE_WHITE'},True,True,predicted_collision_within_1s;static_object_distance;raw_collision_risk:static_collision,True,False,right,12,False,raw_predicted_collision,False,0,0,static_obstacle,4.839477199330486,7.429268259159989,0.5760557206485163,4.92176825915999,True,False,6.47495422776006,2.752533187579504,0.5141527910946899,True,False,1,0,,True,False,0.0,9.637707828237831,2.0731163662692897,2.1185312499999998,0.0,static_collision,True,predicted_collision_within_1s;static_object_distance;raw_collision_risk:static_collision,,False,False,1.579629136283906,-0.7245130645208055,-0.2566133500507746,0.45186458333333335,True,-26.350489662162676,,,
6000,1029,1,221,221,-0.17505478858947754,0.846340537071228,-0.029126236215233803,0.30000001192092896,0.1459285467863083,-0.5463405251502991,True,True,predictive_recovery,right_pass,-3.2790323893229165,6.597133975632609,10,1,,0,0,0,False,False,False,False,False,False,False,False,True,0.9291648101996266,2.878527397167454,0.0,False,max_steps,static_obstacle,7.185203552246094,,inf,inf,inf,-1.7994118213155157,-0.33119521269283486,0.44496761067708335,-7.490194669957162,-1.1501373637635033,0.3623956713375159,{'ROAD_LINE_BROKEN_SINGLE_WHITE'},True,True,predicted_collision_within_1s;static_object_distance;raw_collision_risk:static_collision,True,False,right,12,False,raw_predicted_collision,False,0,0,static_obstacle,4.5702990853981325,7.149576145757015,0.5876423239503378,4.642076145757015,True,False,6.170671878497429,2.563857186109681,0.4881580563381366,True,False,1,0,,True,False,0.0,9.297866879788506,1.7519833173666732,2.1116342773437498,0.0,static_collision,True,predicted_collision_within_1s;static_object_distance;raw_collision_risk:static_collision,,False,False,2.917687607770694,-1.7994118213155157,-0.33119521269283486,0.44496761067708335,True,-27.105760174690467,,,
6000,1029,1,222,222,-0.14744305610656738,0.87427818775177,-0.02431715466082096,0.30000001192092896,0.12312590330839157,-0.5742781758308411,True,True,predictive_recovery,right_pass,-3.288111368815104,6.81277924205042,10,1,,0,0,0,False,False,False,False,False,False,False,False,True,0.9302615668433702,2.9685169748656985,0.0,False,max_steps,static_obstacle,6.904701232910156,,inf,inf,inf,-1.727134447606872,-0.3477467577024685,0.43588863118489585,-8.392017462425732,-1.1854256682219328,0.4156194044299853,{'ROAD_LINE_BROKEN_SINGLE_WHITE'},True,True,predicted_collision_within_1s;raw_collision_risk:static_collision,True,False,right,12,False,raw_predicted_collision,False,0,0,static_obstacle,4.298939280087102,6.865017478030197,0.6059980539316515,inf,False,False,5.874589956361731,2.384906075511233,0.42441887652485233,True,False,1,0,,True,False,0.0,10.13232929095791,2.5488466484146453,2.1025552978515623,0.0,static_collision,True,predicted_collision_within_1s;raw_collision_risk:static_collision,,False,False,3.2464724774306553,-1.727134447606872,-0.3477467577024685,0.43588863118489585,True,-27.881824742225746,,,
6000,1029,1,223,223,-0.14670920372009277,0.8673653602600098,-0.0195172019302845,0.30000001192092896,0.12719200551509857,-0.5673653483390808,True,True,predictive_recovery,right_pass,-3.298243204752604,6.8716610960357425,10,1,,0,0,0,False,False,False,False,False,False,False,False,True,0.9313923749163039,3.058511018832793,0.0,False,max_steps,static_obstacle,6.615226745605469,,inf,inf,inf,-1.8002015777231462,-0.4664942192025155,0.42575679524739585,-8.938101079448321,-1.1752938322844328,0.4434752951723722,{'ROAD_LINE_BROKEN_SINGLE_WHITE'},True,True,predicted_collision_within_1s;raw_collision_risk:static_collision,True,False,right,12,False,raw_predicted_collision,False,0,0,static_obstacle,4.0198714446371016,6.571320039834814,0.624283263675968,inf,False,False,5.600809410013065,2.213671033540953,0.43550876161212526,True,False,1,0,,True,False,0.0,9.801994800560225,2.2344581963547667,2.0924234619140623,0.0,static_collision,True,predicted_collision_within_1s;raw_collision_risk:static_collision,,False,False,3.4297472856375775,-1.8002015777231462,-0.4664942192025155,0.42575679524739585,True,-28.54708794045422,,,
6000,1029,1,224,224,-0.168565034866333,0.9287114143371582,-0.015155154280364513,0.30000001192092896,0.15340988337993622,-0.6287114024162292,True,True,predictive_recovery,right_pass,-3.308832804361979,7.237712383350004,10,1,,0,0,0,False,False,False,False,False,False,False,False,True,0.9325572922307013,3.1484975998457747,0.0,False,max_steps,static_obstacle,6.316764831542969,,inf,inf,inf,-1.748551497124084,-0.5195512398859348,0.41516719563802085,-10.22411849198454,-1.1647042326750578,0.4840158710046807,{'ROAD_LINE_BROKEN_SINGLE_WHITE'},True,True,predicted_collision_within_1s;raw_collision_risk:static_collision,True,False,right,12,False,raw_predicted_collision,False,0,0,static_obstacle,3.733141030568306,6.269032234298594,0.6398916284118908,inf,False,False,5.3333430720218615,2.049700718976327,0.5155580165286134,True,False,1,0,,True,False,0.0,9.460918954874554,1.914588119546887,2.0818338623046873,0.0,static_collision,True,predicted_collision_within_1s;raw_collision_risk:static_collision,,False,False,3.6418449250041904,-1.748551497124084,-0.5195512398859348,0.41516719563802085,True,-29.633826314410967,,,
6000,1029,1,225,225,-0.1546846628189087,0.9458069801330566,-0.011344135738909245,0.30000001192092896,0.14334052801132202,-0.6458069682121277,True,True,predictive_recovery,right_pass,-3.319666544596354,7.40462901044453,10,1,,0,0,0,False,False,False,False,False,False,False,False,True,0.9337562609742888,3.2384751986722478,0.0,False,max_steps,static_obstacle,6.009300231933594,,inf,inf,inf,-1.8322321069450322,-0.49772172804842035,0.40433345540364585,-11.05165271096963,-1.1538704924406828,0.539147930010335,{'ROAD_LINE_BROKEN_SINGLE_WHITE'},True,True,predicted_collision_within_1s;raw_collision_risk:static_collision,True,False,right,12,False,raw_predicted_collision,False,0,0,static_obstacle,3.438912602646322,5.958311195301515,0.6522848721950721,inf,False,False,5.085011006774183,1.8924299626569114,0.487024289618287,True,False,1,0,,True,False,0.0,10.173719782035537,2.5946520298564875,2.0710001220703123,0.0,static_collision,True,predicted_collision_within_1s;raw_collision_risk:static_collision,,False,False,3.7665389199161567,-1.8322321069450322,-0.49772172804842035,0.40433345540364585,True,-30.603998105707994,,,
6000,1029,1,226,226,-0.24272948503494263,0.8925319910049438,-0.008075855672359467,0.30000001192092896,0.23465362191200256,-0.5925319790840149,True,True,predictive_recovery,right_pass,-3.3307902018229165,7.254869158194495,10,1,,0,0,0,False,False,False,False,False,False,False,False,True,0.9349893100532032,3.3284451222506473,0.0,False,max_steps,static_obstacle,5.692848205566406,,inf,inf,inf,-1.8592366563923548,-0.49033743535741864,0.39320979817708346,-11.136212984327322,-1.1427468352141203,0.5651943561405518,{'ROAD_LINE_BROKEN_SINGLE_WHITE'},True,True,predicted_collision_within_1s;raw_collision_risk:static_collision,True,False,right,12,False,raw_predicted_collision,False,0,0,static_obstacle,3.1374991996306805,5.639182390498357,0.6617839368584167,inf,False,False,4.841925720079787,1.741307882428861,0.7860734172721482,True,False,1,0,,True,False,0.0,9.837594672851925,2.2767564033494145,2.0598764648437498,0.0,static_collision,True,predicted_collision_within_1s;raw_collision_risk:static_collision,,False,False,3.8642109090407737,-1.8592366563923548,-0.49033743535741864,0.39320979817708346,True,-31.230854854935096,,,
6000,1029,1,227,227,-0.23087012767791748,0.8395527601242065,-0.005309964995831251,0.30000001192092896,0.22556015849113464,-0.5395527482032776,True,True,predictive_recovery,right_pass,-3.3421732584635415,7.106432542809577,10,1,,0,0,0,False,False,False,False,False,False,False,False,True,0.9362564394674445,3.418409455431055,0.0,False,max_steps,static_obstacle,5.367401123046875,,inf,inf,inf,-1.8623515450115313,-0.6181657407584689,0.38182674153645846,-11.229850617733547,-1.1313637785734953,0.5917549517885,{'ROAD_LINE_BROKEN_SINGLE_WHITE'},True,True,predicted_collision_within_1s;raw_collision_risk:static_collision,True,False,right,12,False,raw_predicted_collision,False,0,0,static_obstacle,2.829248150886159,5.311604870623795,0.6687685093813841,inf,False,False,4.615056699605938,1.5958216751466714,0.7684385503429486,True,False,1,0,,True,False,0.0,9.49379010711093,1.9534713560368393,2.0484934082031248,0.0,static_collision,True,predicted_collision_within_1s;raw_collision_risk:static_collision,,False,False,3.942440829495891,-1.8623515450115313,-0.6181657407584689,0.38182674153645846,True,-31.901007440753602,,,
6000,1029,1,228,228,-0.141021728515625,0.8826813697814941,-0.0013274912489578128,-0.8500000238418579,0.1396942436695099,-1.732681393623352,True,True,minimum_risk_stop,pre_contact_minimum_risk,0,0,10,0,no_safe_candidate_before_cost,0,0,0,False,False,False,False,False,False,False,False,True,0.9374006021755954,1.9218727329989018,0.0,False,max_steps,static_obstacle,5.032958984375,,inf,inf,inf,inf,inf,inf,inf,inf,0.0,{'ROAD_LINE_BROKEN_SINGLE_WHITE'},True,True,predicted_collision_within_1s;raw_collision_risk:static_collision,False,False,,0,False,raw_predicted_collision,True,8,0,static_obstacle,2.514619560703253,4.97553169086629,0.6736434666666614,inf,False,False,4.39251770731946,1.4555107443203827,0.4820700101790438,True,False,1,0,,True,False,0.0,inf,inf,2.0368662109374998,0.0,static_collision,True,no_safe_candidate_before_cost,no_hard_safe_candidate,False,False,0.0,inf,inf,inf,False,0.0,,,
6000,1029,1,229,229,-0.2197960615158081,0.6704394817352295,-0.0003318728122394532,-0.8500000238418579,0.21946418285369873,-1.5204395055770874,True,True,minimum_risk_stop,pre_contact_minimum_risk,0,0,10,0,no_safe_candidate_before_cost,0,0,0,False,False,False,False,False,False,False,False,True,0.9380293973701385,0.6076525190487077,0.0,False,max_steps,static_obstacle,4.7309722900390625,,inf,inf,inf,inf,inf,inf,inf,inf,0.0,{'ROAD_LINE_BROKEN_SINGLE_WHITE'},True,True,predicted_collision_within_1s;raw_collision_risk:static_collision,False,False,,0,False,raw_predicted_collision,True,8,0,static_obstacle,2.232703943710661,4.672423369814326,0.6765922559275231,inf,False,False,7.666377177326896,2.431182507347117,0.4224200574477809,True,False,1,0,,True,False,0.0,inf,inf,2.0264902343749998,0.0,static_collision,True,no_safe_candidate_before_cost,no_hard_safe_candidate,False,False,0.0,inf,inf,inf,False,0.0,,,
6000,1029,1,230,230,-0.1997624635696411,0.7911431789398193,-8.29682030598633e-05,-0.4000000059604645,0.19967949390411377,-1.1911431550979614,True,True,minimum_risk_stop,pre_contact_minimum_risk,0,0,10,0,no_safe_candidate_before_cost,0,0,0,False,False,False,False,False,False,False,False,True,0.938210407598991,0.12642379795642586,0.0,False,max_steps,static_obstacle,4.565010070800781,,inf,inf,inf,inf,inf,inf,inf,inf,0.0,{'ROAD_LINE_BROKEN_SINGLE_WHITE'},True,True,predicted_collision_within_1s;raw_collision_risk:static_collision,False,False,,0,False,raw_predicted_collision,True,8,0,static_obstacle,2.0787327260666717,4.505775671026808,0.6780554272781795,inf,False,False,24.00596477588789,7.415053060391639,0.12138616419946811,True,False,1,0,,True,False,0.0,9.37532292559087,1.8493584312681797,2.0209970703124998,3.0,static_collision,True,no_safe_candidate_before_cost,no_hard_safe_candidate,False,False,0.0,inf,inf,inf,False,0.0,,,
6000,1029,1,231,231,-0.1991143822669983,0.8778111934661865,-2.0742050764965825e-05,-0.4000000059604645,0.19909363985061646,-1.2778111696243286,True,True,minimum_risk_stop,pre_contact_minimum_risk,0,0,10,0,no_safe_candidate_before_cost,0,0,0,False,False,False,False,False,False,False,False,True,0.9381774256968638,0.014655704940663582,0.0,False,max_steps,static_obstacle,4.517234802246094,,inf,inf,inf,inf,inf,inf,inf,inf,0.0,{'ROAD_LINE_BROKEN_SINGLE_WHITE'},True,True,predicted_collision_within_1s;raw_collision_risk:static_collision,False,False,,0,False,raw_predicted_collision,True,8,0,static_obstacle,2.03450045998458,4.457573826551901,0.6788585346489099,inf,False,False,118.36843640148038,35.25897733343117,0.025172796433941536,True,False,1,0,,True,False,0.0,9.448126266434297,1.9174234006333728,2.0195780029296873,3.0,static_collision,True,no_safe_candidate_before_cost,no_hard_safe_candidate,False,False,0.0,inf,inf,inf,False,0.0,,,
6000,1029,1,232,232,-0.19936412572860718,0.8818681240081787,0.04805357754230499,0.0,0.24741770327091217,-0.8818681240081787,True,True,predictive_recovery,keep_stop,-1.70404052734375,0.014655704940663582,10,1,,0,0,0,False,False,False,False,False,False,False,False,True,0.9381515257982608,0.047817490602552026,0.0,False,max_steps,static_obstacle,4.52593994140625,,inf,inf,inf,9.542913764545432,2.0013894027632415,2.0199594726562498,-0.03726963650888537,-1.04495947265625,0.26512087288469666,{'ROAD_LINE_BROKEN_SINGLE_WHITE'},True,True,predicted_collision_within_1s;raw_collision_risk:static_collision,False,True,right,11,False,raw_predicted_collision,True,8,0,static_obstacle,2.0425116684223688,4.466237358957061,0.6788882245306941,inf,False,False,1157.1789870625973,304.74394626798744,0.002921821802431824,True,False,1,0,,True,False,0.0,9.484020377236451,1.951469514408125,2.0199594726562498,3.0,static_collision,True,predicted_collision_within_1s;raw_collision_risk:static_collision,,False,False,0.0,9.542913764545432,2.0013894027632415,2.0199594726562498,False,-215.02028868921565,,,
6000,1029,1,233,233,-0.18865156173706055,0.9183369874954224,0.048021551221609116,0.0,0.23667311668395996,-0.9183369874954224,True,True,predictive_recovery,keep_stop,-1.703765869140625,0.047817490602552026,10,1,,0,0,0,False,False,False,False,False,False,False,False,True,0.9381370438237071,0.011433526602793901,0.0,False,max_steps,static_obstacle,4.53277587890625,,inf,inf,inf,9.456657605318249,1.9148036934338364,2.0202341308593748,-0.15662112808408146,-1.045234130859375,0.27258086019430705,{'ROAD_LINE_BROKEN_SINGLE_WHITE'},True,True,predicted_collision_within_1s;raw_collision_risk:static_collision,False,True,right,10,False,raw_predicted_collision,True,8,0,static_obstacle,2.0488131400979523,4.473120132086092,0.6787429981452789,inf,False,False,331.19878320727014,93.5456895734165,0.009020844280518655,True,False,1,0,,True,False,0.0,9.483151285551054,1.9500134056286844,2.0202341308593748,3.0,static_collision,True,predicted_collision_within_1s;raw_collision_risk:static_collision,,False,False,0.0,9.456657605318249,1.9148036934338364,2.0202341308593748,False,-215.63755636881663,,,
6000,1029,1,234,234,-0.18864846229553223,0.9192726612091064,0.04801933467388153,0.0,0.23666779696941376,-0.9192726612091064,True,True,predictive_recovery,keep_stop,-1.7036285400390625,0.011433526602793901,10,1,,0,0,0,False,False,False,False,False,False,False,False,True,0.9381354539861813,0.016870403724080548,0.0,False,max_steps,static_obstacle,4.536598205566406,,inf,inf,inf,9.563203921329722,2.0202470372722554,2.0203714599609373,-0.014360089318445457,-1.0453714599609376,0.26390929074395986,{'ROAD_LINE_BROKEN_SINGLE_WHITE'},True,True,predicted_collision_within_1s;raw_collision_risk:static_collision,False,True,right,9,False,raw_predicted_collision,True,8,0,static_obstacle,2.0523429691991573,4.476947785093998,0.6787269369710235,inf,False,False,1559.0402869944453,391.5631581248089,0.00215691721223213,True,False,1,0,,True,False,0.0,9.495508907269215,1.96202277153231,2.0203714599609373,3.0,static_collision,True,predicted_collision_within_1s;raw_collision_risk:static_collision,,False,False,0.0,9.563203921329722,2.0202470372722554,2.0203714599609373,False,-305.9975407619311,,,
6000,1029,1,235,235,-0.1886235475540161,0.9191533327102661,0.04803810641169548,0.0,0.2366616576910019,-0.9191533327102661,True,True,predictive_recovery,keep_stop,-1.7036285400390625,0.016870403724080548,10,1,,0,0,0,False,False,False,False,False,False,False,False,True,0.9381417266178742,0.01703050043227554,0.0,False,max_steps,static_obstacle,4.537017822265625,,inf,inf,inf,9.553211786066587,2.005387746610371,2.0203714599609373,-0.03461342942937673,-1.0453714599609376,0.264879310912272,{'ROAD_LINE_BROKEN_SINGLE_WHITE'},True,True,predicted_collision_within_1s;raw_collision_risk:static_collision,False,True,right,8,False,raw_predicted_collision,True,8,0,static_obstacle,2.052735802316658,4.477342858023447,0.6787996802075343,inf,False,False,1129.5106874353144,265.3963077144715,0.003182155399104558,True,False,1,0,,True,False,0.0,9.495183313535371,1.961145541027428,2.0203714599609373,3.0,static_collision,True,predicted_collision_within_1s;raw_collision_risk:static_collision,,False,False,0.0,9.553211786066587,2.005387746610371,2.0203714599609373,False,-305.94532959032114,,,
6000,1029,1,236,236,-0.1886286735534668,0.919121265411377,0.048038795590400696,0.0,0.2366674691438675,-0.919121265411377,True,True,predictive_recovery,keep_stop,-1.703704833984375,0.01703050043227554,10,1,,0,0,0,False,False,False,False,False,False,False,False,True,0.938145571134073,0.0016590840527172137,0.0,False,max_steps,static_obstacle,4.535362243652344,,inf,inf,inf,9.545460021919158,2.0034181493523513,2.0202951660156248,-0.03687782781903426,-1.045295166015625,0.26500661596025743,{'ROAD_LINE_BROKEN_SINGLE_WHITE'},True,True,predicted_collision_within_1s;raw_collision_risk:static_collision,False,True,right,7,False,raw_predicted_collision,True,8,0,static_obstacle,2.051212751912757,4.475684760714391,0.6788225697348819,inf,False,False,973.4300865535602,262.80406606445035,0.0032124407064918776,True,False,1,0,,True,False,0.0,9.49305222490371,1.9595899008130002,2.0202951660156248,3.0,static_collision,True,predicted_collision_within_1s;raw_collision_risk:static_collision,,False,False,0.0,9.545460021919158,2.0034181493523513,2.0202951660156248,False,-305.9380740981335,,,
6000,1029,1,237,237,-0.18866413831710815,0.919511079788208,0.04804076999425888,0.0,0.23670491576194763,-0.919511079788208,True,True,predictive_recovery,keep_stop,-1.7037353515625,0.0016590840527172137,10,1,,0,0,0,False,False,False,False,False,False,False,False,True,0.9381460625383993,0.0005914064167125447,0.0,False,max_steps,static_obstacle,4.5343475341796875,,inf,inf,inf,9.589583730782273,2.045614704341751,2.0202646484374998,0.02054278539936716,-1.0452646484375,0.26350585937500004,{'ROAD_LINE_BROKEN_SINGLE_WHITE'},True,True,predicted_collision_within_1s;raw_collision_risk:static_collision,False,True,right,6,False,raw_predicted_collision,True,8,0,static_obstacle,2.050273599722981,4.474667039945666,0.6788252183181834,inf,False,False,inf,2697.0707316589223,0.0003130096632015488,True,False,1,0,,True,False,0.0,9.496472119414713,1.9622411694186022,2.0202646484374998,3.0,static_collision,True,predicted_collision_within_1s;raw_collision_risk:static_collision,,False,False,0.0,9.589583730782273,2.045614704341751,2.0202646484374998,False,-306.09315165395446,,,
6000,1029,1,238,238,-0.18866181373596191,0.9195399284362793,0.048041053116321564,0.0,0.23670285940170288,-0.9195399284362793,True,True,predictive_recovery,keep_stop,-1.7037353515625,0.0005914064167125447,10,1,,0,0,0,False,False,False,False,False,False,False,False,True,0.9381447906683785,0.006680839545923425,0.0,False,max_steps,static_obstacle,4.534217834472656,,inf,inf,inf,9.589263954752097,2.0484913850860393,2.0202646484374998,0.0244704609423394,-1.0452646484375,0.26350585937500004,{'ROAD_LINE_BROKEN_SINGLE_WHITE'},True,True,predicted_collision_within_1s;raw_collision_risk:static_collision,False,True,right,5,False,raw_predicted_collision,True,8,0,static_obstacle,2.0501521878779463,4.474537046560699,0.6788217535843032,inf,False,False,inf,inf,0.00011157580723207479,True,False,1,0,,True,False,0.0,9.496152371398464,1.9623692819708747,2.0202646484374998,3.0,static_collision,True,predicted_collision_within_1s;raw_collision_risk:static_collision,,False,False,0.0,9.589263954752097,2.0484913850860393,2.0202646484374998,False,-306.10425517460595,,,
6000,1029,1,239,239,-0.18864810466766357,0.919385552406311,0.048042137175798416,0.0,0.2366902381181717,-0.919385552406311,True,True,predictive_recovery,keep_stop,-1.7037353515625,0.006680839545923425,10,1,,0,0,0,False,False,False,False,False,False,False,False,True,0.9381439234842736,0.0005923402384696258,0.0,False,max_steps,static_obstacle,4.534553527832031,,inf,inf,inf,9.581440985557746,2.0317096478441843,2.0202646484374998,0.0016626180894405707,-1.0452646484375,0.26350585937500004,{'ROAD_LINE_BROKEN_SINGLE_WHITE'},True,True,predicted_collision_within_1s;raw_collision_risk:static_collision,False,True,right,4,False,raw_predicted_collision,True,8,0,static_obstacle,2.050466431183445,4.474871150258446,0.6788363899606807,inf,False,False,5463.535103822453,669.8067090967577,0.0012603277179272282,True,False,1,0,,True,False,0.0,9.495581408733818,1.9612613917503532,2.0202646484374998,3.0,static_collision,True,predicted_collision_within_1s;raw_collision_risk:static_collision,,False,False,0.0,9.581440985557746,2.0317096478441843,2.0202646484374998,False,-306.0399406191798,,,
6000,1029,1,240,240,-0.18872761726379395,0.9194676876068115,0.04804143309593201,0.0,0.23676905035972595,-0.9194676876068115,True,True,predictive_recovery,keep_stop,-1.7037353515625,0.0005923402384696258,10,1,,0,0,0,False,False,False,False,False,False,False,False,True,0.938142969581758,0.004640568122669908,0.0,False,max_steps,static_obstacle,4.534782409667969,,inf,inf,inf,9.58997603358003,2.049017238887306,2.0202646484374998,0.025031487522871654,-1.0452646484375,0.26350585937500004,{'ROAD_LINE_BROKEN_SINGLE_WHITE'},True,True,predicted_collision_within_1s;raw_collision_risk:static_collision,False,True,right,3,False,raw_predicted_collision,True,8,0,static_obstacle,2.050680689632667,4.475100814135852,0.6788418677931719,inf,False,False,inf,inf,0.00011179096181583997,True,False,1,0,,True,False,0.0,9.496864387847367,1.9628961741920097,2.0202646484374998,3.0,static_collision,True,predicted_collision_within_1s;raw_collision_risk:static_collision,,False,False,0.0,9.58997603358003,2.049017238887306,2.0202646484374998,False,-306.1043916870004,,,
6000,1029,1,241,241,-0.1886395812034607,0.9194446802139282,0.048042405396699905,0.0,0.2366819828748703,-0.9194446802139282,True,True,predictive_recovery,keep_stop,-1.7037353515625,0.004640568122669908,10,1,,0,0,0,False,False,False,False,False,False,False,False,True,0.9381428828633476,0.002815563696152098,0.0,False,max_steps,static_obstacle,4.5350341796875,,inf,inf,inf,9.588149310932337,2.0378864870315394,2.0202646484374998,0.009898226248654218,-1.0452646484375,0.26350585937500004,{'ROAD_LINE_BROKEN_SINGLE_WHITE'},True,True,predicted_collision_within_1s;raw_collision_risk:static_collision,False,True,right,2,False,raw_predicted_collision,True,8,0,static_obstacle,2.0509163754717856,4.475351184465515,0.678853345901176,inf,False,False,inf,964.3972604566922,0.0008753948272065814,True,False,1,0,,True,False,0.0,9.496716880761001,1.9621863416240826,2.0202646484374998,3.0,static_collision,True,predicted_collision_within_1s;raw_collision_risk:static_collision,,False,False,0.0,9.588149310932337,2.0378864870315394,2.0202646484374998,False,-306.0636347248174,,,
6000,1029,1,242,242,-0.18863970041275024,0.9194917678833008,0.04804237186908722,0.0,0.23668207228183746,-0.9194917678833008,True,True,predictive_recovery,keep_stop,-1.7037353515625,0.002815563696152098,10,1,,0,0,0,False,False,False,False,False,False,False,False,True,0.9381422469283371,0.0044560909199914496,0.0,False,max_steps,static_obstacle,4.535057067871094,,inf,inf,inf,9.587970494188765,2.043031602509877,2.0202646484374998,0.01685726520913633,-1.0452646484375,0.26350585937500004,{'ROAD_LINE_BROKEN_SINGLE_WHITE'},True,True,predicted_collision_within_1s;raw_collision_risk:static_collision,False,True,right,1,False,raw_predicted_collision,True,8,0,static_obstacle,2.0509378015374105,4.475374102227744,0.6788540109994009,inf,False,False,inf,1589.5126465595622,0.0005311270921351475,True,False,1,0,,True,False,0.0,9.496736709072634,1.9626336823163129,2.0202646484374998,3.0,static_collision,True,predicted_collision_within_1s;raw_collision_risk:static_collision,,False,False,0.0,9.587970494188765,2.043031602509877,2.0202646484374998,False,-306.08334883874073,,,
6000,1029,1,243,243,-0.18863451480865479,0.9194521903991699,0.048044148832559586,0.0,0.23667865991592407,-0.9194521903991699,True,True,predictive_recovery,keep_stop,-1.7037353515625,0.0044560909199914496,10,1,,0,0,0,False,False,False,False,False,False,False,False,True,0.9381421602099267,0.0028157727303596263,0.0,False,max_steps,static_obstacle,4.535224914550781,,inf,inf,inf,9.589039996932259,2.038582856814078,2.0202646484374998,0.010790114325947897,-1.0452646484375,0.26350585937500004,{'ROAD_LINE_BROKEN_SINGLE_WHITE'},True,True,predicted_collision_within_1s;raw_collision_risk:static_collision,False,True,,0,False,raw_predicted_collision,True,8,0,static_obstacle,2.0510949264273104,4.475539554415643,0.6788651893296621,inf,False,False,inf,1004.3645057458186,0.0008405725486358392,True,False,1,0,,True,False,0.0,9.497103654082707,1.9624074759306873,2.0202646484374998,3.0,static_collision,True,predicted_collision_within_1s;raw_collision_risk:static_collision,,False,False,0.0,9.589039996932259,2.038582856814078,2.0202646484374998,False,-306.0663290679889,,,
6000,1029,1,244,244,-0.18863528966903687,0.91949462890625,0.04804522544145584,0.0,0.2366805076599121,-0.91949462890625,True,True,predictive_recovery,keep_stop,-1.7037353515625,0.0028157727303596263,10,1,,0,0,0,False,False,False,False,False,False,False,False,True,0.9381415242749164,0.004456160455187225,0.0,False,max_steps,static_obstacle,4.535247802734375,,inf,inf,inf,9.588310870664921,2.043209525437083,2.0202646484374998,0.017047205644341368,-1.0452646484375,0.26350585937500004,{'ROAD_LINE_BROKEN_SINGLE_WHITE'},True,True,predicted_collision_within_1s;raw_collision_risk:static_collision,False,True,,0,False,raw_predicted_collision,True,8,0,static_obstacle,2.051116352604383,4.475561032685353,0.6788693277638677,inf,False,False,inf,1589.4610329981217,0.0005311541046335629,True,False,1,0,,True,False,0.0,9.497077627234352,1.9628117117864325,2.0202646484374998,3.0,static_collision,True,predicted_collision_within_1s;raw_collision_risk:static_collision,,False,False,0.0,9.588310870664921,2.043209525437083,2.0202646484374998,False,-306.0840612383535,,,
6000,1029,1,245,245,-0.1887032389640808,0.9193782806396484,0.04804778844118118,0.0,0.2367510199546814,-0.9193782806396484,True,True,predictive_recovery,keep_stop,-1.7037353515625,0.004456160455187225,10,1,,0,0,0,False,False,False,False,False,False,False,False,True,0.9381414375565058,0.0028157143960387725,0.0,False,max_steps,static_obstacle,4.5354156494140625,,inf,inf,inf,9.58938078941306,2.038761148148906,2.0202646484374998,0.010980584903859114,-1.0452646484375,0.26350585937500004,{'ROAD_LINE_BROKEN_SINGLE_WHITE'},True,True,predicted_collision_within_1s;raw_collision_risk:static_collision,False,True,,0,False,raw_predicted_collision,True,8,0,static_obstacle,2.051273478311519,4.475725469858471,0.6788829557613457,inf,False,False,inf,1004.3905543500955,0.0008408919112374821,True,False,1,0,,True,False,0.0,9.497444606999027,1.962585536714817,2.0202646484374998,3.0,static_collision,True,predicted_collision_within_1s;raw_collision_risk:static_collision,,False,False,0.0,9.58938078941306,2.038761148148906,2.0202646484374998,False,-306.06516640301174,,,
6000,1029,1,246,246,-0.1886279582977295,0.9194954633712769,0.04804852977395058,0.0,0.23667648434638977,-0.9194954633712769,True,True,predictive_recovery,keep_stop,-1.7037353515625,0.0028157143960387725,10,1,,0,0,0,False,False,False,False,False,False,False,False,True,0.9381408016214955,0.004456152649922454,0.0,False,max_steps,static_obstacle,4.535438537597656,,inf,inf,inf,9.58865204392681,2.04338819999241,2.0202646484374998,0.017238162205419627,-1.0452646484375,0.26350585937500004,{'ROAD_LINE_BROKEN_SINGLE_WHITE'},True,True,predicted_collision_within_1s;raw_collision_risk:static_collision,False,True,,0,False,raw_predicted_collision,True,8,0,static_obstacle,2.051294904600026,4.475747384210019,0.6788860421133528,inf,False,False,inf,1589.5601452003186,0.0005311224576743181,True,False,1,0,,True,False,0.0,9.497418611890572,1.9629898046445653,2.0202646484374998,3.0,static_collision,True,predicted_collision_within_1s;raw_collision_risk:static_collision,,False,False,0.0,9.58865204392681,2.04338819999241,2.0202646484374998,False,-306.08472668707583,,,
6000,1029,1,247,247,-0.1886952519416809,0.9193801879882812,0.04805087670683861,0.0,0.23674613237380981,-0.9193801879882812,True,True,predictive_recovery,keep_stop,-1.7037353515625,0.004456152649922454,10,1,,0,0,0,False,False,False,False,False,False,False,False,True,0.938140714903085,0.0028157431888032464,0.0,False,max_steps,static_obstacle,4.535606384277344,,inf,inf,inf,9.589721812453586,2.0389396575409653,2.0202646484374998,0.011171349432935518,-1.0452646484375,0.26350585937500004,{'ROAD_LINE_BROKEN_SINGLE_WHITE'},True,True,predicted_collision_within_1s;raw_collision_risk:static_collision,False,True,,0,False,raw_predicted_collision,True,8,0,static_obstacle,2.0514520311243074,4.475912095350128,0.678899009638967,inf,False,False,inf,1004.4341940189184,0.0008408548469677065,True,False,1,0,,True,False,0.0,9.497785579228381,1.962763616532374,2.0202646484374998,3.0,static_collision,True,predicted_collision_within_1s;raw_collision_risk:static_collision,,False,False,0.0,9.589721812453586,2.0389396575409653,2.0202646484374998,False,-306.06585664681506,,,
6000,1029,1,248,248,-0.18861961364746094,0.9194986820220947,0.048051606863737106,0.0,0.23667122423648834,-0.9194986820220947,True,True,predictive_recovery,keep_stop,-1.7037353515625,0.0028157431888032464,10,1,,0,0,0,False,False,False,False,False,False,False,False,True,0.9381400789680746,0.004456137933650358,0.0,False,max_steps,static_obstacle,4.5356292724609375,,inf,inf,inf,9.58899295768459,2.043566630851171,2.0202646484374998,0.017428787642672194,-1.0452646484375,0.26350585937500004,{'ROAD_LINE_BROKEN_SINGLE_WHITE'},True,True,predicted_collision_within_1s;raw_collision_risk:static_collision,False,True,,0,False,raw_predicted_collision,True,8,0,static_obstacle,2.051473457524238,4.4759340251288995,0.6789020588865974,inf,False,False,inf,1589.610175717506,0.000531104392402538,True,False,1,0,,True,False,0.0,9.497759575024695,1.9631678781474189,2.0202646484374998,3.0,static_collision,True,predicted_collision_within_1s;raw_collision_risk:static_collision,,False,False,0.0,9.58899295768459,2.043566630851171,2.0202646484374998,False,-306.08544957850677,,,
6000,1029,1,249,249,-0.1886102557182312,0.9194626808166504,0.0480540469288826,0.0,0.2366642951965332,-0.9194626808166504,True,True,predictive_recovery,keep_stop,-1.7037353515625,0.004456137933650358,10,1,,0,0,0,False,False,False,False,False,False,False,False,True,0.9381399922496642,0.002815743268052071,0.0,False,max_steps,static_obstacle,4.535797119140625,,inf,inf,inf,9.590062856195246,2.0391181872708555,2.0202646484374998,0.011362140228976969,-1.0452646484375,0.26350585937500004,{'ROAD_LINE_BROKEN_SINGLE_WHITE'},True,True,predicted_collision_within_1s;raw_collision_risk:static_collision,False,True,,0,False,raw_predicted_collision,True,8,0,static_obstacle,2.0516305848655736,4.476098616591527,0.6789153157801052,inf,False,False,inf,1004.4793682867032,0.0008404733151815045,True,False,1,0,,True,False,0.0,9.498126553284083,1.9629416989444735,2.0202646484374998,3.0,static_collision,True,predicted_collision_within_1s;raw_collision_risk:static_collision,,False,False,0.0,9.590062856195246,2.0391181872708555,2.0202646484374998,False,-306.06851582140064,,,
6000,1029,1,250,250,-0.18861019611358643,0.9195033311843872,0.048054832965135574,0.0,0.2366650253534317,-0.9195033311843872,True,True,predictive_recovery,keep_stop,-1.7037353515625,0.002815743268052071,10,1,,0,0,0,False,False,False,False,False,False,False,False,True,0.9381393563146538,0.004456139819939284,0.0,False,max_steps,static_obstacle,4.535820007324219,,inf,inf,inf,9.589333957108401,2.043745143263038,2.0202646484374998,0.017619522204776583,-1.0452646484375,0.26350585937500004,{'ROAD_LINE_BROKEN_SINGLE_WHITE'},True,True,predicted_collision_within_1s;raw_collision_risk:static_collision,False,True,,0,False,raw_predicted_collision,True,8,0,static_obstacle,2.0516520113769148,4.476120476892288,0.6789185328073098,inf,False,False,inf,1589.676348578777,0.0005310778899928119,True,False,1,0,,True,False,0.0,9.498100545398433,1.9633459593335176,2.0202646484374998,3.0,static_collision,True,predicted_collision_within_1s;raw_collision_risk:static_collision,,False,False,0.0,9.589333957108401,2.043745143263038,2.0202646484374998,False,-306.08620777044945,,,
6000,1029,1,251,251,-0.1886047124862671,0.9194648265838623,0.04805726557970047,0.0,0.23666197061538696,-0.9194648265838623,True,True,predictive_recovery,keep_stop,-1.7037353515625,0.004456139819939284,10,1,,0,0,0,False,False,False,False,False,False,False,False,True,0.9381392695962433,0.0028157425283426856,0.0,False,max_steps,static_obstacle,4.535987854003906,,inf,inf,inf,9.590403850574564,2.03929667132672,2.0202646484374998,0.0115528679229695,-1.0452646484375,0.26350585937500004,{'ROAD_LINE_BROKEN_SINGLE_WHITE'},True,True,predicted_collision_within_1s;raw_collision_risk:static_collision,False,True,,0,False,raw_predicted_collision,True,8,0,static_obstacle,2.0518091395352163,4.4762850798922535,0.6789317624561727,inf,False,False,inf,1004.5207872209999,0.0008404489695382546,True,False,1,0,,True,False,0.0,9.498467523327982,1.9631197784626184,2.0202646484374998,3.0,static_collision,True,predicted_collision_within_1s;raw_collision_risk:static_collision,,False,False,0.0,9.590403850574564,2.03929667132672,2.0202646484374998,False,-306.06921199392343,,,
6000,1029,1,252,252,-0.18860530853271484,0.9195054769515991,0.048058055341243744,0.0,0.23666337132453918,-0.9195054769515991,True,True,predictive_recovery,keep_stop,-1.7037353515625,0.0028157425283426856,10,1,,0,0,0,False,False,False,False,False,False,False,False,True,0.938138633661233,0.004456137535835892,0.0,False,max_steps,static_obstacle,4.5360107421875,,inf,inf,inf,9.589674959080806,2.0439236589072665,2.0202646484374998,0.01781025987930418,-1.0452646484375,0.26350585937500004,{'ROAD_LINE_BROKEN_SINGLE_WHITE'},True,True,predicted_collision_within_1s;raw_collision_risk:static_collision,False,True,,0,False,raw_predicted_collision,True,8,0,static_obstacle,2.0518305661579546,4.476306932463555,0.6789349982635257,inf,False,False,inf,1589.7429851650036,0.0005310639883067588,True,False,1,0,,True,False,0.0,9.498441516085911,1.9635240416918014,2.0202646484374998,3.0,static_collision,True,predicted_collision_within_1s;raw_collision_risk:static_collision,,False,False,0.0,9.589674959080806,2.0439236589072665,2.0202646484374998,False,-306.08690494105514,,,
6000,1029,1,253,253,-0.18859577178955078,0.9194679260253906,0.04806048423051834,0.0,0.23665624856948853,-0.9194679260253906,True,True,predictive_recovery,keep_stop,-1.7037353515625,0.004456137535835892,10,1,,0,0,0,False,False,False,False,False,False,False,False,True,0.9381385469428225,0.0028157461847901,0.0,False,max_steps,static_obstacle,4.5361785888671875,,inf,inf,inf,9.590744857488742,2.039475168026049,2.0202646484374998,0.01174361146754066,-1.0452646484375,0.26350585937500004,{'ROAD_LINE_BROKEN_SINGLE_WHITE'},True,True,predicted_collision_within_1s;raw_collision_risk:static_collision,False,True,,0,False,raw_predicted_collision,True,8,0,static_obstacle,2.0519876951331306,4.476471539282296,0.6789482192925201,inf,False,False,inf,1004.5631453883278,0.000840408697771357,True,False,1,0,,True,False,0.0,9.49880849451773,1.9632978599353563,2.0202646484374998,3.0,static_collision,True,predicted_collision_within_1s;raw_collision_risk:static_collision,,False,False,0.0,9.590744857488742,2.039475168026049,2.0202646484374998,False,-306.06993143342186,,,
6000,1029,1,254,254,-0.18859589099884033,0.9195094108581543,0.04806048423051834,0.0,0.23665636777877808,-0.9195094108581543,True,True,safety_hold,safety_hold_recovery,0,0,0,0,recent_emergency_safety_hold,0,0,0,False,False,False,False,False,False,False,False,True,0.9381379110078121,0.004456134650002935,0.0,False,max_steps,static_obstacle,4.536201477050781,,inf,inf,inf,inf,inf,inf,inf,inf,0.0,{'ROAD_LINE_BROKEN_SINGLE_WHITE'},True,True,recent_emergency_safety_hold,False,False,,0,False,,True,7,0,static_obstacle,2.0520091218672554,4.476493411139811,0.6789514086852378,inf,False,True,inf,1589.80714786035,0.0005310381605470742,True,False,1,0,,True,False,0.0,9.498782485792281,1.9637021240048653,2.0202646484374998,3.0,static_collision,True,safety_hold,,False,False,0.0,inf,inf,inf,False,0.0,,,
6000,1029,1,255,255,-0.1885908842086792,0.9194698333740234,0.04806048423051834,0.0,0.23665136098861694,-0.9194698333740234,True,True,safety_hold,safety_hold_recovery,0,0,0,0,recent_emergency_safety_hold,0,0,0,False,False,False,False,False,False,False,False,True,0.9381378242894016,0.002815748494652976,0.0,False,max_steps,static_obstacle,4.536369323730469,,inf,inf,inf,inf,inf,inf,inf,inf,0.0,{'ROAD_LINE_BROKEN_SINGLE_WHITE'},True,True,recent_emergency_safety_hold,False,False,,0,False,,True,6,0,static_obstacle,2.0521662516592154,4.476658041074707,0.6789645745209777,inf,False,True,inf,1004.6056487704559,0.0008403863737969867,True,False,1,0,,True,False,0.0,9.499149465967275,1.9634759425296158,2.0202646484374998,3.0,static_collision,True,safety_hold,,False,False,0.0,inf,inf,inf,False,0.0,,,
6000,1029,1,256,256,-0.18860948085784912,0.9195091724395752,0.04806048423051834,0.0,0.23666995763778687,-0.9195091724395752,True,True,safety_hold,safety_hold_recovery,0,0,0,0,recent_emergency_safety_hold,0,0,0,False,False,False,False,False,False,False,False,True,0.9381371883543913,0.004456132320468222,0.0,False,max_steps,static_obstacle,4.5363922119140625,,inf,inf,inf,inf,inf,inf,inf,inf,0.0,{'ROAD_LINE_BROKEN_SINGLE_WHITE'},True,True,recent_emergency_safety_hold,False,False,,0,False,,True,5,0,static_obstacle,2.0521876785047133,4.4766799167811,0.6789677547513119,inf,False,True,inf,1589.8720802948785,0.0005310768618027679,True,False,1,0,,True,False,0.0,9.49912345594339,1.9638802076130568,2.0202646484374998,3.0,static_collision,True,safety_hold,,False,False,0.0,inf,inf,inf,False,0.0,,,
6000,1029,1,257,257,-0.1885819435119629,0.91947340965271,0.04806048423051834,0.0,0.23664242029190063,-0.91947340965271,True,True,safety_hold,safety_hold_recovery,0,0,0,0,recent_emergency_safety_hold,0,0,0,False,False,False,False,False,False,False,False,True,0.9381371016359807,0.0028157511991459103,0.0,False,max_steps,static_obstacle,4.53656005859375,,inf,inf,inf,inf,inf,inf,inf,inf,0.0,{'ROAD_LINE_BROKEN_SINGLE_WHITE'},True,True,recent_emergency_safety_hold,False,False,,0,False,,True,4,0,static_obstacle,2.0523448091133676,4.476844550535434,0.6789809119592344,inf,False,True,inf,1004.6480285094037,0.0008403460935403704,True,False,1,0,,True,False,0.0,9.49949043738909,1.96365402597499,2.0202646484374998,3.0,static_collision,True,safety_hold,,False,False,0.0,inf,inf,inf,False,0.0,,,
6000,1029,1,258,258,-0.18858301639556885,0.9195156097412109,0.04806048423051834,0.0,0.2366434931755066,-0.9195156097412109,True,True,safety_hold,safety_hold_recovery,0,0,0,0,recent_emergency_safety_hold,0,0,0,False,False,False,False,False,False,False,False,True,0.9381364657009704,0.004456129927331612,0.0,False,max_steps,static_obstacle,4.536582946777344,,inf,inf,inf,inf,inf,inf,inf,inf,0.0,{'ROAD_LINE_BROKEN_SINGLE_WHITE'},True,True,recent_emergency_safety_hold,False,False,,0,False,,True,3,0,static_obstacle,2.052366236070227,4.4768664030744985,0.678984148228119,inf,False,True,inf,1589.936782920468,0.0005310028545543759,True,False,1,0,,True,False,0.0,9.499464426106893,1.9640582921098193,2.0202646484374998,3.0,static_collision,True,safety_hold,,False,False,0.0,inf,inf,inf,False,0.0,,,
6000,1029,1,259,259,-0.18859630823135376,0.9194724559783936,-0.18859630823135376,0.6499999761581421,0.0,-0.26947247982025146,True,True,deadlock_progress_release,deadlock_progress_release,0,0,0,0,low_progress_release,0,0,0,False,False,False,False,False,False,False,False,True,0.9381529132928288,0.18988233581244213,0.0,False,max_steps,static_obstacle,4.536750793457031,,inf,inf,inf,inf,inf,inf,inf,inf,0.0,{'ROAD_LINE_BROKEN_SINGLE_WHITE'},True,False,,False,False,,0,False,,False,0,0,static_obstacle,2.052523367495484,4.47703099047473,0.6789974179026922,inf,False,True,inf,1004.6904070312047,0.0008404096532939928,True,False,1,0,,True,False,0.0,9.499831408937062,1.963832110416044,2.0202646484374998,3.0,static_collision,True,low_progress_release,,False,False,0.0,inf,inf,inf,False,0.0,,,
6000,1029,1,260,260,-0.2096274495124817,0.9530634880065918,-0.2096274495124817,0.6499999761581421,0.0,-0.3030635118484497,True,True,deadlock_progress_release,deadlock_progress_release,0,0,0,0,low_progress_release_persist,0,0,0,False,False,False,False,False,False,False,False,True,0.9382390246744563,0.3837514710569854,0.0,False,max_steps,static_obstacle,4.53240966796875,,inf,inf,inf,inf,inf,inf,inf,inf,0.0,{'ROAD_LINE_BROKEN_SINGLE_WHITE'},True,False,,False,False,,0,False,,False,0,0,static_obstacle,2.0486206974583445,4.472349984047312,0.6800973014637025,inf,False,True,77.25477747985377,23.55327031822967,0.0398045497638348,True,False,1,0,,True,False,0.0,9.449079891367413,1.916697550268634,2.0198068847656248,3.0,static_collision,True,low_progress_release,,False,False,0.0,inf,inf,inf,False,0.0,,,
6000,1029,1,261,261,-0.21931099891662598,0.9525423049926758,-0.21931099891662598,0.6499999761581421,0.0,-0.3025423288345337,True,True,deadlock_progress_release,deadlock_progress_release,0,0,0,0,low_progress_release_persist,0,0,0,False,False,False,False,False,False,False,False,True,0.9383979506147679,0.5775102065075821,0.0,False,max_steps,static_obstacle,4.509681701660156,,inf,inf,inf,inf,inf,inf,inf,inf,0.0,{'ROAD_LINE_BROKEN_SINGLE_WHITE'},True,False,,False,False,,0,False,,False,0,0,static_obstacle,2.02823326362859,4.447557192444327,0.6865846851351148,inf,False,True,38.13250322707926,11.589681155343074,0.08416091845323216,True,False,1,0,,True,False,0.0,9.379279260038194,1.8513101626439619,2.0173197021484373,3.0,static_collision,True,low_progress_release,,False,False,0.0,inf,inf,inf,False,0.0,,,
6000,1029,1,262,262,-0.218248188495636,0.950697660446167,-0.218248188495636,0.6499999761581421,0.0,-0.3006976842880249,True,True,deadlock_progress_release,deadlock_progress_release,0,0,0,0,low_progress_release_persist,0,0,0,False,False,False,False,False,False,False,False,True,0.938629604395353,0.7713207855756479,0.0,False,max_steps,static_obstacle,4.467735290527344,,inf,inf,inf,inf,inf,inf,inf,inf,0.0,{'ROAD_LINE_BROKEN_SINGLE_WHITE'},True,False,,False,False,,0,False,,False,0,0,static_obstacle,1.9908245106011575,4.401289750526984,0.6999738243745065,inf,False,True,25.083911452780047,7.621146260155663,0.12604055640802045,True,False,1,0,,True,False,0.0,9.289671826163344,1.7692540181996275,2.0122843017578123,3.0,static_collision,True,low_progress_release,,False,False,0.0,inf,inf,inf,False,0.0,,,
6000,1029,1,263,263,-0.24480974674224854,0.9441671371459961,-0.24480974674224854,0.6499999761581421,0.0,-0.294167160987854,True,True,deadlock_progress_release,deadlock_progress_release,0,0,0,0,low_progress_release_persist,0,0,0,False,False,False,False,False,False,False,False,True,0.9389337258609802,0.9641773456269662,0.0,False,max_steps,static_obstacle,4.406593322753906,,inf,inf,inf,inf,inf,inf,inf,inf,0.0,{'ROAD_LINE_BROKEN_SINGLE_WHITE'},True,False,,False,False,,0,False,,False,0,0,static_obstacle,1.9365757104783599,4.333442837820043,0.7202457089183641,inf,False,True,18.720042465539795,5.61821089079809,0.18882684617380655,True,False,1,0,,True,False,0.0,inf,inf,2.0045786132812498,3.0,static_collision,True,low_progress_release,,False,False,0.0,inf,inf,inf,False,0.0,,,
6000,1029,1,264,264,-0.2791961431503296,0.9571988582611084,-0.2791961431503296,0.6499999761581421,0.0,-0.3071988821029663,True,True,deadlock_progress_release,deadlock_progress_release,0,0,0,0,low_progress_release_persist,0,0,0,False,False,False,False,False,False,False,False,True,0.9393093322029972,1.1557729990768908,0.0,False,max_steps,static_obstacle,4.326324462890625,,inf,inf,inf,inf,inf,inf,inf,inf,0.0,{'ROAD_LINE_BROKEN_SINGLE_WHITE'},True,False,,False,False,,0,False,,False,0,0,static_obstacle,1.8658503191997242,4.243700591596053,0.747901307639223,inf,False,True,14.835022023432524,4.4013693236450635,0.2691945962119713,True,False,1,0,,True,False,0.0,inf,inf,1.9938822021484373,3.0,static_collision,True,low_progress_release,,False,False,0.0,inf,inf,inf,False,0.0,,,
6000,1029,1,265,265,-0.25096839666366577,0.9495630264282227,-0.25096839666366577,0.6499999761581421,0.0,-0.29956305027008057,True,True,deadlock_progress_release,deadlock_progress_release,0,0,0,0,low_progress_release_persist,0,0,0,False,False,False,False,False,False,False,False,True,0.9397561632661722,1.3497426051707953,0.0,False,max_steps,static_obstacle,4.2271881103515625,,inf,inf,inf,inf,inf,inf,inf,inf,0.0,{'ROAD_LINE_BROKEN_SINGLE_WHITE'},True,True,predicted_collision_within_1s;raw_collision_risk:static_collision,False,False,,0,False,,False,0,0,static_obstacle,1.779559301375486,4.131091941847316,0.7855760597062336,inf,False,False,12.291172995928099,3.574310825003522,0.29006249648548377,True,False,1,0,,True,False,0.0,inf,inf,1.9791269531249998,3.0,static_collision,True,low_progress_release,,False,False,0.0,inf,inf,inf,False,0.0,,,
6000,1029,1,266,266,-0.12125146389007568,0.9389913082122803,-0.12125146389007568,0.6499999761581421,0.0,-0.2889913320541382,True,True,deadlock_progress_release,deadlock_progress_release,0,0,0,0,low_progress_release_persist,0,0,0,False,False,False,False,False,False,False,False,True,0.940276560447589,1.5452746408454152,0.0,False,max_steps,static_obstacle,4.1092529296875,,inf,inf,inf,inf,inf,inf,inf,inf,0.0,{'ROAD_LINE_BROKEN_SINGLE_WHITE'},True,True,predicted_collision_within_1s;raw_collision_risk:static_collision,False,False,,0,False,,False,0,0,static_obstacle,1.6782680316958138,3.9954873691603265,0.8323828137668081,inf,False,False,10.400583846786871,2.960184670657811,0.16365826675176337,True,False,1,0,,True,False,0.0,inf,inf,1.9600382080078123,3.0,static_collision,True,low_progress_release,,False,False,0.0,inf,inf,inf,False,0.0,,,
6000,1029,1,267,267,-0.018318653106689453,0.8843269348144531,-0.018318653106689453,0.6499999761581421,0.0,-0.23432695865631104,True,True,deadlock_progress_release,deadlock_progress_release,0,0,0,0,low_progress_release_persist,0,0,0,False,False,False,False,False,False,False,False,True,0.9408727206136469,1.738982832331413,0.0,False,max_steps,vehicle,12.862648010253906,,inf,inf,inf,inf,inf,inf,inf,inf,0.0,{'ROAD_LINE_BROKEN_SINGLE_WHITE'},True,True,raw_collision_risk:collision,False,False,,0,False,,False,0,0,static_obstacle,1.5607489823977276,3.84039668946624,0.8762250500719793,inf,False,False,8.989923030334001,2.4852518691209284,0.028307350100211293,True,False,1,0,,True,False,0.0,0.8234969629335351,-0.9835204124552586,1.9395456542968748,0.0,collision,True,low_progress_release,,False,False,0.0,inf,inf,inf,False,0.0,,,
6000,1029,1,268,268,0.08668696880340576,0.892261266708374,0.08668696880340576,0.6499999761581421,0.0,-0.24226129055023193,True,True,deadlock_progress_release,deadlock_progress_release,0,0,0,0,low_progress_release_persist,0,0,0,False,False,False,False,False,False,False,False,True,0.9415438343925144,1.9294479260056367,0.0,False,max_steps,vehicle,12.705299377441406,,inf,inf,inf,inf,inf,inf,inf,inf,0.0,{'ROAD_LINE_BROKEN_SINGLE_WHITE'},True,True,raw_collision_risk:collision,False,False,,0,False,,False,0,0,static_obstacle,1.4252574817033288,3.6716727710872314,0.901859319419299,inf,False,False,7.878246909337344,2.111391040108606,0.0,True,False,1,0,,True,False,0.0,1.6599154377061196,-0.9017262579267693,1.9218149414062498,0.0,collision,True,low_progress_release,,False,False,0.0,inf,inf,inf,False,0.0,,,
6000,1029,1,269,269,0.04073619842529297,0.8186970949172974,0.04073619842529297,0.6499999761581421,0.0,-0.16869711875915527,True,True,deadlock_progress_release,deadlock_progress_release,0,0,0,0,low_progress_release_persist,0,0,0,False,False,False,False,False,False,False,False,True,0.9422888033509922,2.124354554050211,0.0,False,max_steps,vehicle,12.528167724609375,,inf,inf,inf,inf,inf,inf,inf,inf,0.0,{'ROAD_LINE_BROKEN_SINGLE_WHITE'},True,True,raw_collision_risk:collision,False,False,,0,False,,False,0,0,static_obstacle,1.271580452480875,3.4924608678346063,0.9044648238629733,inf,False,False,7.013382784654078,1.8100829883834881,0.0,True,False,1,0,,True,False,0.0,1.311290854609501,-0.9665602398579736,1.9088449707031248,0.0,collision,True,low_progress_release,,False,False,0.0,inf,inf,inf,False,0.0,,,
6000,1029,1,270,270,0.057967424392700195,0.818396806716919,0.06110653281211853,0.30000001192092896,0.003139108419418335,-0.51839679479599,True,True,predictive_recovery,right_pass,0.7510000000000001,3.0,10,3,,0,0,0,False,False,False,False,False,False,False,False,True,0.9430979150271037,2.2139730594394003,0.0,False,max_steps,vehicle,12.33154296875,,inf,inf,inf,0.30089107676559124,-0.9673075889877485,0.9750000000000002,-6.363705251394902,-0.9563391087849936,0.5154862629208167,{'ROAD_LINE_BROKEN_SINGLE_WHITE'},True,True,raw_collision_risk:cut_in_danger,True,False,right,12,False,raw_predicted_collision,False,0,0,static_obstacle,1.101123530642664,3.301116090818364,0.8907442460428472,inf,False,False,6.273751370824949,1.5539383877915227,0.0,True,False,1,0,,True,False,0.0005021573786870403,0.7983261420710432,-0.959628744385421,1.8992471923828123,0.0,cut_in_danger,True,raw_collision_risk:cut_in_danger,,False,False,0.16563996732303785,0.30089107676559124,-0.6488377463599904,0.9750000000000002,True,-143.83966269056586,,,
6000,1029,1,271,271,0.04798591136932373,0.5338606834411621,0.058922626078128815,0.30000001192092896,0.010936714708805084,-0.23386067152023315,True,True,predictive_recovery,right_pass,0.7510000000000001,3.0,10,3,,0,0,0,False,False,False,False,False,False,False,False,True,0.943942725782205,2.303852230650691,0.0,False,max_steps,vehicle,12.117988586425781,,inf,inf,inf,0.0948823925436626,-0.9474661803771423,0.9750000000000002,-6.605171918058653,-0.9455239122178819,0.4838694333076461,{'ROAD_LINE_BROKEN_SINGLE_WHITE'},True,True,raw_collision_risk:collision,True,False,right,12,False,raw_predicted_collision,False,0,0,static_obstacle,0.9189643784064117,3.0932231460112423,0.8770552966447958,inf,False,False,5.931623526479317,1.397136759556811,0.0,True,False,1,0,,True,False,0.0,1.3577996787029543,-0.9127013464512317,1.8887949218749998,0.0,collision,True,raw_collision_risk:collision,,False,False,0.24715086399224667,0.0948823925436626,-0.6946501994434262,0.9750000000000002,True,-137.12846218915945,,,
6000,1029,1,272,272,0.10049271583557129,0.6358578205108643,0.05523550882935524,0.30000001192092896,-0.04525720700621605,-0.3358578085899353,True,True,predictive_recovery,right_pass,0.7510000000000001,3.0,10,3,,0,0,0,False,False,False,False,False,False,False,False,True,0.9448216457787699,2.3938168813031857,0.0,False,max_steps,vehicle,11.895011901855469,,inf,inf,inf,-0.11425094211590014,-0.9480983868037547,0.9750000000000002,-6.854084889351943,-0.9351981625027129,0.505664570127208,{'ROAD_LINE_BROKEN_SINGLE_WHITE'},True,True,raw_collision_risk:collision,True,False,right,12,False,raw_predicted_collision,False,0,0,static_obstacle,0.7320740766604257,2.877296783145569,0.8615170176703844,inf,False,False,5.60233984375585,1.2489068286870624,0.0,True,False,1,0,,True,False,0.0,1.8465666639670864,-0.8983677529068792,1.8788156738281248,0.0,collision,True,raw_collision_risk:collision,,False,False,0.3753942552695614,-0.11425094211590014,-0.7120812788168969,0.9750000000000002,True,-140.0220556260236,,,
6000,1029,1,273,273,0.23500525951385498,0.6744921207427979,0.05097290128469467,0.30000001192092896,-0.1840323507785797,-0.3744921088218689,True,True,predictive_recovery,right_pass,0.7510000000000001,3.0,10,3,,0,0,0,False,False,False,False,False,False,False,False,True,0.9457347039229355,2.483812825756323,0.0,False,max_steps,vehicle,11.663032531738281,,inf,inf,inf,-0.31016182991737473,-0.9252775001886466,0.9750000000000002,-7.091615185619276,-0.9250934533013236,0.5277941898735058,{'ROAD_LINE_BROKEN_SINGLE_WHITE'},True,True,raw_collision_risk:collision,True,False,right,12,False,raw_predicted_collision,False,0,0,static_obstacle,0.542036041212367,2.6526913156435787,0.8462845459762671,inf,False,False,5.302947046171945,1.1081429562813772,0.0,True,False,1,0,,True,False,0.0,1.4034863922281473,-0.9338664785280286,1.8690500488281248,0.0,collision,True,raw_collision_risk:collision,,False,False,0.49615005274297896,-0.31016182991737473,-0.7112162386383887,0.9750000000000002,True,-141.45185380279497,,,
6000,1029,1,274,274,0.2157609462738037,0.8487236499786377,0.04672030359506607,0.30000001192092896,-0.16904065012931824,-0.5487236380577087,True,True,predictive_recovery,right_pass,0.7510000000000001,3.0,10,3,,0,0,0,False,False,False,False,False,False,False,False,True,0.9466819291208385,2.5738164280588514,0.0,False,max_steps,vehicle,11.422042846679688,,inf,inf,inf,-0.5185417946181197,-0.9288451898540313,0.9750000000000002,-6.600081033211386,-0.9151939960055882,0.49024585634618034,{'ROAD_LINE_BROKEN_SINGLE_WHITE'},True,True,raw_collision_risk:collision,True,False,right,12,False,raw_predicted_collision,False,0,0,static_obstacle,0.3502735640432439,2.418958606848966,0.8321140404193832,inf,False,False,5.013296731579795,0.9738892487248476,0.0,True,False,1,0,,True,False,0.005580693854916574,0.7813976871502781,-0.9208495967243495,1.8594827880859373,0.0,collision,True,raw_collision_risk:collision,,False,False,0.6495548636028157,-0.5185417946181197,-0.7612352371221938,0.9750000000000002,True,-145.90667822905462,,,
6000,1029,1,275,275,0.14756262302398682,0.9419069290161133,0.04261454567313194,0.30000001192092896,-0.10494807362556458,-0.6419069170951843,True,True,predictive_recovery,right_pass,0.7510000000000001,3.0,10,3,,0,0,0,False,False,False,False,False,False,False,False,True,0.9476632635602051,2.663820982305295,0.0,False,max_steps,vehicle,11.172035217285156,,inf,inf,inf,-0.7196875655733974,-0.9079625259869699,0.9750000000000002,-6.856118890661297,-0.9054366361829969,0.5131086452081118,{'ROAD_LINE_BROKEN_SINGLE_WHITE'},True,True,raw_collision_risk:collision,True,False,right,12,False,raw_predicted_collision,False,0,0,static_obstacle,0.15868863809387318,2.1759062735411883,0.8193409220278141,inf,False,False,4.747665142882911,0.8454007247060105,0.0,True,False,1,0,,True,False,0.0,1.9383381726885527,-0.855923695203934,1.8500528564453123,0.0,collision,True,raw_collision_risk:collision,,False,False,0.8422959505676342,-0.7196875655733974,-0.7811392153260683,0.9750000000000002,True,-148.74988080101534,,,
6000,1029,1,276,276,-0.01770305633544922,0.8945993185043335,0.03871383145451546,0.30000001192092896,0.056416887789964676,-0.5945993065834045,True,True,predictive_recovery,right_pass,0.7510000000000001,3.0,10,3,,0,0,0,False,False,False,False,False,False,False,False,True,0.9486787650533093,2.7538223065369825,0.0,False,max_steps,vehicle,10.91302490234375,,inf,inf,inf,-0.9302712107777493,-0.9093882702735852,0.9750000000000002,-7.131599997115946,-0.8958371624416777,0.5386244199081305,{'ROAD_LINE_BROKEN_SINGLE_WHITE'},True,True,raw_collision_risk:collision,True,False,right,12,False,raw_predicted_collision,False,0,0,static_obstacle,0.0,1.9234787304920595,0.8080291512106546,inf,False,False,4.489578557907581,0.722075073088231,0.04715777291730232,True,False,1,0,,True,False,0.0,1.581398447183195,-0.8841429030092283,1.8407755126953123,0.0,collision,True,raw_collision_risk:collision,,False,False,1.0454517044551186,-0.9302712107777493,-0.7665647432835943,0.9750000000000002,True,-148.12831646977463,,,
6000,1029,1,277,277,0.04943835735321045,0.9785152673721313,0.03504423424601555,0.30000001192092896,-0.0143941231071949,-0.6785152554512024,True,True,predictive_recovery,right_pass,0.7510000000000001,3.0,10,3,,0,0,0,False,False,False,False,False,False,False,False,True,0.949728404694014,2.8438200281669825,0.0,False,max_steps,vehicle,10.644996643066406,,inf,inf,inf,-1.1310051595935868,-0.8944876247269309,0.9750000000000002,-6.65666464693425,-0.8863955747816301,0.4414056689517913,{'ROAD_LINE_BROKEN_SINGLE_WHITE'},True,True,raw_collision_risk:collision,True,False,right,12,False,raw_predicted_collision,False,0,0,static_obstacle,0.0,1.6616352936392882,0.7981695399694373,inf,False,False,4.2511350332769196,0.6033923429608813,0.0,True,False,1,0,,True,False,0.0,1.2224324701879619,-0.9012400486360619,1.8316507568359373,0.0,collision,True,raw_collision_risk:collision,,False,False,1.291717683909214,-1.1310051595935868,-0.8171267102348074,0.9750000000000002,True,-150.22948034371012,,,
6000,1029,1,278,278,0.119232177734375,0.9372127056121826,0.024871401488780975,0.18000000715255737,-0.09436077624559402,-0.7572126984596252,True,True,predictive_recovery,right_pass,0.7510000000000001,2.0,10,2,,0,0,0,False,False,False,False,False,False,False,False,True,0.9508088582765833,2.8978773944293894,0.0,False,max_steps,vehicle,10.367958068847656,,inf,inf,inf,0.6605221455545527,-0.887902021743687,0.9750000000000002,-5.569099838319051,-0.8770645073784724,0.33328993778654414,{'ROAD_LINE_BROKEN_SINGLE_WHITE'},True,True,raw_collision_risk:collision,True,False,right,12,False,raw_predicted_collision,False,0,0,static_obstacle,0.0,1.3903761924689615,0.7897577570266403,inf,False,False,4.018699843297108,0.488911456666667,0.0,True,False,1,0,,True,False,0.0,0.8526656969817408,-0.8655335169690099,1.8226328124999998,0.0,collision,True,raw_collision_risk:collision,,False,False,0.016661019784432685,0.9940921960762159,-0.7945685050244018,0.9750000000000002,False,-167.49163052557256,,,
6000,1029,1,279,279,0.06309378147125244,0.8281478881835938,0.021907657384872437,0.18000000715255737,-0.041186124086380005,-0.6481478810310364,True,True,predictive_recovery,right_pass,0.7510000000000001,2.0,10,1,,0,0,0,False,False,False,False,False,False,False,False,True,0.9519103266206308,2.9518906474878928,0.0,False,max_steps,vehicle,10.082786560058594,,inf,inf,inf,0.7403978995284621,-0.8194298978971306,0.9750000000000002,-5.861028517890913,-0.8676860741509334,0.35687466977944293,{'ROAD_LINE_BROKEN_SINGLE_WHITE'},True,True,raw_collision_risk:collision,True,False,right,12,False,raw_predicted_collision,False,0,0,static_obstacle,0.0,1.1103080331369517,0.7830611199458528,inf,False,False,3.8499351557674926,0.3831452756667017,0.0,True,False,1,0,,True,False,0.0,2.0186319404080506,-0.8469300694920794,1.8135690917968748,0.0,collision,True,raw_collision_risk:collision,,False,False,0.03463081847447804,0.7403978995284621,-0.8194298978971306,0.9750000000000002,True,-165.17423351479562,,,
6000,1029,1,280,280,0.022710800170898438,0.962360143661499,0.019675428047776222,0.18000000715255737,-0.0030353721231222153,-0.7823601365089417,True,True,predictive_recovery,right_pass,0.7510000000000001,2.0,10,1,,0,0,0,False,False,False,False,False,False,False,False,True,0.9530322605095566,3.0058871558820424,0.0,False,max_steps,vehicle,9.792068481445312,,inf,inf,inf,0.4750212606151294,-0.8370573132914292,0.9750000000000002,-4.94636644520008,-0.8580550231933595,0.3313453185431605,{'ROAD_LINE_BROKEN_SINGLE_WHITE'},True,True,raw_collision_risk:collision,True,False,right,12,False,raw_predicted_collision,False,0,0,static_obstacle,0.0,0.8236556042500665,0.7783205149092765,inf,False,False,3.6800898043019465,0.2790264622271868,0.0,True,False,1,0,,True,False,0.0,1.6880786873313123,-0.8725907550624559,1.8042612304687498,0.0,collision,True,raw_collision_risk:collision,,False,False,0.11433538054348848,0.4750212606151294,-0.8370573132914292,0.9750000000000002,True,-168.61597684070136,,,
6000,1029,1,281,281,-0.1275056004524231,0.8912637233734131,0.01783141866326332,0.18000000715255737,0.14533701539039612,-0.7112637162208557,True,True,predictive_recovery,right_slow_follow,0.7510000000000001,2.0,10,1,,0,0,0,False,False,False,False,False,False,False,False,True,0.9541746888494974,3.059875688984169,0.0,False,max_steps,vehicle,9.495948791503906,,inf,inf,inf,0.21892378028228077,-0.848302383153398,0.9750000000000002,-5.243541043509345,-0.8484239722357856,0.35662792629083745,{'ROAD_LINE_BROKEN_SINGLE_WHITE'},True,True,raw_collision_risk:collision,True,False,right,12,False,raw_predicted_collision,False,0,0,static_obstacle,0.0,0.5310379102638443,0.7747661995291888,inf,False,False,3.5190310587420535,0.1766659500922008,0.3832674467029661,True,False,1,0,,True,False,0.0,1.3578278160529047,-0.8496693038016128,1.7949533691406248,0.0,collision,True,raw_collision_risk:collision,,False,False,0.2381528694351357,0.21892378028228077,-0.848302383153398,0.9750000000000002,True,-167.23626207661766,,,
6000,1029,1,282,282,0.015759944915771484,0.9664778709411621,0.016224995255470276,0.18000000715255737,0.0004650503396987915,-0.7864778637886047,True,True,predictive_recovery,right_slow_follow,0.7510000000000001,2.0,10,1,,0,0,0,False,False,False,False,False,False,False,False,True,0.9553375827343165,3.1138597163798334,0.0,False,max_steps,vehicle,9.194419860839844,,inf,inf,inf,-0.046866476716582284,-0.8119505669445983,0.9750000000000002,-5.557513195992583,-0.8389350187513562,0.3840619625074316,{'ROAD_LINE_BROKEN_SINGLE_WHITE'},True,True,raw_collision_risk:collision,True,False,right,12,False,raw_predicted_collision,False,0,0,static_obstacle,0.0,0.23265474507336575,0.7720181479088972,inf,False,False,3.3573426282944387,0.07603405128873177,0.0,True,False,1,0,,True,False,0.0,1.0206902504962265,-0.7774652495480658,1.7857828369140623,0.0,collision,True,raw_collision_risk:collision,,False,False,0.4037179507876809,-0.046866476716582284,-0.8119505669445983,0.9750000000000002,True,-169.44426002683846,,,
6000,1029,1,283,283,0.04717457294464111,0.9882984161376953,0.01479518786072731,0.18000000715255737,-0.0323793850839138,-0.8082984089851379,True,True,predictive_recovery,right_slow_follow,0.7510000000000001,2.0,10,1,,0,0,0,False,False,False,False,False,False,False,False,True,0.9565209421640137,3.1678427091614902,0.0,False,max_steps,vehicle,8.887489318847656,,inf,inf,inf,-0.3018097994943796,-0.7280831361334659,0.9750000000000002,-5.865497086227818,-0.8295723741319443,0.41354025246119513,{'ROAD_LINE_BROKEN_SINGLE_WHITE'},True,True,raw_collision_risk:collision,True,False,right,12,False,raw_predicted_collision,False,0,0,static_obstacle,0.0,-0.07139965267944631,0.769958919619965,inf,False,False,3.203561182012335,inf,0.0,True,False,1,0,,True,False,0.03462777501543346,0.6845740832818885,-0.6585741491627266,1.7767343749999998,0.0,collision,True,raw_collision_risk:collision,,False,False,0.6413137245909762,-0.3018097994943796,-0.7280831361334659,0.9750000000000002,True,-169.57121559374394,,,
6000,1029,1,284,284,-0.34051305055618286,0.9640088081359863,0.013511319644749165,0.18000000715255737,0.35402438044548035,-0.784008800983429,True,True,predictive_recovery,right_slow_follow,0.7510000000000001,2.0,10,1,,0,0,0,False,False,False,False,False,False,False,False,True,0.9577247960447262,3.2218237411345934,0.0,False,max_steps,vehicle,8.575157165527344,,inf,inf,inf,-0.5636076535066987,-0.5998452938442587,0.9750000000000002,-5.69080378312271,-0.8203518269856773,0.3926141428393825,{'ROAD_LINE_BROKEN_SINGLE_WHITE'},True,True,predicted_collision_within_1s;raw_collision_risk:collision,True,False,right,12,False,raw_predicted_collision,False,0,0,static_obstacle,0.0,-0.38108145779624436,0.7684797294731611,inf,False,False,3.049348507950746,inf,1.0786917845787418,True,False,1,0,,True,False,0.0,1.7129811695409987,-0.49799700159071963,1.7678232421874998,0.0,collision,True,predicted_collision_within_1s;raw_collision_risk:collision,,False,False,0.9341268984359713,-0.5636076535066987,-0.5998452938442587,0.9750000000000002,True,-168.02889887836375,,,
6000,1029,1,285,285,-0.3129383325576782,0.7625267505645752,0.012356002815067768,0.18000000715255737,0.3252943456172943,-0.5825267434120178,True,True,predictive_recovery,right_slow_follow,0.7510000000000001,2.0,10,1,,0,0,0,False,False,False,False,False,False,False,False,True,0.9589491154703168,3.2758037161641806,0.0,False,max_steps,vehicle,8.257415771484375,,inf,inf,inf,-0.8120720275427828,-0.43225582408806923,0.9750000000000002,-5.511079031174314,-0.8112575887044273,0.37055145444673876,{'ROAD_LINE_BROKEN_SINGLE_WHITE'},True,True,predicted_collision_within_1s;raw_collision_risk:collision,True,False,right,12,False,raw_predicted_collision,False,0,0,static_obstacle,0.0,-0.6963723290002988,0.7675186617252727,inf,False,False,2.9021865925564336,inf,1.0082321493454003,True,False,1,0,,True,False,0.0,1.3749044753343465,-0.3016515220843419,1.7590341796874998,0.0,collision,True,predicted_collision_within_1s;raw_collision_risk:collision,,False,False,1.2642658956589248,-0.8120720275427828,-0.43225582408806923,0.9750000000000002,True,-161.836115568536,,,
6000,1029,1,286,286,-0.4874873161315918,0.08307671546936035,0.011316669173538685,0.08307671546936035,0.498803973197937,0.0,True,True,predictive_recovery,right_slow_follow,0.7510000000000001,2.0,10,1,,0,0,0,False,False,False,False,False,False,False,False,True,0.9601912699823338,3.3007201647352735,0.0,False,max_steps,vehicle,7.934272766113281,,inf,inf,inf,-1.0629974814443104,-0.23096861592945112,0.9750000000000002,-5.845715322707565,-0.8022738706800676,0.39688470753560784,{'ROAD_LINE_BROKEN_SINGLE_WHITE'},True,True,raw_collision_risk:collision,True,False,right,12,False,raw_predicted_collision,False,0,0,static_obstacle,0.0,-1.017245529641462,0.767023761131314,inf,False,False,2.7547572071940207,inf,1.596912761766771,True,False,1,0,,True,False,0.01614236304064931,0.7461921231978357,-0.10741524327078117,1.7503519287109373,0.0,collision,True,raw_collision_risk:collision,,False,False,1.679448881576287,-1.0629974814443104,-0.23096861592945112,0.9750000000000002,True,-143.99966192002807,,,
6000,1029,1,287,287,-0.4166707396507263,0.46520185470581055,0.002829167293384671,-0.8500000238418579,0.4194999039173126,-1.3152018785476685,True,True,minimum_risk_stop,pre_contact_minimum_risk,0,0,10,0,no_safe_candidate_before_cost,0,0,0,False,False,False,False,False,False,False,False,True,0.9612919867668236,1.8037011334386315,0.0,False,max_steps,vehicle,7.606422424316406,,inf,inf,inf,inf,inf,inf,inf,inf,0.0,{'ROAD_LINE_BROKEN_SINGLE_WHITE'},True,True,predicted_collision_within_1s;raw_collision_risk:collision,False,False,,0,False,raw_predicted_collision,True,8,0,static_obstacle,0.0,-1.342992618387493,0.766922974648867,inf,False,False,2.6368594848461613,inf,1.3753135124203137,True,False,1,0,,True,False,0.021934617039046134,0.7268846098698463,0.170092829271472,1.7418070068359373,0.0,collision,True,no_safe_candidate_before_cost,no_hard_safe_candidate,False,False,0.0,inf,inf,inf,False,0.0,,,
6000,1029,1,288,288,-0.41573333740234375,0.6623528003692627,-0.005918747745454311,0.18000000715255737,0.40981459617614746,-0.4823527932167053,True,True,predictive_recovery,right_pass,0.7510000000000001,1.8037011334386315,10,1,,0,0,0,False,False,False,False,False,False,False,False,True,0.9620001871192488,1.85764367931902,0.0,False,max_steps,vehicle,7.3159027099609375,,inf,inf,inf,-0.9671049633846689,0.056410152710746064,0.9750000000000002,-5.594601802917523,-0.7856168891059032,0.3919383933231223,{'ROAD_LINE_BROKEN_SINGLE_WHITE'},True,True,predicted_collision_within_1s;raw_collision_risk:collision,True,False,right,12,False,raw_predicted_collision,False,0,0,static_obstacle,0.0,-1.6318486170534905,0.7672689901156544,inf,False,False,4.66500466180652,inf,0.7498586918808324,True,False,1,0,,True,False,0.0,1.4975510368232263,0.11354755346480977,1.7342539062499998,0.0,collision,True,predicted_collision_within_1s;raw_collision_risk:collision,,False,False,1.652095461463336,-0.9671049633846689,0.056410152710746064,0.9750000000000002,True,-192.09189356174898,,,
6000,1029,1,289,289,-0.4535398483276367,0.9394423961639404,-0.004786870442330837,0.18000000715255737,0.4487529695034027,-0.7594423890113831,True,True,predictive_recovery,right_pass,0.7510000000000001,1.85764367931902,10,1,,0,0,0,False,False,False,False,False,False,False,False,True,0.9627077515366638,1.9116142990758642,0.0,False,max_steps,vehicle,7.1289825439453125,,inf,inf,inf,-1.2154354838544594,0.2057022216959396,0.9750000000000002,-5.50784063018183,-0.7800592990451389,0.3679252672887742,{'ROAD_LINE_BROKEN_SINGLE_WHITE'},True,True,predicted_collision_within_1s;raw_collision_risk:collision,True,False,right,12,False,raw_predicted_collision,False,0,0,static_obstacle,0.0,-1.818072134555922,0.7679445855720743,inf,False,False,4.433694588239232,inf,0.8425154325651414,True,False,1,0,,True,False,0.0,1.2843585566589777,0.2662371454309615,1.7288828124999998,0.0,collision,True,predicted_collision_within_1s;raw_collision_risk:collision,,False,False,2.109705659383107,-1.2154354838544594,0.2057022216959396,0.9750000000000002,True,-197.2075040358348,,,
6000,1029,1,290,290,-0.5506845116615295,0.9495029449462891,-0.0011967176105827093,-0.8500000238418579,0.5494877696037292,-1.799502968788147,True,True,minimum_risk_stop,pre_contact_minimum_risk,0,0,10,0,no_safe_candidate_before_cost,0,0,0,False,False,False,False,False,False,False,False,True,0.9632667962230271,0.28511314228049434,0.0,False,max_steps,vehicle,6.942230224609375,,inf,inf,inf,inf,inf,inf,inf,inf,0.0,{'ROAD_LINE_BROKEN_SINGLE_WHITE'},True,True,predicted_collision_within_1s;raw_collision_risk:collision,False,False,,0,False,raw_predicted_collision,True,8,0,static_obstacle,0.0,-2.0051270900954425,0.7681512474236736,inf,False,False,4.2060026769938,inf,1.0526963867717893,True,False,1,0,,True,False,0.0,1.069532029705612,0.42429673352777025,1.7231149902343748,0.0,collision,True,no_safe_candidate_before_cost,no_hard_safe_candidate,False,False,0.0,inf,inf,inf,False,0.0,,,
6000,1029,1,291,291,-0.34973418712615967,0.9472305774688721,0.041383855044841766,0.0,0.39111804962158203,-0.9472305774688721,True,True,predictive_recovery,keep_stop,1.494537353515625,0.28511314228049434,10,1,,0,0,0,False,False,False,False,False,False,False,False,True,0.963391959795517,0.24862192248375722,0.0,False,max_steps,vehicle,6.794677734375,,inf,inf,inf,2.2979136238444435,0.15925130773406043,1.7185373535156248,-0.975946938810627,-0.7435373535156251,0.20765265350505938,{'ROAD_LINE_BROKEN_SINGLE_WHITE'},True,True,raw_collision_risk:collision,False,False,right,11,False,raw_predicted_collision,True,7,0,static_obstacle,0.10733792287986893,-2.1531271171356203,0.7680757971223344,inf,False,False,28.046033925630418,inf,0.09971381305445379,True,False,1,0,,True,False,0.0,1.4004006802025155,0.22873334931749117,1.7185373535156248,3.0,collision,True,raw_collision_risk:collision,,False,False,0.0,2.2979136238444435,0.15925130773406043,1.7185373535156248,False,-246.2673429596784,,,
6000,1029,1,292,292,-0.3461003303527832,0.9809284210205078,0.04143425077199936,0.0,0.38753458857536316,-0.9809284210205078,True,True,predictive_recovery,keep_stop,1.493621826171875,0.24862192248375722,10,1,,0,0,0,False,False,False,False,False,False,False,False,True,0.9634834188124588,0.21223807051228044,0.0,False,max_steps,vehicle,6.7616424560546875,,inf,inf,inf,2.3662821183118328,0.17746533485159216,1.7176218261718748,-0.8743871834546222,-0.7426218261718751,0.20207017710082303,{'ROAD_LINE_BROKEN_SINGLE_WHITE'},True,True,raw_collision_risk:collision,False,False,right,10,False,raw_predicted_collision,True,6,0,static_obstacle,0.1319245743763317,-2.1862434474756647,0.7679597277818053,inf,False,False,31.84774659146307,inf,0.08604812950457243,True,False,1,0,,True,False,0.0,1.4021802206138854,0.2472684363964232,1.7176218261718748,3.0,collision,True,raw_collision_risk:collision,,False,False,0.0,2.3662821183118328,0.17746533485159216,1.7176218261718748,False,-247.4158917492231,,,
6000,1029,1,293,293,-0.3618260622024536,0.9806597232818604,0.041120342910289764,0.0,0.402946412563324,-0.9806597232818604,True,True,predictive_recovery,keep_stop,1.49334716796875,0.21223807051228044,10,1,,0,0,0,False,False,False,False,False,False,False,False,True,0.9635610317898572,0.17587898504205096,0.0,False,max_steps,vehicle,6.7375030517578125,,inf,inf,inf,2.4538789877773914,0.18876250907003306,1.7173471679687498,-0.7531759732647387,-0.7423471679687501,0.19515784220922525,{'ROAD_LINE_BROKEN_SINGLE_WHITE'},True,True,raw_collision_risk:collision,False,False,right,9,False,raw_predicted_collision,True,5,0,static_obstacle,0.14972633630075255,-2.2099547239314514,0.7680204499731054,inf,False,False,37.590306857898014,inf,0.07679326530290512,True,False,1,0,,True,False,0.0,1.415845088810881,0.2587693105586239,1.7173471679687498,3.0,collision,True,raw_collision_risk:collision,,False,False,0.0,2.4538789877773914,0.18876250907003306,1.7173471679687498,False,-247.76605101513204,,,
6000,1029,1,294,294,-0.362185537815094,0.9808480739593506,0.04072064161300659,0.0,0.4029061794281006,-0.9808480739593506,True,True,predictive_recovery,keep_stop,1.493194580078125,0.17587898504205096,10,1,,0,0,0,False,False,False,False,False,False,False,False,True,0.9636249143522596,0.1395269434233512,0.0,False,max_steps,vehicle,6.717018127441406,,inf,inf,inf,2.5338713997211992,0.19730469271386147,1.7171945800781248,-0.6400150628760888,-0.7421945800781251,0.18854966972245382,{'ROAD_LINE_BROKEN_SINGLE_WHITE'},True,True,raw_collision_risk:collision,False,False,right,8,False,raw_predicted_collision,True,4,0,static_obstacle,0.16484897216392919,-2.229893152789415,0.7682073031562702,inf,False,False,44.93167608661783,inf,0.0637008247878281,True,False,1,0,,True,False,0.0,1.4292011734334262,0.267465132834608,1.7171945800781248,3.0,collision,True,raw_collision_risk:collision,,False,False,0.0,2.5338713997211992,0.19730469271386147,1.7171945800781248,False,-248.14332290106648,,,
6000,1029,1,295,295,-0.27786970138549805,0.9882454872131348,0.040387384593486786,0.0,0.31825709342956543,-0.9882454872131348,True,True,predictive_recovery,keep_stop,1.4930419921875,0.1395269434233512,10,1,,0,0,0,False,False,False,False,False,False,False,False,True,0.963675066499666,0.10317277378792307,0.0,False,max_steps,vehicle,6.700157165527344,,inf,inf,inf,2.6285149779000103,0.2031749313003905,1.7170419921874998,-0.5120881406711333,-0.7420419921875001,0.18098580376834247,{'ROAD_LINE_BROKEN_SINGLE_WHITE'},True,True,raw_collision_risk:collision,False,False,right,7,False,raw_predicted_collision,True,3,0,static_obstacle,0.1773627426649968,-2.246299322357604,0.7684032324713739,inf,False,False,57.49558132772611,inf,0.03877031010427788,True,False,1,0,,True,False,0.0,1.449729394816765,0.2734386834453956,1.7170419921874998,3.0,collision,True,raw_collision_risk:collision,,False,False,0.0,2.6285149779000103,0.2031749313003905,1.7170419921874998,False,-338.3134868875204,,,
6000,1029,1,296,296,-0.2777085304260254,0.9883691072463989,0.04014716297388077,0.0,0.31785568594932556,-0.9883691072463989,True,True,predictive_recovery,keep_stop,1.492889404296875,0.10317277378792307,10,1,,0,0,0,False,False,False,False,False,False,False,False,True,0.9637113437013923,0.06681625649195139,0.0,False,max_steps,vehicle,6.686920166015625,,inf,inf,inf,2.715629184918757,0.20635905023534534,1.7168894042968748,-0.39213868852548694,-0.7418894042968751,0.17369810117858633,{'ROAD_LINE_BROKEN_SINGLE_WHITE'},True,True,raw_collision_risk:collision,False,False,right,6,False,raw_predicted_collision,True,2,0,static_obstacle,0.18723900818140188,-2.2592092747351904,0.7685614982398974,inf,False,False,76.97453701832428,inf,0.02865195938862087,True,False,1,0,,True,False,0.0,1.469986596494667,0.2766766058895335,1.7168894042968748,3.0,collision,True,raw_collision_risk:collision,,False,False,0.0,2.715629184918757,0.20635905023534534,1.7168894042968748,False,-338.3392700338711,,,
6000,1029,1,297,297,-0.27756285667419434,0.9884927272796631,0.039978306740522385,0.0,0.3175411522388458,-0.9884927272796631,True,True,predictive_recovery,keep_stop,1.4927520751953125,0.06681625649195139,10,1,,0,0,0,False,False,False,False,False,False,False,False,True,0.9637338904881226,0.030458851086082084,0.0,False,max_steps,vehicle,7.0,,inf,inf,inf,2.8174861247381755,0.20681196501980742,1.7167520751953123,0.06530558379161455,-0.7417520751953126,0.1483504150390625,{'ROAD_LINE_BROKEN_SINGLE_WHITE'},True,True,raw_collision_risk:collision,False,False,right,5,False,raw_predicted_collision,True,1,0,static_obstacle,0.19441725119410264,-2.268555023053635,0.7686978795208006,inf,False,False,123.72411315407238,inf,0.018545711024181708,True,False,1,0,,True,False,0.03451025786293653,0.6849658071235449,0.27713397962972647,1.7167520751953123,3.0,collision,True,raw_collision_risk:collision,,False,False,0.0,2.8174861247381755,0.20681196501980742,1.7167520751953123,False,-339.81181043488914,,,
6000,1029,1,298,298,-0.27734142541885376,0.9886221885681152,0.03986891731619835,0.0,0.3172103464603424,-0.9886221885681152,True,True,predictive_recovery,keep_stop,1.49267578125,0.030458851086082084,10,1,,0,0,0,False,False,False,False,False,False,False,False,True,0.9637427068598569,0.005898546569417807,0.0,False,max_steps,vehicle,6.994049072265625,,inf,inf,inf,2.9117880848213793,0.2045310880341657,1.7166757812499998,0.19211286396165228,-0.7416757812500001,0.14833515625,{'ROAD_LINE_BROKEN_SINGLE_WHITE'},True,True,raw_collision_risk:collision,False,False,right,4,False,raw_predicted_collision,False,0,0,static_obstacle,0.19887931746257798,-2.2743572493243898,0.768781768482075,inf,False,False,274.01029885433184,inf,0.008447501176834607,True,False,1,0,,True,False,0.024053200625741122,0.719822664580863,0.27480948695236335,1.7166757812499998,3.0,collision,True,raw_collision_risk:collision,,False,False,0.0,2.9117880848213793,0.2045310880341657,1.7166757812499998,False,-340.6324314745838,,,
6000,1029,1,299,299,-0.27713310718536377,0.9887099266052246,0.03981480374932289,0.0,0.31694790720939636,-0.9887099266052246,True,True,predictive_recovery,keep_stop,1.492645263671875,0.005898546569417807,10,1,,0,0,0,False,False,False,False,False,False,False,False,True,0.9637421287371202,0.000811307875769869,0.0,False,max_steps,vehicle,6.991722106933594,,inf,inf,inf,2.986529822919168,0.201720296714958,1.7166452636718748,0.288884123370837,-0.7416452636718751,0.14832905273437502,{'ROAD_LINE_BROKEN_SINGLE_WHITE'},True,True,raw_collision_risk:collision,False,False,right,3,False,raw_predicted_collision,False,0,0,static_obstacle,0.20062596751404999,-2.276610689562356,0.7688335248754501,inf,False,False,4144.06206388033,inf,0.001634682538660325,True,False,1,0,,True,False,0.015354586598482788,0.7488180446717241,0.2719465221154042,1.7166452636718748,3.0,collision,True,raw_collision_risk:collision,,False,False,0.0,2.986529822919168,0.201720296714958,1.7166452636718748,False,-341.3659441826992,,,
6000,1029,1,300,300,-0.2770806550979614,0.9887251853942871,0.03980446606874466,0.0,0.3168851137161255,-0.9887251853942871,True,True,predictive_recovery,keep_stop,1.492645263671875,0.000811307875769869,10,1,,0,0,0,False,False,False,False,False,False,False,False,True,0.9637407701486891,0.006461663855834412,0.0,False,max_steps,vehicle,6.991874694824219,,inf,inf,inf,2.9924529564991427,0.20066324461121504,1.7166452636718748,0.2990548358501184,-0.7416452636718751,0.14832905273437502,{'ROAD_LINE_BROKEN_SINGLE_WHITE'},True,True,raw_collision_risk:collision,False,False,right,2,False,raw_predicted_collision,False,0,0,static_obstacle,0.20051275053005452,-2.27644412757368,0.7688541913966467,inf,False,False,inf,inf,0.0002247977177044508,True,False,1,0,,True,False,0.014184327509984995,0.7527189083000501,0.27087011773147357,1.7166452636718748,3.0,collision,True,raw_collision_risk:collision,,False,False,0.0,2.9924529564991427,0.20066324461121504,1.7166452636718748,False,-341.57561196936484,,,
6000,1029,1,301,301,-0.2771316170692444,0.9887022972106934,0.03980470076203346,0.0,0.31693631410598755,-0.9887022972106934,True,True,predictive_recovery,keep_stop,1.492645263671875,0.006461663855834412,10,1,,0,0,0,False,False,False,False,False,False,False,False,True,0.9637403076504997,0.003178504953423896,0.0,False,max_steps,vehicle,6.9922332763671875,,inf,inf,inf,2.9855364857216258,0.2014453991968554,1.7166452636718748,0.2872548670953625,-0.7416452636718751,0.14832905273437502,{'ROAD_LINE_BROKEN_SINGLE_WHITE'},True,True,raw_collision_risk:collision,False,False,right,1,False,raw_predicted_collision,False,0,0,static_obstacle,0.20024670437685382,-2.2760860000977954,0.7688637852731715,inf,False,False,3186.3306883541777,inf,0.0017907313533252795,True,False,1,0,,True,False,0.015365892080633235,0.7487803597312226,0.2716665943360163,1.7166452636718748,3.0,collision,True,raw_collision_risk:collision,,False,False,0.0,2.9855364857216258,0.2014453991968554,1.7166452636718748,False,-341.39418899700445,,,
6000,1029,1,302,302,-0.2771003246307373,0.988715410232544,0.0398038849234581,0.0,0.316904217004776,-0.988715410232544,True,True,predictive_recovery,keep_stop,1.492645263671875,0.003178504953423896,10,1,,0,0,0,False,False,False,False,False,False,False,False,True,0.9637398162461736,0.004093447282773825,0.0,False,max_steps,vehicle,6.9923553466796875,,inf,inf,inf,2.989695105913204,0.20074571667718794,1.7166452636718748,0.2941609235727882,-0.7416452636718751,0.14832905273437502,{'ROAD_LINE_BROKEN_SINGLE_WHITE'},True,True,raw_collision_risk:collision,False,False,,0,False,raw_predicted_collision,False,0,0,static_obstacle,0.20015613987866593,-2.2759628681791595,0.768868474526978,inf,False,False,7388.888463429986,inf,0.000880764754434168,True,False,1,0,,True,False,0.01483943420935636,0.7505352193021455,0.2709541006140845,1.7166452636718748,3.0,collision,True,raw_collision_risk:collision,,False,False,0.0,2.989695105913204,0.20074571667718794,1.7166452636718748,False,-341.53010194353345,,,
6000,1029,1,303,303,-0.2771109342575073,0.9887120723724365,0.039805106818675995,0.0,0.3169160485267639,-0.9887120723724365,True,True,predictive_recovery,keep_stop,1.492645263671875,0.004093447282773825,10,1,,0,0,0,False,False,False,False,False,False,False,False,True,0.9637398740584472,0.0031787277137848274,0.0,False,max_steps,vehicle,6.992485046386719,,inf,inf,inf,2.992809504233143,0.20081920346896637,1.7166452636718748,0.2965073136453946,-0.7416452636718751,0.14832905273437502,{'ROAD_LINE_BROKEN_SINGLE_WHITE'},True,True,raw_collision_risk:collision,False,False,,0,False,raw_predicted_collision,False,0,0,static_obstacle,0.2000599175513213,-2.275834877605694,0.7688701368182755,inf,False,False,inf,inf,0.0011343390008633095,True,False,1,0,,True,False,0.01441818913130175,0.7519393695623275,0.27102893348654095,1.7166452636718748,3.0,collision,True,raw_collision_risk:collision,,False,False,0.0,2.992809504233143,0.20081920346896637,1.7166452636718748,False,-341.51250843933195,,,
6000,1029,1,304,304,-0.2770947217941284,0.9887155294418335,0.039806004613637924,0.0,0.31690073013305664,-0.9887155294418335,True,True,predictive_recovery,keep_stop,1.492645263671875,0.0031787277137848274,10,1,,0,0,0,False,False,False,False,False,False,False,False,True,0.9637393826541211,0.004093514077795445,0.0,False,max_steps,vehicle,6.992469787597656,,inf,inf,inf,2.989953096777325,0.2006608421611255,1.7166452636718748,0.29427451788336745,-0.7416452636718751,0.14832905273437502,{'ROAD_LINE_BROKEN_SINGLE_WHITE'},True,True,raw_collision_risk:collision,False,False,,0,False,raw_predicted_collision,False,0,0,static_obstacle,0.20007123769399698,-2.2758513525415616,0.7688682828361424,inf,False,False,7387.572808213368,inf,0.0008808086715104926,True,False,1,0,,True,False,0.014764299066098085,0.7507856697796731,0.2708676712682087,1.7166452636718748,3.0,collision,True,raw_collision_risk:collision,,False,False,0.0,2.989953096777325,0.2006608421611255,1.7166452636718748,False,-341.54175287896334,,,
6000,1029,1,305,305,-0.27710258960723877,0.9887123107910156,0.039808109402656555,0.0,0.31691068410873413,-0.9887123107910156,True,True,predictive_recovery,keep_stop,1.492645263671875,0.004093514077795445,10,1,,0,0,0,False,False,False,False,False,False,False,False,True,0.9637394404663947,0.0031785757641494567,0.0,False,max_steps,vehicle,6.9925994873046875,,inf,inf,inf,2.993067954863102,0.20073429832060546,1.7166452636718748,0.29662150074229343,-0.7416452636718751,0.14832905273437502,{'ROAD_LINE_BROKEN_SINGLE_WHITE'},True,True,raw_collision_risk:collision,False,False,,0,False,raw_predicted_collision,False,0,0,static_obstacle,0.1999750175959229,-2.2757245597326685,0.7688685438963683,inf,False,False,inf,inf,0.0011343233515508056,True,False,1,0,,True,False,0.014342996642519678,0.7521900111916011,0.2709424730925775,1.7166452636718748,3.0,collision,True,raw_collision_risk:collision,,False,False,0.0,2.993067954863102,0.20073429832060546,1.7166452636718748,False,-341.5241608686903,,,
6000,1029,1,306,306,-0.2770881652832031,0.9887157678604126,0.039808377623558044,0.0,0.31689655780792236,-0.9887157678604126,True,True,predictive_recovery,keep_stop,1.492645263671875,0.0031785757641494567,10,1,,0,0,0,False,False,False,False,False,False,False,False,True,0.9637389490620685,0.004093582929192707,0.0,False,max_steps,vehicle,6.992584228515625,,inf,inf,inf,2.99021217699585,0.20057590010212473,1.7166452636718748,0.29438953629044873,-0.7416452636718751,0.14832905273437502,{'ROAD_LINE_BROKEN_SINGLE_WHITE'},True,True,raw_collision_risk:collision,False,False,,0,False,raw_predicted_collision,False,0,0,static_obstacle,0.19998633747632039,-2.2757401768128473,0.7688676937490109,inf,False,False,7388.891948684873,inf,0.0008807457267018283,True,False,1,0,,True,False,0.014689031558097176,0.7510365614730095,0.2707811729739695,1.7166452636718748,3.0,collision,True,raw_collision_risk:collision,,False,False,0.0,2.99021217699585,0.20057590010212473,1.7166452636718748,False,-341.55343012768856,,,
6000,1029,1,307,307,-0.27709823846817017,0.9887125492095947,0.03980972617864609,0.0,0.31690797209739685,-0.9887125492095947,True,True,predictive_recovery,keep_stop,1.492645263671875,0.004093582929192707,10,1,,0,0,0,False,False,False,False,False,False,False,False,True,0.9637390068743422,0.0031785762267305165,0.0,False,max_steps,vehicle,6.992713928222656,,inf,inf,inf,2.9933264000625903,0.20064939551882127,1.7166452636718748,0.29673568002494655,-0.7416452636718751,0.14832905273437502,{'ROAD_LINE_BROKEN_SINGLE_WHITE'},True,True,raw_collision_risk:collision,False,False,,0,False,raw_predicted_collision,False,0,0,static_obstacle,0.19989011960770603,-2.2756123562023713,0.7688691577827376,inf,False,False,inf,inf,0.0011343246187026713,True,False,1,0,,True,False,0.014267804443831954,0.7524406518538935,0.2708560149201881,1.7166452636718748,3.0,collision,True,raw_collision_risk:collision,,False,False,0.0,2.9933264000625903,0.20064939551882127,1.7166452636718748,False,-341.53582199435397,,,
6000,1029,1,308,308,-0.277086079120636,0.9887158870697021,0.0398096889257431,0.0,0.3168957829475403,-0.9887158870697021,True,True,predictive_recovery,keep_stop,1.492645263671875,0.0031785762267305165,10,1,,0,0,0,False,False,False,False,False,False,False,False,True,0.963738515470016,0.004093560204996413,0.0,False,max_steps,vehicle,6.992698669433594,,inf,inf,inf,2.9904708148911037,0.20049098828149176,1.7166452636718748,0.2945039754503753,-0.7416452636718751,0.14832905273437502,{'ROAD_LINE_BROKEN_SINGLE_WHITE'},True,True,raw_collision_risk:collision,False,False,,0,False,raw_predicted_collision,False,0,0,static_obstacle,0.1999014392258031,-2.2756275605409213,0.7688687905743916,inf,False,False,7389.14084642782,inf,0.0008807392238508244,True,False,1,0,,True,False,0.014613817277891239,0.7512872757403626,0.2706947053040009,1.7166452636718748,3.0,collision,True,raw_collision_risk:collision,,False,False,0.0,2.9904708148911037,0.20049098828149176,1.7166452636718748,False,-341.5651073143564,,,
6000,1029,1,309,309,-0.2770949602127075,0.9887125492095947,0.03981109708547592,0.0,0.31690606474876404,-0.9887125492095947,True,True,predictive_recovery,keep_stop,1.492645263671875,0.004093560204996413,10,1,,0,0,0,False,False,False,False,False,False,False,False,True,0.9637385732822896,0.0031785897682160428,0.0,False,max_steps,vehicle,6.992828369140625,,inf,inf,inf,2.9935851119094266,0.20056447769552105,1.7166452636718748,0.2968502072948547,-0.7416452636718751,0.14832905273437502,{'ROAD_LINE_BROKEN_SINGLE_WHITE'},True,True,raw_collision_risk:collision,False,False,,0,False,raw_predicted_collision,False,0,0,static_obstacle,0.19980522358683855,-2.2754998208645065,0.768870160144862,inf,False,False,inf,inf,0.0011343049021318038,True,False,1,0,,True,False,0.014192579567295537,0.7526914014423483,0.27076954128304304,1.7166452636718748,3.0,collision,True,raw_collision_risk:collision,,False,False,0.0,2.9935851119094266,0.20056447769552105,1.7166452636718748,False,-341.5474896126663,,,
6000,1029,1,310,310,-0.2770882844924927,0.9887158870697021,0.0398111566901207,0.0,0.31689944863319397,-0.9887158870697021,True,True,predictive_recovery,keep_stop,1.492645263671875,0.0031785897682160428,10,1,,0,0,0,False,False,False,False,False,False,False,False,True,0.9637380818779635,0.004093557976907993,0.0,False,max_steps,vehicle,6.9928131103515625,,inf,inf,inf,2.9907294153286066,0.2004060808529739,1.7166452636718748,0.2946183649035179,-0.7416452636718751,0.14832905273437502,{'ROAD_LINE_BROKEN_SINGLE_WHITE'},True,True,raw_collision_risk:collision,False,False,,0,False,raw_predicted_collision,False,0,0,static_obstacle,0.19981654294261258,-2.2755151546901584,0.7688696414175289,inf,False,False,7389.2975185853975,inf,0.0008807499859803732,True,False,1,0,,True,False,0.014538607168244132,0.7515379761058529,0.270608241938542,1.7166452636718748,3.0,collision,True,raw_collision_risk:collision,,False,False,0.0,2.9907294153286066,0.2004060808529739,1.7166452636718748,False,-341.576790022071,,,
6000,1029,1,311,311,-0.27709150314331055,0.9887129068374634,0.0398126021027565,0.0,0.31690409779548645,-0.9887129068374634,True,True,predictive_recovery,keep_stop,1.492645263671875,0.004093557976907993,10,1,,0,0,0,False,False,False,False,False,False,False,False,True,0.9637381396902371,0.0031785871866516465,0.0,False,max_steps,vehicle,6.992942810058594,,inf,inf,inf,2.9938437647440916,0.20047956564027086,1.7166452636718748,0.2969646566795685,-0.7416452636718751,0.14832905273437502,{'ROAD_LINE_BROKEN_SINGLE_WHITE'},True,True,raw_collision_risk:collision,False,False,,0,False,raw_predicted_collision,False,0,0,static_obstacle,0.1997203295334879,-2.2753874716691005,0.7688709449528806,inf,False,False,inf,inf,0.0011342901330257252,True,False,1,0,,True,False,0.014117361473305112,0.7529421284223163,0.2706830733515459,1.7166452636718748,3.0,collision,True,raw_collision_risk:collision,,False,False,0.0,2.9938437647440916,0.20047956564027086,1.7166452636718748,False,-341.5591738734703,,,
6000,1029,1,312,312,-0.2770805358886719,0.9887161254882812,0.03981266915798187,0.0,0.31689321994781494,-0.9887161254882812,True,True,predictive_recovery,keep_stop,1.492645263671875,0.0031785871866516465,10,1,,0,0,0,False,False,False,False,False,False,False,False,True,0.963737648285911,0.004093558787455136,0.0,False,max_steps,vehicle,6.992927551269531,,inf,inf,inf,2.9909880631619656,0.20032117240014163,1.7166452636718748,0.29473281563280107,-0.7416452636718751,0.14832905273437502,{'ROAD_LINE_BROKEN_SINGLE_WHITE'},True,True,raw_collision_risk:collision,False,False,,0,False,raw_predicted_collision,False,0,0,static_obstacle,0.19973164862691667,-2.2754028135873132,0.7688704167457816,inf,False,False,7389.5675261427,inf,0.0008807246410463041,True,False,1,0,,True,False,0.01446339094743665,0.7517886968418779,0.27052177736188926,1.7166452636718748,3.0,collision,True,raw_collision_risk:collision,,False,False,0.0,2.9909880631619656,0.20032117240014163,1.7166452636718748,False,-341.5884873723797,,,
6000,1029,1,313,313,-0.27711284160614014,0.9887130260467529,0.03981409966945648,0.0,0.3169269561767578,-0.9887130260467529,True,True,predictive_recovery,keep_stop,1.492645263671875,0.004093558787455136,10,1,,0,0,0,False,False,False,False,False,False,False,False,True,0.9637377060981847,0.003178588628254031,0.0,False,max_steps,vehicle,6.9930572509765625,,inf,inf,inf,2.9941024092946686,0.2003946561148579,1.7166452636718748,0.29707909451746595,-0.7416452636718751,0.14832905273437502,{'ROAD_LINE_BROKEN_SINGLE_WHITE'},True,True,raw_collision_risk:collision,False,False,,0,False,raw_predicted_collision,False,0,0,static_obstacle,0.19963543744782103,-2.2752751062919128,0.768871748935311,inf,False,False,inf,inf,0.0011343777078734784,True,False,1,0,,True,False,0.01404214401517405,0.7531928532827532,0.2705966078281505,1.7166452636718748,3.0,collision,True,raw_collision_risk:collision,,False,False,0.0,2.9941024092946686,0.2003946561148579,1.7166452636718748,False,-341.57086224813924,,,
6000,1029,1,314,314,-0.27707839012145996,0.9887166023254395,0.03981415182352066,0.0,0.3168925344944,-0.9887166023254395,True,True,predictive_recovery,keep_stop,1.492645263671875,0.003178588628254031,10,1,,0,0,0,False,False,False,False,False,False,False,False,True,0.9637372146938585,0.004093557324460632,0.0,False,max_steps,vehicle,6.9930419921875,,inf,inf,inf,2.9912466998512435,0.20023626666003674,1.7166452636718748,0.294847251071928,-0.7416452636718751,0.14832905273437502,{'ROAD_LINE_BROKEN_SINGLE_WHITE'},True,True,raw_collision_risk:collision,False,False,,0,False,raw_predicted_collision,False,0,0,static_obstacle,0.19964675627888234,-2.2752904279772754,0.7688712443872103,inf,False,False,7389.809282970051,inf,0.0008807182199750066,True,False,1,0,,True,False,0.014388175708834416,0.7520394143038853,0.2704353153795524,1.7166452636718748,3.0,collision,True,raw_collision_risk:collision,,False,False,0.0,2.9912466998512435,0.20023626666003674,1.7166452636718748,False,-341.6001994303199,,,
6000,1029,1,315,315,-0.27708256244659424,0.988713264465332,-0.27708256244659424,0.988713264465332,0.0,0.0,True,False,inactive_raw_action,raw_action_safe,0,0,0,0,low_risk_verified_passthrough,0,0,0,False,False,False,False,False,False,False,False,True,0.9637627966249563,0.2904376159745578,0.0,False,max_steps,vehicle,6.993171691894531,,inf,inf,inf,inf,inf,inf,inf,inf,0.0,{'ROAD_LINE_BROKEN_SINGLE_WHITE'},False,False,,False,False,,0,True,,False,0,0,static_obstacle,0.19955054733000582,-2.2751627247329194,0.7688725720893519,inf,False,True,inf,inf,0.0011342533529835764,False,False,1,-1,,True,False,0.013966925322492928,0.753443582258357,0.2705101437095811,1.7166452636718748,3.0,collision,False,low_risk_verified,,False,False,0.0,inf,inf,inf,False,0.0,,,
6000,1029,1,316,316,-0.2601172924041748,0.9963164329528809,-0.2601172924041748,0.9963164329528809,0.0,0.0,True,False,inactive_raw_action,raw_action_safe,0,0,0,0,low_risk_verified_passthrough,0,0,0,False,False,False,False,False,False,False,False,True,0.9638942039230022,0.5870827233927447,0.0,False,max_steps,vehicle,6.986419677734375,,inf,inf,inf,inf,inf,inf,inf,inf,0.0,{'ROAD_LINE_BROKEN_SINGLE_WHITE'},False,False,,False,False,,0,True,,False,0,0,static_obstacle,0.20513460151948743,-2.2827038592968436,0.7686379468540543,inf,False,True,26.901136754733997,inf,0.07554784627962548,False,False,1,-1,,True,False,0.0,1.2718074365721233,0.3306672457134551,1.7157907714843748,3.0,collision,False,low_risk_verified,,False,False,0.0,inf,inf,inf,False,0.0,,,
6000,1029,1,317,317,-0.19523167610168457,0.9974995851516724,-0.19523167610168457,0.9974995851516724,0.0,0.0,True,False,inactive_raw_action,raw_action_safe,0,0,0,0,low_risk_verified_passthrough,0,0,0,False,False,False,False,False,False,False,False,True,0.9641373045337736,0.8855651740381942,0.0,False,max_steps,vehicle,6.9517364501953125,,inf,inf,inf,inf,inf,inf,inf,inf,0.0,{'ROAD_LINE_BROKEN_SINGLE_WHITE'},False,False,,False,False,,0,True,,False,0,0,static_obstacle,0.23402236518063696,-2.321858825617076,0.7670421220582377,inf,False,True,13.234004628610709,inf,0.11461714409830721,False,False,1,-1,,True,False,0.0,0.9618187116125236,0.4176778396602285,1.7112131347656248,3.0,collision,False,low_risk_verified,,False,False,0.0,inf,inf,inf,False,0.0,,,
6000,1029,1,318,318,-0.12937265634536743,0.9961423873901367,-0.12937265634536743,0.9961423873901367,0.0,0.0,True,False,inactive_raw_action,raw_action_safe,0,0,0,0,low_risk_verified_passthrough,0,0,0,False,False,False,False,False,False,False,False,True,0.9644933992334276,1.1842993984815575,0.0,False,max_steps,vehicle,6.8875732421875,,inf,inf,inf,inf,inf,inf,inf,inf,0.0,{'ROAD_LINE_BROKEN_SINGLE_WHITE'},False,False,,False,False,,0,True,,False,0,0,static_obstacle,0.28761714174995373,-2.393789636672393,0.7640033930595127,inf,False,True,8.651437499137078,inf,0.11456791893226881,False,False,1,-1,,True,False,0.0,1.449895056382457,0.5319295627432503,1.7030191650390623,3.0,collision,False,low_risk_verified,,False,False,0.0,inf,inf,inf,False,0.0,,,
6000,1029,1,319,319,-0.04856914281845093,0.9967570304870605,-0.012767694890499115,0.18000000715255737,0.03580144792795181,-0.8167570233345032,True,True,predictive_recovery,right_pass,0.7510000000000001,1.1842993984815575,10,1,,0,0,0,False,False,False,False,False,False,False,False,True,0.9649407795132026,1.2371662613147376,0.0,False,max_steps,vehicle,6.793586730957031,,inf,inf,inf,-0.15968012853832292,0.6062973668174634,0.9750000000000002,-4.504052012571194,-0.7427666066487633,0.3773769674682034,{'ROAD_LINE_BROKEN_SINGLE_WHITE'},True,True,predicted_collision_within_1s;raw_collision_risk:collision,True,False,right,12,False,raw_predicted_collision,False,0,0,static_obstacle,0.36569867388566796,-2.4966961994111747,0.7598764596875442,inf,False,False,6.387164599146101,inf,0.057520406624656295,True,False,1,0,,True,False,0.0,1.1530296044280135,0.6733504338029002,1.6928415527343748,3.0,collision,True,predicted_collision_within_1s;raw_collision_risk:collision,,False,False,0.7534020103708272,-0.15968012853832292,0.6062973668174634,0.9750000000000002,True,-241.2186363588731,,,
6000,1029,1,320,320,-0.2428758144378662,0.9841866493225098,-0.004017985891550779,0.18000000715255737,0.23885783553123474,-0.8041866421699524,True,True,predictive_recovery,right_pass,0.7510000000000001,1.2371662613147376,10,1,,0,0,0,False,False,False,False,False,False,False,False,True,0.9654129034461071,1.2910684701045818,0.0,False,max_steps,vehicle,6.675506591796875,,inf,inf,inf,-0.39123255753324493,0.7175671878920074,0.9750000000000002,-4.839388826753168,-0.7328355721367728,0.4021870896740377,{'ROAD_LINE_BROKEN_SINGLE_WHITE'},True,True,predicted_collision_within_1s;raw_collision_risk:collision,True,False,right,12,False,raw_predicted_collision,False,0,0,static_obstacle,0.4630329800290551,-2.621769081747709,0.7558190686050308,inf,False,False,6.001543611954325,inf,0.30047776331186693,True,False,1,0,,True,False,0.0,1.0060063699419626,0.7860454244229282,1.6832437744140623,3.0,collision,True,predicted_collision_within_1s;raw_collision_risk:collision,,False,False,1.0804887786441424,-0.39123255753324493,0.7175671878920074,0.9750000000000002,True,-239.77101498146357,,,
6000,1029,1,321,321,-0.23094868659973145,0.980003833770752,0.0010237270034849644,0.18000000715255737,0.23197241127490997,-0.8000038266181946,True,True,predictive_recovery,right_pass,0.7510000000000001,1.2910684701045818,10,1,,0,0,0,False,False,False,False,False,False,False,False,True,0.9659056663607108,1.3450391888542959,0.0,False,max_steps,vehicle,6.550895690917969,,inf,inf,inf,-0.6154576475456084,0.8341862228279517,0.9750000000000002,-4.852729248600581,-0.7258727959526912,0.38458910662200324,{'ROAD_LINE_BROKEN_SINGLE_WHITE'},True,True,predicted_collision_within_1s;raw_collision_risk:collision,True,False,right,12,False,raw_predicted_collision,False,0,0,static_obstacle,0.5651493569460471,-2.7489344176707142,0.7538949669519166,inf,False,False,5.659934499563052,inf,0.2981705674809778,True,False,1,0,,True,False,0.0,0.8545610750081796,0.904054495224899,1.6765146484374998,3.0,collision,True,predicted_collision_within_1s;raw_collision_risk:collision,,False,False,1.456462893281518,-0.6154576475456084,0.8341862228279517,0.9750000000000002,True,-238.31004131517443,,,
6000,1029,1,322,322,-0.16185402870178223,0.9566385746002197,0.0045227715745568275,0.18000000715255737,0.16637679934501648,-0.7766385674476624,True,True,predictive_recovery,right_pass,0.7510000000000001,1.3450391888542959,10,1,,0,0,0,False,False,False,False,False,False,False,False,True,0.9664189237263298,1.3990091337373725,0.0,False,max_steps,vehicle,6.42083740234375,,inf,inf,inf,-0.8460626464309895,0.9563149517377838,0.9750000000000002,-5.191459863056679,-0.7199047020806209,0.40852062478037887,{'ROAD_LINE_BROKEN_SINGLE_WHITE'},True,True,predicted_collision_within_1s;raw_collision_risk:collision,True,False,right,12,False,raw_predicted_collision,False,0,0,static_obstacle,0.6725691673386593,-2.8798785911132585,0.7528762998831464,inf,False,False,5.32684255003813,inf,0.2177000114778451,True,False,1,0,,True,False,0.03134338968192389,0.6955220343935871,1.0275128999499359,1.6707468261718748,3.0,collision,True,predicted_collision_within_1s;raw_collision_risk:collision,,False,False,1.8873016366180786,-0.8460626464309895,0.9563149517377838,0.9750000000000002,True,-236.26727834263426,,,
6000,1029,1,323,323,-0.12710058689117432,0.918353796005249,0.007288647349923849,0.18000000715255737,0.1343892365694046,-0.7383537888526917,True,True,predictive_recovery,right_pass,0.7510000000000001,1.3990091337373725,10,1,,0,0,0,False,False,False,False,False,False,False,False,True,0.9669525888245533,1.4529780391146672,0.0,False,max_steps,vehicle,6.285369873046875,,inf,inf,inf,-1.0633858076387988,1.084468247563372,0.9750000000000002,-5.17689598299337,-0.7139839740329319,0.38642884499695473,{'ROAD_LINE_BROKEN_SINGLE_WHITE'},True,True,predicted_collision_within_1s;raw_collision_risk:collision,True,False,right,12,False,raw_predicted_collision,False,0,0,static_obstacle,0.7858994349149355,-3.015546793244595,0.7525298612829112,inf,False,False,5.03083201371981,inf,0.17781488196413342,True,False,1,0,,True,False,0.0,1.30257706543631,1.1569309820565168,1.6650247802734373,3.0,collision,True,predicted_collision_within_1s;raw_collision_risk:collision,,False,False,2.3347487442531674,-1.0633858076387988,1.084468247563372,0.9750000000000002,True,-234.1538270908308,,,
6000,1029,1,324,324,-0.14775824546813965,0.9009803533554077,0.009589849039912224,0.18000000715255737,0.15734809637069702,-0.7209803462028503,True,True,predictive_recovery,right_pass,0.7510000000000001,1.4529780391146672,10,1,,0,0,0,False,False,False,False,False,False,False,False,True,0.9675067194676549,1.5069453128467383,0.0,False,max_steps,vehicle,6.1445159912109375,,inf,inf,inf,-1.2824612029678688,1.2187444323161694,0.9750000000000002,-5.150707098530376,-0.7079211485120984,0.36256123980948735,{'ROAD_LINE_BROKEN_SINGLE_WHITE'},True,True,predicted_collision_within_1s;raw_collision_risk:collision,True,False,right,12,False,raw_predicted_collision,False,0,0,static_obstacle,0.9052742212838407,-3.1562325093279635,0.7526778693868192,inf,False,False,4.740202324309555,inf,0.2146894857633212,True,False,1,0,,True,False,0.0,1.1450033158007145,1.2924065572115244,1.6591654052734373,3.0,collision,True,predicted_collision_within_1s;raw_collision_risk:collision,,False,False,2.843602174620952,-1.2824612029678688,1.2187444323161694,0.9750000000000002,True,-232.27175950543148,,,
6000,1029,1,325,325,-0.22006773948669434,0.8544840812683105,0.002397462259978056,-0.8500000238418579,0.22246520221233368,-1.7044841051101685,True,True,minimum_risk_stop,pre_contact_minimum_risk,0,0,10,0,no_safe_candidate_before_cost,0,0,0,False,False,False,False,False,False,False,False,True,0.967927477195406,0.009765190539341925,0.0,False,max_steps,vehicle,5.998260498046875,,inf,inf,inf,inf,inf,inf,inf,inf,0.0,{'ROAD_LINE_BROKEN_SINGLE_WHITE'},True,True,predicted_collision_within_1s;raw_collision_risk:collision,False,False,,0,False,raw_predicted_collision,True,8,0,static_obstacle,1.0307030597098568,-3.30205848547817,0.7531533892152198,inf,False,False,4.479120939178071,inf,0.3316300485282511,True,False,1,0,,True,False,0.0,0.9848854097806496,1.4339310518654746,1.6532297363281248,0.0,collision,True,no_safe_candidate_before_cost,no_hard_safe_candidate,False,False,0.0,inf,inf,inf,False,0.0,,,
6000,1029,1,326,326,-0.17052066326141357,0.7196942567825317,0.061818480491638184,0.0,0.23233914375305176,-0.7196942567825317,True,True,predictive_recovery,keep_stop,1.4248046875,0.009765190539341925,10,2,,0,0,0,False,False,False,False,False,False,False,False,True,0.96795355053083,0.0025351286148409358,0.0,False,max_steps,vehicle,5.88720703125,,inf,inf,inf,1.9272799800768339,1.128940794217088,0.9750000000000002,-0.8360239017544244,-0.6738046875000001,0.2173132218387855,{'ROAD_LINE_BROKEN_SINGLE_WHITE'},True,True,predicted_collision_within_1s;raw_collision_risk:collision,False,False,right,11,False,raw_predicted_collision,True,7,0,static_obstacle,1.1268693368484455,-3.4126299372395135,0.753757523397323,inf,False,False,866.9915946078196,inf,0.001665166767642666,True,False,1,0,,True,False,0.0,1.1425927190834635,1.2088037884505576,1.6488046874999998,3.0,collision,True,predicted_collision_within_1s;raw_collision_risk:collision,,False,False,0.0,1.9272799800768339,1.128940794217088,1.6488046874999998,False,-220.00240816956543,,,
6000,1029,1,327,327,-0.1558678150177002,0.8861633539199829,0.06163622811436653,0.0,0.21750403940677643,-0.8861633539199829,True,True,predictive_recovery,keep_stop,1.424530029296875,0.0025351286148409358,10,1,,0,0,0,False,False,False,False,False,False,False,False,True,0.9679517583503463,0.03386691640774378,0.0,False,max_steps,vehicle,5.8803253173828125,,inf,inf,inf,1.943160837525585,1.133392799330198,1.6485300292968748,-0.8138301204183342,-0.6735300292968751,0.21588405210130907,{'ROAD_LINE_BROKEN_SINGLE_WHITE'},True,True,predicted_collision_within_1s;raw_collision_risk:collision,False,False,right,10,False,raw_predicted_collision,True,6,0,static_obstacle,1.1328547807873106,-3.4192715323879144,0.7541700932719073,inf,False,False,inf,inf,0.0003951449579841055,True,False,1,0,,True,False,0.0,1.142779956688062,1.213285781033736,1.6485300292968748,3.0,collision,True,predicted_collision_within_1s;raw_collision_risk:collision,,False,False,0.0,1.943160837525585,1.133392799330198,1.6485300292968748,False,-224.1201055993999,,,
6000,1029,1,328,328,-0.15610694885253906,0.8849046230316162,0.06154179573059082,0.0,0.21764874458312988,-0.8849046230316162,True,True,predictive_recovery,keep_stop,1.424560546875,0.03386691640774378,10,1,,0,0,0,False,False,False,False,False,False,False,False,True,0.9679373052819294,0.02656771070496065,0.0,False,max_steps,vehicle,6.7108612060546875,,inf,inf,inf,1.852353666945207,1.139626635449633,1.6485605468749998,-0.10404391933973267,-0.6735605468750001,0.1407524081654106,{'ROAD_LINE_BROKEN_SINGLE_WHITE'},True,True,predicted_collision_within_1s;raw_collision_risk:collision,False,False,right,9,False,raw_predicted_collision,True,5,0,static_obstacle,1.132437117221621,-3.4186703803959344,0.7543853344178406,inf,False,False,208.43616011930771,inf,0.005286860987456874,True,False,1,0,,True,False,0.0,1.1197397560092215,1.2195674483875052,1.6485605468749998,3.0,collision,True,predicted_collision_within_1s;raw_collision_risk:collision,,False,False,0.0,1.852353666945207,1.139626635449633,1.6485605468749998,False,-227.0789805114208,,,
6000,1029,1,329,329,-0.1560533046722412,0.8851872682571411,0.06147168204188347,0.0,0.21752499043941498,-0.8851872682571411,True,True,predictive_recovery,keep_stop,1.424774169921875,0.02656771070496065,10,1,,0,0,0,False,False,False,False,False,False,False,False,True,0.9679300209354473,0.007992994281728588,0.0,False,max_steps,vehicle,6.714813232421875,,inf,inf,inf,1.882392965772206,1.1347244366157698,1.6487741699218748,-0.06662349572264326,-0.6737741699218751,0.1383176693191469,{'ROAD_LINE_BROKEN_SINGLE_WHITE'},True,True,predicted_collision_within_1s;raw_collision_risk:collision,False,False,right,8,False,raw_predicted_collision,True,4,0,static_obstacle,1.1290865170831184,-3.4147555377849934,0.754502901805195,inf,False,False,293.6572654303388,inf,0.004145979053085188,True,False,1,0,,True,False,0.0,1.129893417848339,1.2146311155498786,1.6487741699218748,3.0,collision,True,predicted_collision_within_1s;raw_collision_risk:collision,,False,False,0.0,1.882392965772206,1.1347244366157698,1.6487741699218748,False,-227.21075824707208,,,
6000,1029,1,330,330,-0.1559830904006958,0.8858540058135986,0.061439476907253265,0.0,0.21742257475852966,-0.8858540058135986,True,True,predictive_recovery,keep_stop,1.4248809814453125,0.007992994281728588,10,1,,0,0,0,False,False,False,False,False,False,False,False,True,0.9679320443650257,0.0033559126749258383,0.0,False,max_steps,vehicle,6.7167510986328125,,inf,inf,inf,1.9319859497657492,1.129094201607279,1.6488809814453123,0.00025713398970417245,-0.6738809814453126,0.13477619628906254,{'ROAD_LINE_BROKEN_SINGLE_WHITE'},True,True,predicted_collision_within_1s;raw_collision_risk:collision,False,False,right,7,False,raw_predicted_collision,True,3,0,static_obstacle,1.1273985926872971,-3.412786714472462,0.7545554024823189,inf,False,False,1129.0134459105814,inf,0.001246771949619115,True,False,1,0,,True,False,0.0,1.1434751252115802,1.208959483153509,1.6488809814453123,3.0,collision,True,predicted_collision_within_1s;raw_collision_risk:collision,,False,False,0.0,1.9319859497657492,1.129094201607279,1.6488809814453123,False,-317.4940210710141,,,
6000,1029,1,331,331,-0.15598702430725098,0.8859858512878418,0.061434127390384674,0.0,0.21742114424705505,-0.8859858512878418,True,True,predictive_recovery,keep_stop,1.4248809814453125,0.0033559126749258383,10,1,,0,0,0,False,False,False,False,False,False,False,False,True,0.9679349349787091,0.010626555060812578,0.0,False,max_steps,vehicle,6.7163543701171875,,inf,inf,inf,1.9485757953813159,1.1285636481953791,1.6488809814453123,0.021337109052950165,-0.6738809814453126,0.13477619628906254,{'ROAD_LINE_BROKEN_SINGLE_WHITE'},True,True,predicted_collision_within_1s;raw_collision_risk:collision,False,False,right,6,False,raw_predicted_collision,True,2,0,static_obstacle,1.1278517380539135,-3.41331306694922,0.7545452569577593,inf,False,False,inf,inf,0.0005234788319966684,True,False,1,0,,True,False,0.0,1.147722019915375,1.208424871563359,1.6488809814453123,3.0,collision,True,predicted_collision_within_1s;raw_collision_risk:collision,,False,False,0.0,1.9485757953813159,1.1285636481953791,1.6488809814453123,False,-317.5601448993876,,,
6000,1029,1,332,332,-0.15602904558181763,0.8856992721557617,0.06143372505903244,0.0,0.21746277809143066,-0.8856992721557617,True,True,predictive_recovery,keep_stop,1.4248809814453125,0.010626555060812578,10,1,,0,0,0,False,False,False,False,False,False,False,False,True,0.9679367271591928,0.000264791138141027,0.0,False,max_steps,vehicle,6.715606689453125,,inf,inf,inf,1.9233463851357882,1.1307537164369104,1.6488809814453123,-0.010898892460069032,-0.6738809814453126,0.13505556285334802,{'ROAD_LINE_BROKEN_SINGLE_WHITE'},True,True,predicted_collision_within_1s;raw_collision_risk:collision,False,False,right,5,False,raw_predicted_collision,True,1,0,static_obstacle,1.1284991239062199,-3.414074766579156,0.754513497036938,inf,False,False,779.0151935351732,inf,0.0016580512439612206,True,False,1,0,,True,False,0.0,1.140534084245143,1.2106316796007037,1.6488809814453123,3.0,collision,True,predicted_collision_within_1s;raw_collision_risk:collision,,False,False,0.0,1.9233463851357882,1.1307537164369104,1.6488809814453123,False,-317.44415102112,,,
6000,1029,1,333,333,-0.1559898853302002,0.8860790729522705,0.06143540143966675,0.0,0.21742528676986694,-0.8860790729522705,True,True,predictive_recovery,keep_stop,1.4248809814453125,0.000264791138141027,10,1,,0,0,0,False,False,False,False,False,False,False,False,True,0.9679374209064768,0.0031577444576323496,0.0,False,max_steps,vehicle,6.71527099609375,,inf,inf,inf,1.9482790428188603,1.1289566997661187,1.6488809814453123,0.023499412643138484,-0.6738809814453126,0.13477619628906254,{'ROAD_LINE_BROKEN_SINGLE_WHITE'},True,True,predicted_collision_within_1s;raw_collision_risk:collision,False,False,right,4,False,raw_predicted_collision,False,0,0,static_obstacle,1.1289005239996073,-3.414549611367864,0.7544892232634939,inf,False,False,inf,inf,4.1304739275072e-05,True,False,1,0,,True,False,0.0,1.1488864550070739,1.208820929744778,1.6488809814453123,3.0,collision,True,predicted_collision_within_1s;raw_collision_risk:collision,,False,False,0.0,1.9482790428188603,1.1289566997661187,1.6488809814453123,False,-317.59773918400333,,,
6000,1029,1,334,334,-0.15600383281707764,0.8859689235687256,0.06143569201231003,0.0,0.21743953227996826,-0.8859689235687256,True,True,predictive_recovery,keep_stop,1.4248809814453125,0.0031577444576323496,10,1,,0,0,0,False,False,False,False,False,False,False,False,True,0.9679369584082874,0.004345938429187846,0.0,False,max_steps,vehicle,6.7151031494140625,,inf,inf,inf,1.944269041387638,1.1297258590238364,1.6488809814453123,0.016987627153150164,-0.6738809814453126,0.13477619628906254,{'ROAD_LINE_BROKEN_SINGLE_WHITE'},True,True,predicted_collision_within_1s;raw_collision_risk:collision,False,False,right,3,False,raw_predicted_collision,False,0,0,static_obstacle,1.129055908967264,-3.414732942068137,0.7544806760191665,inf,False,False,6429.090468800559,inf,0.0004926202384475305,True,False,1,0,,True,False,0.0,1.1453404712133874,1.2095959696766412,1.6488809814453123,3.0,collision,True,predicted_collision_within_1s;raw_collision_risk:collision,,False,False,0.0,1.944269041387638,1.1297258590238364,1.6488809814453123,False,-317.5522183999435,,,
6000,1029,1,335,335,-0.15600597858428955,0.8859269618988037,0.06143639609217644,0.0,0.2174423784017563,-0.8859269618988037,True,True,predictive_recovery,keep_stop,1.4248809814453125,0.004345938429187846,10,1,,0,0,0,False,False,False,False,False,False,False,False,True,0.9679369584082874,0.002925767822361451,0.0,False,max_steps,vehicle,6.715362548828125,,inf,inf,inf,1.9465505429852654,1.1298743591874019,1.6488809814453123,0.018425349730433194,-0.6738809814453126,0.13477619628906254,{'ROAD_LINE_BROKEN_SINGLE_WHITE'},True,True,predicted_collision_within_1s;raw_collision_risk:collision,False,False,right,2,False,raw_predicted_collision,False,0,0,static_obstacle,1.128952318723037,-3.4146119319242594,0.7544842333912203,inf,False,False,inf,inf,0.0006779923775125201,True,False,1,0,,True,False,0.0,1.1460867776881516,1.2097456047637232,1.6488809814453123,3.0,collision,True,predicted_collision_within_1s;raw_collision_risk:collision,,False,False,0.0,1.9465505429852654,1.1298743591874019,1.6488809814453123,False,-317.53573652330084,,,
6000,1029,1,336,336,-0.15599846839904785,0.8859817981719971,0.061433933675289154,0.0,0.2174324095249176,-0.8859817981719971,True,True,predictive_recovery,keep_stop,1.4248809814453125,0.002925767822361451,10,1,,0,0,0,False,False,False,False,False,False,False,False,True,0.9679363802855507,0.00434522023039532,0.0,False,max_steps,vehicle,6.7153778076171875,,inf,inf,inf,1.9451963303247353,1.1295730445154544,1.6488809814453123,0.018143914173027298,-0.6738809814453126,0.13477619628906254,{'ROAD_LINE_BROKEN_SINGLE_WHITE'},True,True,predicted_collision_within_1s;raw_collision_risk:collision,False,False,right,1,False,raw_predicted_collision,False,0,0,static_obstacle,1.128952318723037,-3.414608614244726,0.7544901016418919,inf,False,False,inf,inf,0.0004564152991796039,True,False,1,0,,True,False,0.0,1.145763465567737,1.2094419871208977,1.6488809814453123,3.0,collision,True,predicted_collision_within_1s;raw_collision_risk:collision,,False,False,0.0,1.9451963303247353,1.1295730445154544,1.6488809814453123,False,-317.5574995487071,,,
6000,1029,1,337,337,-0.15600121021270752,0.8859297037124634,0.06143463775515556,0.0,0.21743585169315338,-0.8859297037124634,True,True,predictive_recovery,keep_stop,1.4248809814453125,0.00434522023039532,10,1,,0,0,0,False,False,False,False,False,False,False,False,True,0.9679363802855507,0.002926374983387637,0.0,False,max_steps,vehicle,6.715667724609375,,inf,inf,inf,1.9468441708066595,1.1297447086733146,1.6488809814453123,0.01873325466709419,-0.6738809814453126,0.13477619628906254,{'ROAD_LINE_BROKEN_SINGLE_WHITE'},True,True,predicted_collision_within_1s;raw_collision_risk:collision,False,False,,0,False,raw_predicted_collision,False,0,0,static_obstacle,1.1288228324128469,-3.414457114585266,0.7544949674067478,inf,False,False,inf,inf,0.0006778596145824098,True,False,1,0,,True,False,0.0,1.1463750200283185,1.2096149633939859,1.6488809814453123,3.0,collision,True,predicted_collision_within_1s;raw_collision_risk:collision,,False,False,0.0,1.9468441708066595,1.1297447086733146,1.6488809814453123,False,-317.53769413542653,,,
6000,1029,1,338,338,-0.15599286556243896,0.8859825134277344,0.061434805393218994,0.0,0.21742767095565796,-0.8859825134277344,True,True,predictive_recovery,keep_stop,1.4248809814453125,0.002926374983387637,10,1,,0,0,0,False,False,False,False,False,False,False,False,True,0.967935802162814,0.004344933357772209,0.0,False,max_steps,vehicle,6.7156829833984375,,inf,inf,inf,1.945486154000061,1.1294436790601832,1.6488809814453123,0.018446782446275733,-0.6738809814453126,0.13477619628906254,{'ROAD_LINE_BROKEN_SINGLE_WHITE'},True,True,predicted_collision_within_1s;raw_collision_risk:collision,False,False,,0,False,raw_predicted_collision,False,0,0,static_obstacle,1.1288228324128469,-3.4144573395135773,0.7544945695770764,inf,False,False,inf,inf,0.00045649361936887225,True,False,1,0,,True,False,0.0,1.1460507688319792,1.2093116327327393,1.6488809814453123,3.0,collision,True,predicted_collision_within_1s;raw_collision_risk:collision,,False,False,0.0,1.945486154000061,1.1294436790601832,1.6488809814453123,False,-317.5593889712113,,,
6000,1029,1,339,339,-0.15598952770233154,0.8859353065490723,0.061437834054231644,0.0,0.2174273580312729,-0.8859353065490723,True,True,predictive_recovery,keep_stop,1.4248809814453125,0.004344933357772209,10,1,,0,0,0,False,False,False,False,False,False,False,False,True,0.967935802162814,0.0029263691379483106,0.0,False,max_steps,vehicle,6.715972900390625,,inf,inf,inf,1.947136563506834,1.1296151513359087,1.6488809814453123,0.0190395205643199,-0.6738809814453126,0.13477619628906254,{'ROAD_LINE_BROKEN_SINGLE_WHITE'},True,True,predicted_collision_within_1s;raw_collision_risk:collision,False,False,,0,False,raw_predicted_collision,False,0,0,static_obstacle,1.1286933477640255,-3.4143089727934197,0.7544938945529704,inf,False,False,inf,inf,0.0006777641023769924,True,False,1,0,,True,False,0.0,1.146662959025809,1.2094844158028015,1.6488809814453123,3.0,collision,True,predicted_collision_within_1s;raw_collision_risk:collision,,False,False,0.0,1.947136563506834,1.1296151513359087,1.6488809814453123,False,-317.53971575008364,,,
6000,1029,1,340,340,-0.15598154067993164,0.8859858512878418,0.061438821256160736,0.0,0.21742036938667297,-0.8859858512878418,True,True,predictive_recovery,keep_stop,1.4248809814453125,0.0029263691379483106,10,1,,0,0,0,False,False,False,False,False,False,False,False,True,0.9679352240400774,0.0043450188217627125,0.0,False,max_steps,vehicle,6.7159881591796875,,inf,inf,inf,1.94577773582095,1.1293141852071413,1.6488809814453123,0.018751980443052485,-0.6738809814453126,0.13477619628906254,{'ROAD_LINE_BROKEN_SINGLE_WHITE'},True,True,predicted_collision_within_1s;raw_collision_risk:collision,False,False,,0,False,raw_predicted_collision,False,0,0,static_obstacle,1.1286933477640255,-3.4143103062955635,0.7544915360932949,inf,False,False,inf,inf,0.0004564595667353809,True,False,1,0,,True,False,0.0,1.1463385072319978,1.2091811488552053,1.6488809814453123,3.0,collision,True,predicted_collision_within_1s;raw_collision_risk:collision,,False,False,0.0,1.94577773582095,1.1293141852071413,1.6488809814453123,False,-317.5613514519662,,,
6000,1029,1,341,341,-0.1559830904006958,0.8859403133392334,0.06144171208143234,0.0,0.21742480993270874,-0.8859403133392334,True,True,predictive_recovery,keep_stop,1.4248809814453125,0.0043450188217627125,10,1,,0,0,0,False,False,False,False,False,False,False,False,True,0.9679352240400774,0.002926319753637049,0.0,False,max_steps,vehicle,6.716278076171875,,inf,inf,inf,1.9474278901509066,1.129485674656469,1.6488809814453123,0.019344371582396214,-0.6738809814453126,0.13477619628906254,{'ROAD_LINE_BROKEN_SINGLE_WHITE'},True,True,predicted_collision_within_1s;raw_collision_risk:collision,False,False,,0,False,raw_predicted_collision,False,0,0,static_obstacle,1.1285638647767373,-3.4141617548251606,0.7544911885679522,inf,False,False,inf,inf,0.0006777494636677379,True,False,1,0,,True,False,0.0,1.1469506363893682,1.209353949375999,1.6488809814453123,3.0,collision,True,predicted_collision_within_1s;raw_collision_risk:collision,,False,False,0.0,1.9474278901509066,1.129485674656469,1.6488809814453123,False,-317.54171782354257,,,
6000,1029,1,342,342,-0.15598726272583008,0.8859833478927612,0.06144232302904129,0.0,0.21742957830429077,-0.8859833478927612,True,True,predictive_recovery,keep_stop,1.4248809814453125,0.002926319753637049,10,1,,0,0,0,False,False,False,False,False,False,False,False,True,0.9679346459173408,0.004345015475282306,0.0,False,max_steps,vehicle,6.7162933349609375,,inf,inf,inf,1.9460694435896566,1.1291846837778154,1.6488809814453123,0.01905734390877223,-0.6738809814453126,0.13477619628906254,{'ROAD_LINE_BROKEN_SINGLE_WHITE'},True,True,predicted_collision_within_1s;raw_collision_risk:collision,False,False,,0,False,raw_predicted_collision,False,0,0,static_obstacle,1.1285638647767373,-3.414162574205041,0.754489739456528,inf,False,False,inf,inf,0.00045646860823036876,True,False,1,0,,True,False,0.0,1.1466262780807144,1.2090506572333142,1.6488809814453123,3.0,collision,True,predicted_collision_within_1s;raw_collision_risk:collision,,False,False,0.0,1.9460694435896566,1.1291846837778154,1.6488809814453123,False,-317.56317239792656,,,
6000,1029,1,343,343,-0.1559743881225586,0.8859429359436035,0.06144506484270096,0.0,0.21741944551467896,-0.8859429359436035,True,True,predictive_recovery,keep_stop,1.4248809814453125,0.004345015475282306,10,1,,0,0,0,False,False,False,False,False,False,False,False,True,0.9679346459173408,0.0029263365544772595,0.0,False,max_steps,vehicle,6.716583251953125,,inf,inf,inf,1.9477194725039477,1.1293561807950698,1.6488809814453123,0.019649560080280626,-0.6738809814453126,0.13477619628906254,{'ROAD_LINE_BROKEN_SINGLE_WHITE'},True,True,predicted_collision_within_1s;raw_collision_risk:collision,False,False,,0,False,raw_predicted_collision,False,0,0,static_obstacle,1.128434383451147,-3.414013821918685,0.7544897477606538,inf,False,False,inf,inf,0.0006777111301402058,True,False,1,0,,True,False,0.0,1.1472383782145892,1.2092234655257357,1.6488809814453123,3.0,collision,True,predicted_collision_within_1s;raw_collision_risk:collision,,False,False,0.0,1.9477194725039477,1.1293561807950698,1.6488809814453123,False,-317.5436627927489,,,
6000,1029,1,344,344,-0.1559639573097229,0.8859946727752686,0.06144573539495468,0.0,0.21740970015525818,-0.8859946727752686,True,True,predictive_recovery,keep_stop,1.4248809814453125,0.0029263365544772595,10,1,,0,0,0,False,False,False,False,False,False,False,False,True,0.9679340677946041,0.0043450059775706215,0.0,False,max_steps,vehicle,6.7165985107421875,,inf,inf,inf,1.9463609628132654,1.1290551980510866,1.6488809814453123,0.019362455838626058,-0.6738809814453126,0.13477619628906254,{'ROAD_LINE_BROKEN_SINGLE_WHITE'},True,True,predicted_collision_within_1s;raw_collision_risk:collision,False,False,,0,False,raw_predicted_collision,False,0,0,static_obstacle,1.128434383451147,-3.4140147296623478,0.7544881424420469,inf,False,False,inf,inf,0.0004564030294563729,True,False,1,0,,True,False,0.0,1.1469140037875416,1.2089201813239574,1.6488809814453123,3.0,collision,True,predicted_collision_within_1s;raw_collision_risk:collision,,False,False,0.0,1.9463609628132654,1.1290551980510866,1.6488809814453123,False,-317.56532969868033,,,
6000,1029,1,345,345,-0.15596824884414673,0.8859424591064453,0.06144856661558151,0.0,0.21741682291030884,-0.8859424591064453,True,True,predictive_recovery,keep_stop,1.4248809814453125,0.0043450059775706215,10,1,,0,0,0,False,False,False,False,False,False,False,False,True,0.9679340677946041,0.002926338343774049,0.0,False,max_steps,vehicle,6.716888427734375,,inf,inf,inf,1.9480110736431206,1.1292266872893213,1.6488809814453123,0.01995477195283657,-0.6738809814453126,0.13477619628906254,{'ROAD_LINE_BROKEN_SINGLE_WHITE'},True,True,predicted_collision_within_1s;raw_collision_risk:collision,False,False,,0,False,raw_predicted_collision,False,0,0,static_obstacle,1.1283049037874189,-3.4138660978854296,0.7544879383065188,inf,False,False,inf,inf,0.0006776829735390397,True,False,1,0,,True,False,0.0,1.1475261260494696,1.2090929819237306,1.6488809814453123,3.0,collision,True,predicted_collision_within_1s;raw_collision_risk:collision,,False,False,0.0,1.9480110736431206,1.1292266872893213,1.6488809814453123,False,-317.54553222259887,,,
6000,1029,1,346,346,-0.15595513582229614,0.8859974145889282,0.06144926697015762,0.0,0.21740439534187317,-0.8859974145889282,True,True,predictive_recovery,keep_stop,1.4248809814453125,0.002926338343774049,10,1,,0,0,0,False,False,False,False,False,False,False,False,True,0.9679334896718674,0.004345005866185881,0.0,False,max_steps,vehicle,6.7169036865234375,,inf,inf,inf,1.94665252621872,1.1289257108006459,1.6488809814453123,0.019667624819678764,-0.6738809814453126,0.13477619628906254,{'ROAD_LINE_BROKEN_SINGLE_WHITE'},True,True,predicted_collision_within_1s;raw_collision_risk:collision,False,False,,0,False,raw_predicted_collision,False,0,0,static_obstacle,1.1283049037874189,-3.4138670377607148,0.7544862762343905,inf,False,False,inf,inf,0.00045637749386527495,True,False,1,0,,True,False,0.0,1.1472017417696518,1.2087897037690254,1.6488809814453123,3.0,collision,True,predicted_collision_within_1s;raw_collision_risk:collision,,False,False,0.0,1.94665252621872,1.1289257108006459,1.6488809814453123,False,-317.5672778848584,,,
6000,1029,1,347,347,-0.15595531463623047,0.885951042175293,0.061452072113752365,0.0,0.21740739047527313,-0.885951042175293,True,True,predictive_recovery,keep_stop,1.4248809814453125,0.004345005866185881,10,1,,0,0,0,False,False,False,False,False,False,False,False,True,0.9679334896718674,0.0029263406397816044,0.0,False,max_steps,vehicle,6.717193603515625,,inf,inf,inf,1.9483026490331237,1.1290971974358344,1.6488809814453123,0.02025994815734844,-0.6738809814453126,0.13477619628906254,{'ROAD_LINE_BROKEN_SINGLE_WHITE'},True,True,predicted_collision_within_1s;raw_collision_risk:collision,False,False,,0,False,raw_predicted_collision,False,0,0,static_obstacle,1.1281754257857177,-3.4137183738637575,0.7544861295868399,inf,False,False,inf,inf,0.0006776267569572861,True,False,1,0,,True,False,0.0,1.1478138689063453,1.208962501891765,1.6488809814453123,3.0,collision,True,predicted_collision_within_1s;raw_collision_risk:collision,,False,False,0.0,1.9483026490331237,1.1290971974358344,1.6488809814453123,False,-317.5476230758752,,,
6000,1029,1,348,348,-0.15594518184661865,0.8860023021697998,0.06145274639129639,0.0,0.21739792823791504,-0.8860023021697998,True,True,predictive_recovery,keep_stop,1.4248809814453125,0.0029263406397816044,10,1,,0,0,0,False,False,False,False,False,False,False,False,True,0.9679329115491307,0.004345006579833863,0.0,False,max_steps,vehicle,6.7172088623046875,,inf,inf,inf,1.9469440893271588,1.1287962253189294,1.6488809814453123,0.019972791874981688,-0.6738809814453126,0.13477619628906254,{'ROAD_LINE_BROKEN_SINGLE_WHITE'},True,True,predicted_collision_within_1s;raw_collision_risk:collision,False,False,,0,False,raw_predicted_collision,False,0,0,static_obstacle,1.1281754257857177,-3.4137192816057174,0.7544845244071592,inf,False,False,inf,inf,0.00045634872321589264,True,False,1,0,,True,False,0.0,1.1474894810532321,1.2086592278861914,1.6488809814453123,3.0,collision,True,predicted_collision_within_1s;raw_collision_risk:collision,,False,False,0.0,1.9469440893271588,1.1287962253189294,1.6488809814453123,False,-317.5692786391284,,,
6000,1029,1,349,349,-0.15596157312393188,0.88594651222229,0.06145555526018143,0.0,0.21741712093353271,-0.88594651222229,True,True,predictive_recovery,keep_stop,1.4248809814453125,0.004345006579833863,10,1,,0,0,0,False,False,False,False,False,False,False,False,True,0.9679329115491307,0.002926338281279841,0.0,False,max_steps,vehicle,6.717498779296875,,inf,inf,inf,1.9485942232128663,1.1289677094183987,1.6488809814453123,0.020565121226736593,-0.6738809814453126,0.13477619628906254,{'ROAD_LINE_BROKEN_SINGLE_WHITE'},True,True,predicted_collision_within_1s;raw_collision_risk:collision,False,False,,0,False,raw_predicted_collision,False,0,0,static_obstacle,1.1280459494462083,-3.413570617721231,0.7544843784196669,inf,False,False,inf,inf,0.0006776540614247242,True,False,1,0,,True,False,0.0,1.1481016128391053,1.20883202359973,1.6488809814453123,3.0,collision,True,predicted_collision_within_1s;raw_collision_risk:collision,,False,False,0.0,1.9485942232128663,1.1289677094183987,1.6488809814453123,False,-317.5493939102177,,,
6000,1029,1,350,350,-0.15593671798706055,0.8860052824020386,-0.15593671798706055,0.8860052824020386,0.0,0.0,True,False,inactive_raw_action,raw_action_safe,0,0,0,0,low_risk_verified_passthrough,0,0,0,False,False,False,False,False,False,False,False,True,0.9679574239531656,0.2680130029549745,0.0,False,max_steps,vehicle,6.7175140380859375,,inf,inf,inf,inf,inf,inf,inf,inf,0.0,{'ROAD_LINE_BROKEN_SINGLE_WHITE'},False,False,,False,False,,0,True,,False,0,0,static_obstacle,1.1280459494462083,-3.4135715495616803,0.7544827306959112,inf,False,True,inf,inf,0.00045632358730267406,False,False,1,-1,,True,False,0.0,1.147777225287851,1.2085287525722845,1.6488809814453123,3.0,collision,False,low_risk_verified,,False,False,0.0,inf,inf,inf,False,0.0,,,
6000,1029,1,351,351,-0.15258806943893433,0.9579706192016602,-0.15258806943893433,0.9579706192016602,0.0,0.0,True,False,inactive_raw_action,raw_action_safe,0,0,0,0,low_risk_verified_passthrough,0,0,0,False,False,False,False,False,False,False,False,True,0.9680803906592562,0.5545559625243958,0.0,False,max_steps,vehicle,6.711181640625,,inf,inf,inf,inf,inf,inf,inf,inf,0.0,{'ROAD_LINE_BROKEN_SINGLE_WHITE'},False,False,,False,False,,0,True,,False,0,0,static_obstacle,1.1338758801291158,-3.42046151909504,0.7541391198720651,inf,False,True,25.059870804966565,inf,0.04089558670543096,False,False,1,-1,,True,False,0.0,0.9562921405415947,1.2712303023911982,1.6482401123046873,3.0,collision,False,low_risk_verified,,False,False,0.0,inf,inf,inf,False,0.0,,,
6000,1029,1,352,352,-0.1513238549232483,0.9581248760223389,-0.03814701735973358,-0.4000000059604645,0.11317683756351471,-1.358124852180481,True,True,minimum_risk_stop,pre_contact_minimum_risk,0,0,10,0,no_safe_candidate_before_cost,0,0,0,False,False,False,False,False,False,False,False,True,0.9681907542896871,0.042338958390517045,0.0,False,max_steps,vehicle,6.678741455078125,,inf,inf,inf,inf,inf,inf,inf,inf,0.0,{'ROAD_LINE_BROKEN_SINGLE_WHITE'},True,True,predicted_collision_within_1s;raw_collision_risk:collision,False,False,,0,False,raw_predicted_collision,True,8,0,static_obstacle,1.1632039253601507,-3.4553278324105445,0.751935052753415,inf,False,False,11.911258783782134,inf,0.08391754601986398,True,False,1,0,,True,False,0.022649419709818264,0.7245019343006058,1.3627212022185782,1.6449289550781248,3.0,collision,True,no_safe_candidate_before_cost,no_hard_safe_candidate,False,False,0.0,inf,inf,inf,False,0.0,,,
6000,1029,1,353,353,-0.029534578323364258,0.8381364345550537,-0.03814701735973358,-0.20000000298023224,-0.008612439036369324,-1.0381364822387695,True,True,safety_hold,safety_hold_recovery,0,0,0,0,recent_emergency_safety_hold,0,0,0,False,False,False,False,False,False,False,False,True,0.9682088495313451,0.0706968040326925,0.0,False,max_steps,vehicle,6.649749755859375,,inf,inf,inf,inf,inf,inf,inf,inf,0.0,{'ROAD_LINE_BROKEN_SINGLE_WHITE'},True,True,recent_emergency_safety_hold,False,False,,0,False,,True,7,0,static_obstacle,1.1898907299215546,-3.4871064288521314,0.749672180857838,inf,False,True,170.90416992714222,inf,0.001250463282714386,True,False,1,0,,True,False,0.0,1.0599901866235824,1.2791952626077892,1.6413431396484373,3.0,collision,True,safety_hold,,False,False,0.0,inf,inf,inf,False,0.0,,,
6000,1029,1,354,354,-0.02887248992919922,0.8616218566894531,-0.03814701735973358,-0.20000000298023224,-0.009274527430534363,-1.061621904373169,True,True,safety_hold,safety_hold_recovery,0,0,0,0,recent_emergency_safety_hold,0,0,0,False,False,False,False,False,False,False,False,True,0.968206941726314,0.06193991454639538,0.0,False,max_steps,vehicle,6.644989013671875,,inf,inf,inf,inf,inf,inf,inf,inf,0.0,{'ROAD_LINE_BROKEN_SINGLE_WHITE'},True,True,recent_emergency_safety_hold,False,False,,0,False,,True,6,0,static_obstacle,1.19439318631025,-3.491616102726372,0.7508193378528336,inf,False,True,95.42914562461758,inf,0.002041192762460485,True,False,1,0,,True,False,0.0,1.0344523449861969,1.2898169139726539,1.6405191650390623,3.0,collision,True,safety_hold,,False,False,0.0,inf,inf,inf,False,0.0,,,
6000,1029,1,355,355,-0.028858959674835205,0.8617026805877686,-0.028858959674835205,0.6499999761581421,0.0,-0.21170270442962646,True,True,deadlock_progress_release,deadlock_progress_release,0,0,0,0,low_progress_release,0,0,0,False,False,False,False,False,False,False,False,True,0.9682097167154501,0.13296669378984502,0.0,False,max_steps,vehicle,6.6456298828125,,inf,inf,inf,inf,inf,inf,inf,inf,0.0,{'ROAD_LINE_BROKEN_SINGLE_WHITE'},True,False,,False,False,,0,False,,False,0,0,static_obstacle,1.1939399205692023,-3.4910573305081996,0.7508937327004568,inf,False,True,112.99774509713973,inf,0.0017875214961571627,True,False,1,0,,True,False,0.0,1.0425529498292745,1.2874778991552345,1.6405649414062498,3.0,collision,True,low_progress_release,,False,False,0.0,inf,inf,inf,False,0.0,,,
6000,1029,1,356,356,-0.02837580442428589,0.9424803256988525,-0.02837580442428589,0.6499999761581421,0.0,-0.29248034954071045,True,True,deadlock_progress_release,deadlock_progress_release,0,0,0,0,low_progress_release_persist,0,0,0,False,False,False,False,False,False,False,False,True,0.9682747555233259,0.32785769437368617,0.0,False,max_steps,vehicle,6.6449127197265625,,inf,inf,inf,inf,inf,inf,inf,inf,0.0,{'ROAD_LINE_BROKEN_SINGLE_WHITE'},True,False,,False,False,,0,False,,False,0,0,static_obstacle,1.1945405225431778,-3.491811043542723,0.7507710233702238,inf,False,True,50.01138490639296,inf,0.003773036897924551,True,False,1,0,,True,False,0.0,0.9904614663109355,1.303363740666082,1.6406107177734373,3.0,collision,True,low_progress_release,,False,False,0.0,inf,inf,inf,False,0.0,,,
6000,1029,1,357,357,-0.029704570770263672,0.9386847019195557,-0.029704570770263672,0.6499999761581421,0.0,-0.2886847257614136,True,True,deadlock_progress_release,deadlock_progress_release,0,0,0,0,low_progress_release_persist,0,0,0,False,False,False,False,False,False,False,False,True,0.9684135049801276,0.5227469381128087,0.0,False,max_steps,vehicle,6.6278839111328125,,inf,inf,inf,inf,inf,inf,inf,inf,0.0,{'ROAD_LINE_BROKEN_SINGLE_WHITE'},True,False,,False,False,,0,False,,False,0,0,static_obstacle,1.209664765757658,-3.5092323654150737,0.7504845763285717,inf,False,True,20.152685134895346,inf,0.009738872085098639,True,False,1,0,,True,False,0.0,0.8390920296128161,1.3606917255712083,1.6396951904296873,3.0,collision,True,low_progress_release,,False,False,0.0,inf,inf,inf,False,0.0,,,
6000,1029,1,358,358,-0.031119823455810547,0.9346017837524414,-0.031119823455810547,0.6499999761581421,0.0,-0.2846018075942993,True,True,deadlock_progress_release,deadlock_progress_release,0,0,0,0,low_progress_release_persist,0,0,0,False,False,False,False,False,False,False,False,True,0.9686259650858551,0.7176316060271344,0.0,False,max_steps,vehicle,6.591278076171875,,inf,inf,inf,inf,inf,inf,inf,inf,0.0,{'ROAD_LINE_BROKEN_SINGLE_WHITE'},True,False,,False,False,,0,False,,False,0,0,static_obstacle,1.2420482256206566,-3.5464195366465625,0.7499517916183441,inf,False,True,12.463607000900913,inf,0.01626779242613613,True,False,1,0,,True,False,0.0,1.2296248950665447,1.4357562625277696,1.6376199951171873,3.0,collision,True,low_progress_release,,False,False,0.0,inf,inf,inf,False,0.0,,,
6000,1029,1,359,359,-0.032621681690216064,0.9301451444625854,-0.032621681690216064,0.6499999761581421,0.0,-0.28014516830444336,True,True,deadlock_progress_release,deadlock_progress_release,0,0,0,0,low_progress_release_persist,0,0,0,False,False,False,False,False,False,False,False,True,0.9689121358405086,0.9125110950336768,0.0,False,max_steps,vehicle,6.53533935546875,,inf,inf,inf,inf,inf,inf,inf,inf,0.0,{'ROAD_LINE_BROKEN_SINGLE_WHITE'},True,False,,False,False,,0,False,,False,0,0,static_obstacle,1.2918288392523676,-3.603408563222538,0.7491233304406811,inf,False,True,9.013015193911183,inf,0.02341034982265572,True,False,1,0,,True,False,0.0,1.0870805212556514,1.5288088383782295,1.6343393554687498,3.0,collision,True,low_progress_release,,False,False,0.0,inf,inf,inf,False,0.0,,,
6000,1029,1,360,360,0.13608813285827637,0.943159818649292,0.13608813285827637,0.6499999761581421,0.0,-0.2931598424911499,True,True,deadlock_progress_release,deadlock_progress_release,0,0,0,0,low_progress_release_persist,0,0,0,False,False,False,False,False,False,False,False,True,0.9692716703704459,1.1027282936589689,0.0,False,max_steps,vehicle,6.4598236083984375,,inf,inf,inf,inf,inf,inf,inf,inf,0.0,{'ROAD_LINE_BROKEN_SINGLE_WHITE'},True,False,,False,False,,0,False,,False,0,0,static_obstacle,1.359156559334015,-3.6802434274107156,0.7478291033885646,inf,False,True,6.980176393825557,inf,0.0,True,False,1,0,,True,False,0.0,0.9253005372326113,1.640084474962747,1.6298837890624998,3.0,collision,True,low_progress_release,,False,False,0.0,inf,inf,inf,False,0.0,,,
6000,1029,1,361,361,0.16743910312652588,0.931427001953125,0.16743910312652588,0.6499999761581421,0.0,-0.2814270257949829,True,True,deadlock_progress_release,deadlock_progress_release,0,0,0,0,low_progress_release_persist,0,0,0,False,False,False,False,False,False,False,False,True,0.9697039327406568,1.2951928189357502,0.0,False,max_steps,vehicle,6.3650665283203125,,inf,inf,inf,inf,inf,inf,inf,inf,0.0,{'ROAD_LINE_BROKEN_SINGLE_WHITE'},True,True,predicted_collision_within_1s;raw_collision_risk:collision,False,False,,0,False,,False,0,0,static_obstacle,1.443176965610715,-3.7744887447561606,0.7484311570865435,inf,False,False,5.69826720520799,inf,0.0,True,False,1,0,,True,False,0.015023959435375444,0.7499201352154152,1.767815017351891,1.6262369384765623,3.0,collision,True,low_progress_release,,False,False,0.0,inf,inf,inf,False,0.0,,,
6000,1029,1,362,362,0.08688592910766602,0.9048552513122559,0.08688592910766602,0.6499999761581421,0.0,-0.25485527515411377,True,True,deadlock_progress_release,deadlock_progress_release,0,0,0,0,vehicle_collision_step_3,0,0,0,False,False,False,False,False,False,False,False,True,0.9702094432616044,1.4903424915471515,0.0,False,max_steps,,inf,,inf,inf,inf,inf,inf,inf,inf,inf,0.0,{'ROAD_LINE_BROKEN_SINGLE_WHITE'},True,False,,False,False,,0,False,,False,0,0,,inf,0,0,0,0,0,inf,inf,0.0,True,False,1,0,,False,False,0.0,inf,inf,inf,0.0,0,True,vehicle_collision_step_3,,False,False,0.0,inf,inf,inf,False,0.0,,,
6000,1029,1,363,363,0.10647320747375488,0.9189879894256592,0.10647320747375488,0.6499999761581421,0.0,-0.2689880132675171,True,True,deadlock_progress_release,deadlock_progress_release,0,0,0,0,vehicle_collision_step_3,0,0,0,False,False,False,False,False,False,False,False,True,0.9707887222437513,1.6848871569849937,0.0,False,max_steps,,inf,,inf,inf,inf,inf,inf,inf,inf,inf,0.0,{'ROAD_LINE_BROKEN_SINGLE_WHITE'},True,False,,False,False,,0,False,,False,0,0,,inf,0,0,0,0,0,inf,inf,0.0,True,False,1,0,,False,False,0.0,inf,inf,inf,0.0,0,True,vehicle_collision_step_3,,False,False,0.0,inf,inf,inf,False,0.0,,,
6000,1029,1,364,364,-0.002352416515350342,0.8340539932250977,-0.002352416515350342,0.6499999761581421,0.0,-0.18405401706695557,True,True,deadlock_progress_release,deadlock_progress_release,0,0,0,0,vehicle_collision_step_2,0,0,0,False,False,False,False,False,False,False,False,True,0.9714415384380033,1.8784567470537312,0.0,False,max_steps,,inf,,inf,inf,inf,inf,inf,inf,inf,inf,0.0,{'ROAD_LINE_BROKEN_SINGLE_WHITE'},True,False,,False,False,,0,False,,False,0,0,,inf,0,0,0,0,0,inf,inf,0.0,True,False,1,0,,False,False,0.0,inf,inf,inf,0.0,0,True,vehicle_collision_step_2,,False,False,0.0,inf,inf,inf,False,0.0,,,
6000,1029,1,365,365,0.028492093086242676,0.7977206707000732,0.028492093086242676,0.6499999761581421,0.0,-0.14772069454193115,True,True,deadlock_progress_release,deadlock_progress_release,0,0,0,0,vehicle_collision_step_1,0,0,0,False,False,False,False,False,False,False,False,True,0.97216789184436,2.07328097746078,0.0,False,max_steps,,inf,,inf,inf,inf,inf,inf,inf,inf,inf,0.0,{'ROAD_LINE_BROKEN_SINGLE_WHITE'},True,False,,False,False,,0,False,,False,0,0,,inf,0,0,0,0,0,inf,inf,0.0,True,False,1,0,,False,False,0.0,inf,inf,inf,0.0,0,True,vehicle_collision_step_1,,False,False,0.0,inf,inf,inf,False,0.0,,,
6000,1029,1,366,366,0.07808375358581543,0.9311821460723877,0.0,-0.800000011920929,-0.07808375358581543,-1.7311820983886719,True,True,ultra_short_horizon_emergency,ultra_short_horizon_emergency_stop,0,0,0,0,vehicle_collision_step_1,0,0,0,False,False,False,False,False,False,False,False,True,0.9728019190496701,0.6069810585758492,0.0,False,max_steps,,inf,,inf,inf,inf,inf,inf,inf,inf,inf,0.0,{'ROAD_LINE_BROKEN_SINGLE_WHITE'},True,True,vehicle_collision_step_1,False,False,,0,False,,True,8,0,,inf,0,0,0,0,0,inf,inf,0.0,True,False,1,0,,False,False,0.0,inf,inf,inf,0.0,0,True,vehicle_collision_step_1,,False,False,0.0,inf,inf,inf,False,0.0,,,
6000,1029,1,367,367,0.11251401901245117,0.7994399070739746,0.11251401901245117,0.6499999761581421,0.0,-0.14943993091583252,True,True,deadlock_progress_release,deadlock_progress_release,0,0,0,0,vehicle_collision_step_1,0,0,0,False,False,False,False,False,False,False,False,True,0.9730687226926449,0.8004609558011254,0.0,False,max_steps,,inf,,inf,inf,inf,inf,inf,inf,inf,inf,0.0,{'ROAD_LINE_BROKEN_SINGLE_WHITE'},True,False,,False,False,,0,False,,False,0,0,,inf,0,0,0,0,0,inf,inf,0.0,True,False,1,0,,False,False,0.0,inf,inf,inf,0.0,0,True,vehicle_collision_step_1,,False,False,0.0,inf,inf,inf,False,0.0,,,
6000,1029,1,368,368,0.09366190433502197,0.9610650539398193,0.09366190433502197,0.6499999761581421,0.0,-0.31106507778167725,True,True,deadlock_progress_release,deadlock_progress_release,0,0,0,0,vehicle_collision_step_1,0,0,0,False,False,False,False,False,False,False,False,True,0.9733866901978154,0.9951428039296184,0.0,False,max_steps,,inf,,inf,inf,inf,inf,inf,inf,inf,inf,0.0,{'ROAD_LINE_BROKEN_SINGLE_WHITE'},True,False,,False,False,,0,False,,False,0,0,,inf,0,0,0,0,0,inf,inf,0.0,True,False,1,0,,False,False,0.0,inf,inf,inf,0.0,0,True,vehicle_collision_step_1,,False,False,0.0,inf,inf,inf,False,0.0,,,
6000,1029,1,369,369,0.08750402927398682,0.9589011669158936,0.08750402927398682,0.6499999761581421,0.0,-0.30890119075775146,True,True,deadlock_progress_release,deadlock_progress_release,0,0,0,0,vehicle_collision_step_1,0,0,0,False,False,False,False,False,False,False,False,True,0.9737783683519119,1.1899658663610526,0.0,False,max_steps,,inf,,inf,inf,inf,inf,inf,inf,inf,inf,0.0,{'ROAD_LINE_BROKEN_SINGLE_WHITE'},True,False,,False,False,,0,False,,False,0,0,,inf,0,0,0,0,0,inf,inf,0.0,True,False,1,0,,False,False,0.0,inf,inf,inf,0.0,0,True,vehicle_collision_step_1,,False,False,0.0,inf,inf,inf,False,0.0,,,
6000,1029,1,370,370,-0.03730177879333496,0.9376368522644043,-0.03730177879333496,0.6499999761581421,0.0,-0.2876368761062622,True,True,deadlock_progress_release,deadlock_progress_release,0,0,0,0,vehicle_collision_step_1,0,0,0,False,False,False,False,False,False,False,False,True,0.9742435837181131,1.3827109178712214,0.0,False,max_steps,,inf,,inf,inf,inf,inf,inf,inf,inf,inf,0.0,{'ROAD_LINE_BROKEN_SINGLE_WHITE'},True,False,,False,False,,0,False,,False,0,0,,inf,0,0,0,0,0,inf,inf,0.0,True,False,1,0,,False,False,0.0,inf,inf,inf,0.0,0,True,vehicle_collision_step_1,,False,False,0.0,inf,inf,inf,False,0.0,,,
6000,1029,1,371,371,-0.2386096715927124,0.9261990785598755,-0.2386096715927124,0.6499999761581421,0.0,-0.2761991024017334,True,True,deadlock_progress_release,deadlock_progress_release,0,0,0,0,vehicle_collision_step_1,0,0,0,False,False,False,False,False,False,False,False,True,0.974779272245915,1.5623858513503315,0.0,False,max_steps,,inf,,inf,inf,inf,inf,inf,inf,inf,inf,0.0,{'ROAD_LINE_BROKEN_SINGLE_WHITE'},True,False,,False,False,,0,False,,False,0,0,,inf,0,0,0,0,0,inf,inf,0.0,True,False,1,0,,False,False,0.0,inf,inf,inf,0.0,0,True,vehicle_collision_step_1,,False,False,0.0,inf,inf,inf,False,0.0,,,
6000,1029,1,372,372,-0.37808024883270264,0.9342784881591797,-0.37808024883270264,0.6499999761581421,0.0,-0.2842785120010376,True,True,deadlock_progress_release,deadlock_progress_release,0,0,0,0,vehicle_collision_step_1,0,0,0,False,False,False,False,False,False,False,False,True,0.9753784386502036,1.7358854785498756,0.0,False,max_steps,,inf,,inf,inf,inf,inf,inf,inf,inf,inf,0.0,{'ROAD_LINE_BROKEN_SINGLE_WHITE'},True,False,,False,False,,0,False,,False,0,0,,inf,0,0,0,0,0,inf,inf,0.0,True,False,1,0,,False,False,0.0,inf,inf,inf,0.0,0,True,vehicle_collision_step_1,,False,False,0.0,inf,inf,inf,False,0.0,,,
6000,1029,1,373,373,-0.4553627371788025,0.881483793258667,-0.4553627371788025,0.6499999761581421,0.0,-0.2314838171005249,True,True,deadlock_progress_release,deadlock_progress_release,0,0,0,0,vehicle_collision_step_1,0,0,0,False,False,False,False,False,False,False,False,True,0.9760364001368118,1.91073103296442,0.0,False,max_steps,,inf,,inf,inf,inf,inf,inf,inf,inf,inf,0.0,{'ROAD_LINE_BROKEN_SINGLE_WHITE'},True,False,,False,False,,0,False,,False,0,0,,inf,0,0,0,0,0,inf,inf,0.0,True,False,1,0,,False,False,0.0,inf,inf,inf,0.0,0,True,vehicle_collision_step_1,,False,False,0.0,inf,inf,inf,False,0.0,,,
6000,1029,1,374,374,-0.42886918783187866,0.9684717655181885,-0.42886918783187866,0.6499999761581421,0.0,-0.3184717893600464,True,True,deadlock_progress_release,deadlock_progress_release,0,0,0,0,vehicle_collision_step_1,0,0,0,False,False,False,False,False,False,False,False,True,0.9767546598248552,2.0994123051777662,0.0,False,max_steps,,inf,,inf,inf,inf,inf,inf,inf,inf,inf,0.0,{'ROAD_LINE_BROKEN_SINGLE_WHITE'},True,False,,False,False,,0,False,,False,0,0,,inf,0,0,0,0,0,inf,inf,0.0,True,False,1,0,,False,False,0.0,inf,inf,inf,0.0,0,True,vehicle_collision_step_1,,False,False,0.0,inf,inf,inf,False,0.0,,,
6000,1029,1,375,375,-0.09857213497161865,0.9877859354019165,0.0,-0.800000011920929,0.09857213497161865,-1.7877860069274902,True,True,ultra_short_horizon_emergency,ultra_short_horizon_emergency_stop,0,0,0,0,vehicle_collision_step_1,0,0,0,False,False,False,False,False,False,False,False,True,0.9773951620048159,0.7021308068506995,0.0,False,max_steps,,inf,,inf,inf,inf,inf,inf,inf,inf,inf,0.0,{'ROAD_LINE_BROKEN_SINGLE_WHITE'},True,True,vehicle_collision_step_1,False,False,,0,False,,True,8,0,,inf,0,0,0,0,0,inf,inf,0.0,True,False,1,0,,False,False,0.0,inf,inf,inf,0.0,0,True,vehicle_collision_step_1,,False,False,0.0,inf,inf,inf,False,0.0,,,
6000,1029,1,376,376,-0.13016438484191895,0.936687707901001,-0.13016438484191895,0.6499999761581421,0.0,-0.2866877317428589,True,True,deadlock_progress_release,deadlock_progress_release,0,0,0,0,vehicle_collision_step_1,0,0,0,False,False,False,False,False,False,False,False,True,0.9776927217773819,0.8928482478368042,0.0,False,max_steps,,inf,,inf,inf,inf,inf,inf,inf,inf,inf,0.0,{'ROAD_LINE_BROKEN_SINGLE_WHITE'},True,False,,False,False,,0,False,,False,0,0,,inf,0,0,0,0,0,inf,inf,0.0,True,False,1,0,,False,False,0.0,inf,inf,inf,0.0,0,True,vehicle_collision_step_1,,False,False,0.0,inf,inf,inf,False,0.0,,,
6000,1029,1,377,377,-0.11425173282623291,0.9526224136352539,-0.11425173282623291,0.6499999761581421,0.0,-0.3026224374771118,True,True,deadlock_progress_release,deadlock_progress_release,0,0,0,0,vehicle_collision_step_1,0,0,0,False,False,False,False,False,False,False,False,True,0.9780423125962484,1.0887942827341233,0.0,False,max_steps,,inf,,inf,inf,inf,inf,inf,inf,inf,inf,0.0,{'ROAD_LINE_BROKEN_SINGLE_WHITE'},True,False,,False,False,,0,False,,False,0,0,,inf,0,0,0,0,0,inf,inf,0.0,True,False,1,0,,False,False,0.0,inf,inf,inf,0.0,0,True,vehicle_collision_step_1,,False,False,0.0,inf,inf,inf,False,0.0,,,
6000,1029,1,378,378,-0.251112699508667,0.9440813064575195,0.0,-0.800000011920929,0.251112699508667,-1.7440812587738037,True,True,ultra_short_horizon_emergency,ultra_short_horizon_emergency_stop,0,0,0,0,vehicle_collision_step_1,0,0,0,False,False,False,False,False,False,False,False,True,0.9782858178929353,0.08665615743767718,0.0,False,max_steps,,inf,,inf,inf,inf,inf,inf,inf,inf,inf,0.0,{'ROAD_LINE_BROKEN_SINGLE_WHITE'},True,True,vehicle_collision_step_1,False,False,,0,False,,True,8,0,,inf,0,0,0,0,0,inf,inf,0.0,True,False,1,0,,False,False,0.0,inf,inf,inf,0.0,0,True,vehicle_collision_step_1,,False,False,0.0,inf,inf,inf,False,0.0,,,
6000,1029,1,379,379,-0.23747169971466064,0.8978365659713745,0.0,-0.800000011920929,0.23747169971466064,-1.6978366374969482,True,True,ultra_short_horizon_emergency,ultra_short_horizon_emergency_stop,0,0,0,0,vehicle_collision_step_1,0,0,0,False,False,False,False,False,False,False,False,True,0.9782884194452504,0.10968556523663414,0.0,False,max_steps,,inf,,inf,inf,inf,inf,inf,inf,inf,inf,0.0,{'ROAD_LINE_BROKEN_SINGLE_WHITE'},True,True,vehicle_collision_step_1,False,False,,0,False,,True,8,0,,inf,0,0,0,0,0,inf,inf,0.0,True,False,1,0,,False,False,0.0,inf,inf,inf,0.0,0,True,vehicle_collision_step_1,,False,False,0.0,inf,inf,inf,False,0.0,,,
6000,1029,1,380,380,-0.23799210786819458,0.8927795886993408,0.0,-0.800000011920929,0.23799210786819458,-1.692779541015625,True,True,ultra_short_horizon_emergency,ultra_short_horizon_emergency_stop,0,0,0,0,vehicle_collision_step_1,0,0,0,False,False,False,False,False,False,False,False,True,0.9782557555106283,0.1787593895457265,0.0,False,max_steps,,inf,,inf,inf,inf,inf,inf,inf,inf,inf,0.0,{'ROAD_LINE_BROKEN_SINGLE_WHITE'},True,True,vehicle_collision_step_1,False,False,,0,False,,True,8,0,,inf,0,0,0,0,0,inf,inf,0.0,True,False,1,0,,False,False,0.0,inf,inf,inf,0.0,0,True,vehicle_collision_step_1,,False,False,0.0,inf,inf,inf,False,0.0,,,
6000,1029,1,381,381,-0.23852014541625977,0.8906970024108887,0.0,-0.800000011920929,0.23852014541625977,-1.6906969547271729,True,True,ultra_short_horizon_emergency,ultra_short_horizon_emergency_stop,0,0,0,0,vehicle_collision_step_1,0,0,0,False,False,False,False,False,False,False,False,True,0.9782732148172759,0.2136014207362583,0.0,False,max_steps,,inf,,inf,inf,inf,inf,inf,inf,inf,inf,0.0,{'ROAD_LINE_BROKEN_SINGLE_WHITE'},True,True,vehicle_collision_step_1,False,False,,0,False,,True,8,0,,inf,0,0,0,0,0,inf,inf,0.0,True,False,1,0,,False,False,0.0,inf,inf,inf,0.0,0,True,vehicle_collision_step_1,,False,False,0.0,inf,inf,inf,False,0.0,,,
6000,1029,1,382,382,-0.23889243602752686,0.8896450996398926,0.0,-0.800000011920929,0.23889243602752686,-1.6896450519561768,True,True,ultra_short_horizon_emergency,ultra_short_horizon_emergency_stop,0,0,0,0,vehicle_collision_step_1,0,0,0,False,False,False,False,False,False,False,False,True,0.9782739663768335,0.17154926690087471,0.0,False,max_steps,,inf,,inf,inf,inf,inf,inf,inf,inf,inf,0.0,{'ROAD_LINE_BROKEN_SINGLE_WHITE'},True,True,vehicle_collision_step_1,False,False,,0,False,,True,8,0,,inf,0,0,0,0,0,inf,inf,0.0,True,False,1,0,,False,False,0.0,inf,inf,inf,0.0,0,True,vehicle_collision_step_1,,False,False,0.0,inf,inf,inf,False,0.0,,,
6000,1029,1,383,383,-0.23850667476654053,0.8908653259277344,0.0,-0.800000011920929,0.23850667476654053,-1.6908652782440186,True,True,ultra_short_horizon_emergency,ultra_short_horizon_emergency_stop,0,0,0,0,vehicle_collision_step_1,0,0,0,False,False,False,False,False,False,False,False,True,0.9782818866583259,0.1114772058516197,0.0,False,max_steps,,inf,,inf,inf,inf,inf,inf,inf,inf,inf,0.0,{'ROAD_LINE_BROKEN_SINGLE_WHITE'},True,True,vehicle_collision_step_1,False,False,,0,False,,True,8,0,,inf,0,0,0,0,0,inf,inf,0.0,True,False,1,0,,False,False,0.0,inf,inf,inf,0.0,0,True,vehicle_collision_step_1,,False,False,0.0,inf,inf,inf,False,0.0,,,
6000,1029,1,384,384,-0.23795026540756226,0.892589807510376,0.0,-0.800000011920929,0.23795026540756226,-1.6925897598266602,True,True,ultra_short_horizon_emergency,ultra_short_horizon_emergency_stop,0,0,0,0,vehicle_collision_step_1,0,0,0,False,False,False,False,False,False,False,False,True,0.9782474305432203,0.2388569841536679,0.0,False,max_steps,,inf,,inf,inf,inf,inf,inf,inf,inf,inf,0.0,{'ROAD_LINE_BROKEN_SINGLE_WHITE'},True,True,vehicle_collision_step_1,False,False,,0,False,,True,8,0,,inf,0,0,0,0,0,inf,inf,0.0,True,False,1,0,,False,False,0.0,inf,inf,inf,0.0,0,True,vehicle_collision_step_1,,False,False,0.0,inf,inf,inf,False,0.0,,,
6000,1029,1,385,385,-0.23901283740997314,0.8889186382293701,0.0,-0.800000011920929,0.23901283740997314,-1.6889185905456543,True,True,ultra_short_horizon_emergency,ultra_short_horizon_emergency_stop,0,0,0,0,vehicle_collision_step_1,0,0,0,False,False,False,False,False,False,False,False,True,0.9782359837130341,0.10766453393622037,0.0,False,max_steps,,inf,,inf,inf,inf,inf,inf,inf,inf,inf,0.0,{'ROAD_LINE_BROKEN_SINGLE_WHITE'},True,True,vehicle_collision_step_1,False,False,,0,False,,True,8,0,,inf,0,0,0,0,0,inf,inf,0.0,True,False,1,0,,False,False,0.0,inf,inf,inf,0.0,0,True,vehicle_collision_step_1,,False,False,0.0,inf,inf,inf,False,0.0,,,
6000,1029,1,386,386,-0.23776763677597046,0.8927137851715088,0.0,-0.800000011920929,0.23776763677597046,-1.692713737487793,True,True,ultra_short_horizon_emergency,ultra_short_horizon_emergency_stop,0,0,0,0,vehicle_collision_step_1,0,0,0,False,False,False,False,False,False,False,False,True,0.9781968448037612,0.24234807394293498,0.0,False,max_steps,,inf,,inf,inf,inf,inf,inf,inf,inf,inf,0.0,{'ROAD_LINE_BROKEN_SINGLE_WHITE'},True,True,vehicle_collision_step_1,False,False,,0,False,,True,8,0,,inf,0,0,0,0,0,inf,inf,0.0,True,False,1,0,,False,False,0.0,inf,inf,inf,0.0,0,True,vehicle_collision_step_1,,False,False,0.0,inf,inf,inf,False,0.0,,,
6000,1029,1,387,387,-0.23895204067230225,0.8888797760009766,0.0,-0.800000011920929,0.23895204067230225,-1.6888797283172607,True,True,ultra_short_horizon_emergency,ultra_short_horizon_emergency_stop,0,0,0,0,vehicle_collision_step_1,0,0,0,False,False,False,False,False,False,False,False,True,0.9781844729771965,0.10683328909142265,0.0,False,max_steps,,inf,,inf,inf,inf,inf,inf,inf,inf,inf,0.0,{'ROAD_LINE_BROKEN_SINGLE_WHITE'},True,True,vehicle_collision_step_1,False,False,,0,False,,True,8,0,,inf,0,0,0,0,0,inf,inf,0.0,True,False,1,0,,False,False,0.0,inf,inf,inf,0.0,0,True,vehicle_collision_step_1,,False,False,0.0,inf,inf,inf,False,0.0,,,
6000,1029,1,388,388,-0.23763388395309448,0.8927774429321289,0.0,-0.800000011920929,0.23763388395309448,-1.692777395248413,True,True,ultra_short_horizon_emergency,ultra_short_horizon_emergency_stop,0,0,0,0,vehicle_collision_step_1,0,0,0,False,False,False,False,False,False,False,False,True,0.978146663750218,0.2379893084835398,0.0,False,max_steps,,inf,,inf,inf,inf,inf,inf,inf,inf,inf,0.0,{'ROAD_LINE_BROKEN_SINGLE_WHITE'},True,True,vehicle_collision_step_1,False,False,,0,False,,True,8,0,,inf,0,0,0,0,0,inf,inf,0.0,True,False,1,0,,False,False,0.0,inf,inf,inf,0.0,0,True,vehicle_collision_step_1,,False,False,0.0,inf,inf,inf,False,0.0,,,
6000,1029,1,389,389,-0.23880648612976074,0.8890249729156494,0.0,-0.800000011920929,0.23880648612976074,-1.6890249252319336,True,True,ultra_short_horizon_emergency,ultra_short_horizon_emergency_stop,0,0,0,0,vehicle_collision_step_1,0,0,0,False,False,False,False,False,False,False,False,True,0.9781352747323055,0.10855853656613053,0.0,False,max_steps,,inf,,inf,inf,inf,inf,inf,inf,inf,inf,0.0,{'ROAD_LINE_BROKEN_SINGLE_WHITE'},True,True,vehicle_collision_step_1,False,False,,0,False,,True,8,0,,inf,0,0,0,0,0,inf,inf,0.0,True,False,1,0,,False,False,0.0,inf,inf,inf,0.0,0,True,vehicle_collision_step_1,,False,False,0.0,inf,inf,inf,False,0.0,,,
6000,1029,1,390,390,-0.23759710788726807,0.8927490711212158,-0.23759710788726807,0.2199999988079071,0.0,-0.6727490425109863,True,True,vehicle_deadlock_escape,vehicle_deadlock_escape,0,0,0,0,vehicle_collision_step_1,0,0,0,False,False,False,False,False,False,False,False,True,0.9781555090280891,0.17294784862620974,0.0,False,max_steps,,inf,,inf,inf,inf,inf,inf,inf,inf,inf,0.0,{'ROAD_LINE_BROKEN_SINGLE_WHITE'},True,True,vehicle_collision_step_1,False,False,,0,False,,True,8,0,,inf,0,0,0,0,True,inf,inf,0.0,True,False,1,0,,False,False,0.0,inf,inf,inf,0.0,0,True,vehicle_collision_step_1,,False,False,0.0,inf,inf,inf,False,0.0,,,
6000,1029,1,391,391,-0.2495882511138916,0.9479620456695557,-0.2495882511138916,0.2199999988079071,0.0,-0.7279620170593262,True,True,vehicle_deadlock_escape,vehicle_deadlock_escape,0,0,0,0,vehicle_collision_step_1,0,0,0,False,False,False,False,False,False,False,False,True,0.9782245368828479,0.23827654812995142,0.0,False,max_steps,,inf,,inf,inf,inf,inf,inf,inf,inf,inf,0.0,{'ROAD_LINE_BROKEN_SINGLE_WHITE'},True,True,vehicle_collision_step_1,False,False,,0,False,,True,8,0,,inf,0,0,0,0,True,inf,inf,0.0,True,False,1,0,,False,False,0.0,inf,inf,inf,0.0,0,True,vehicle_collision_step_1,,False,False,0.0,inf,inf,inf,False,0.0,,,
6000,1029,1,392,392,-0.24936258792877197,0.9477643966674805,-0.24936258792877197,0.2199999988079071,0.0,-0.727764368057251,True,True,vehicle_deadlock_escape,vehicle_deadlock_escape,0,0,0,0,vehicle_collision_step_1,0,0,0,False,False,False,False,False,False,False,False,True,0.9783176146434523,0.30370709880406177,0.0,False,max_steps,,inf,,inf,inf,inf,inf,inf,inf,inf,inf,0.0,{'ROAD_LINE_BROKEN_SINGLE_WHITE'},True,True,vehicle_collision_step_1,False,False,,0,False,,True,8,0,,inf,0,0,0,0,True,inf,inf,0.0,True,False,1,0,,False,False,0.0,inf,inf,inf,0.0,0,True,vehicle_collision_step_1,,False,False,0.0,inf,inf,inf,False,0.0,,,
6000,1029,1,393,393,-0.24781447649002075,0.9473888874053955,-0.24781447649002075,0.2199999988079071,0.0,-0.727388858795166,True,True,vehicle_deadlock_escape,vehicle_deadlock_escape,0,0,0,0,vehicle_collision_step_1,0,0,0,False,False,False,False,False,False,False,False,True,0.9784348579344498,0.3691595358999427,0.0,False,max_steps,,inf,,inf,inf,inf,inf,inf,inf,inf,inf,0.0,{'ROAD_LINE_BROKEN_SINGLE_WHITE'},True,True,vehicle_collision_step_1,False,False,,0,False,,True,8,0,,inf,0,0,0,0,True,inf,inf,0.0,True,False,1,0,,False,False,0.0,inf,inf,inf,0.0,0,True,vehicle_collision_step_1,,False,False,0.0,inf,inf,inf,False,0.0,,,
6000,1029,1,394,394,-0.12722939252853394,0.9735761880874634,-0.12722939252853394,0.2199999988079071,0.0,-0.7535761594772339,True,True,vehicle_deadlock_escape,vehicle_deadlock_escape,0,0,0,0,vehicle_collision_step_1,0,0,0,False,False,False,False,False,False,False,False,True,0.9785767292540295,0.4352229898045828,0.0,False,max_steps,,inf,,inf,inf,inf,inf,inf,inf,inf,inf,0.0,{'ROAD_LINE_BROKEN_SINGLE_WHITE'},True,True,vehicle_collision_step_1,False,False,,0,False,,True,8,0,,inf,0,0,0,0,True,inf,inf,0.0,True,False,1,0,,False,False,0.0,inf,inf,inf,0.0,0,True,vehicle_collision_step_1,,False,False,0.0,inf,inf,inf,False,0.0,,,
6000,1029,1,395,395,-0.11751633882522583,0.9726599454879761,-0.11751633882522583,0.2199999988079071,0.0,-0.7526599168777466,True,True,vehicle_deadlock_escape,vehicle_deadlock_escape,0,0,0,0,vehicle_collision_step_1,0,0,0,False,False,False,False,False,False,False,False,True,0.9787439801617492,0.5012585498211883,0.0,False,max_steps,,inf,,inf,inf,inf,inf,inf,inf,inf,inf,0.0,{'ROAD_LINE_BROKEN_SINGLE_WHITE'},True,True,vehicle_collision_step_1,False,False,,0,False,,True,8,0,,inf,0,0,0,0,True,inf,inf,0.0,True,False,1,0,,False,False,0.0,inf,inf,inf,0.0,0,True,vehicle_collision_step_1,,False,False,0.0,inf,inf,inf,False,0.0,,,
6000,1029,1,396,396,-0.15099525451660156,0.9469809532165527,-0.15099525451660156,0.2199999988079071,0.0,-0.7269809246063232,True,True,vehicle_deadlock_escape,vehicle_deadlock_escape,0,0,0,0,vehicle_collision_step_1,0,0,0,False,False,False,False,False,False,False,False,True,0.9789359747225985,0.5667828909610446,0.0,False,max_steps,,inf,,inf,inf,inf,inf,inf,inf,inf,inf,0.0,{'ROAD_LINE_BROKEN_SINGLE_WHITE'},True,True,vehicle_collision_step_1,False,False,,0,False,,True,8,0,,inf,0,0,0,0,True,inf,inf,0.0,True,False,1,0,,False,False,0.0,inf,inf,inf,0.0,0,True,vehicle_collision_step_1,,False,False,0.0,inf,inf,inf,False,0.0,,,
6000,1029,1,397,397,-0.15240079164505005,0.9462847709655762,-0.15240079164505005,0.2199999988079071,0.0,-0.7262847423553467,True,True,vehicle_deadlock_escape,vehicle_deadlock_escape,0,0,0,0,vehicle_collision_step_1,0,0,0,False,False,False,False,False,False,False,False,True,0.9791520770015671,0.6324875874311153,0.0,False,max_steps,,inf,,inf,inf,inf,inf,inf,inf,inf,inf,0.0,{'ROAD_LINE_BROKEN_SINGLE_WHITE'},True,True,vehicle_collision_step_1,False,False,,0,False,,True,8,0,,inf,0,0,0,0,True,inf,inf,0.0,True,False,1,0,,False,False,0.0,inf,inf,inf,0.0,0,True,vehicle_collision_step_1,,False,False,0.0,inf,inf,inf,False,0.0,,,
6000,1029,1,398,398,-0.09845733642578125,0.9600032567977905,-0.09845733642578125,0.2199999988079071,0.0,-0.740003228187561,True,True,vehicle_deadlock_escape,vehicle_deadlock_escape,0,0,0,0,vehicle_collision_step_1,0,0,0,False,False,False,False,False,False,False,False,True,0.979392807309118,0.6986365650653851,0.0,False,max_steps,,inf,,inf,inf,inf,inf,inf,inf,inf,inf,0.0,{'ROAD_LINE_BROKEN_SINGLE_WHITE'},True,True,vehicle_collision_step_1,False,False,,0,False,,True,8,0,,inf,0,0,0,0,True,inf,inf,0.0,True,False,1,0,,False,False,0.0,inf,inf,inf,0.0,0,True,vehicle_collision_step_1,,False,False,0.0,inf,inf,inf,False,0.0,,,
6000,1029,1,399,399,0.006279587745666504,0.937506914138794,-0.09845733642578125,0.2199999988079071,-0.10473692417144775,-0.7175068855285645,True,True,vehicle_deadlock_escape,vehicle_deadlock_escape,0,0,0,0,vehicle_collision_step_1,0,0,0,False,False,False,False,False,False,False,False,True,0.979658570331167,0.7646228375659733,0.0,False,max_steps,,inf,,inf,inf,inf,inf,inf,inf,inf,inf,0.0,{'ROAD_LINE_BROKEN_SINGLE_WHITE'},True,True,vehicle_collision_step_1,False,False,,0,False,,True,8,0,,inf,0,0,0,0,True,inf,inf,0.0,True,False,1,0,,False,False,0.0,inf,inf,inf,0.0,0,True,vehicle_collision_step_1,,False,False,0.0,inf,inf,inf,False,0.0,,,
6000,1029,1,400,400,0.00809335708618164,0.9392707347869873,-0.09845733642578125,0.2199999988079071,-0.10655069351196289,-0.7192707061767578,True,True,vehicle_deadlock_escape,vehicle_deadlock_escape,0,0,0,0,vehicle_collision_step_1,0,0,0,False,False,False,False,False,False,False,False,True,0.9799490770063455,0.8305393026046781,0.0,True,arrive_dest,,inf,,inf,inf,inf,inf,inf,inf,inf,inf,0.0,{'ROAD_LINE_BROKEN_SINGLE_WHITE'},True,True,vehicle_collision_step_1,False,False,,0,False,,True,8,0,,inf,0,0,0,0,True,inf,inf,0.0,True,False,1,0,,False,False,0.0,inf,inf,inf,0.0,0,True,vehicle_collision_step_1,,False,False,0.0,inf,inf,inf,False,0.0,,,
