ckpt_index,env_id,episode,step,global_step,raw_action_steer,raw_action_throttle,safe_action_steer,safe_action_throttle,action_delta_steer,action_delta_throttle,filter_enabled,filter_intervened,recovery_mode,selected_candidate_type,selected_lateral_target,selected_speed_target,num_candidates,num_hard_safe_candidates,fallback_reason,cost,step_cost,episode_cost_so_far,crash,crash_vehicle,crash_object,crash_sidewalk,crash_building,crash_human,out_of_road,out_of_route,on_lane,route_completion,velocity,reward,done,done_reason,front_blocking_object_type,front_blocking_object_distance,front_blocking_object_reason,front_blocking_is_dynamic_vehicle,nearest_object_type,nearest_object_distance,nearest_traffic_object_distance,front_traffic_object_distance,min_vehicle_margin,min_static_margin,min_boundary_margin,rss_longitudinal_margin,rss_lateral_margin,rss_risk_score,contact_results,actual_action_modified,hard_risk,hard_risk_reason,hard_recovery_moving_bypass,hard_recovery_entered_safety_hold,hard_bypass_side,hard_bypass_remaining,low_risk_gate_passed,low_risk_gate_rejected_reason,safety_hold_active,safety_hold_remaining,recent_contact_steps,nearest_static_object_type,nearest_static_object_distance,nearest_static_forward_distance,nearest_static_lateral_gap,front_static_blocking_distance,static_distance_immediate_risk,deadlock_escape_candidate,ttc_vehicle_min,ttc_static_min,boundary_closing_rate,pre_contact_intervention,post_contact_intervention,first_risk_detected_step,risk_to_intervention_delay,intervention_to_first_cost_delay,raw_predicted_collision,raw_predicted_out_of_road,raw_predicted_cost_risk,raw_min_vehicle_margin,raw_min_static_margin,raw_min_boundary_margin,raw_deadlock_risk,raw_failure_reason,allow_intervention,intervention_reason,intervention_rejected_reason,candidate_predicted_collision,candidate_predicted_out_of_road,candidate_predicted_cost_risk,candidate_min_vehicle_margin,candidate_min_static_margin,candidate_min_boundary_margin,vehicle_margin_worse,intervention_score_gain,exception_type,exception_message,exception_traceback
6000,1029,1,1,1,-0.5211763978004456,0.9746847152709961,-0.3499999940395355,0.30000001192092896,0.17117640376091003,-0.6746847033500671,True,True,pre_contact_emergency,pre_contact_boundary_recovery,0,0,0,0,boundary_margin_low,0,0,0,False,False,False,False,False,False,False,False,True,0.01895200329393386,0.08927928767680422,0.0,False,max_steps,,inf,,False,,inf,inf,inf,inf,inf,inf,inf,inf,0.0,set(),True,True,boundary_margin,False,False,,0,False,,False,0,0,,inf,inf,inf,inf,False,False,inf,inf,0.0,True,False,1,0,,False,False,4.656,inf,inf,0.22399999999999998,0.0,,True,boundary_margin_low,,False,False,0.0,inf,inf,inf,False,0.0,,,
6000,1029,1,2,2,-0.5522382855415344,0.9804379940032959,-0.3499999940395355,0.30000001192092896,0.2022382915019989,-0.6804379820823669,True,True,pre_contact_emergency,pre_contact_boundary_recovery,0,0,0,0,boundary_margin_low,0,0,0,False,False,False,False,False,False,False,False,True,0.018992385167090512,0.17843972338488998,0.0,False,max_steps,,inf,,False,,inf,inf,inf,inf,inf,inf,inf,inf,0.0,set(),True,True,boundary_margin,False,False,,0,False,,False,0,0,,inf,inf,inf,inf,False,False,inf,inf,0.0,True,False,1,0,,False,False,4.6546495971679684,inf,inf,0.22422506713867185,0.0,,True,boundary_margin_low,,False,False,0.0,inf,inf,inf,False,0.0,,,
6000,1029,1,3,3,-0.5514562726020813,0.9801738262176514,-0.3499999940395355,0.30000001192092896,0.20145627856254578,-0.6801738142967224,True,True,pre_contact_emergency,pre_contact_boundary_recovery,0,0,0,0,boundary_margin_low,0,0,0,False,False,False,False,False,False,False,False,True,0.01906619518086177,0.26676485065961225,0.0,False,max_steps,,inf,,False,,inf,inf,inf,inf,inf,inf,inf,inf,0.0,set(),True,True,boundary_margin,False,False,,0,False,,False,0,0,,inf,inf,inf,inf,False,False,inf,inf,0.0,True,False,1,0,,False,False,4.6481894073486325,inf,inf,0.2253017654418945,0.0,,True,boundary_margin_low,,False,False,0.0,inf,inf,inf,False,0.0,,,
6000,1029,1,4,4,-0.5495643019676208,0.9799997806549072,-0.3499999940395355,0.30000001192092896,0.19956430792808533,-0.6799997687339783,True,True,pre_contact_emergency,pre_contact_boundary_recovery,0,0,0,0,boundary_margin_low,0,0,0,False,False,False,False,False,False,False,False,True,0.019172835339541883,0.35483429632440855,0.0,False,max_steps,,inf,,False,,inf,inf,inf,inf,inf,inf,inf,inf,0.0,set(),True,True,boundary_margin,False,False,,0,False,,False,0,0,,inf,inf,inf,inf,False,False,inf,inf,0.0,True,False,1,0,,False,False,4.634453636169433,inf,inf,0.2275910606384277,0.0,,True,boundary_margin_low,,False,False,0.0,inf,inf,inf,False,0.0,,,
6000,1029,1,5,5,-0.5455363392829895,0.9800795316696167,-0.3499999940395355,0.30000001192092896,0.19553634524345398,-0.6800795197486877,True,True,pre_contact_emergency,pre_contact_boundary_recovery,0,0,0,0,boundary_margin_low,0,0,0,False,False,False,False,False,False,False,False,True,0.019312302029863747,0.44330150166638443,0.0,False,max_steps,,inf,,False,,inf,inf,inf,inf,inf,inf,inf,inf,0.0,set(),True,True,boundary_margin,False,False,,0,False,,False,0,0,,inf,inf,inf,inf,False,False,inf,inf,0.0,True,False,1,0,,False,False,4.610200744628906,inf,inf,0.2316332092285156,0.0,,True,boundary_margin_low,,False,False,0.0,inf,inf,inf,False,0.0,,,
6000,1029,1,6,6,-0.5399425029754639,0.9802563190460205,-0.3499999940395355,0.30000001192092896,0.18994250893592834,-0.6802563071250916,True,True,pre_contact_emergency,pre_contact_boundary_recovery,0,0,0,0,boundary_margin_low,0,0,0,False,False,False,False,False,False,False,False,True,0.019484862633593072,0.5319213733019341,0.0,False,max_steps,,inf,,False,,inf,inf,inf,inf,inf,inf,inf,inf,0.0,set(),True,True,boundary_margin,False,False,,0,False,,False,0,0,,inf,inf,inf,inf,False,False,inf,inf,0.0,True,False,1,0,,False,False,4.575902801513672,inf,inf,0.23734953308105466,0.0,,True,boundary_margin_low,,False,False,0.0,inf,inf,inf,False,0.0,,,
6000,1029,1,7,7,-0.5336465835571289,0.9803814888000488,-0.3499999940395355,0.30000001192092896,0.18364658951759338,-0.6803814768791199,True,True,pre_contact_emergency,pre_contact_boundary_recovery,0,0,0,0,boundary_margin_low,0,0,0,False,False,False,False,False,False,False,False,True,0.01969054244359959,0.6204835749863693,0.0,False,max_steps,,inf,,False,,inf,inf,inf,inf,inf,inf,inf,inf,0.0,set(),True,True,boundary_margin,False,False,,0,False,,False,0,0,,inf,inf,inf,inf,False,False,inf,inf,0.0,True,False,1,0,,False,False,4.533038955688476,inf,inf,0.24449350738525388,0.0,,True,boundary_margin_low,,False,False,0.0,inf,inf,inf,False,0.0,,,
6000,1029,1,8,8,-0.5263058543205261,0.9805207252502441,-0.3499999940395355,0.30000001192092896,0.1763058602809906,-0.6805207133293152,True,True,pre_contact_emergency,pre_contact_boundary_recovery,0,0,0,0,boundary_margin_low,0,0,0,False,False,False,False,False,False,False,False,True,0.019929200542466236,0.7089567924078677,0.0,False,max_steps,,inf,,False,,inf,inf,inf,inf,inf,inf,inf,inf,0.0,set(),True,True,boundary_margin,False,False,,0,False,,False,0,0,,inf,inf,inf,inf,False,False,inf,inf,0.0,True,False,1,0,,False,False,4.481420379638672,inf,inf,0.25309660339355466,0.0,,True,boundary_margin_low,,False,False,0.0,inf,inf,inf,False,0.0,,,
6000,1029,1,9,9,-0.5178524851799011,0.9807138442993164,-0.3499999940395355,0.30000001192092896,0.1678524911403656,-0.6807138323783875,True,True,pre_contact_emergency,pre_contact_boundary_recovery,0,0,0,0,boundary_margin_low,0,0,0,False,False,False,False,False,False,False,False,True,0.02020067613980687,0.7973524659118217,0.0,False,max_steps,,inf,,False,,inf,inf,inf,inf,inf,inf,inf,inf,0.0,set(),True,True,boundary_margin,False,False,,0,False,,False,0,0,,inf,inf,inf,inf,False,False,inf,inf,0.0,True,False,1,0,,False,False,4.419962745666504,inf,inf,0.263339542388916,0.0,,True,boundary_margin_low,,False,False,0.0,inf,inf,inf,False,0.0,,,
6000,1029,1,10,10,-0.5080130696296692,0.980973482131958,-0.3499999940395355,0.30000001192092896,0.15801307559013367,-0.680973470211029,True,True,pre_contact_emergency,pre_contact_boundary_recovery,0,0,0,0,boundary_margin_low,0,0,0,False,False,False,False,False,False,False,False,True,0.020504792185533395,0.8856975048968534,0.0,False,max_steps,,inf,,False,,inf,inf,inf,inf,inf,inf,inf,inf,0.0,set(),True,True,boundary_margin,False,False,,0,False,,False,0,0,,inf,inf,inf,inf,False,False,inf,inf,0.0,True,False,1,0,,False,False,4.347461563110351,inf,inf,0.2754230728149414,0.0,,True,boundary_margin_low,,False,False,0.0,inf,inf,inf,False,0.0,,,
6000,1029,1,11,11,-0.49670499563217163,0.9812932014465332,-0.3499999940395355,0.30000001192092896,0.1467050015926361,-0.6812931895256042,True,True,pre_contact_emergency,pre_contact_boundary_recovery,0,0,0,0,boundary_margin_low,0,0,0,False,False,False,False,False,False,False,False,True,0.020841380662725454,0.9740178506356602,0.0,False,max_steps,,inf,,False,,inf,inf,inf,inf,inf,inf,inf,inf,0.0,set(),True,True,boundary_margin,False,False,,0,False,,False,0,0,,inf,inf,inf,inf,False,False,inf,inf,0.0,True,False,1,0,,False,False,4.262675148010254,inf,inf,0.289554141998291,0.0,,True,boundary_margin_low,,False,False,0.0,inf,inf,inf,False,0.0,,,
6000,1029,1,12,12,-0.4833768606185913,0.9816529750823975,-0.3499999940395355,0.30000001192092896,0.1333768665790558,-0.6816529631614685,True,True,pre_contact_emergency,pre_contact_boundary_recovery,0,0,0,0,boundary_margin_low,0,0,0,False,False,False,False,False,False,False,False,True,0.0212102699411956,1.0623085742048386,0.0,False,max_steps,,inf,,False,,inf,inf,inf,inf,inf,inf,inf,inf,0.0,set(),True,True,boundary_margin,False,False,,0,False,,False,0,0,,inf,inf,inf,inf,False,False,inf,inf,0.0,True,False,1,0,,False,False,4.16439614868164,inf,inf,0.30593397521972654,0.0,,True,boundary_margin_low,,False,False,0.0,inf,inf,inf,False,0.0,,,
6000,1029,1,13,13,-0.46845096349716187,0.9820536375045776,-0.3499999940395355,0.30000001192092896,0.11845096945762634,-0.6820536255836487,True,True,pre_contact_emergency,pre_contact_boundary_recovery,0,0,0,0,boundary_margin_low,0,0,0,False,False,False,False,False,False,False,False,True,0.02161123961165048,1.1505595556640869,0.0,False,max_steps,,inf,,False,,inf,inf,inf,inf,inf,inf,inf,inf,0.0,set(),True,True,boundary_margin,False,False,,0,False,,False,0,0,,inf,inf,inf,inf,False,False,inf,inf,0.0,True,False,1,0,,False,False,4.051425796508789,inf,inf,0.32476236724853513,0.0,,True,boundary_margin_low,,False,False,0.0,inf,inf,inf,False,0.0,,,
6000,1029,1,14,14,-0.4519181251525879,0.9824836254119873,-0.3499999940395355,0.30000001192092896,0.10191813111305237,-0.6824836134910583,True,True,pre_contact_emergency,pre_contact_boundary_recovery,0,0,0,0,boundary_margin_low,0,0,0,False,False,False,False,False,False,False,False,True,0.022044027712225037,1.238764218373483,0.0,False,max_steps,,inf,,False,,inf,inf,inf,inf,inf,inf,inf,inf,0.0,set(),True,True,boundary_margin,False,False,,0,False,,False,0,0,,inf,inf,inf,inf,False,False,inf,inf,0.0,True,False,1,0,,False,False,3.922333580017089,inf,inf,0.34627773666381834,0.0,,True,boundary_margin_low,,False,False,0.0,inf,inf,inf,False,0.0,,,
6000,1029,1,15,15,-0.43606168031692505,0.9826908111572266,-0.43606168031692505,0.9826908111572266,0.0,0.0,True,False,inactive_raw_action,raw_action,0,0,10,6,raw_action_safe_or_candidate_not_better,0,0,0,False,False,False,False,False,False,False,False,True,0.022524024954149655,1.5202965891206341,0.0,False,max_steps,,inf,,False,,inf,inf,inf,inf,inf,0.3707432975769043,inf,inf,0.0,set(),False,False,,False,False,,0,False,boundary_margin_uncertain_or_low,False,0,0,,inf,inf,inf,inf,False,False,inf,inf,0.0,False,False,1,0,,False,False,3.7755402145385735,inf,inf,0.3707432975769043,0.0,,False,raw_action_safe_or_candidate_not_better,boundary_margin_insufficient,False,False,1.197768828851206,inf,inf,0.3904192235028303,False,-35.29015717804089,,,
6000,1029,1,16,16,-0.40965813398361206,0.9917397499084473,-0.40965813398361206,0.9917397499084473,0.0,0.0,True,False,inactive_raw_action,raw_action,0,0,10,6,raw_action_safe_or_candidate_not_better,0,0,0,False,False,False,False,False,False,False,False,True,0.023101544275216906,1.811512887298655,0.0,False,max_steps,,inf,,False,,inf,inf,inf,inf,inf,0.4008736839294432,inf,inf,0.0,set(),False,False,,False,False,,0,False,boundary_margin_uncertain_or_low,False,0,0,,inf,inf,inf,inf,False,False,inf,inf,0.0,False,False,1,0,,False,False,3.59475789642334,inf,inf,0.4008736839294432,0.0,,False,raw_action_safe_or_candidate_not_better,boundary_margin_insufficient,False,False,1.1046706148783372,inf,inf,0.42054960985536927,False,-33.44179438712991,,,
6000,1029,1,17,17,-0.37429022789001465,0.9924911260604858,-0.37429022789001465,0.9924911260604858,0.0,0.0,True,False,inactive_raw_action,raw_action,0,0,10,7,raw_action_safe_or_candidate_not_better,0,0,0,False,False,False,False,False,False,False,False,True,0.023783541214602404,2.106369612520728,0.0,False,max_steps,,inf,,False,,inf,inf,inf,inf,inf,0.44203379058837877,inf,inf,0.0,set(),False,False,,False,False,,0,False,boundary_margin_uncertain_or_low,False,0,0,,inf,inf,inf,inf,False,False,inf,inf,0.0,False,False,1,0,,False,False,3.3477972564697267,inf,inf,0.44203379058837877,0.0,,False,raw_action_safe_or_candidate_not_better,boundary_margin_insufficient,False,False,0.9811902949015305,inf,inf,0.4617097165143048,False,-31.09599215637122,,,
6000,1029,1,18,18,-0.3410030007362366,0.992661714553833,-0.3410030007362366,0.992661714553833,0.0,0.0,True,False,inactive_raw_action,raw_action,0,0,10,7,raw_action_safe_or_candidate_not_better,0,0,0,False,False,False,False,False,False,False,False,True,0.024571730267547092,2.402634573846973,0.0,False,max_steps,,inf,,False,,inf,inf,inf,inf,inf,0.493033908843994,inf,inf,0.0,set(),False,False,,False,False,,0,False,boundary_margin_uncertain_or_low,False,0,0,,inf,inf,inf,inf,False,False,inf,inf,0.0,False,False,1,0,,False,False,3.0417965469360353,inf,inf,0.493033908843994,0.0,,False,raw_action_safe_or_candidate_not_better,boundary_margin_insufficient,False,False,0.8281899401346846,inf,inf,0.51270983476992,False,-28.559371325102838,,,
6000,1029,1,19,19,-0.3100975751876831,0.9923610687255859,-0.3100975751876831,0.9923610687255859,0.0,0.0,True,False,inactive_raw_action,raw_action,0,0,10,6,raw_action_safe_or_candidate_not_better,0,0,0,False,False,False,False,False,False,False,False,True,0.025465835019117495,2.699575236457957,0.0,False,max_steps,,inf,,False,,inf,inf,inf,inf,inf,0.5533657302856444,inf,inf,0.0,{'ROAD_LINE_BROKEN_SINGLE_WHITE'},False,False,,False,False,,0,False,boundary_margin_uncertain_or_low,False,0,0,,inf,inf,inf,inf,False,False,inf,inf,0.0,False,False,1,0,,False,False,2.6798056182861334,inf,inf,0.5533657302856444,0.0,,False,raw_action_safe_or_candidate_not_better,boundary_margin_insufficient,False,False,0.6738773409525556,inf,inf,0.5730416562115704,False,-25.949593267667375,,,
6000,1029,1,20,20,-0.2776165008544922,0.9919489622116089,-0.2776165008544922,0.9919489622116089,0.0,0.0,True,False,inactive_raw_action,raw_action,0,0,10,7,raw_action_safe_or_candidate_not_better,0,0,0,False,False,False,False,False,False,False,False,True,0.02646500815817768,2.9973152099252114,0.0,False,max_steps,,inf,,False,,inf,inf,inf,inf,inf,0.6236911048889159,inf,inf,0.0,{'ROAD_LINE_BROKEN_SINGLE_WHITE'},False,False,,False,False,,0,False,boundary_margin_uncertain_or_low,False,0,0,,inf,inf,inf,inf,False,False,inf,inf,0.0,False,False,1,0,,False,False,2.257853370666505,inf,inf,0.6236911048889159,0.0,,False,raw_action_safe_or_candidate_not_better,candidate_not_better,False,False,0.4980639044443768,inf,inf,0.6433670308148419,False,-23.295278874720463,,,
6000,1029,1,21,21,-0.24343878030776978,0.991418719291687,-0.24343878030776978,0.991418719291687,0.0,0.0,True,False,inactive_raw_action,raw_action,0,0,10,7,raw_action_safe_or_candidate_not_better,0,0,0,False,False,False,False,False,False,False,False,True,0.027568763700302132,3.2957394270869655,0.0,False,max_steps,,inf,,False,,inf,inf,inf,inf,inf,0.7049508323669432,inf,inf,0.0,{'ROAD_LINE_BROKEN_SINGLE_WHITE'},False,False,,False,False,,0,False,boundary_margin_uncertain_or_low,False,0,0,,inf,inf,inf,inf,False,False,inf,inf,0.0,False,False,1,0,,False,False,1.770295005798341,inf,inf,0.7049508323669432,0.0,,False,raw_action_safe_or_candidate_not_better,candidate_not_better,False,False,0.3354687056364838,inf,inf,0.7246267582928693,False,-20.59600582894655,,,
6000,1029,1,22,22,-0.2079668641090393,0.9907172918319702,-0.2079668641090393,0.9907172918319702,0.0,0.0,True,False,inactive_raw_action,raw_action,0,0,10,7,raw_action_safe_or_candidate_not_better,0,0,0,False,False,False,False,False,False,False,False,True,0.02877683787699224,3.5945681724290783,0.0,False,max_steps,,inf,,False,,inf,inf,inf,inf,inf,0.7977423896789549,inf,inf,0.0,{'ROAD_LINE_BROKEN_SINGLE_WHITE'},False,False,,False,False,,0,False,object_list_uncertain,False,0,0,,inf,inf,inf,inf,False,False,inf,inf,0.0,False,False,1,0,,False,False,1.2135456619262708,inf,inf,0.7977423896789549,0.0,,False,raw_action_safe_or_candidate_not_better,candidate_not_better,False,False,0.17838641548156758,inf,inf,0.817418315604881,False,-17.85111503033915,,,
6000,1029,1,23,23,-0.17207074165344238,0.9897811412811279,-0.17207074165344238,0.9897811412811279,0.0,0.0,True,False,inactive_raw_action,raw_action,0,0,10,6,raw_action_safe_or_candidate_not_better,0,0,0,False,False,False,False,False,False,False,False,True,0.030089163842806577,3.8934121532505683,0.0,False,max_steps,,inf,,False,,inf,inf,inf,inf,inf,0.9024005165100096,inf,inf,0.0,{'ROAD_LINE_BROKEN_SINGLE_WHITE'},False,False,,False,False,,0,False,object_list_uncertain,False,0,0,,inf,inf,inf,inf,False,False,inf,inf,0.0,False,False,1,0,,False,False,0.5855969009399422,inf,inf,0.9024005165100096,0.0,,False,raw_action_safe_or_candidate_not_better,candidate_not_better,False,False,0.05072448348999037,inf,inf,0.9220764424359357,False,-15.05578313696384,,,
6000,1029,1,24,24,-0.1367369294166565,0.988534688949585,-0.1367369294166565,0.988534688949585,0.0,0.0,True,False,inactive_raw_action,raw_action,0,0,10,7,raw_action_safe_or_candidate_not_better,0,0,0,False,False,False,False,False,False,False,False,True,0.031505839155956956,4.191859771341449,0.0,False,max_steps,,inf,,False,,inf,inf,inf,inf,inf,1.0189986457824705,inf,inf,0.0,{'ROAD_LINE_BROKEN_SINGLE_WHITE'},False,False,,False,False,,0,False,object_list_uncertain,False,0,0,,inf,inf,inf,inf,False,False,inf,inf,0.0,False,False,1,0,,False,False,0.0,inf,inf,1.0189986457824705,0.0,,False,raw_action_safe_or_candidate_not_better,candidate_not_better,False,False,0.0,inf,inf,1.0386745717083965,False,-13.765699523922088,,,
6000,1029,1,25,25,-0.10339361429214478,0.9868154525756836,-0.10339361429214478,0.9868154525756836,0.0,0.0,True,False,inactive_raw_action,raw_action,0,0,10,7,raw_action_safe_or_candidate_not_better,0,0,0,False,False,False,False,False,False,False,False,True,0.03302710048543871,4.489494708596819,0.0,False,max_steps,,inf,,False,,inf,inf,inf,inf,inf,1.1473813285827634,inf,inf,0.0,{'ROAD_LINE_BROKEN_SINGLE_WHITE'},False,False,,False,False,,0,False,object_list_uncertain,False,0,0,,inf,inf,inf,inf,False,False,inf,inf,0.0,False,False,1,0,,False,False,0.0,inf,inf,1.1473813285827634,0.0,,False,raw_action_safe_or_candidate_not_better,candidate_not_better,False,False,0.0,inf,inf,1.1670572545086895,False,-12.899042786299589,,,
6000,1029,1,26,26,-0.07245826721191406,0.9845590591430664,-0.07245826721191406,0.9845590591430664,0.0,0.0,True,False,inactive_raw_action,raw_action,0,0,10,10,raw_action_safe_or_candidate_not_better,0,0,0,False,False,False,False,False,False,False,False,True,0.03465330915796224,4.786012140158114,0.0,False,max_steps,,inf,,False,,inf,inf,inf,inf,inf,0.28718283081054685,inf,inf,0.0,{'ROAD_LINE_BROKEN_SINGLE_WHITE'},False,False,,False,False,,0,False,object_list_uncertain,False,0,0,,inf,inf,inf,inf,False,False,inf,inf,0.0,False,False,1,0,,False,False,0.0,inf,inf,1.2871828308105466,0.0,,False,raw_action_safe_or_candidate_not_better,candidate_not_better,False,False,0.0,inf,inf,1.3068587567364722,False,-12.14000237768061,,,
6000,1029,1,27,27,-0.04440516233444214,0.981642484664917,-0.04440516233444214,0.981642484664917,0.0,0.0,True,False,inactive_raw_action,raw_action,0,0,10,10,raw_action_safe_or_candidate_not_better,0,0,0,False,False,False,False,False,False,False,False,True,0.03638504329626425,5.081154395334056,0.0,False,max_steps,,inf,,False,,inf,inf,inf,inf,inf,0.4378442993164061,inf,inf,0.0,{'ROAD_LINE_BROKEN_SINGLE_WHITE'},False,False,,False,False,,0,False,object_list_uncertain,False,0,0,,inf,inf,inf,inf,False,False,inf,inf,0.0,False,False,1,0,,False,False,0.0,inf,inf,1.437844299316406,0.0,,False,raw_action_safe_or_candidate_not_better,candidate_not_better,False,False,0.0,inf,inf,1.4575202252423316,False,-11.47374398138571,,,
6000,1029,1,28,28,-0.02039426565170288,0.9778532981872559,-0.02039426565170288,0.9778532981872559,0.0,0.0,True,False,inactive_raw_action,raw_action,0,0,10,10,raw_action_safe_or_candidate_not_better,0,0,0,False,False,False,False,False,False,False,False,True,0.0382229858078274,5.374674359921116,0.0,False,max_steps,,inf,,False,,inf,inf,inf,inf,inf,0.5985799064636229,inf,inf,0.0,{'ROAD_LINE_BROKEN_SINGLE_WHITE'},False,False,,False,False,,0,False,object_list_uncertain,False,0,0,,inf,inf,inf,inf,False,False,inf,inf,0.0,False,False,1,0,,False,False,0.0,inf,inf,1.5985799064636228,0.0,,False,raw_action_safe_or_candidate_not_better,candidate_not_better,False,False,0.0,inf,inf,1.6182558323895484,False,-10.88511962933174,,,
6000,1029,1,29,29,0.16689836978912354,0.9943468570709229,0.16689836978912354,0.9943468570709229,0.0,0.0,True,False,inactive_raw_action,raw_action,0,0,10,10,raw_action_safe_or_candidate_not_better,0,0,0,False,False,False,False,False,False,False,False,True,0.04017258911271198,5.625822013626057,0.0,False,max_steps,,inf,,False,,inf,inf,inf,inf,inf,0.7684450378417967,inf,inf,0.0,{'ROAD_LINE_BROKEN_SINGLE_WHITE'},False,False,,False,False,,0,False,object_list_uncertain,False,0,0,,inf,inf,inf,inf,False,False,inf,inf,0.8970243888182352,False,False,1,0,,False,False,0.0,inf,inf,1.7684450378417966,0.0,,False,raw_action_safe_or_candidate_not_better,candidate_not_better,False,False,0.0,inf,inf,1.7881209637677222,False,-10.567438532966925,,,
6000,1029,1,30,30,0.1968752145767212,0.9929003715515137,0.1968752145767212,0.9929003715515137,0.0,0.0,True,False,inactive_raw_action,raw_action,0,0,10,10,raw_action_safe_or_candidate_not_better,0,0,0,False,False,False,False,False,False,False,False,True,0.04224989611686066,5.906044044070197,0.0,False,max_steps,,inf,,False,,inf,inf,inf,inf,inf,0.9373917808532714,inf,inf,0.0,{'ROAD_LINE_BROKEN_SINGLE_WHITE'},False,False,,False,False,,0,False,object_list_uncertain,False,0,0,,inf,inf,inf,inf,False,False,inf,inf,1.1075849161030717,False,False,1,0,,False,False,0.0,inf,inf,1.9373917808532712,0.0,,False,raw_action_safe_or_candidate_not_better,candidate_not_better,False,False,0.0,inf,inf,1.9570677067791968,False,-10.15928155383643,,,
6000,1029,1,31,31,0.19325435161590576,0.9950227737426758,0.19325435161590576,0.9950227737426758,0.0,0.0,True,False,inactive_raw_action,raw_action,0,0,10,10,raw_action_safe_or_candidate_not_better,0,0,0,False,False,False,False,False,False,False,False,True,0.04445244979864259,6.198411971109919,0.0,False,max_steps,,inf,,False,,inf,inf,inf,inf,inf,1.0857777824401853,inf,inf,0.0,{'ROAD_LINE_BROKEN_SINGLE_WHITE'},False,False,,False,False,,0,False,object_list_uncertain,False,0,0,,inf,inf,inf,inf,False,False,inf,inf,1.141368712351768,False,False,1,0,,False,False,0.0,inf,inf,2.0857777824401853,0.0,,False,raw_action_safe_or_candidate_not_better,candidate_not_better,False,False,0.0,inf,inf,2.105453708366111,False,-9.889527655610372,,,
6000,1029,1,32,32,0.1597754955291748,0.995288610458374,0.1597754955291748,0.995288610458374,0.0,0.0,True,False,inactive_raw_action,raw_action,0,0,10,10,raw_action_safe_or_candidate_not_better,0,0,0,False,False,False,False,False,False,False,False,True,0.046777363157641486,6.498327769431038,0.0,False,max_steps,,inf,,False,,inf,inf,inf,inf,inf,1.2190985908508298,inf,inf,0.0,{'ROAD_LINE_BROKEN_SINGLE_WHITE'},False,False,,False,False,,0,False,object_list_uncertain,False,0,0,,inf,inf,inf,inf,False,False,inf,inf,0.9903543441780565,False,False,1,0,,False,False,0.0,inf,inf,2.21909859085083,0.0,,False,raw_action_safe_or_candidate_not_better,candidate_not_better,False,False,0.0,inf,inf,2.2387745167767554,False,-9.663628451076214,,,
6000,1029,1,33,33,0.12363123893737793,0.9946973323822021,0.12363123893737793,0.9946973323822021,0.0,0.0,True,False,inactive_raw_action,raw_action,0,0,10,10,raw_action_safe_or_candidate_not_better,0,0,0,False,False,False,False,False,False,False,False,True,0.04922209968035022,6.799482169002626,0.0,False,max_steps,,inf,,False,,inf,inf,inf,inf,inf,1.342411064147949,inf,inf,0.0,{'ROAD_LINE_BROKEN_SINGLE_WHITE'},False,False,,False,False,,0,False,object_list_uncertain,False,0,0,,inf,inf,inf,inf,False,False,inf,inf,0.8033963131559267,False,False,1,0,,False,False,0.0,inf,inf,2.342411064147949,0.0,,False,raw_action_safe_or_candidate_not_better,candidate_not_better,False,False,0.0,inf,inf,2.3620869900738746,False,-9.467844961808908,,,
6000,1029,1,34,34,0.09096956253051758,0.9933133125305176,0.09096956253051758,0.9933133125305176,0.0,0.0,True,False,inactive_raw_action,raw_action,0,0,10,10,raw_action_safe_or_candidate_not_better,0,0,0,False,False,False,False,False,False,False,False,True,0.05178487441281929,7.099752090354996,0.0,False,max_steps,,inf,,False,,inf,inf,inf,inf,inf,1.460143112182617,inf,inf,0.0,{'ROAD_LINE_BROKEN_SINGLE_WHITE'},False,False,,False,False,,0,False,object_list_uncertain,False,0,0,,inf,inf,inf,inf,False,False,inf,inf,0.6185459183482237,False,False,1,0,,False,False,0.0,inf,inf,2.460143112182617,0.0,,False,raw_action_safe_or_candidate_not_better,candidate_not_better,False,False,0.0,inf,inf,2.4798190381085425,False,-9.289250854054721,,,
6000,1029,1,35,35,0.06364738941192627,0.9912412166595459,0.06364738941192627,0.9912412166595459,0.0,0.0,True,False,inactive_raw_action,raw_action,0,0,10,10,raw_action_safe_or_candidate_not_better,0,0,0,False,False,False,False,False,False,False,False,True,0.05446402886544787,7.398593413352074,0.0,False,max_steps,,inf,,False,,inf,inf,inf,inf,inf,1.5743780364990232,inf,inf,0.0,{'ROAD_LINE_BROKEN_SINGLE_WHITE'},False,False,,False,False,,0,False,object_list_uncertain,False,0,0,,inf,inf,inf,inf,False,False,inf,inf,0.451880686022962,False,False,1,0,,False,False,0.0,inf,inf,2.574378036499023,0.0,,False,raw_action_safe_or_candidate_not_better,candidate_not_better,False,False,0.0,inf,inf,2.594053962424949,False,-9.122197746734408,,,
6000,1029,1,36,36,0.04395473003387451,0.9884943962097168,0.04395473003387451,0.9884943962097168,0.0,0.0,True,False,inactive_raw_action,raw_action,0,0,10,10,raw_action_safe_or_candidate_not_better,0,0,0,False,False,False,False,False,False,False,False,True,0.05725811773139428,7.695891256849484,0.0,False,max_steps,,inf,,False,,inf,inf,inf,inf,inf,1.6865687599182126,inf,inf,0.0,{'ROAD_LINE_BROKEN_SINGLE_WHITE'},False,False,,False,False,,0,False,object_list_uncertain,False,0,0,,inf,inf,inf,inf,False,False,inf,inf,0.32520317611429256,False,False,1,0,,False,False,0.0,inf,inf,2.6865687599182126,0.0,,False,raw_action_safe_or_candidate_not_better,candidate_not_better,False,False,0.0,inf,inf,2.7062446858441382,False,-8.962006168759324,,,
6000,1029,1,37,37,0.0313262939453125,0.9851070642471313,0.0313262939453125,0.9851070642471313,0.0,0.0,True,False,inactive_raw_action,raw_action,0,0,10,10,raw_action_safe_or_candidate_not_better,0,0,0,False,False,False,False,False,False,False,False,True,0.0601660100580549,7.991713440650132,0.0,False,max_steps,,inf,,False,,inf,inf,inf,inf,inf,1.7978716125488279,inf,inf,0.0,{'ROAD_LINE_BROKEN_SINGLE_WHITE'},False,False,,False,False,,0,False,object_list_uncertain,False,0,0,,inf,inf,inf,inf,False,False,inf,inf,0.2410837516832274,False,False,1,0,,False,False,0.0,inf,inf,2.797871612548828,0.0,,False,raw_action_safe_or_candidate_not_better,candidate_not_better,False,False,0.0,inf,inf,2.8175475384747535,False,-8.805878548536796,,,
6000,1029,1,38,38,0.02547013759613037,0.9812554121017456,0.02547013759613037,0.9812554121017456,0.0,0.0,True,False,inactive_raw_action,raw_action,0,0,10,10,raw_action_safe_or_candidate_not_better,0,0,0,False,False,False,False,False,False,False,False,True,0.06318693621953653,8.286091264803707,0.0,False,max_steps,,inf,,False,,inf,inf,inf,inf,inf,1.909028553009033,inf,inf,0.0,{'ROAD_LINE_BROKEN_SINGLE_WHITE'},False,False,,False,False,,0,False,object_list_uncertain,False,0,0,,inf,inf,inf,inf,False,False,inf,inf,0.20355004096220333,False,False,1,0,,False,False,0.0,inf,inf,2.909028553009033,0.0,,False,raw_action_safe_or_candidate_not_better,candidate_not_better,False,False,0.0,inf,inf,2.9287044789349586,False,-8.653474264142673,,,
6000,1029,1,39,39,0.023674845695495605,0.9769678115844727,0.023674845695495605,0.9769678115844727,0.0,0.0,True,False,inactive_raw_action,raw_action,0,0,10,10,raw_action_safe_or_candidate_not_better,0,0,0,False,False,False,False,False,False,False,False,True,0.06632043371764984,8.579017472427376,0.0,False,max_steps,,inf,,False,,inf,inf,inf,inf,inf,2.0202808609008787,inf,inf,0.0,{'ROAD_LINE_BROKEN_SINGLE_WHITE'},False,False,,False,False,,0,False,object_list_uncertain,False,0,0,,inf,inf,inf,inf,False,False,inf,inf,0.19617193211302178,False,False,1,0,,False,False,0.0,inf,inf,3.0202808609008787,0.0,,False,raw_action_safe_or_candidate_not_better,candidate_not_better,False,False,0.0,inf,inf,3.0399567868268043,False,-8.50403389025788,,,
6000,1029,1,40,40,0.024473905563354492,0.9724555015563965,0.024473905563354492,0.9724555015563965,0.0,0.0,True,False,inactive_raw_action,raw_action,0,0,10,10,raw_action_safe_or_candidate_not_better,0,0,0,False,False,False,False,False,False,False,False,True,0.06956620265122516,8.870459031992192,0.0,False,max_steps,,inf,,False,,inf,inf,inf,inf,inf,2.1312828292846677,inf,inf,0.0,set(),False,False,,False,False,,0,False,object_list_uncertain,False,0,0,,inf,inf,inf,inf,False,False,inf,inf,0.20996206344655574,False,False,1,0,,False,False,0.0,inf,inf,3.1312828292846677,0.0,,False,raw_action_safe_or_candidate_not_better,candidate_not_better,False,False,0.0,inf,inf,3.1509587552105933,False,-8.35928689440891,,,
6000,1029,1,41,41,0.02589726448059082,0.9677255153656006,0.02589726448059082,0.9677255153656006,0.0,0.0,True,False,inactive_raw_action,raw_action,0,0,10,10,raw_action_safe_or_candidate_not_better,0,0,0,False,False,False,False,False,False,False,False,True,0.07292395395889419,9.160406549413835,0.0,False,max_steps,,inf,,False,,inf,inf,inf,inf,inf,2.241381429672241,inf,inf,0.0,set(),False,False,,False,False,,0,False,object_list_uncertain,False,0,0,,inf,inf,inf,inf,False,False,inf,inf,0.22972062361574744,False,False,1,0,,False,False,0.0,inf,inf,3.241381429672241,0.0,,False,raw_action_safe_or_candidate_not_better,candidate_not_better,False,False,0.0,inf,inf,3.241381429672241,False,-8.235067324910446,,,
6000,1029,1,42,42,0.027498960494995117,0.9625856876373291,0.027498960494995117,0.9625856876373291,0.0,0.0,True,False,inactive_raw_action,raw_action,0,0,10,10,raw_action_safe_or_candidate_not_better,0,0,0,False,False,False,False,False,False,False,False,True,0.07639336244661751,9.448746004730747,0.0,False,max_steps,,inf,,False,,inf,inf,inf,inf,inf,2.3497605552673337,inf,inf,0.0,set(),False,False,,False,False,,0,False,object_list_uncertain,False,0,0,,inf,inf,inf,inf,False,False,inf,inf,0.2519016578204256,False,False,1,0,,False,False,0.0,inf,inf,3.3497605552673337,0.0,,False,raw_action_safe_or_candidate_not_better,candidate_not_better,False,False,0.0,inf,inf,3.3497605552673337,False,-8.096125623240795,,,
6000,1029,1,43,43,0.02876436710357666,0.9567708969116211,0.02876436710357666,0.9567708969116211,0.0,0.0,True,False,inactive_raw_action,raw_action,0,0,10,10,raw_action_safe_or_candidate_not_better,0,0,0,False,False,False,False,False,False,False,False,True,0.07997404510808209,9.735314036117487,0.0,False,max_steps,,inf,,False,,inf,inf,inf,inf,inf,2.455561183929443,inf,inf,0.0,set(),False,False,,False,False,,0,False,object_list_uncertain,False,0,0,,inf,inf,inf,inf,False,False,inf,inf,0.2717871987485285,False,False,1,0,,False,False,0.0,inf,inf,3.455561183929443,0.0,,False,raw_action_safe_or_candidate_not_better,candidate_not_better,False,False,0.0,inf,inf,3.455561183929443,False,-7.956415733331212,,,
6000,1029,1,44,44,0.028799772262573242,0.9499853849411011,0.028799772262573242,0.9499853849411011,0.0,0.0,True,False,inactive_raw_action,raw_action,0,0,10,10,raw_action_safe_or_candidate_not_better,0,0,0,False,False,False,False,False,False,False,False,True,0.08366541659401706,10.019880331897909,0.0,False,max_steps,,inf,,False,,inf,inf,inf,inf,inf,2.5578799476623533,inf,inf,0.0,set(),False,False,,False,False,,0,False,object_list_uncertain,False,0,0,,inf,inf,inf,inf,False,False,inf,inf,0.2803748271448164,False,False,1,0,,False,False,0.0,inf,inf,3.5578799476623533,0.0,,False,raw_action_safe_or_candidate_not_better,candidate_not_better,False,False,0.0,inf,inf,3.5578799476623533,False,-7.812637832798856,,,
6000,1029,1,45,45,0.026684880256652832,0.9417098760604858,0.026684880256652832,0.9417098760604858,0.0,0.0,True,False,inactive_raw_action,raw_action,0,0,10,10,raw_action_safe_or_candidate_not_better,0,0,0,False,False,False,False,False,False,False,False,True,0.0874666097203174,10.302079464443183,0.0,False,max_steps,,inf,,False,,inf,inf,inf,inf,inf,2.655955575942993,inf,inf,0.0,set(),False,False,,False,False,,0,False,object_list_uncertain,False,0,0,,inf,inf,inf,inf,False,False,inf,inf,0.2673793068426865,False,False,1,0,,False,False,0.0,inf,inf,3.655955575942993,0.0,,False,raw_action_safe_or_candidate_not_better,candidate_not_better,False,False,0.0,inf,inf,3.655955575942993,False,-7.65898521202331,,,
6000,1029,1,46,46,0.023026227951049805,0.9313424825668335,0.023026227951049805,0.9313424825668335,0.0,0.0,True,False,inactive_raw_action,raw_action,0,0,10,10,raw_action_safe_or_candidate_not_better,0,0,0,False,False,False,False,False,False,False,False,True,0.09137640320270189,10.581277765827974,0.0,False,max_steps,,inf,,False,,inf,inf,inf,inf,inf,2.6985521545410154,inf,inf,0.0,set(),False,False,,False,False,,0,False,object_list_uncertain,False,0,0,,inf,inf,inf,inf,False,False,inf,inf,0.0,False,False,1,0,,False,False,0.0,inf,inf,3.6985521545410154,0.0,,False,raw_action_safe_or_candidate_not_better,candidate_not_better,False,False,0.0,inf,inf,3.6985521545410154,False,-7.5177096509529235,,,
6000,1029,1,47,47,0.015270233154296875,0.9172974824905396,0.015270233154296875,0.9172974824905396,0.0,0.0,True,False,inactive_raw_action,raw_action,0,0,10,10,raw_action_safe_or_candidate_not_better,0,0,0,False,False,False,False,False,False,False,False,True,0.09539310603216575,10.856433933413763,0.0,False,max_steps,,inf,,False,,inf,inf,inf,inf,inf,2.609435342788696,inf,inf,0.0,set(),False,False,,False,False,,0,False,object_list_uncertain,False,0,0,,inf,inf,inf,inf,False,False,inf,inf,0.0,False,False,1,0,,False,False,0.0,inf,inf,3.609435342788696,0.0,,False,raw_action_safe_or_candidate_not_better,candidate_not_better,False,False,0.0,inf,inf,3.609435342788696,False,-7.415370906721691,,,
6000,1029,1,48,48,0.004944205284118652,0.8980931043624878,0.004944205284118652,0.8980931043624878,0.0,0.0,True,False,inactive_raw_action,raw_action,0,0,10,10,raw_action_safe_or_candidate_not_better,0,0,0,False,False,False,False,False,False,False,False,True,0.0995142395074755,11.125806189900008,0.0,False,max_steps,,inf,,False,,inf,inf,inf,inf,inf,2.5236988296508787,inf,inf,0.0,set(),False,False,,False,False,,0,False,object_list_uncertain,False,0,0,,inf,inf,inf,inf,False,False,inf,inf,0.0,False,False,1,0,,False,False,0.0,inf,inf,3.5236988296508787,0.0,,False,raw_action_safe_or_candidate_not_better,candidate_not_better,False,False,0.0,inf,inf,3.5236988296508787,False,-7.257514118039865,,,
6000,1029,1,49,49,-0.003201603889465332,0.8712267875671387,-0.003201603889465332,0.8712267875671387,0.0,0.0,True,False,inactive_raw_action,raw_action,0,0,10,10,raw_action_safe_or_candidate_not_better,0,0,0,False,False,False,False,False,False,False,False,True,0.10373658059437417,11.386981338498412,0.0,False,max_steps,,inf,,False,,inf,inf,inf,inf,inf,2.4390292396545408,inf,inf,0.0,set(),False,False,,False,False,,0,False,object_list_uncertain,False,0,0,,inf,inf,inf,inf,False,False,inf,inf,0.03562042437102133,False,False,1,0,,False,False,0.0,inf,inf,3.4390292396545408,0.0,,False,raw_action_safe_or_candidate_not_better,candidate_not_better,False,False,0.0,inf,inf,3.4390292396545408,False,-7.017693243541203,,,
6000,1029,1,50,50,-0.005364477634429932,0.8351235389709473,-0.005364477634429932,0.8351235389709473,0.0,0.0,True,False,inactive_raw_action,raw_action,0,0,10,10,raw_action_safe_or_candidate_not_better,0,0,0,False,False,False,False,False,False,False,False,True,0.10805632090933395,11.637353413393214,0.0,False,max_steps,,inf,,False,,inf,inf,inf,inf,inf,2.3526897659301755,inf,inf,0.0,set(),False,False,,False,False,,0,False,object_list_uncertain,False,0,0,,inf,inf,inf,inf,False,False,inf,inf,0.061085206714045735,False,False,1,0,,False,False,0.0,inf,inf,3.3526897659301755,0.0,,False,raw_action_safe_or_candidate_not_better,candidate_not_better,False,False,0.0,inf,inf,3.3526897659301755,False,-6.6805061531626535,,,
6000,1029,1,51,51,0.0013424158096313477,0.7975565195083618,0.0013424158096313477,0.7975565195083618,0.0,0.0,True,False,inactive_raw_action,raw_action,0,0,10,10,raw_action_safe_or_candidate_not_better,0,0,0,False,False,False,False,False,False,False,False,True,0.11246957257695069,11.876486153005128,0.0,False,max_steps,,inf,,False,,inf,inf,inf,inf,inf,2.2630055179595945,inf,inf,0.0,set(),False,False,,False,False,,0,False,object_list_uncertain,False,0,0,,inf,inf,inf,inf,False,False,inf,inf,0.0,False,False,1,0,,False,False,0.0,inf,inf,3.2630055179595945,0.0,,False,raw_action_safe_or_candidate_not_better,candidate_not_better,False,False,0.0,inf,inf,3.2630055179595945,False,-6.40533812151628,,,
6000,1029,1,52,52,0.014247894287109375,0.762000560760498,0.014247894287109375,0.762000560760498,0.0,0.0,True,False,inactive_raw_action,raw_action,0,0,10,10,raw_action_safe_or_candidate_not_better,0,0,0,False,False,False,False,False,False,False,False,True,0.11697307643029639,12.104478153412366,0.0,False,max_steps,,inf,,False,,inf,inf,inf,inf,inf,2.1706705322265623,inf,inf,0.0,set(),False,False,,False,False,,0,False,object_list_uncertain,False,0,0,,inf,inf,inf,inf,False,False,inf,inf,0.0,False,False,1,0,,False,False,0.0,inf,inf,3.1706705322265623,0.0,,False,raw_action_safe_or_candidate_not_better,candidate_not_better,False,False,0.0,inf,inf,3.190346458152488,False,-6.143351026862831,,,
6000,1029,1,53,53,0.02356088161468506,0.7201128005981445,0.02356088161468506,0.7201128005981445,0.0,0.0,True,False,inactive_raw_action,raw_action,0,0,10,10,raw_action_safe_or_candidate_not_better,0,0,0,False,False,False,False,False,False,False,False,True,0.12156364556778515,12.319560274029945,0.0,False,max_steps,,inf,,False,,inf,inf,inf,inf,inf,2.0791635742187498,inf,inf,0.0,{'ROAD_LINE_BROKEN_SINGLE_WHITE'},False,False,,False,False,,0,False,object_list_uncertain,False,0,0,,inf,inf,inf,inf,False,False,inf,inf,0.0,False,False,1,0,,False,False,0.0,inf,inf,3.0791635742187498,0.0,,False,raw_action_safe_or_candidate_not_better,candidate_not_better,False,False,0.0,inf,inf,3.0988395001446754,False,-5.841922911556864,,,
6000,1029,1,54,54,0.029047012329101562,0.6967865228652954,0.029047012329101562,0.6967865228652954,0.0,0.0,True,False,inactive_raw_action,raw_action,0,0,10,10,raw_action_safe_or_candidate_not_better,0,0,0,False,False,False,False,False,False,False,False,True,0.12623760891003907,12.52755759581861,0.0,False,max_steps,,inf,,False,,inf,inf,inf,inf,inf,1.992895864486694,inf,inf,0.0,{'ROAD_LINE_BROKEN_SINGLE_WHITE'},False,False,,False,False,,0,False,object_list_uncertain,False,0,0,,inf,inf,inf,inf,False,False,inf,inf,0.0,False,False,1,0,,False,False,0.0,inf,inf,2.992895864486694,0.0,,False,raw_action_safe_or_candidate_not_better,candidate_not_better,False,False,0.0,inf,inf,3.0125717904126197,False,-5.706464776785467,,,
6000,1029,1,55,55,0.024014949798583984,0.6728887557983398,0.024014949798583984,0.6728887557983398,0.0,0.0,True,False,inactive_raw_action,raw_action,0,0,10,10,raw_action_safe_or_candidate_not_better,0,0,0,False,False,False,False,False,False,False,False,True,0.1309922348271274,12.729117279190689,0.0,False,max_steps,,inf,,False,,inf,inf,inf,inf,inf,1.9151799907684324,inf,inf,0.0,{'ROAD_LINE_BROKEN_SINGLE_WHITE'},False,False,,False,False,,0,False,object_list_uncertain,False,0,0,,inf,inf,inf,inf,False,False,inf,inf,0.0,False,False,1,0,,False,False,0.0,inf,inf,2.9151799907684324,0.0,,False,raw_action_safe_or_candidate_not_better,candidate_not_better,False,False,0.0,inf,inf,2.934855916694358,False,-5.562612762193069,,,
6000,1029,1,56,56,0.010350704193115234,0.6341264247894287,0.010350704193115234,0.6341264247894287,0.0,0.0,True,False,inactive_raw_action,raw_action,0,0,10,10,raw_action_safe_or_candidate_not_better,0,0,0,False,False,False,False,False,False,False,False,True,0.1358237366151249,12.919439873687237,0.0,False,max_steps,,inf,,False,,inf,inf,inf,inf,inf,1.847197793960571,inf,inf,0.0,{'ROAD_LINE_BROKEN_SINGLE_WHITE'},False,False,,False,False,,0,False,object_list_uncertain,False,0,0,,inf,inf,inf,inf,False,False,inf,inf,0.0,False,False,1,0,,False,False,0.0,inf,inf,2.847197793960571,0.0,,False,raw_action_safe_or_candidate_not_better,candidate_not_better,False,False,0.0,inf,inf,2.8668737198864966,False,-5.346402553792913,,,
6000,1029,1,57,57,-0.003309309482574463,0.5609288215637207,-0.003309309482574463,0.5609288215637207,0.0,0.0,True,False,inactive_raw_action,raw_action,0,0,10,10,raw_action_safe_or_candidate_not_better,0,0,0,False,False,False,False,False,False,False,False,True,0.14072589945461236,13.087512984641945,0.0,False,max_steps,,inf,,False,,inf,inf,inf,inf,inf,1.7860691776275632,inf,inf,0.0,{'ROAD_LINE_BROKEN_SINGLE_WHITE'},False,False,,False,False,,0,False,object_list_uncertain,False,0,0,,inf,inf,inf,inf,False,False,inf,inf,0.04275442488354379,False,False,1,0,,False,False,0.0,inf,inf,2.7860691776275632,0.0,,False,raw_action_safe_or_candidate_not_better,candidate_not_better,False,False,0.0,inf,inf,2.805745103553489,False,-4.901146218903463,,,
6000,1029,1,58,58,-0.010098814964294434,0.4450721740722656,-0.010098814964294434,0.4450721740722656,0.0,0.0,True,False,inactive_raw_action,raw_action,0,0,10,10,raw_action_safe_or_candidate_not_better,0,0,0,False,False,False,False,False,False,False,False,True,0.14568849057315061,13.220714786356211,0.0,False,max_steps,,inf,,False,,inf,inf,inf,inf,inf,1.726753973007202,inf,inf,0.0,{'ROAD_LINE_BROKEN_SINGLE_WHITE'},False,False,,False,False,,0,False,object_list_uncertain,False,0,0,,inf,inf,inf,inf,False,False,inf,inf,0.13216837197469977,False,False,1,0,,False,False,0.0,inf,inf,2.726753973007202,0.0,,False,raw_action_safe_or_candidate_not_better,candidate_not_better,False,False,0.0,inf,inf,2.7464298989331275,False,-4.273310403098378,,,
6000,1029,1,59,59,-0.0022246837615966797,0.310083270072937,-0.0022246837615966797,0.310083270072937,0.0,0.0,True,False,inactive_raw_action,raw_action,0,0,10,10,raw_action_safe_or_candidate_not_better,0,0,0,False,False,False,False,False,False,False,False,True,0.150697895180291,13.313704274747963,0.0,False,max_steps,,inf,,False,,inf,inf,inf,inf,inf,1.664852642059326,inf,inf,0.0,{'ROAD_LINE_BROKEN_SINGLE_WHITE'},False,False,,False,False,,0,False,object_list_uncertain,False,0,0,,inf,inf,inf,inf,False,False,inf,inf,0.02941190950190778,False,False,1,0,,False,False,0.0,inf,inf,2.664852642059326,0.0,,False,raw_action_safe_or_candidate_not_better,candidate_not_better,False,False,0.0,inf,inf,2.6845285679852515,False,-3.7281395132162913,,,
6000,1029,1,60,60,0.022731900215148926,0.2186342477798462,0.022731900215148926,0.2186342477798462,0.0,0.0,True,False,inactive_raw_action,raw_action,0,0,10,10,raw_action_safe_or_candidate_not_better,0,0,0,False,False,False,False,False,False,False,False,True,0.15574097543684265,13.377618715265177,0.0,False,max_steps,,inf,,False,,inf,inf,inf,inf,inf,1.5996873607635496,inf,inf,0.0,{'ROAD_LINE_BROKEN_SINGLE_WHITE'},False,False,,False,False,,0,False,object_list_uncertain,False,0,0,,inf,inf,inf,inf,False,False,inf,inf,0.0,False,False,1,0,,False,False,0.0,inf,inf,2.5996873607635496,0.0,,False,raw_action_safe_or_candidate_not_better,candidate_not_better,False,False,0.0,inf,inf,2.619363286689475,False,-3.540633518977458,,,
6000,1029,1,61,61,0.034401774406433105,0.11347508430480957,0.034401774406433105,0.11347508430480957,0.0,0.0,True,False,inactive_raw_action,raw_action,0,0,10,10,raw_action_safe_or_candidate_not_better,0,0,0,False,False,False,False,False,False,False,False,True,0.1608077298194611,13.409650374302535,0.0,False,max_steps,,inf,,False,,inf,inf,inf,inf,inf,1.5374407997131345,inf,inf,0.0,{'ROAD_LINE_BROKEN_SINGLE_WHITE'},False,False,,False,False,,0,False,object_list_uncertain,False,0,0,,inf,inf,inf,inf,False,False,inf,inf,0.0,False,False,1,0,,False,False,0.0,inf,inf,2.5374407997131345,0.0,,False,raw_action_safe_or_candidate_not_better,candidate_not_better,False,False,0.0,inf,inf,2.55711672563906,False,-3.359431580805449,,,
6000,1029,1,62,62,0.04139149188995361,0.09051954746246338,0.04139149188995361,0.09051954746246338,0.0,0.0,True,False,inactive_raw_action,raw_action,0,0,10,10,raw_action_safe_or_candidate_not_better,0,0,0,False,False,False,False,False,False,False,False,True,0.1658884458661702,13.434674023227966,0.0,False,max_steps,,inf,,False,,inf,inf,inf,inf,inf,1.4870438804626462,inf,inf,0.0,{'ROAD_LINE_BROKEN_SINGLE_WHITE'},False,False,,False,False,,0,False,object_list_uncertain,False,0,0,,inf,inf,inf,inf,False,False,inf,inf,0.0,False,False,1,0,,False,False,0.0,inf,inf,2.4870438804626462,0.0,,False,raw_action_safe_or_candidate_not_better,candidate_not_better,False,False,0.0,inf,inf,2.506719806388572,False,-3.3757228654926763,,,
6000,1029,1,63,63,0.024216532707214355,0.07070517539978027,0.024216532707214355,0.07070517539978027,0.0,0.0,True,False,inactive_raw_action,raw_action,0,0,10,10,raw_action_safe_or_candidate_not_better,0,0,0,False,False,False,False,False,False,False,False,True,0.17097969819975517,13.456112560648961,0.0,False,max_steps,,inf,,False,,inf,inf,inf,inf,inf,1.4531259765624998,inf,inf,0.0,{'ROAD_LINE_BROKEN_SINGLE_WHITE'},False,False,,False,False,,0,False,object_list_uncertain,False,0,0,,inf,inf,inf,inf,False,False,inf,inf,0.0,False,False,1,0,,False,False,0.0,inf,inf,2.4531259765624998,0.0,,False,raw_action_safe_or_candidate_not_better,candidate_not_better,False,False,0.0,inf,inf,2.4728019024884254,False,-3.379226000112041,,,
6000,1029,1,64,64,-0.009151220321655273,0.01613485813140869,-0.009151220321655273,0.01613485813140869,0.0,0.0,True,False,inactive_raw_action,raw_action,0,0,10,10,raw_action_safe_or_candidate_not_better,0,0,0,False,False,False,False,False,False,False,False,True,0.17607772902242763,13.46012605189394,0.0,False,max_steps,,inf,,False,,inf,inf,inf,inf,inf,1.4355948200225828,inf,inf,0.0,{'ROAD_LINE_BROKEN_SINGLE_WHITE'},False,False,,False,False,,0,False,object_list_uncertain,False,0,0,,inf,inf,inf,inf,False,False,inf,inf,0.12313985071549155,False,False,1,0,,False,False,0.0,inf,inf,2.4355948200225828,0.0,,False,raw_action_safe_or_candidate_not_better,candidate_not_better,False,False,0.0,inf,inf,2.4552707459485084,False,-3.2935888056169915,,,
6000,1029,1,65,65,-0.03922492265701294,-0.09930020570755005,-0.03922492265701294,-0.09930020570755005,0.0,0.0,True,False,inactive_raw_action,raw_action,0,0,10,10,raw_action_safe_or_candidate_not_better,0,0,0,False,False,False,False,False,False,False,False,True,0.18115098728583365,13.176994592818115,0.0,False,max_steps,,inf,,False,,inf,inf,inf,inf,inf,1.4243257274627683,inf,inf,0.0,{'ROAD_LINE_BROKEN_SINGLE_WHITE'},False,False,,False,False,,0,False,object_list_uncertain,False,0,0,,inf,inf,inf,inf,False,False,inf,inf,0.5279724033391847,False,False,1,0,,False,False,0.0,inf,inf,2.4243257274627683,0.0,,False,raw_action_safe_or_candidate_not_better,candidate_not_better,False,False,0.0,inf,inf,2.444001653388694,False,1.530885280206249,,,
6000,1029,1,66,66,-0.037381529808044434,-0.15493416786193848,-0.037381529808044434,-0.15493416786193848,0.0,0.0,True,False,inactive_raw_action,raw_action,0,0,10,10,raw_action_safe_or_candidate_not_better,0,0,0,False,False,False,False,False,False,False,False,True,0.18610625069868458,12.740211528139156,0.0,False,max_steps,,inf,,False,,inf,inf,inf,inf,inf,1.4054267635345457,inf,inf,0.0,{'ROAD_LINE_BROKEN_SINGLE_WHITE'},False,False,,False,False,,0,False,object_list_uncertain,False,0,0,,inf,inf,inf,inf,False,False,inf,inf,0.4925762161518707,False,False,1,0,,False,False,0.0,inf,inf,2.4054267635345457,0.0,,False,raw_action_safe_or_candidate_not_better,candidate_not_better,False,False,0.0,inf,inf,2.4251026894604713,False,4.199792321123148,,,
6000,1029,1,67,67,-0.00040662288665771484,-0.06506985425949097,-0.00040662288665771484,-0.06506985425949097,0.0,0.0,True,False,inactive_raw_action,raw_action,0,0,10,10,raw_action_safe_or_candidate_not_better,0,0,0,False,False,False,False,False,False,False,False,True,0.19092040880458186,12.557100557589449,0.0,False,max_steps,,inf,,False,,inf,inf,inf,inf,inf,1.370982669830322,inf,inf,0.0,set(),False,False,,False,False,,0,False,object_list_uncertain,False,0,0,,inf,inf,inf,inf,False,False,inf,inf,0.0051804615882018405,False,False,1,0,,False,False,0.0,inf,inf,2.370982669830322,0.0,,False,raw_action_safe_or_candidate_not_better,candidate_not_better,False,False,0.0,inf,inf,2.3906585957562476,False,-0.19945317479313474,,,
6000,1029,1,68,68,0.200361967086792,0.6517149209976196,0.200361967086792,0.6517149209976196,0.0,0.0,True,False,inactive_raw_action,raw_action,0,0,10,10,raw_action_safe_or_candidate_not_better,0,0,0,False,False,False,False,False,False,False,False,True,0.19568468937137265,12.627073518290608,0.0,False,max_steps,,inf,,False,,inf,inf,inf,inf,inf,1.327854179382324,inf,inf,0.0,set(),False,False,,False,False,,0,False,object_list_uncertain,False,0,0,,inf,inf,inf,inf,False,False,inf,inf,0.0,False,False,1,0,,False,False,0.0,inf,inf,2.327854179382324,0.0,,False,raw_action_safe_or_candidate_not_better,candidate_not_better,False,False,0.0,inf,inf,2.3475301053082496,False,-6.088017500163971,,,
6000,1029,1,69,69,0.17444908618927002,0.7805109024047852,0.17444908618927002,0.7805109024047852,0.0,0.0,True,False,inactive_raw_action,raw_action,0,0,10,10,raw_action_safe_or_candidate_not_better,0,0,0,False,False,False,False,False,False,False,False,True,0.2004795237247966,12.774714774502215,0.0,False,max_steps,,inf,,False,,inf,inf,inf,inf,inf,1.2976525058746335,inf,inf,0.0,set(),False,False,,False,False,,0,False,object_list_uncertain,False,0,0,,inf,inf,inf,inf,False,False,inf,inf,0.0,False,False,1,0,,False,False,0.0,inf,inf,2.2976525058746335,0.0,,False,raw_action_safe_or_candidate_not_better,candidate_not_better,False,False,0.0,inf,inf,2.317328431800559,False,-7.253227913861451,,,
6000,1029,1,70,70,0.10239934921264648,0.8858507871627808,0.10239934921264648,0.8858507871627808,0.0,0.0,True,False,inactive_raw_action,raw_action,0,0,10,10,raw_action_safe_or_candidate_not_better,0,0,0,False,False,False,False,False,False,False,False,True,0.20533413596919264,13.038114154531137,0.0,False,max_steps,,inf,,False,,inf,inf,inf,inf,inf,1.315555833816528,inf,inf,0.0,set(),False,False,,False,False,,0,False,object_list_uncertain,False,0,0,,inf,inf,inf,inf,False,False,inf,inf,0.0,False,False,1,0,,False,False,0.0,inf,inf,2.315555833816528,0.0,,False,raw_action_safe_or_candidate_not_better,candidate_not_better,False,False,0.0,inf,inf,2.3352317597424537,False,-8.273681952857586,,,
6000,1029,1,71,71,-0.008720338344573975,0.9045209884643555,-0.008720338344573975,0.9045209884643555,0.0,0.0,True,False,inactive_raw_action,raw_action,0,0,10,10,raw_action_safe_or_candidate_not_better,0,0,0,False,False,False,False,False,False,False,False,True,0.21027783692731009,13.29571236559922,0.0,False,max_steps,,inf,,False,,inf,inf,inf,inf,inf,1.3848021259307859,inf,inf,0.0,set(),False,False,,False,False,,0,False,object_list_uncertain,False,0,0,,inf,inf,inf,inf,False,False,inf,inf,0.11369676680269056,False,False,1,0,,False,False,0.0,inf,inf,2.384802125930786,0.0,,False,raw_action_safe_or_candidate_not_better,candidate_not_better,False,False,0.0,inf,inf,2.4044780518567115,False,-8.376546740663784,,,
6000,1029,1,72,72,-0.13262468576431274,0.8427460193634033,-0.13262468576431274,0.8427460193634033,0.0,0.0,True,False,inactive_raw_action,raw_action,0,0,10,10,raw_action_safe_or_candidate_not_better,0,0,0,False,False,False,False,False,False,False,False,True,0.2153125633103168,13.451053406986016,0.0,False,max_steps,,inf,,False,,inf,inf,inf,inf,inf,1.4834335079193113,inf,inf,0.0,set(),False,False,,False,False,,0,False,object_list_uncertain,False,0,0,,inf,inf,inf,inf,False,False,inf,inf,1.7633396745002838,False,False,1,0,,False,False,0.0,inf,inf,2.4834335079193113,0.0,,False,raw_action_safe_or_candidate_not_better,candidate_not_better,False,False,0.0,inf,inf,2.503109433845237,False,-7.568712966684231,,,
6000,1029,1,73,73,-0.2271425724029541,0.6221952438354492,-0.2271425724029541,0.6221952438354492,0.0,0.0,True,False,inactive_raw_action,raw_action,0,0,10,10,raw_action_safe_or_candidate_not_better,0,0,0,False,False,False,False,False,False,False,False,True,0.22040805039294792,13.516468346558492,0.0,False,max_steps,,inf,,False,,inf,inf,inf,inf,inf,1.573469184875488,inf,inf,0.0,set(),False,False,,False,False,,0,False,object_list_uncertain,False,0,0,,inf,inf,inf,inf,False,False,inf,inf,3.0553068723923236,False,False,1,0,,False,False,0.0,inf,inf,2.573469184875488,0.0,,False,raw_action_safe_or_candidate_not_better,candidate_not_better,False,False,0.0,inf,inf,2.5931451108014136,False,-5.5618766620400635,,,
6000,1029,1,74,74,-0.15472441911697388,0.7496535778045654,-0.15472441911697388,0.7496535778045654,0.0,0.0,True,False,inactive_raw_action,raw_action,0,0,10,10,raw_action_safe_or_candidate_not_better,0,0,0,False,False,False,False,False,False,False,False,True,0.22554370255270945,13.70143088170575,0.0,False,max_steps,,inf,,False,,inf,inf,inf,inf,inf,1.6231510868072507,inf,inf,0.0,set(),False,False,,False,False,,0,False,object_list_uncertain,False,0,0,,inf,inf,inf,inf,False,False,inf,inf,2.091327713434227,False,False,1,0,,False,False,0.0,inf,inf,2.6231510868072507,0.0,,False,raw_action_safe_or_candidate_not_better,candidate_not_better,False,False,0.0,inf,inf,2.6428270127331763,False,-6.550551149153264,,,
6000,1029,1,75,75,-0.04222661256790161,0.8506958484649658,-0.04222661256790161,0.8506958484649658,0.0,0.0,True,False,inactive_raw_action,raw_action,0,0,10,10,raw_action_safe_or_candidate_not_better,0,0,0,False,False,False,False,False,False,False,False,True,0.23074929311054004,13.958870775429007,0.0,False,max_steps,,inf,,False,,inf,inf,inf,inf,inf,1.6118221511840818,inf,inf,0.0,set(),False,False,,False,False,,0,False,object_list_uncertain,False,0,0,,inf,inf,inf,inf,False,False,inf,inf,0.5785650134676713,False,False,1,0,,False,False,0.0,inf,inf,2.611822151184082,0.0,,False,raw_action_safe_or_candidate_not_better,candidate_not_better,False,False,0.0,inf,inf,2.6314980771100074,False,-7.4976490891840655,,,
6000,1029,1,76,76,0.07769036293029785,0.8542754650115967,0.07769036293029785,0.8542754650115967,0.0,0.0,True,False,inactive_raw_action,raw_action,0,0,10,10,raw_action_safe_or_candidate_not_better,0,0,0,False,False,False,False,False,False,False,False,True,0.2360416887972822,14.152829215382404,0.0,False,max_steps,,inf,,False,,inf,inf,inf,inf,inf,1.5467949142456052,inf,inf,0.0,set(),False,False,,False,False,,0,False,object_list_uncertain,False,0,0,,inf,inf,inf,inf,False,False,inf,inf,0.0,False,False,1,0,,False,False,0.0,inf,inf,2.5467949142456052,0.0,,False,raw_action_safe_or_candidate_not_better,candidate_not_better,False,False,0.0,inf,inf,2.566470840171531,False,-7.61391436301011,,,
6000,1029,1,77,77,0.12938833236694336,0.6808810234069824,0.12938833236694336,0.6808810234069824,0.0,0.0,True,False,inactive_raw_action,raw_action,0,0,10,10,raw_action_safe_or_candidate_not_better,0,0,0,False,False,False,False,False,False,False,False,True,0.24140883575387626,14.292655502136391,0.0,False,max_steps,,inf,,False,,inf,inf,inf,inf,inf,1.4699704875946042,inf,inf,0.0,set(),False,False,,False,False,,0,False,object_list_uncertain,False,0,0,,inf,inf,inf,inf,False,False,inf,inf,0.0,False,False,1,0,,False,False,0.0,inf,inf,2.4699704875946042,0.0,,False,raw_action_safe_or_candidate_not_better,candidate_not_better,False,False,0.0,inf,inf,2.48964641352053,False,-6.119850728833995,,,
6000,1029,1,78,78,0.11606252193450928,0.5687499046325684,0.11606252193450928,0.5687499046325684,0.0,0.0,True,False,inactive_raw_action,raw_action,0,0,10,10,raw_action_safe_or_candidate_not_better,0,0,0,False,False,False,False,False,False,False,False,True,0.24683508130722678,14.446368595053684,0.0,False,max_steps,,inf,,False,,inf,inf,inf,inf,inf,1.4216850032806394,inf,inf,0.0,set(),False,False,,False,False,,0,False,object_list_uncertain,False,0,0,,inf,inf,inf,inf,False,False,inf,inf,0.0,False,False,1,0,,False,False,0.0,inf,inf,2.4216850032806394,0.0,,False,raw_action_safe_or_candidate_not_better,candidate_not_better,False,False,0.0,inf,inf,2.441360929206565,False,-5.379519125200574,,,
6000,1029,1,79,79,0.03373980522155762,0.6464852094650269,0.03373980522155762,0.6464852094650269,0.0,0.0,True,False,inactive_raw_action,raw_action,0,0,10,10,raw_action_safe_or_candidate_not_better,0,0,0,False,False,False,False,False,False,False,False,True,0.2523212059230283,14.643632134957116,0.0,False,max_steps,,inf,,False,,inf,inf,inf,inf,inf,1.4246731033325193,inf,inf,0.0,set(),False,False,,False,False,,0,False,object_list_uncertain,False,0,0,,inf,inf,inf,inf,False,False,inf,inf,0.0,False,False,1,0,,False,False,0.0,inf,inf,2.4246731033325193,0.0,,False,raw_action_safe_or_candidate_not_better,candidate_not_better,False,False,0.0,inf,inf,2.444349029258445,False,-5.910630742806617,,,
6000,1029,1,80,80,-0.07833504676818848,0.6039865016937256,-0.07833504676818848,0.6039865016937256,0.0,0.0,True,False,inactive_raw_action,raw_action,0,0,10,10,raw_action_safe_or_candidate_not_better,0,0,0,False,False,False,False,False,False,False,False,True,0.2578728029387581,14.777672588480625,0.0,False,max_steps,,inf,,False,,inf,inf,inf,inf,inf,1.4725742568969724,inf,inf,0.0,set(),False,False,,False,False,,0,False,object_list_uncertain,False,0,0,,inf,inf,inf,inf,False,False,inf,inf,1.1471096081480134,False,False,1,0,,False,False,0.0,inf,inf,2.4725742568969724,0.0,,False,raw_action_safe_or_candidate_not_better,candidate_not_better,False,False,0.0,inf,inf,2.492250182822898,False,-5.555717874030847,,,
6000,1029,1,81,81,-0.16994702816009521,0.2876160144805908,-0.16994702816009521,0.2876160144805908,0.0,0.0,True,False,inactive_raw_action,raw_action,0,0,10,10,raw_action_safe_or_candidate_not_better,0,0,0,False,False,False,False,False,False,False,False,True,0.2634695224340853,14.793606756204284,0.0,False,max_steps,,inf,,False,,inf,inf,inf,inf,inf,1.5296278228759763,inf,inf,0.0,set(),False,False,,False,False,,0,False,object_list_uncertain,False,0,0,,inf,inf,inf,inf,False,False,inf,inf,2.511421539535184,False,False,1,0,,False,False,0.0,inf,inf,2.5296278228759763,0.0,,False,raw_action_safe_or_candidate_not_better,candidate_not_better,False,False,0.0,inf,inf,2.549303748801902,False,-3.823007480287856,,,
6000,1029,1,82,82,-0.11987245082855225,0.24725377559661865,-0.11987245082855225,0.24725377559661865,0.0,0.0,True,False,inactive_raw_action,raw_action,0,0,10,10,raw_action_safe_or_candidate_not_better,0,0,0,False,False,False,False,False,False,False,False,True,0.2690771684491356,14.84795351363796,0.0,False,max_steps,,inf,,False,,inf,inf,inf,inf,inf,1.553811334609985,inf,inf,0.0,set(),False,False,,False,False,,0,False,object_list_uncertain,False,0,0,,inf,inf,inf,inf,False,False,inf,inf,1.7733458984600363,False,False,1,0,,False,False,0.0,inf,inf,2.553811334609985,0.0,,False,raw_action_safe_or_candidate_not_better,candidate_not_better,False,False,0.0,inf,inf,2.5734872605359107,False,-3.6767877002788367,,,
6000,1029,1,83,83,-0.02607738971710205,0.41203951835632324,-0.02607738971710205,0.41203951835632324,0.0,0.0,True,False,inactive_raw_action,raw_action,0,0,10,10,raw_action_safe_or_candidate_not_better,0,0,0,False,False,False,False,False,False,False,False,True,0.2747050198538326,14.973922388778355,0.0,False,max_steps,,inf,,False,,inf,inf,inf,inf,inf,1.5217848052978513,inf,inf,0.0,set(),False,False,,False,False,,0,False,object_list_uncertain,False,0,0,,inf,inf,inf,inf,False,False,inf,inf,0.3871958702765518,False,False,1,0,,False,False,0.0,inf,inf,2.5217848052978513,0.0,,False,raw_action_safe_or_candidate_not_better,candidate_not_better,False,False,0.0,inf,inf,2.541460731223777,False,-4.345061043923977,,,
6000,1029,1,84,84,0.07930433750152588,0.44630134105682373,0.07930433750152588,0.44630134105682373,0.0,0.0,True,False,inactive_raw_action,raw_action,0,0,10,10,raw_action_safe_or_candidate_not_better,0,0,0,False,False,False,False,False,False,False,False,True,0.2803738601605598,15.06826863615703,0.0,False,max_steps,,inf,,False,,inf,inf,inf,inf,inf,1.4410374393463132,inf,inf,0.0,set(),False,False,,False,False,,0,False,object_list_uncertain,False,0,0,,inf,inf,inf,inf,False,False,inf,inf,0.0,False,False,1,0,,False,False,0.0,inf,inf,2.4410374393463132,0.0,,False,raw_action_safe_or_candidate_not_better,candidate_not_better,False,False,0.0,inf,inf,2.460713365272239,False,-4.616596461392689,,,
6000,1029,1,85,85,0.13203692436218262,0.11292052268981934,0.13203692436218262,0.11292052268981934,0.0,0.0,True,False,inactive_raw_action,raw_action,0,0,10,10,raw_action_safe_or_candidate_not_better,0,0,0,False,False,False,False,False,False,False,False,True,0.2860765206473825,15.062958386951149,0.0,False,max_steps,,inf,,False,,inf,inf,inf,inf,inf,1.3526430358886716,inf,inf,0.0,set(),False,False,,False,False,,0,False,object_list_uncertain,False,0,0,,inf,inf,inf,inf,False,False,inf,inf,0.0,False,False,1,0,,False,False,0.0,inf,inf,2.3526430358886716,0.0,,False,raw_action_safe_or_candidate_not_better,candidate_not_better,False,False,0.0,inf,inf,2.3723189618145972,False,-3.6024765728728028,,,
6000,1029,1,86,86,0.12574410438537598,0.03031134605407715,0.12574410438537598,0.03031134605407715,0.0,0.0,True,False,inactive_raw_action,raw_action,0,0,10,10,raw_action_safe_or_candidate_not_better,0,0,0,False,False,False,False,False,False,False,False,True,0.2917816092496991,15.04870763983294,0.0,False,max_steps,,inf,,False,,inf,inf,inf,inf,inf,1.2984647979736326,inf,inf,0.0,set(),False,False,,False,False,,0,False,object_list_uncertain,False,0,0,,inf,inf,inf,inf,False,False,inf,inf,0.0,False,False,1,0,,False,False,0.0,inf,inf,2.2984647979736326,0.0,,False,raw_action_safe_or_candidate_not_better,candidate_not_better,False,False,0.0,inf,inf,2.318140723899558,False,-3.5161059075149694,,,
6000,1029,1,87,87,0.025056838989257812,0.08903384208679199,0.025056838989257812,0.08903384208679199,0.0,0.0,True,False,inactive_raw_action,raw_action,0,0,10,10,raw_action_safe_or_candidate_not_better,0,0,0,False,False,False,False,False,False,False,False,True,0.29748213068239604,15.078087698814647,0.0,False,max_steps,,inf,,False,,inf,inf,inf,inf,inf,1.30280425453186,inf,inf,0.0,set(),False,False,,False,False,,0,False,object_list_uncertain,False,0,0,,inf,inf,inf,inf,False,False,inf,inf,0.0,False,False,1,0,,False,False,0.0,inf,inf,2.30280425453186,0.0,,False,raw_action_safe_or_candidate_not_better,candidate_not_better,False,False,0.0,inf,inf,2.3224801804577857,False,-3.6244100940124895,,,
6000,1029,1,88,88,-0.09076213836669922,0.019136905670166016,-0.09076213836669922,0.019136905670166016,0.0,0.0,True,False,inactive_raw_action,raw_action,0,0,10,10,raw_action_safe_or_candidate_not_better,0,0,0,False,False,False,False,False,False,False,False,True,0.3031869591294812,15.054896825806948,0.0,False,max_steps,,inf,,False,,inf,inf,inf,inf,inf,1.3587439289093015,inf,inf,0.0,set(),False,False,,False,False,,0,False,object_list_uncertain,False,0,0,,inf,inf,inf,inf,False,False,inf,inf,1.3685194820250404,False,False,1,0,,False,False,0.0,inf,inf,2.3587439289093015,0.0,,False,raw_action_safe_or_candidate_not_better,candidate_not_better,False,False,0.0,inf,inf,2.378419854835227,False,-3.4062559124236174,,,
6000,1029,1,89,89,-0.16471076011657715,-0.2878260612487793,-0.16471076011657715,-0.2878260612487793,0.0,0.0,True,False,inactive_raw_action,raw_action,0,0,10,10,raw_action_safe_or_candidate_not_better,0,0,0,False,False,False,False,False,False,False,False,True,0.3088316628119523,14.412773865275332,0.0,False,max_steps,,inf,,False,,inf,inf,inf,inf,inf,1.4220388164520261,inf,inf,0.0,set(),False,False,,False,False,,0,False,object_list_uncertain,False,0,0,,inf,inf,inf,inf,False,False,inf,inf,2.4797034996553067,False,False,1,0,,False,False,0.0,inf,inf,2.422038816452026,0.0,,False,raw_action_safe_or_candidate_not_better,candidate_not_better,False,False,0.0,inf,inf,2.4417147423779517,False,10.654090353644634,,,
6000,1029,1,90,90,-0.1093895435333252,-0.19716370105743408,-0.1093895435333252,-0.19716370105743408,0.0,0.0,True,False,inactive_raw_action,raw_action,0,0,10,10,raw_action_safe_or_candidate_not_better,0,0,0,False,False,False,False,False,False,False,False,True,0.314254482988088,13.904383410669434,0.0,False,max_steps,,inf,,False,,inf,inf,inf,inf,inf,1.4480283489227292,inf,inf,0.0,set(),False,False,,False,False,,0,False,object_list_uncertain,False,0,0,,inf,inf,inf,inf,False,False,inf,inf,1.5766067541715076,False,False,1,0,,False,False,0.0,inf,inf,2.4480283489227292,0.0,,False,raw_action_safe_or_candidate_not_better,candidate_not_better,False,False,0.0,inf,inf,2.467704274848655,False,6.299967288084844,,,
6000,1029,1,91,91,-0.027294635772705078,0.03500568866729736,-0.027294635772705078,0.03500568866729736,0.0,0.0,True,False,inactive_raw_action,raw_action,0,0,10,10,raw_action_safe_or_candidate_not_better,0,0,0,False,False,False,False,False,False,False,False,True,0.31952508344765757,13.917263374352057,0.0,False,max_steps,,inf,,False,,inf,inf,inf,inf,inf,1.4177739849090574,inf,inf,0.0,set(),False,False,,False,False,,0,False,object_list_uncertain,False,0,0,,inf,inf,inf,inf,False,False,inf,inf,0.37951508083826496,False,False,1,0,,False,False,0.0,inf,inf,2.4177739849090574,0.0,,False,raw_action_safe_or_candidate_not_better,candidate_not_better,False,False,0.0,inf,inf,2.437449910834983,False,-3.355285123899506,,,
6000,1029,1,92,92,0.05761265754699707,0.05404400825500488,0.05761265754699707,0.05404400825500488,0.0,0.0,True,False,inactive_raw_action,raw_action,0,0,10,10,raw_action_safe_or_candidate_not_better,0,0,0,False,False,False,False,False,False,False,False,True,0.3247897581491762,13.91920248172476,0.0,False,max_steps,,inf,,False,,inf,inf,inf,inf,inf,1.3492272129058835,inf,inf,0.0,{'ROAD_LINE_BROKEN_SINGLE_WHITE'},False,False,,False,False,,0,False,object_list_uncertain,False,0,0,,inf,inf,inf,inf,False,False,inf,inf,0.0,False,False,1,0,,False,False,0.0,inf,inf,2.3492272129058835,0.0,,False,raw_action_safe_or_candidate_not_better,candidate_not_better,False,False,0.0,inf,inf,2.368903138831809,False,-3.488418686074752,,,
6000,1029,1,93,93,0.10718345642089844,-0.1861029863357544,0.10718345642089844,-0.1861029863357544,0.0,0.0,True,False,inactive_raw_action,raw_action,0,0,10,10,raw_action_safe_or_candidate_not_better,0,0,0,False,False,False,False,False,False,False,False,True,0.3300151205046011,13.400554468347037,0.0,False,max_steps,,inf,,False,,inf,inf,inf,inf,inf,1.2739665737152097,inf,inf,0.0,{'ROAD_LINE_BROKEN_SINGLE_WHITE'},False,False,,False,False,,0,False,object_list_uncertain,False,0,0,,inf,inf,inf,inf,False,False,inf,inf,0.0,False,False,1,0,,False,False,0.0,inf,inf,2.2739665737152097,0.0,,False,raw_action_safe_or_candidate_not_better,candidate_not_better,False,False,0.0,inf,inf,2.2936424996411353,False,5.520189288740909,,,
6000,1029,1,94,94,0.10410237312316895,-0.1696608066558838,0.10410237312316895,-0.1696608066558838,0.0,0.0,True,False,inactive_raw_action,raw_action,0,0,10,10,raw_action_safe_or_candidate_not_better,0,0,0,False,False,False,False,False,False,False,False,True,0.3350561484254375,12.922708391139825,0.0,False,max_steps,,inf,,False,,inf,inf,inf,inf,inf,1.2260670890808103,inf,inf,0.0,{'ROAD_LINE_BROKEN_SINGLE_WHITE'},False,False,,False,False,,0,False,object_list_uncertain,False,0,0,,inf,inf,inf,inf,False,False,inf,inf,0.0,False,False,1,0,,False,False,0.0,inf,inf,2.2260670890808103,0.0,,False,raw_action_safe_or_candidate_not_better,candidate_not_better,False,False,0.0,inf,inf,2.245743015006736,False,4.649748472515384,,,
6000,1029,1,95,95,0.5653674602508545,0.6327536106109619,0.5653674602508545,0.6327536106109619,0.0,0.0,True,False,inactive_raw_action,raw_action,0,0,10,10,raw_action_safe_or_candidate_not_better,0,0,0,False,False,False,False,False,False,False,False,True,0.3399450433481183,12.82287078133937,0.0,False,max_steps,,inf,,False,,inf,inf,inf,inf,inf,1.2170456476493219,inf,inf,0.0,{'ROAD_LINE_BROKEN_SINGLE_WHITE'},False,False,,False,False,,0,False,object_list_uncertain,False,0,0,,inf,inf,inf,inf,False,False,inf,inf,0.0,False,False,1,0,,False,False,0.0,inf,inf,2.217045647649321,0.0,,False,raw_action_safe_or_candidate_not_better,candidate_not_better,False,False,0.0,inf,inf,2.2435552861249,False,-6.166346342613863,,,
6000,1029,1,96,96,0.5373690128326416,0.8525784015655518,0.5373690128326416,0.8525784015655518,0.0,0.0,True,False,inactive_raw_action,raw_action,0,0,10,10,raw_action_safe_or_candidate_not_better,0,0,0,False,False,False,False,False,False,False,False,True,0.3447802306685621,12.812058825653022,0.0,False,max_steps,,inf,,False,,inf,inf,inf,inf,inf,1.266533715276267,inf,inf,0.0,{'ROAD_LINE_BROKEN_SINGLE_WHITE'},False,False,,False,False,,0,False,object_list_uncertain,False,0,0,,inf,inf,inf,inf,False,False,inf,inf,0.0,False,False,1,0,,False,False,0.0,inf,inf,2.266533715276267,0.0,,False,raw_action_safe_or_candidate_not_better,candidate_not_better,False,False,0.0,inf,inf,2.293043353751853,False,-8.054125721777368,,,
6000,1029,1,97,97,0.3965775966644287,0.9078853130340576,0.3965775966644287,0.9078853130340576,0.0,0.0,True,False,inactive_raw_action,raw_action,0,0,10,10,raw_action_safe_or_candidate_not_better,0,0,0,False,False,False,False,False,False,False,False,True,0.34958376576917305,12.878446615356925,0.0,False,max_steps,,inf,,False,,inf,inf,inf,inf,inf,1.3884738512320838,inf,inf,0.0,{'ROAD_LINE_BROKEN_SINGLE_WHITE'},False,False,,False,False,,0,False,object_list_uncertain,False,0,0,,inf,inf,inf,inf,False,False,inf,inf,0.0,False,False,1,0,,False,False,0.0,inf,inf,2.3884738512320838,0.0,,False,raw_action_safe_or_candidate_not_better,candidate_not_better,False,False,0.0,inf,inf,2.4149834897076636,False,-8.481798275860996,,,
6000,1029,1,98,98,0.2255265712738037,0.911449670791626,0.2255265712738037,0.911449670791626,0.0,0.0,True,False,inactive_raw_action,raw_action,0,0,10,10,raw_action_safe_or_candidate_not_better,0,0,0,False,False,False,False,False,False,False,False,True,0.35436903219130506,13.037411830484759,0.0,False,max_steps,,inf,,False,,inf,inf,inf,inf,inf,1.5826643533988336,inf,inf,0.0,{'ROAD_LINE_BROKEN_SINGLE_WHITE'},False,False,,False,False,,0,False,object_list_uncertain,False,0,0,,inf,inf,inf,inf,False,False,inf,inf,0.0,False,False,1,0,,False,False,0.0,inf,inf,2.5826643533988327,0.0,,False,raw_action_safe_or_candidate_not_better,candidate_not_better,False,False,0.0,inf,inf,2.6091739918744117,False,-8.26167623128812,,,
6000,1029,1,99,99,0.0241854190826416,0.8974120616912842,0.0241854190826416,0.8974120616912842,0.0,0.0,True,False,inactive_raw_action,raw_action,0,0,10,10,raw_action_safe_or_candidate_not_better,0,0,0,False,False,False,False,False,False,False,False,True,0.35917025480096926,13.292660681778441,0.0,False,max_steps,,inf,,False,,inf,inf,inf,inf,inf,1.8515056200309172,inf,inf,0.0,{'ROAD_LINE_BROKEN_SINGLE_WHITE'},False,False,,False,False,,0,False,object_list_uncertain,False,0,0,,inf,inf,inf,inf,False,False,inf,inf,0.0,False,False,1,0,,False,False,0.0,inf,inf,2.8515056200309057,0.0,,False,raw_action_safe_or_candidate_not_better,candidate_not_better,False,False,0.0,inf,inf,2.8780152585064918,False,-7.801489171008555,,,
6000,1029,1,100,100,-0.18942153453826904,0.8336725234985352,-0.18942153453826904,0.8336725234985352,0.0,0.0,True,False,inactive_raw_action,raw_action,0,0,10,10,raw_action_safe_or_candidate_not_better,0,0,0,False,False,False,False,False,False,False,False,True,0.3640464888357169,13.397597664221085,0.0,False,max_steps,,inf,,False,,inf,inf,inf,inf,inf,2.178507668523349,inf,inf,0.0,set(),False,False,,False,False,,0,False,object_list_uncertain,False,0,0,,inf,inf,inf,inf,False,False,inf,inf,2.517916184438986,False,False,1,0,,False,False,0.0,inf,inf,3.1785076685233453,0.0,,False,raw_action_safe_or_candidate_not_better,candidate_not_better,False,False,0.0,inf,inf,3.2050173069989234,False,-6.7939589706557655,,,
6000,1029,1,101,101,-0.3555563688278198,0.5609011650085449,-0.3555563688278198,0.5609011650085449,0.0,0.0,True,False,inactive_raw_action,raw_action,0,0,10,10,raw_action_safe_or_candidate_not_better,0,0,0,False,False,False,False,False,False,False,False,True,0.36898310779031007,13.387914660845835,0.0,False,max_steps,,inf,,False,,inf,inf,inf,inf,inf,2.516057116536649,inf,inf,0.0,set(),False,False,,False,False,,0,False,object_list_uncertain,False,0,0,,inf,inf,inf,inf,False,False,inf,inf,4.763601176506529,False,False,1,0,,False,False,0.0,inf,inf,3.516057116536649,0.0,,False,raw_action_safe_or_candidate_not_better,candidate_not_better,False,False,0.0,inf,inf,3.516057116536649,False,-4.339103347771157,,,
6000,1029,1,102,102,-0.3797847032546997,0.4854164123535156,-0.3797847032546997,0.4854164123535156,0.0,0.0,True,False,inactive_raw_action,raw_action_safe,0,0,0,0,low_risk_verified_passthrough,0,0,0,False,False,False,False,False,False,False,False,True,0.37396071564693345,13.363280269743594,0.0,False,max_steps,,inf,,False,,inf,inf,inf,inf,inf,inf,inf,inf,0.0,{'ROAD_LINE_BROKEN_SINGLE_WHITE'},False,False,,False,False,,0,True,,False,0,0,,inf,inf,inf,inf,False,False,2.878360771108806,inf,0.0,False,False,1,-1,,False,False,0.0,33.9098432236836,inf,3.6098302431388167,0.0,,False,low_risk_verified,,False,False,0.0,inf,inf,inf,False,0.0,,,
6000,1029,1,103,103,-0.3086920976638794,0.6398251056671143,-0.3086920976638794,0.6398251056671143,0.0,0.0,True,False,inactive_raw_action,raw_action_safe,0,0,0,0,low_risk_verified_passthrough,0,0,0,False,False,False,False,False,False,False,False,True,0.37897870537671347,13.405227359400188,0.0,False,max_steps,,inf,,False,,inf,inf,inf,inf,inf,inf,inf,inf,0.0,set(),False,False,,False,False,,0,True,,False,0,0,,inf,inf,inf,inf,False,False,2.9743835412755337,inf,0.0,False,False,1,-1,,False,False,0.0,34.01856980685783,inf,3.3561888761801986,0.0,,False,low_risk_verified,,False,False,0.0,inf,inf,inf,False,0.0,,,
6000,1029,1,104,104,-0.2106519341468811,0.7605454921722412,-0.2106519341468811,0.7605454921722412,0.0,0.0,True,False,inactive_raw_action,raw_action_safe,0,0,0,0,low_risk_verified_passthrough,0,0,0,False,False,False,False,False,False,False,False,True,0.38405074958237245,13.529745006084237,0.0,False,max_steps,,inf,,False,,inf,inf,inf,inf,inf,inf,inf,inf,0.0,{'ROAD_LINE_BROKEN_SINGLE_WHITE'},False,False,,False,False,,0,True,,False,0,0,,inf,inf,inf,inf,False,False,3.096189695057812,inf,0.0,False,False,1,-1,,False,False,0.0,33.73949934991181,inf,3.171448571233294,0.0,,False,low_risk_verified,,False,False,0.0,inf,inf,inf,False,0.0,,,
6000,1029,1,105,105,-0.08391982316970825,0.8175513744354248,-0.08391982316970825,0.8175513744354248,0.0,0.0,True,False,inactive_raw_action,raw_action,0,0,10,10,raw_action_safe_or_candidate_not_better,0,0,0,False,False,False,False,False,False,False,False,True,0.3891939028846423,13.769356655493311,0.0,False,max_steps,,inf,,False,,inf,inf,inf,32.143250467615196,inf,2.0614780016227034,inf,inf,0.0,set(),False,False,,False,False,,0,False,route_deviation_rising,False,0,0,,inf,inf,inf,inf,False,False,3.212155740100743,inf,0.0,False,False,1,0,,False,False,0.0,33.64323077040749,inf,3.0614780016227043,0.0,,False,raw_action_safe_or_candidate_not_better,vehicle_margin_worse,False,False,0.0,32.91365797825522,inf,3.0879876400982886,True,-6.88736169475834,,,
6000,1029,1,106,106,0.05233275890350342,0.794052243232727,0.05233275890350342,0.794052243232727,0.0,0.0,True,False,inactive_raw_action,raw_action_safe,0,0,0,0,low_risk_verified_passthrough,0,0,0,False,False,False,False,False,False,False,False,True,0.3944223003844347,13.964043135946557,0.0,False,max_steps,,inf,,False,,inf,inf,inf,inf,inf,inf,inf,inf,0.0,set(),False,False,,False,False,,0,True,,False,0,0,,inf,inf,inf,inf,False,False,3.270201695964924,inf,0.7205884221082817,False,False,1,-1,,False,False,0.0,33.360669318462904,inf,3.0164216585440893,0.0,,False,low_risk_verified,,False,False,0.0,inf,inf,inf,False,0.0,,,
6000,1029,1,107,107,0.13326287269592285,0.5766588449478149,0.13326287269592285,0.5766588449478149,0.0,0.0,True,False,inactive_raw_action,raw_action_safe,0,0,0,0,low_risk_verified_passthrough,0,0,0,False,False,False,False,False,False,False,False,True,0.3997166327823447,14.066952714041877,0.0,False,max_steps,,inf,,False,,inf,inf,inf,inf,inf,inf,inf,inf,0.0,{'ROAD_LINE_BROKEN_SINGLE_WHITE'},False,False,,False,False,,0,True,,False,0,0,,inf,inf,inf,inf,False,False,3.2452859621855987,inf,1.8608885027460214,False,False,1,-1,,False,False,0.0,32.95150587542673,inf,3.003229004888078,0.0,,False,low_risk_verified,,False,False,0.0,inf,inf,inf,False,0.0,,,
6000,1029,1,108,108,0.09772884845733643,0.1784672737121582,0.09772884845733643,0.1784672737121582,0.0,0.0,True,False,inactive_raw_action,raw_action_safe,0,0,0,0,low_risk_verified_passthrough,0,0,0,False,False,False,False,False,False,False,False,True,0.40504079631346707,14.1104973401289,0.0,False,max_steps,,inf,,False,,inf,inf,inf,inf,inf,inf,inf,inf,0.0,{'ROAD_LINE_BROKEN_SINGLE_WHITE'},False,False,,False,False,,0,True,,False,0,0,,inf,inf,inf,inf,False,False,3.120707362431067,inf,1.374747090047116,False,False,1,-1,,False,False,0.0,32.45437633512918,inf,2.972178322820216,0.0,,False,low_risk_verified,,False,False,0.0,inf,inf,inf,False,0.0,,,
6000,1029,1,109,109,0.040061354637145996,0.15419328212738037,0.040061354637145996,0.15419328212738037,0.0,0.0,True,False,inactive_raw_action,raw_action_safe,0,0,0,0,low_risk_verified_passthrough,0,0,0,False,False,False,False,False,False,False,False,True,0.41037426762064994,14.159322625119083,0.0,False,max_steps,,inf,,False,,inf,inf,inf,inf,inf,inf,inf,inf,0.0,{'ROAD_LINE_BROKEN_SINGLE_WHITE'},False,False,,False,False,,0,True,,False,0,0,,inf,inf,inf,inf,False,False,2.9326517545784583,inf,0.5652856380494091,False,False,1,-1,,False,False,0.0,32.17793600195162,inf,2.8980411119742606,0.0,,False,low_risk_verified,,False,False,0.0,inf,inf,inf,False,0.0,,,
6000,1029,1,110,110,-0.0719527006149292,0.06492996215820312,-0.0719527006149292,0.06492996215820312,0.0,0.0,True,False,inactive_raw_action,raw_action_safe,0,0,0,0,low_risk_verified_passthrough,0,0,0,False,False,False,False,False,False,False,False,True,0.4157181451370929,14.156229926221082,0.0,False,max_steps,,inf,,False,,inf,inf,inf,inf,inf,inf,inf,inf,0.0,{'ROAD_LINE_BROKEN_SINGLE_WHITE'},False,False,,False,False,,0,True,,False,0,0,,inf,inf,inf,inf,False,False,2.7380274091989816,inf,0.0,False,False,1,-1,,False,False,0.0,31.893834455243717,inf,2.78690133765175,0.0,,False,low_risk_verified,,False,False,0.0,inf,inf,inf,False,0.0,,,
6000,1029,1,111,111,-0.1758672595024109,-0.20013660192489624,-0.1758672595024109,-0.20013660192489624,0.0,0.0,True,False,inactive_raw_action,raw_action_safe,0,0,0,0,low_risk_verified_passthrough,0,0,0,False,False,False,False,False,False,False,False,True,0.42102976340482945,13.678335485280783,0.0,False,max_steps,,inf,,False,,inf,inf,inf,inf,inf,inf,inf,inf,0.0,{'ROAD_LINE_BROKEN_SINGLE_WHITE'},False,False,,False,False,,0,True,,False,0,0,,inf,inf,inf,inf,False,False,2.6165690707530493,inf,0.0,False,False,1,-1,,False,False,0.0,31.00960484486924,inf,2.6672123499198173,0.0,,False,low_risk_verified,,False,False,0.0,inf,inf,inf,False,0.0,,,
6000,1029,1,112,112,-0.15233594179153442,-0.1831423044204712,-0.15233594179153442,-0.1831423044204712,0.0,0.0,True,False,inactive_raw_action,raw_action_safe,0,0,0,0,low_risk_verified_passthrough,0,0,0,False,False,False,False,False,False,False,False,True,0.42617280108255196,13.185861963552917,0.0,False,max_steps,,inf,,False,,inf,inf,inf,inf,inf,inf,inf,inf,0.0,{'ROAD_LINE_BROKEN_SINGLE_WHITE'},False,False,,False,False,,0,True,,False,0,0,,inf,inf,inf,inf,False,False,2.714580025929124,inf,0.0,False,False,1,-1,,False,False,0.0,30.70347304187018,inf,2.5820158548636676,0.0,,False,low_risk_verified,,False,False,0.0,inf,inf,inf,False,0.0,,,
6000,1029,1,113,113,-0.032190918922424316,0.07698667049407959,-0.032190918922424316,0.07698667049407959,0.0,0.0,True,False,inactive_raw_action,raw_action_safe,0,0,0,0,low_risk_verified_passthrough,0,0,0,False,False,False,False,False,False,False,False,True,0.43117732055256747,13.211324673429353,0.0,False,max_steps,,inf,,False,,inf,inf,inf,inf,inf,inf,inf,inf,0.0,{'ROAD_LINE_BROKEN_SINGLE_WHITE'},False,False,,False,False,,0,True,,False,0,0,,inf,inf,inf,inf,False,False,2.916252742817073,inf,0.0,False,False,1,-1,,False,False,0.0,31.075482269257154,inf,2.558547837285541,0.0,,False,low_risk_verified,,False,False,0.0,inf,inf,inf,False,0.0,,,
6000,1029,1,114,114,0.08228147029876709,0.15655875205993652,0.08228147029876709,0.15655875205993652,0.0,0.0,True,False,inactive_raw_action,raw_action_safe,0,0,0,0,low_risk_verified_passthrough,0,0,0,False,False,False,False,False,False,False,False,True,0.43618207127167763,13.229557333999768,0.0,False,max_steps,,inf,,False,,inf,inf,inf,inf,inf,inf,inf,inf,0.0,{'ROAD_LINE_BROKEN_SINGLE_WHITE'},False,False,,False,False,,0,True,,False,0,0,,inf,inf,inf,inf,False,False,2.982003311903134,inf,1.087047218724146,False,False,1,-1,,False,False,0.0,30.775863681563354,inf,2.582713944463275,0.0,,False,low_risk_verified,,False,False,0.0,inf,inf,inf,False,0.0,,,
6000,1029,1,115,115,0.10587036609649658,-0.1326371431350708,0.10587036609649658,-0.1326371431350708,0.0,0.0,True,False,inactive_raw_action,raw_action_safe,0,0,0,0,low_risk_verified_passthrough,0,0,0,False,False,False,False,False,False,False,False,True,0.44115921663011165,12.844990906254267,0.0,False,max_steps,,inf,,False,,inf,inf,inf,inf,inf,inf,inf,inf,0.0,{'ROAD_LINE_BROKEN_SINGLE_WHITE'},False,False,,False,False,,0,True,,False,0,0,,inf,inf,inf,inf,False,False,2.9399998832027436,inf,1.4006180782451467,False,False,1,-1,,False,False,0.0,29.893181650169847,inf,2.6119412012381775,0.0,,False,low_risk_verified,,False,False,0.0,inf,inf,inf,False,0.0,,,
6000,1029,1,116,116,0.0761117935180664,-0.18721288442611694,0.0761117935180664,-0.18721288442611694,0.0,0.0,True,False,inactive_raw_action,raw_action_safe,0,0,0,0,low_risk_verified_passthrough,0,0,0,False,False,False,False,False,False,False,False,True,0.4459817430626223,12.317852025912092,0.0,False,max_steps,,inf,,False,,inf,inf,inf,inf,inf,inf,inf,inf,0.0,{'ROAD_LINE_BROKEN_SINGLE_WHITE'},False,False,,False,False,,0,True,,False,0,0,,inf,inf,inf,inf,False,False,2.902808496494214,inf,0.9776552955982655,False,False,1,-1,,False,False,0.0,29.234074896488075,inf,2.609947068242574,0.0,,False,low_risk_verified,,False,False,0.0,inf,inf,inf,False,0.0,,,
6000,1029,1,117,117,-0.009692668914794922,0.01690959930419922,-0.009692668914794922,0.01690959930419922,0.0,0.0,True,False,inactive_raw_action,raw_action_safe,0,0,0,0,low_risk_verified_passthrough,0,0,0,False,False,False,False,False,False,False,False,True,0.4506523677460719,12.320161916073824,0.0,False,max_steps,,inf,,False,,inf,inf,inf,inf,inf,inf,inf,inf,0.0,{'ROAD_LINE_BROKEN_SINGLE_WHITE'},False,False,,False,False,,0,True,,False,0,0,,inf,inf,inf,inf,False,False,2.8662806169556614,inf,0.0,False,False,1,-1,,False,False,0.0,29.56193255798706,inf,2.5722940988822205,0.0,,False,low_risk_verified,,False,False,0.0,inf,inf,inf,False,0.0,,,
6000,1029,1,118,118,-0.08920085430145264,-0.009780704975128174,-0.08920085430145264,-0.009780704975128174,0.0,0.0,True,False,inactive_raw_action,raw_action_safe,0,0,0,0,low_risk_verified_passthrough,0,0,0,False,False,False,False,False,False,False,False,True,0.4553127885632193,12.27260907930036,0.0,False,max_steps,,inf,,False,,inf,inf,inf,inf,inf,inf,inf,inf,0.0,{'ROAD_LINE_BROKEN_SINGLE_WHITE'},False,False,,False,False,,0,True,,False,0,0,,inf,inf,inf,inf,False,False,2.6931861617010813,inf,0.0,False,False,1,-1,,False,False,0.0,29.329061140458293,inf,2.51928315833046,0.0,,False,low_risk_verified,,False,False,0.0,inf,inf,inf,False,0.0,,,
6000,1029,1,119,119,-0.10947561264038086,-0.13629454374313354,-0.10947561264038086,-0.13629454374313354,0.0,0.0,True,False,inactive_raw_action,raw_action_safe,0,0,0,0,low_risk_verified_passthrough,0,0,0,False,False,False,False,False,False,False,False,True,0.4599265259693803,11.875422798160374,0.0,False,max_steps,,inf,,False,,inf,inf,inf,inf,inf,inf,inf,inf,0.0,{'ROAD_LINE_BROKEN_SINGLE_WHITE'},False,False,,False,False,,0,True,,False,0,0,,inf,inf,inf,inf,False,False,2.630365364492649,inf,0.0,False,False,1,-1,,False,False,0.0,28.59348333403492,inf,2.4805019922538034,0.0,,False,low_risk_verified,,False,False,0.0,inf,inf,inf,False,0.0,,,
6000,1029,1,120,120,-0.04728299379348755,0.03853714466094971,-0.04728299379348755,0.03853714466094971,0.0,0.0,True,False,inactive_raw_action,raw_action_safe,0,0,0,0,low_risk_verified_passthrough,0,0,0,False,False,False,False,False,False,False,False,True,0.46443189426855175,11.889813155814117,0.0,False,max_steps,,inf,,False,,inf,inf,inf,inf,inf,inf,inf,inf,0.0,{'ROAD_LINE_BROKEN_SINGLE_WHITE'},False,False,,False,False,,0,True,,False,0,0,,inf,inf,inf,inf,False,False,2.7809939414279565,inf,0.0,False,False,1,-1,,False,False,0.0,28.831836150692936,inf,2.478805405644916,0.0,,False,low_risk_verified,,False,False,0.0,inf,inf,inf,False,0.0,,,
6000,1029,1,121,121,0.6002039909362793,0.18975675106048584,0.6002039909362793,0.18975675106048584,0.0,0.0,True,False,inactive_raw_action,raw_action_safe,0,0,0,0,low_risk_verified_passthrough,0,0,0,False,False,False,False,False,False,False,False,True,0.4684571858506625,11.716609899559256,0.0,False,max_steps,,inf,,False,,inf,inf,inf,inf,inf,inf,inf,inf,0.0,set(),False,False,,False,False,,0,True,,False,0,0,,inf,inf,inf,inf,False,False,2.807835313093401,inf,7.1363133076063106,False,False,1,-1,,False,False,0.0,28.893854137779606,inf,2.5148475619365445,0.0,,False,low_risk_verified,,False,False,0.0,inf,inf,inf,False,0.0,,,
6000,1029,1,122,122,0.7356581687927246,0.155784010887146,0.7356581687927246,0.155784010887146,0.0,0.0,True,False,inactive_raw_action,raw_action_safe,0,0,0,0,low_risk_verified_passthrough,0,0,0,False,False,False,False,False,False,False,False,True,0.4724033887885493,11.498431589216693,0.0,False,max_steps,,inf,,False,,inf,inf,inf,inf,inf,inf,inf,inf,0.0,set(),False,False,,False,False,,0,True,,False,0,0,,inf,inf,inf,inf,False,False,2.8305616861004332,inf,8.619419783168471,False,False,1,-1,,False,False,0.0,28.466983734417475,inf,2.620479887349974,0.0,,False,low_risk_verified,,False,False,0.0,inf,inf,inf,False,0.0,,,
6000,1029,1,123,123,0.7870681285858154,0.2549581527709961,0.7870681285858154,0.2549581527709961,0.0,0.0,True,False,inactive_raw_action,raw_action_safe,0,0,0,0,low_risk_verified_passthrough,0,0,0,False,False,False,False,False,False,False,False,True,0.4762585532728988,11.284796855043808,0.0,False,max_steps,,inf,,False,,inf,inf,inf,inf,inf,inf,inf,inf,0.0,set(),False,False,,False,False,,0,True,,False,0,0,,inf,inf,inf,inf,False,False,2.7353900675579617,inf,9.050049032596807,False,False,1,-1,,False,False,0.0,28.1881821526176,inf,2.6898520035196385,0.0,,False,low_risk_verified,,False,False,0.0,inf,inf,inf,False,0.0,,,
6000,1029,1,124,124,0.7825560569763184,0.45189034938812256,0.7825560569763184,0.45189034938812256,0.0,0.0,True,False,inactive_raw_action,raw_action_safe,0,0,0,0,low_risk_verified_passthrough,0,0,0,False,False,False,False,False,False,False,False,True,0.48003138487732255,11.118550321264202,0.0,False,max_steps,,inf,,False,,inf,inf,inf,inf,inf,inf,inf,inf,0.0,set(),False,False,,False,False,,0,True,,False,0,0,,inf,inf,inf,inf,False,False,2.527850613885518,inf,8.83098613066184,False,False,1,-1,,False,False,0.0,28.064248203201323,inf,2.7968128877302205,0.0,,False,low_risk_verified,,False,False,0.0,inf,inf,inf,False,0.0,,,
6000,1029,1,125,125,0.7900185585021973,0.6797676086425781,0.7900185585021973,0.6797676086425781,0.0,0.0,True,False,inactive_raw_action,raw_action_safe,0,0,0,0,low_risk_verified_passthrough,0,0,0,False,False,False,False,False,False,False,False,True,0.4837411621418533,10.998398110831243,0.0,False,max_steps,,inf,,False,,inf,inf,inf,inf,inf,inf,inf,inf,0.0,set(),False,False,,False,False,,0,True,,False,0,0,,inf,inf,inf,inf,False,False,2.212045839401303,inf,8.783861097439287,False,False,1,-1,,False,False,0.0,27.680244157317937,inf,2.8951116884829227,0.0,,False,low_risk_verified,,False,False,0.0,inf,inf,inf,False,0.0,,,
6000,1029,1,126,126,0.7418148517608643,0.7694070339202881,0.24626746773719788,0.30000001192092896,-0.4955473840236664,-0.46940702199935913,True,True,predictive_recovery,right_pass,-0.21621097075167361,14.46072976347254,10,10,,0,0,0,False,False,False,False,False,False,False,False,True,0.48741566800374264,11.037799928386718,0.0,False,max_steps,,inf,,False,,inf,inf,inf,17.476951391100116,inf,1.9329529222309159,inf,inf,0.0,set(),True,True,vehicle_ttc,True,False,right,12,False,vehicle_ttc_low,False,0,0,,inf,inf,inf,inf,False,False,1.8057876111739082,inf,8.158775064193248,True,False,1,0,,False,False,0.0,27.374572939956074,inf,2.9329529222309163,0.0,,True,vehicle_ttc,,False,False,0.0,27.235796304269122,inf,2.952628848156842,False,-6.654500271066823,,,
6000,1029,1,127,127,0.5776453018188477,0.7681746482849121,0.22216898202896118,0.30000001192092896,-0.3554763197898865,-0.46817463636398315,True,True,predictive_recovery,right_pass,-0.3152401717639012,14.494585845668823,10,10,,0,0,0,False,False,False,False,False,False,False,False,True,0.491099245205357,11.10172262715131,0.0,False,max_steps,,inf,,False,,inf,inf,inf,17.073688695349496,inf,2.0319821232431434,inf,inf,0.0,set(),True,True,vehicle_ttc,True,False,right,12,False,vehicle_ttc_low,False,0,0,,inf,inf,inf,inf,False,False,1.2916041496610187,inf,6.375933271049001,True,False,1,0,,False,False,0.0,27.17211868328343,inf,3.0319821232431434,0.0,,True,vehicle_ttc,,False,False,0.0,27.035423829083378,inf,3.05165804916907,False,-6.534210385914463,,,
6000,1029,1,128,128,0.6376621723175049,0.7984428405761719,0.19726376235485077,0.30000001192092896,-0.4403983950614929,-0.4984428286552429,True,True,predictive_recovery,right_pass,-0.34023849399416706,14.694715409744083,10,10,,0,0,0,False,False,False,False,False,False,False,False,True,0.4948019440693093,11.176386199475038,0.0,False,max_steps,,inf,,False,,inf,inf,inf,16.737293023181156,inf,2.0569804454734095,inf,inf,0.0,set(),True,True,vehicle_ttc,True,False,right,12,False,vehicle_ttc_low,False,0,0,,inf,inf,inf,inf,False,False,0.7228890951659311,inf,7.079148566895701,True,False,1,0,,False,False,0.0,27.02204393735383,inf,3.056980445473409,0.0,,True,vehicle_ttc,,False,False,0.0,26.92214950594895,inf,3.0766563713993356,False,-6.799155222756212,,,
6000,1029,1,129,129,0.59040367603302,0.7800984382629395,0.16566267609596252,0.30000001192092896,-0.4247409999370575,-0.4800984263420105,True,True,predictive_recovery,right_pass,-0.35246774694483585,14.686829171658266,10,10,,0,0,0,False,False,False,False,False,False,False,False,True,0.4985283123509561,11.260214291630387,0.0,False,max_steps,,inf,,False,,inf,inf,inf,16.64928910321569,inf,2.069209698424078,inf,inf,0.0,set(),True,True,vehicle_ttc,True,False,right,12,False,vehicle_ttc_low,False,0,0,,inf,inf,inf,inf,False,False,0.14379894975912696,inf,6.598579496934776,True,False,1,0,,False,False,0.0,26.812690741891217,inf,3.069209698424078,0.0,,True,vehicle_ttc,,False,False,0.0,26.747072982510698,inf,3.0888856243500045,False,-6.620892540954671,,,
6000,1029,1,130,130,0.58315110206604,0.7697460651397705,0.58315110206604,0.7697460651397705,0.0,0.0,True,False,inactive_raw_action,raw_action_safe,0,0,0,0,low_risk_verified_passthrough,0,0,0,False,False,False,False,False,False,False,False,True,0.5022717652747379,11.22936982457685,0.0,False,max_steps,,inf,,False,,inf,inf,inf,inf,inf,inf,inf,inf,0.0,set(),False,False,,False,False,,0,True,,False,0,0,,inf,inf,inf,inf,False,False,inf,inf,6.566406373664035,False,False,1,-1,,False,False,0.0,26.684425315742068,inf,3.1011135051823957,0.0,,False,low_risk_verified,,False,False,0.0,inf,inf,inf,False,0.0,,,
6000,1029,1,131,131,0.5332334041595459,0.7943215370178223,0.5332334041595459,0.7943215370178223,0.0,0.0,True,False,inactive_raw_action,raw_action_safe,0,0,0,0,low_risk_verified_passthrough,0,0,0,False,False,False,False,False,False,False,False,True,0.5060089930568901,11.221774800280103,0.0,False,max_steps,,inf,,False,,inf,inf,inf,inf,inf,inf,inf,inf,0.0,set(),False,False,,False,False,,0,True,,False,0,0,,inf,inf,inf,inf,False,False,inf,inf,5.987875098125596,False,False,1,-1,,False,False,0.0,26.593456377106556,inf,3.070809148729095,0.0,,False,low_risk_verified,,False,False,0.0,inf,inf,inf,False,0.0,,,
6000,1029,1,132,132,0.537834882736206,0.8590278625488281,0.537834882736206,0.8590278625488281,0.0,0.0,True,False,inactive_raw_action,raw_action_safe,0,0,0,0,low_risk_verified_passthrough,0,0,0,False,False,False,False,False,False,False,False,True,0.5097466537178929,11.222174436803638,0.0,False,max_steps,,inf,,False,,inf,inf,inf,inf,inf,inf,inf,inf,0.0,set(),False,False,,False,False,,0,True,,False,0,0,,inf,inf,inf,inf,False,False,inf,inf,6.035461933800762,False,False,1,-1,,False,False,0.0,26.518643358321714,inf,3.0813216498231895,0.0,,False,low_risk_verified,,False,False,0.0,inf,inf,inf,False,0.0,,,
6000,1029,1,133,133,0.41173434257507324,0.8537431955337524,0.41173434257507324,0.8537431955337524,0.0,0.0,True,False,inactive_raw_action,raw_action_safe,0,0,0,0,low_risk_verified_passthrough,0,0,0,False,False,False,False,False,False,False,False,True,0.5134929869892377,11.27430029408127,0.0,False,max_steps,,inf,,False,,inf,inf,inf,inf,inf,inf,inf,inf,0.0,set(),False,False,,False,False,,0,True,,False,0,0,,inf,inf,inf,inf,False,False,inf,inf,4.620554614000138,False,False,1,-1,,False,False,0.0,26.431587715214786,inf,3.0446995246214095,0.0,,False,low_risk_verified,,False,False,0.0,inf,inf,inf,False,0.0,,,
6000,1029,1,134,134,0.3319278955459595,0.8842835426330566,0.3319278955459595,0.8842835426330566,0.0,0.0,True,False,inactive_raw_action,raw_action_safe,0,0,0,0,low_risk_verified_passthrough,0,0,0,False,False,False,False,False,False,False,False,True,0.5172660811699221,11.37138326861147,0.0,False,max_steps,,inf,,False,,inf,inf,inf,inf,inf,inf,inf,inf,0.0,set(),False,False,,False,False,,0,True,,False,0,0,,inf,inf,inf,inf,False,False,inf,inf,3.742254770367588,False,False,1,-1,,False,False,0.0,26.41280106071651,inf,2.961869771690506,0.0,,False,low_risk_verified,,False,False,0.0,inf,inf,inf,False,0.0,,,
6000,1029,1,135,135,0.22258460521697998,0.8945997953414917,0.22258460521697998,0.8945997953414917,0.0,0.0,True,False,inactive_raw_action,raw_action_safe,0,0,0,0,low_risk_verified_passthrough,0,0,0,False,False,False,False,False,False,False,False,True,0.5210892566232924,11.582952838371636,0.0,False,max_steps,,inf,,False,,inf,inf,inf,inf,inf,inf,inf,inf,0.0,set(),False,False,,False,False,,0,True,,False,0,0,,inf,inf,inf,inf,False,False,inf,inf,2.531094855614856,False,False,1,-1,,False,False,0.0,26.481272893209752,inf,2.9114191423553826,0.0,,False,low_risk_verified,,False,False,0.0,inf,inf,inf,False,0.0,,,
6000,1029,1,136,136,0.16436386108398438,0.8613376617431641,0.16436386108398438,0.8613376617431641,0.0,0.0,True,False,inactive_raw_action,raw_action_safe,0,0,0,0,low_risk_verified_passthrough,0,0,0,False,False,False,False,False,False,False,False,True,0.524998302763793,11.820200200420924,0.0,False,max_steps,,inf,,False,,inf,inf,inf,inf,inf,inf,inf,inf,0.0,set(),False,False,,False,False,,0,True,,False,0,0,,inf,inf,inf,inf,False,False,inf,inf,1.9038188512684582,False,False,1,-1,,False,False,0.0,26.63799386176175,inf,2.7802371140732958,0.0,,False,low_risk_verified,,False,False,0.0,inf,inf,inf,False,0.0,,,
6000,1029,1,137,137,0.07372868061065674,0.8809092044830322,0.07372868061065674,0.8809092044830322,0.0,0.0,True,False,inactive_raw_action,raw_action_safe,0,0,0,0,low_risk_verified_passthrough,0,0,0,False,False,False,False,False,False,False,False,True,0.5290131465195731,12.088510861935587,0.0,False,max_steps,,inf,,False,,inf,inf,inf,inf,inf,inf,inf,inf,0.0,set(),False,False,,False,False,,0,True,,False,0,0,,inf,inf,inf,inf,False,False,inf,inf,0.871487765330855,False,False,1,-1,,False,False,0.0,26.870802430864185,inf,2.6678501440905236,0.0,,False,low_risk_verified,,False,False,0.0,inf,inf,inf,False,0.0,,,
6000,1029,1,138,138,-0.013561367988586426,0.8346956968307495,-0.013561367988586426,0.8346956968307495,0.0,0.0,True,False,inactive_raw_action,raw_action_safe,0,0,0,0,low_risk_verified_passthrough,0,0,0,False,False,False,False,False,False,False,False,True,0.533146517499079,12.33233276172889,0.0,False,max_steps,,inf,,False,,inf,inf,inf,inf,inf,inf,inf,inf,0.0,set(),False,False,,False,False,,0,True,,False,0,0,,inf,inf,inf,inf,False,False,inf,inf,0.0,False,False,1,-1,,False,False,0.0,27.163166096524982,inf,2.549018430729699,0.0,,False,low_risk_verified,,False,False,0.0,inf,inf,inf,False,0.0,,,
6000,1029,1,139,139,-0.0039081573486328125,0.629679799079895,-0.0039081573486328125,0.629679799079895,0.0,0.0,True,False,inactive_raw_action,raw_action_safe,0,0,0,0,low_risk_verified_passthrough,0,0,0,False,False,False,False,False,False,False,False,True,0.5373790128849485,12.52100231904892,0.0,False,max_steps,,inf,,False,,inf,inf,inf,inf,inf,inf,inf,inf,0.0,set(),False,False,,False,False,,0,True,,False,0,0,,inf,inf,inf,inf,False,False,inf,inf,0.0,False,False,1,-1,,False,False,0.0,27.49922250792097,inf,2.4419292329425835,0.0,,False,low_risk_verified,,False,False,0.0,inf,inf,inf,False,0.0,,,
6000,1029,1,140,140,0.07368302345275879,0.20583081245422363,0.07368302345275879,0.20583081245422363,0.0,0.0,True,False,inactive_raw_action,raw_action_safe,0,0,0,0,low_risk_verified_passthrough,0,0,0,False,False,False,False,False,False,False,False,True,0.5416623085536073,12.566411070939115,0.0,False,max_steps,,inf,,False,,inf,inf,inf,inf,inf,inf,inf,inf,0.0,set(),False,False,,False,False,,0,True,,False,0,0,,inf,inf,inf,inf,False,False,inf,inf,0.9225853075265288,False,False,1,-1,,False,False,0.0,27.834928831371677,inf,2.4085278834185995,0.0,,False,low_risk_verified,,False,False,0.0,inf,inf,inf,False,0.0,,,
6000,1029,1,141,141,0.18262994289398193,0.06468749046325684,0.18262994289398193,0.06468749046325684,0.0,0.0,True,False,inactive_raw_action,raw_action_safe,0,0,0,0,low_risk_verified_passthrough,0,0,0,False,False,False,False,False,False,False,False,True,0.545943471457495,12.532695509129123,0.0,False,max_steps,,inf,,False,,inf,inf,inf,inf,inf,inf,inf,inf,0.0,set(),False,False,,False,False,,0,True,,False,0,0,,inf,inf,inf,inf,False,False,inf,inf,2.2950029362679127,False,False,1,-1,,False,False,0.0,28.123368990069288,inf,2.419890652066515,0.0,,False,low_risk_verified,,False,False,0.0,inf,inf,inf,False,0.0,,,
6000,1029,1,142,142,0.304953932762146,0.23697733879089355,0.304953932762146,0.23697733879089355,0.0,0.0,True,False,inactive_raw_action,raw_action_safe,0,0,0,0,low_risk_verified_passthrough,0,0,0,False,False,False,False,False,False,False,False,True,0.5501992797442358,12.495349024515999,0.0,False,max_steps,,inf,,False,,inf,inf,inf,inf,inf,inf,inf,inf,0.0,set(),False,False,,False,False,,0,True,,False,0,0,,inf,inf,inf,inf,False,False,inf,inf,3.821894783619412,False,False,1,-1,,False,False,0.0,28.50867961891477,inf,2.510833477612185,0.0,,False,low_risk_verified,,False,False,0.0,inf,inf,inf,False,0.0,,,
6000,1029,1,143,143,0.28891682624816895,0.5369291305541992,0.28891682624816895,0.5369291305541992,0.0,0.0,True,False,inactive_raw_action,raw_action_safe,0,0,0,0,low_risk_verified_passthrough,0,0,0,False,False,False,False,False,False,False,False,True,0.5544362349052867,12.536239432320594,0.0,False,max_steps,,inf,,False,,inf,inf,inf,inf,inf,inf,inf,inf,0.0,set(),False,False,,False,False,,0,True,,False,0,0,,inf,inf,inf,inf,False,False,inf,inf,3.610116583026316,False,False,1,-1,,False,False,0.0,28.730916916484247,inf,2.541701865065829,0.0,,False,low_risk_verified,,False,False,0.0,inf,inf,inf,False,0.0,,,
6000,1029,1,144,144,0.18891680240631104,0.6940948963165283,0.18891680240631104,0.6940948963165283,0.0,0.0,True,False,inactive_raw_action,raw_action_safe,0,0,0,0,low_risk_verified_passthrough,0,0,0,False,False,False,False,False,False,False,False,True,0.5586856277974823,12.700860379141158,0.0,False,max_steps,,inf,,False,,inf,inf,inf,inf,inf,inf,inf,inf,0.0,set(),False,False,,False,False,,0,True,,False,0,0,,inf,inf,inf,inf,False,False,inf,inf,2.3683062677539146,False,False,1,-1,,False,False,0.0,29.2663194745872,inf,2.65241188047549,0.0,,False,low_risk_verified,,False,False,0.0,inf,inf,inf,False,0.0,,,
6000,1029,1,145,145,0.07930421829223633,0.7639057636260986,0.07930421829223633,0.7639057636260986,0.0,0.0,True,False,inactive_raw_action,raw_action_safe,0,0,0,0,low_risk_verified_passthrough,0,0,0,False,False,False,False,False,False,False,False,True,0.5629808521525652,12.930772049804343,0.0,False,max_steps,,inf,,False,,inf,inf,inf,inf,inf,inf,inf,inf,0.0,set(),False,False,,False,False,,0,True,,False,0,0,,inf,inf,inf,inf,False,False,inf,inf,1.007231804006626,False,False,1,-1,,False,False,0.0,29.718976593402683,inf,2.691849324820972,0.0,,False,low_risk_verified,,False,False,0.0,inf,inf,inf,False,0.0,,,
6000,1029,1,146,146,0.058156728744506836,0.7727773189544678,0.058156728744506836,0.7727773189544678,0.0,0.0,True,False,inactive_raw_action,raw_action_safe,0,0,0,0,low_risk_verified_passthrough,0,0,0,False,False,False,False,False,False,False,False,True,0.5673278254492611,13.163936451255871,0.0,False,max_steps,,inf,,False,,inf,inf,inf,inf,inf,inf,inf,inf,0.0,set(),False,False,,False,False,,0,True,,False,0,0,,inf,inf,inf,inf,False,False,inf,inf,0.7520114025575219,False,False,1,-1,,False,False,0.0,30.22270981585876,inf,2.778843355002826,0.0,,False,low_risk_verified,,False,False,0.0,inf,inf,inf,False,0.0,,,
6000,1029,1,147,147,0.060790061950683594,0.528516411781311,0.060790061950683594,0.528516411781311,0.0,0.0,True,False,inactive_raw_action,raw_action_safe,0,0,0,0,low_risk_verified_passthrough,0,0,0,False,False,False,False,False,False,False,False,True,0.5717084823655292,13.31966173036042,0.0,False,max_steps,,inf,,False,,inf,inf,inf,inf,inf,inf,inf,inf,0.0,set(),False,False,,False,False,,0,True,,False,0,0,,inf,inf,inf,inf,False,False,inf,inf,0.8002365123867063,False,False,1,-1,,False,False,0.0,30.74887135419961,inf,2.882280984734964,0.0,,False,low_risk_verified,,False,False,0.0,inf,inf,inf,False,0.0,,,
6000,1029,1,148,148,0.169935941696167,0.29161739349365234,0.169935941696167,0.29161739349365234,0.0,0.0,True,False,inactive_raw_action,raw_action_safe,0,0,0,0,low_risk_verified_passthrough,0,0,0,False,False,False,False,False,False,False,False,True,0.5760835673574488,13.343085910724898,0.0,False,max_steps,,inf,,False,,inf,inf,inf,inf,inf,inf,inf,inf,0.0,set(),False,False,,False,False,,0,True,,False,0,0,,inf,inf,inf,inf,False,False,inf,inf,2.2634892592231948,False,False,1,-1,,False,False,0.0,31.293852324932796,inf,3.0280556938385437,0.0,,False,low_risk_verified,,False,False,0.0,inf,inf,inf,False,0.0,,,
6000,1029,1,149,149,0.2896472215652466,0.22547495365142822,0.2896472215652466,0.22547495365142822,0.0,0.0,True,False,inactive_raw_action,raw_action_safe,0,0,0,0,low_risk_verified_passthrough,0,0,0,False,False,False,False,False,False,False,False,True,0.5804208374753147,13.307076976353972,0.0,False,max_steps,,inf,,False,,inf,inf,inf,inf,inf,inf,inf,inf,0.0,set(),False,False,,False,False,,0,True,,False,0,0,,inf,inf,inf,inf,False,False,inf,inf,3.8647877611478547,False,False,1,-1,,False,False,0.0,31.783774895684406,inf,3.2275275077876295,0.0,,False,low_risk_verified,,False,False,0.0,inf,inf,inf,False,0.0,,,
6000,1029,1,150,150,0.2777048349380493,0.21095478534698486,0.2777048349380493,0.21095478534698486,0.0,0.0,True,False,inactive_raw_action,raw_action_safe,0,0,0,0,low_risk_verified_passthrough,0,0,0,False,False,False,False,False,False,False,False,True,0.5847097943151116,13.276344373580459,0.0,False,max_steps,,inf,,False,,inf,inf,inf,inf,inf,inf,inf,inf,0.0,set(),False,False,,False,False,,0,True,,False,0,0,,inf,inf,inf,inf,False,False,inf,inf,3.695439615226296,False,False,1,-1,,False,False,0.0,32.321200345477145,inf,3.3974165377945265,0.0,,False,low_risk_verified,,False,False,0.0,inf,inf,inf,False,0.0,,,
6000,1029,1,151,151,0.3387683629989624,0.2512561082839966,0.3387683629989624,0.2512561082839966,0.0,0.0,True,False,inactive_raw_action,raw_action_safe,0,0,0,0,low_risk_verified_passthrough,0,0,0,False,False,False,False,False,False,False,False,True,0.5889543168278778,13.2285437173716,0.0,False,max_steps,,inf,,False,,inf,inf,inf,inf,inf,inf,inf,inf,0.0,set(),False,False,,False,False,,0,True,,False,0,0,,inf,inf,inf,inf,False,False,inf,inf,4.497605450048337,False,False,1,-1,,False,False,0.0,32.81801298610208,inf,3.604256920890639,0.0,,False,low_risk_verified,,False,False,0.0,inf,inf,inf,False,0.0,,,
6000,1029,1,152,152,0.2496495246887207,0.11117744445800781,0.2496495246887207,0.11117744445800781,0.0,0.0,True,False,inactive_raw_action,raw_action_safe,0,0,0,0,low_risk_verified_passthrough,0,0,0,False,False,False,False,False,False,False,False,True,0.5931551567180591,13.1920469845787,0.0,False,max_steps,,inf,,False,,inf,inf,inf,inf,inf,inf,inf,inf,0.0,set(),False,False,,False,False,,0,True,,False,0,0,,inf,inf,inf,inf,False,False,inf,inf,0.0,False,False,1,-1,,False,False,0.0,33.308837804377326,inf,3.6355142822265623,0.0,,False,low_risk_verified,,False,False,0.0,inf,inf,inf,False,0.0,,,
6000,1029,1,153,153,0.1227942705154419,0.8431968688964844,0.1227942705154419,0.8431968688964844,0.0,0.0,True,False,inactive_raw_action,raw_action_safe,0,0,0,0,low_risk_verified_passthrough,0,0,0,False,False,False,False,False,False,False,False,True,0.5981727562149918,13.413864727895653,0.0,False,max_steps,,inf,,False,,inf,inf,inf,inf,inf,inf,inf,inf,0.0,set(),False,False,,False,False,,0,True,,False,0,0,,inf,inf,inf,inf,False,False,inf,inf,0.0,False,False,1,-1,,False,False,0.0,33.86538362476308,inf,3.5307169189453123,0.0,,False,low_risk_verified,,False,False,0.0,inf,inf,inf,False,0.0,,,
6000,1029,1,154,154,-0.09135884046554565,0.8999426364898682,-0.09135884046554565,0.8999426364898682,0.0,0.0,True,False,inactive_raw_action,raw_action_safe,0,0,0,0,low_risk_verified_passthrough,0,0,0,False,False,False,False,False,False,False,False,True,0.6032636544484006,13.573484707794044,0.0,False,max_steps,,inf,,False,,inf,inf,inf,inf,inf,inf,inf,inf,0.0,set(),False,False,,False,False,,0,True,,False,0,0,,inf,inf,inf,inf,False,False,inf,inf,1.2254751277022289,False,False,1,-1,,False,False,0.0,34.464416929761036,inf,3.5014963378906248,0.0,,False,low_risk_verified,,False,False,0.0,inf,inf,inf,False,0.0,,,
6000,1029,1,155,155,-0.23778390884399414,0.831045389175415,-0.23778390884399414,0.831045389175415,0.0,0.0,True,False,inactive_raw_action,raw_action_safe,0,0,0,0,low_risk_verified_passthrough,0,0,0,False,False,False,False,False,False,False,False,True,0.6084109413282376,13.662196512191707,0.0,False,max_steps,,inf,,False,,inf,inf,inf,inf,inf,inf,inf,inf,0.0,set(),False,False,,False,False,,0,True,,False,0,0,,inf,inf,inf,inf,False,False,inf,inf,3.2275562504534476,False,False,1,-1,,False,False,0.0,35.06795349121169,inf,3.5204019775390623,0.0,,False,low_risk_verified,,False,False,0.0,inf,inf,inf,False,0.0,,,
6000,1029,1,156,156,-0.3283257484436035,0.524409294128418,-0.3283257484436035,0.524409294128418,0.0,0.0,True,False,inactive_raw_action,raw_action_safe,0,0,0,0,low_risk_verified_passthrough,0,0,0,False,False,False,False,False,False,False,False,True,0.6135838390453093,13.661903798194123,0.0,False,max_steps,,inf,,False,,inf,inf,inf,inf,inf,inf,inf,inf,0.0,set(),False,False,,False,False,,0,True,,False,0,0,,inf,inf,inf,inf,False,False,inf,inf,4.485650895248932,False,False,1,-1,,False,False,0.0,35.67811987287924,inf,3.5300455322265623,0.0,,False,low_risk_verified,,False,False,0.0,inf,inf,inf,False,0.0,,,
6000,1029,1,157,157,-0.23831939697265625,0.6657161712646484,-0.23831939697265625,0.6657161712646484,0.0,0.0,True,False,inactive_raw_action,raw_action_safe,0,0,0,0,low_risk_verified_passthrough,0,0,0,False,False,False,False,False,False,False,False,True,0.6187538316956293,13.743556298377786,0.0,False,max_steps,,inf,,False,,inf,inf,inf,inf,inf,inf,inf,inf,0.0,set(),False,False,,False,False,,0,True,,False,0,0,,inf,inf,inf,inf,False,False,inf,inf,3.2558966746840654,False,False,1,-1,,False,False,0.0,36.290468495058896,inf,3.4979105224609373,0.0,,False,low_risk_verified,,False,False,0.0,inf,inf,inf,False,0.0,,,
6000,1029,1,158,158,-0.06615239381790161,0.7899550199508667,-0.06615239381790161,0.7899550199508667,0.0,0.0,True,False,inactive_raw_action,raw_action_safe,0,0,0,0,low_risk_verified_passthrough,0,0,0,False,False,False,False,False,False,False,False,True,0.6239482066723684,13.98465440021244,0.0,False,max_steps,,inf,,False,,inf,inf,inf,inf,inf,inf,inf,inf,0.0,set(),False,False,,False,False,,0,True,,False,0,0,,inf,inf,inf,inf,False,False,inf,inf,0.9091691487087894,False,False,1,-1,,False,False,0.0,36.950180727314496,inf,3.4016885986328123,0.0,,False,low_risk_verified,,False,False,0.0,inf,inf,inf,False,0.0,,,
6000,1029,1,159,159,0.08956992626190186,0.8229496479034424,0.08956992626190186,0.8229496479034424,0.0,0.0,True,False,inactive_raw_action,raw_action_safe,0,0,0,0,low_risk_verified_passthrough,0,0,0,False,False,False,False,False,False,False,False,True,0.6292128524677503,14.147062140195036,0.0,False,max_steps,,inf,,False,,inf,inf,inf,inf,inf,inf,inf,inf,0.0,{'ROAD_LINE_BROKEN_SINGLE_WHITE'},False,False,,False,False,,0,True,,False,0,0,,inf,inf,inf,inf,False,False,inf,inf,0.0,False,False,1,-1,,False,False,0.0,37.685308738788436,inf,3.2456369628906248,0.0,,False,low_risk_verified,,False,False,0.0,inf,inf,inf,False,0.0,,,
6000,1029,1,160,160,0.18424725532531738,0.6663495302200317,0.18424725532531738,0.6663495302200317,0.0,0.0,True,False,inactive_raw_action,raw_action_safe,0,0,0,0,low_risk_verified_passthrough,0,0,0,False,False,False,False,False,False,False,False,True,0.6345448351088862,14.234542235943357,0.0,False,max_steps,,inf,,False,,inf,inf,inf,inf,inf,inf,inf,inf,0.0,{'ROAD_LINE_BROKEN_SINGLE_WHITE'},False,False,,False,False,,0,True,,False,0,0,,inf,inf,inf,inf,False,False,inf,inf,0.0,False,False,1,-1,,False,False,0.0,38.44425391825796,inf,3.0665292968749998,0.0,,False,low_risk_verified,,False,False,0.0,inf,inf,inf,False,0.0,,,
6000,1029,1,161,161,0.1894928216934204,0.4295625686645508,0.1894928216934204,0.4295625686645508,0.0,0.0,True,False,inactive_raw_action,raw_action_safe,0,0,0,0,low_risk_verified_passthrough,0,0,0,False,False,False,False,False,False,False,False,True,0.6399253800599026,14.28340285953452,0.0,False,max_steps,,inf,,False,,inf,inf,inf,inf,inf,inf,inf,inf,0.0,{'ROAD_LINE_BROKEN_SINGLE_WHITE'},False,False,,False,False,,0,True,,False,0,0,,inf,inf,inf,inf,False,False,inf,inf,0.0,False,False,1,-1,,False,False,0.0,39.22227693873479,inf,2.9108743896484373,0.0,,False,low_risk_verified,,False,False,0.0,inf,inf,inf,False,0.0,,,
6000,1029,1,162,162,0.14413225650787354,0.5369467735290527,0.14413225650787354,0.5369467735290527,0.0,0.0,True,False,inactive_raw_action,raw_action_safe,0,0,0,0,low_risk_verified_passthrough,0,0,0,False,False,False,False,False,False,False,False,True,0.6453455697775865,14.413258743233898,0.0,False,max_steps,,inf,,False,,inf,inf,inf,inf,inf,inf,inf,inf,0.0,{'ROAD_LINE_BROKEN_SINGLE_WHITE'},False,False,,False,False,,0,True,,False,0,0,,inf,inf,inf,inf,False,False,inf,inf,0.0,False,False,1,-1,,False,False,0.0,40.02205973473232,inf,2.8051309814453123,0.0,,False,low_risk_verified,,False,False,0.0,inf,inf,inf,False,0.0,,,
6000,1029,1,163,163,-0.024753153324127197,0.6193444728851318,-0.024753153324127197,0.6193444728851318,0.0,0.0,True,False,inactive_raw_action,raw_action_safe,0,0,0,0,low_risk_verified_passthrough,0,0,0,False,False,False,False,False,False,False,False,True,0.6508160272672241,14.56751575790871,0.0,False,max_steps,,inf,,False,,inf,inf,inf,inf,inf,inf,inf,inf,0.0,{'ROAD_LINE_BROKEN_SINGLE_WHITE'},False,False,,False,False,,0,True,,False,0,0,,inf,inf,inf,inf,False,False,inf,inf,0.35677360357158555,False,False,1,-1,,False,False,0.0,40.8683252588358,inf,2.7670450439453123,0.0,,False,low_risk_verified,,False,False,0.0,inf,inf,inf,False,0.0,,,
6000,1029,1,164,164,-0.11790794134140015,0.5522671937942505,-0.11790794134140015,0.5522671937942505,0.0,0.0,True,False,inactive_raw_action,raw_action_safe,0,0,0,0,low_risk_verified_passthrough,0,0,0,False,False,False,False,False,False,False,False,True,0.6563405247796723,14.665804882600414,0.0,False,max_steps,,inf,,False,,inf,inf,inf,inf,inf,inf,inf,inf,0.0,{'ROAD_LINE_BROKEN_SINGLE_WHITE'},False,False,,False,False,,0,True,,False,0,0,,inf,inf,inf,inf,False,False,inf,inf,1.7176257934734225,False,False,1,-1,,False,False,0.0,41.751192599622485,inf,2.7808237304687498,0.0,,False,low_risk_verified,,False,False,0.0,inf,inf,inf,False,0.0,,,
6000,1029,1,165,165,-0.1793980598449707,0.06339514255523682,-0.1793980598449707,0.06339514255523682,0.0,0.0,True,False,inactive_raw_action,raw_action_safe,0,0,0,0,low_risk_verified_passthrough,0,0,0,False,False,False,False,False,False,False,False,True,0.6618900550066185,14.63228041435903,0.0,False,max_steps,,inf,,False,,inf,inf,inf,inf,inf,inf,inf,inf,0.0,{'ROAD_LINE_BROKEN_SINGLE_WHITE'},False,False,,False,False,,0,True,,False,0,0,,inf,inf,inf,inf,False,False,inf,inf,2.6310169420034124,False,False,1,-1,,False,False,0.0,42.60574721721604,inf,2.7849741210937498,0.0,,False,low_risk_verified,,False,False,0.0,inf,inf,inf,False,0.0,,,
6000,1029,1,166,166,-0.08021491765975952,0.1788647174835205,-0.08021491765975952,0.1788647174835205,0.0,0.0,True,False,inactive_raw_action,raw_action_safe,0,0,0,0,low_risk_verified_passthrough,0,0,0,False,False,False,False,False,False,False,False,True,0.6674284852770206,14.68507474988385,0.0,False,max_steps,,inf,,False,,inf,inf,inf,inf,inf,inf,inf,inf,0.0,{'ROAD_LINE_BROKEN_SINGLE_WHITE'},False,False,,False,False,,0,True,,False,0,0,,inf,inf,inf,inf,False,False,inf,inf,1.1737271686123216,False,False,1,-1,,False,False,0.0,43.585196072209904,inf,2.7480020751953123,0.0,,False,low_risk_verified,,False,False,0.0,inf,inf,inf,False,0.0,,,
6000,1029,1,167,167,0.011018157005310059,0.35056376457214355,0.011018157005310059,0.35056376457214355,0.0,0.0,True,False,inactive_raw_action,raw_action_safe,0,0,0,0,low_risk_verified_passthrough,0,0,0,False,False,False,False,False,False,False,False,True,0.6729817877548235,14.785838025608408,0.0,False,max_steps,,inf,,False,,inf,inf,inf,inf,inf,inf,inf,inf,0.0,{'ROAD_LINE_BROKEN_SINGLE_WHITE'},False,False,,False,False,,0,True,,False,0,0,,inf,inf,inf,inf,False,False,inf,inf,0.0,False,False,1,-1,,False,False,0.0,44.56779127840091,inf,2.6566934814453123,0.0,,False,low_risk_verified,,False,False,0.0,inf,inf,inf,False,0.0,,,
6000,1029,1,168,168,0.10522592067718506,0.27030277252197266,0.10522592067718506,0.27030277252197266,0.0,0.0,True,False,inactive_raw_action,raw_action_safe,0,0,0,0,low_risk_verified_passthrough,0,0,0,False,False,False,False,False,False,False,False,True,0.6785689971311324,14.824741385407325,0.0,False,max_steps,,inf,,False,,inf,inf,inf,inf,inf,inf,inf,inf,0.0,{'ROAD_LINE_BROKEN_SINGLE_WHITE'},False,False,,False,False,,0,True,,False,0,0,,inf,inf,inf,inf,False,False,inf,inf,0.0,False,False,1,-1,,False,False,0.0,45.604655153748865,inf,2.5367136230468748,0.0,,False,low_risk_verified,,False,False,0.0,inf,inf,inf,False,0.0,,,
6000,1029,1,169,169,0.13172292709350586,-0.030142009258270264,0.13172292709350586,-0.030142009258270264,0.0,0.0,True,False,inactive_raw_action,raw_action_safe,0,0,0,0,low_risk_verified_passthrough,0,0,0,False,False,False,False,False,False,False,False,True,0.684169300987427,14.717204729805951,0.0,False,max_steps,,inf,,False,,inf,inf,inf,inf,inf,inf,inf,inf,0.0,{'ROAD_LINE_BROKEN_SINGLE_WHITE'},False,False,,False,False,,0,True,,False,0,0,,inf,inf,inf,inf,False,False,inf,inf,0.0,False,False,1,-1,,False,False,0.0,46.54265529898487,inf,2.4249735107421873,0.0,,False,low_risk_verified,,False,False,0.0,inf,inf,inf,False,0.0,,,
6000,1029,1,170,170,0.11356544494628906,0.10204923152923584,0.11356544494628906,0.10204923152923584,0.0,0.0,True,False,inactive_raw_action,raw_action_safe,0,0,0,0,low_risk_verified_passthrough,0,0,0,False,False,False,False,False,False,False,False,True,0.6897482143024646,14.73483070913797,0.0,False,max_steps,,inf,,False,,inf,inf,inf,inf,inf,inf,inf,inf,0.0,{'ROAD_LINE_BROKEN_SINGLE_WHITE'},False,False,,False,False,,0,True,,False,0,0,,inf,inf,inf,inf,False,False,inf,inf,0.0,False,False,1,-1,,False,False,0.0,47.686012826940896,inf,2.3578043212890623,0.0,,False,low_risk_verified,,False,False,0.0,inf,inf,inf,False,0.0,,,
6000,1029,1,171,171,-0.007269322872161865,0.23423290252685547,-0.007269322872161865,0.23423290252685547,0.0,0.0,True,False,inactive_raw_action,raw_action_safe,0,0,0,0,low_risk_verified_passthrough,0,0,0,False,False,False,False,False,False,False,False,True,0.6953342096210265,14.799934593730468,0.0,False,max_steps,,inf,,False,,inf,inf,inf,inf,inf,inf,inf,inf,0.0,{'ROAD_LINE_BROKEN_SINGLE_WHITE'},False,False,,False,False,,0,True,,False,0,0,,inf,inf,inf,inf,False,False,inf,inf,0.10711224189136968,False,False,1,-1,,False,False,0.0,48.82034717223222,inf,2.3526468505859373,0.0,,False,low_risk_verified,,False,False,0.0,inf,inf,inf,False,0.0,,,
6000,1029,1,172,172,-0.11840564012527466,0.15535879135131836,-0.11840564012527466,0.15535879135131836,0.0,0.0,True,False,inactive_raw_action,raw_action_safe,0,0,0,0,low_risk_verified_passthrough,0,0,0,False,False,False,False,False,False,False,False,True,0.7009388927570513,14.801439723484048,0.0,False,max_steps,,inf,,False,,inf,inf,inf,inf,inf,inf,inf,inf,0.0,{'ROAD_LINE_BROKEN_SINGLE_WHITE'},False,False,,False,False,,0,True,,False,0,0,,inf,inf,inf,inf,False,False,inf,inf,1.7523957293828527,False,False,1,-1,,False,False,0.0,49.950077998072565,inf,2.3905802001953123,0.0,,False,low_risk_verified,,False,False,0.0,inf,inf,inf,False,0.0,,,
6000,1029,1,173,173,-0.1885662078857422,-0.21671664714813232,-0.1885662078857422,-0.21671664714813232,0.0,0.0,True,False,inactive_raw_action,raw_action_safe,0,0,0,0,low_risk_verified_passthrough,0,0,0,False,False,False,False,False,False,False,False,True,0.7065020233213778,14.311557136845785,0.0,False,max_steps,,inf,,False,,inf,inf,inf,inf,inf,inf,inf,inf,0.0,{'ROAD_LINE_BROKEN_SINGLE_WHITE'},False,False,,False,False,,0,True,,False,0,0,,inf,inf,inf,inf,False,False,5.830291702031896,inf,2.7910513599067754,False,False,1,-1,,False,False,0.0,29.453708731808657,inf,2.4221506347656248,0.0,,False,low_risk_verified,,False,False,0.0,inf,inf,inf,False,0.0,,,
6000,1029,1,174,174,-0.09158271551132202,-0.006036043167114258,-0.09158271551132202,-0.006036043167114258,0.0,0.0,True,False,inactive_raw_action,raw_action_safe,0,0,0,0,low_risk_verified_passthrough,0,0,0,False,False,False,False,False,False,False,False,True,0.7119239329542033,14.291493048991496,0.0,False,max_steps,,inf,,False,,inf,inf,inf,inf,inf,inf,inf,inf,0.0,{'ROAD_LINE_BROKEN_SINGLE_WHITE'},False,False,,False,False,,0,True,,False,0,0,,inf,inf,inf,inf,False,False,6.161168162313838,inf,1.3106912657877778,False,False,1,-1,,False,False,0.0,25.336471087798145,inf,2.4110117187499998,0.0,,False,low_risk_verified,,False,False,0.0,inf,inf,inf,False,0.0,,,
6000,1029,1,175,175,-0.0012127161026000977,0.19468605518341064,-0.0012127161026000977,0.19468605518341064,0.0,0.0,True,False,inactive_raw_action,raw_action_safe,0,0,0,0,low_risk_verified_passthrough,0,0,0,False,False,False,False,False,False,False,False,True,0.7173308981142857,14.348946126837355,0.0,False,max_steps,,inf,,False,,inf,inf,inf,inf,inf,inf,inf,inf,0.0,{'ROAD_LINE_BROKEN_SINGLE_WHITE'},False,False,,False,False,,0,True,,False,0,0,,inf,inf,inf,inf,False,False,6.202273677851135,inf,0.017331523750709354,False,False,1,-1,,False,False,0.0,22.56749442209521,inf,2.3439340820312498,0.0,,False,low_risk_verified,,False,False,0.0,inf,inf,inf,False,0.0,,,
6000,1029,1,176,176,0.08961403369903564,0.15835785865783691,0.08961403369903564,0.15835785865783691,0.0,0.0,True,False,inactive_raw_action,raw_action_safe,0,0,0,0,low_risk_verified_passthrough,0,0,0,False,False,False,False,False,False,False,False,True,0.7227553948463578,14.367137947801526,0.0,False,max_steps,,inf,,False,,inf,inf,inf,inf,inf,inf,inf,inf,0.0,{'ROAD_LINE_BROKEN_SINGLE_WHITE'},False,False,,False,False,,0,True,,False,0,0,,inf,inf,inf,inf,False,False,6.1955162824863494,inf,0.0,False,False,1,-1,,False,False,0.0,22.6385435420192,inf,2.2442484130859373,0.0,,False,low_risk_verified,,False,False,0.0,inf,inf,inf,False,0.0,,,
6000,1029,1,177,177,0.3756006956100464,0.5841084718704224,0.3756006956100464,0.5841084718704224,0.0,0.0,True,False,inactive_raw_action,raw_action_safe,0,0,0,0,low_risk_verified_passthrough,0,0,0,False,False,False,False,False,False,False,False,True,0.7281927548093209,14.356271758527615,0.0,False,max_steps,static_obstacle,58.609161376953125,low_speed_overlap,False,,inf,inf,inf,inf,inf,inf,inf,inf,0.0,{'ROAD_LINE_BROKEN_SINGLE_WHITE'},False,False,,False,False,,0,True,,False,0,0,static_obstacle,58.61037165561409,61.113819680129254,4.786184295324672,inf,False,False,6.241981694982946,4.253722620480647,0.0,False,False,1,-1,,False,False,0.0,17.844921546423247,8.884948206535892,2.1486520996093748,0.0,,False,low_risk_verified,,False,False,0.0,inf,inf,inf,False,0.0,,,
6000,1029,1,178,178,0.3451042175292969,0.8253227472305298,0.3451042175292969,0.8253227472305298,0.0,0.0,True,False,inactive_raw_action,raw_action_safe,0,0,0,0,low_risk_verified_passthrough,0,0,0,False,False,False,False,False,False,False,False,True,0.7336361272487454,14.406650333409731,0.0,False,max_steps,static_obstacle,57.174041748046875,low_speed_overlap,False,,inf,inf,inf,inf,inf,inf,inf,inf,0.0,{'ROAD_LINE_BROKEN_SINGLE_WHITE'},False,False,,False,False,,0,True,,False,0,0,static_obstacle,57.17724494431196,59.80693573413896,3.2547527985419684,inf,False,False,6.340035893308817,4.16590997579951,0.0,False,False,1,-1,,False,False,0.0,15.645444972099899,5.4114636929234505,2.0922098388671873,0.0,,False,low_risk_verified,,False,False,0.0,inf,inf,inf,False,0.0,,,
6000,1029,1,179,179,0.2251213788986206,0.9063925743103027,0.2251213788986206,0.9063925743103027,0.0,0.0,True,False,inactive_raw_action,raw_action_safe,0,0,0,0,low_risk_verified_passthrough,0,0,0,False,False,False,False,False,False,False,False,True,0.7390982019587012,14.538755156749378,0.0,False,max_steps,static_obstacle,55.737335205078125,low_speed_overlap,False,,inf,inf,inf,inf,inf,inf,inf,inf,0.0,{'ROAD_LINE_BROKEN_SINGLE_WHITE'},False,False,,False,False,,0,True,,False,0,0,static_obstacle,55.741017939982996,58.50194677961657,0.7791562387271669,inf,False,False,6.405043907231835,4.0607598175647865,0.0,False,False,1,-1,,False,False,0.0,14.755468245540296,3.280524097076244,2.0945596923828123,0.0,,False,low_risk_verified,,False,False,0.0,inf,inf,inf,False,0.0,,,
6000,1029,1,180,180,0.08764874935150146,0.9241542816162109,-0.076704241335392,0.30000001192092896,-0.16435298323631287,-0.624154269695282,True,True,predictive_recovery,right_pass,-3.2226359049479165,18.697449424022327,10,6,,0,0,0,False,False,False,False,False,False,False,False,True,0.7445859164120286,14.577532320776205,0.0,False,max_steps,static_obstacle,54.295692443847656,low_speed_overlap,False,,inf,inf,inf,14.585620730778022,2.2529951228949323,0.5013640950520833,1.1208469747795533,0.8492593617380402,0.0,{'ROAD_LINE_BROKEN_SINGLE_WHITE'},True,True,raw_collision_risk:static_collision,True,False,right,12,False,raw_predicted_collision,False,0,0,static_obstacle,54.29789834733843,57.08275004254521,0.0,54.57525004254521,False,False,6.400375743808077,3.926247428140055,0.0,True,False,1,0,,True,False,0.0,14.07571759397474,5.904708865914841,2.1680307617187498,0.0,static_collision,True,raw_collision_risk:static_collision,,False,False,0.8222070463204092,14.585620730778022,2.2529951228949323,0.5013640950520833,False,18.990170974348572,,,
6000,1029,1,181,181,-0.07781875133514404,0.8052055835723877,-0.13838736712932587,0.30000001192092896,-0.060568615794181824,-0.5052055716514587,True,True,predictive_recovery,right_pass,-3.0943094889322915,18.20095744685195,10,7,,0,0,0,False,False,False,False,False,False,False,False,True,0.7500930268831714,14.605373797060757,0.0,False,max_steps,static_obstacle,52.84728240966797,low_speed_overlap,False,,inf,inf,inf,14.795751704906241,0.9846692645507786,0.6296905110677083,-7.547245975056889,0.7209329457224152,0.06702951941518916,{'ROAD_LINE_BROKEN_SINGLE_WHITE'},True,True,raw_collision_risk:static_margin_violation,True,False,right,12,False,raw_predicted_collision,False,0,0,static_obstacle,52.8465998009288,55.53266663967375,2.2814179587495405,inf,False,False,6.450293822951819,3.809469628856691,1.1344053627505088,True,False,1,0,,True,False,0.0,14.65053101328283,5.107059092970693,2.2963571777343748,0.0,static_margin_violation,True,raw_collision_risk:static_margin_violation,,False,False,0.53228564453125,15.135169793668759,1.6724392509354826,0.6296905110677083,False,30.466396361188274,,,
6000,1029,1,182,182,-0.13034558296203613,0.5010602474212646,-0.13034558296203613,0.5010602474212646,0.0,0.0,True,False,inactive_raw_action,raw_action_safe,0,0,0,0,low_risk_verified_passthrough,0,0,0,False,False,False,False,False,False,False,False,True,0.7556291302095584,14.71875709722073,0.0,False,max_steps,static_obstacle,51.39375305175781,low_speed_overlap,False,,inf,inf,inf,inf,inf,inf,inf,inf,0.0,{'ROAD_LINE_BROKEN_SINGLE_WHITE'},False,False,,False,False,,0,True,,False,0,0,static_obstacle,51.39065897310884,54.07646112122504,2.2400312075232476,inf,False,False,6.500508739568069,3.7025044256044715,1.9037459619563315,False,False,1,-1,,False,False,0.0,17.066130748831878,1.8324430212121594,2.4111490478515623,0.0,,False,low_risk_verified,,False,False,0.0,inf,inf,inf,False,0.0,,,
6000,1029,1,183,183,-0.05089080333709717,0.7879316806793213,-0.05089080333709717,0.7879316806793213,0.0,0.0,True,False,inactive_raw_action,raw_action_safe,0,0,0,0,low_risk_verified_passthrough,0,0,0,False,False,False,False,False,False,False,False,True,0.761225416112833,14.95864139158059,0.0,False,max_steps,static_obstacle,49.93257141113281,low_speed_overlap,False,,inf,inf,inf,inf,inf,inf,inf,inf,0.0,{'ROAD_LINE_BROKEN_SINGLE_WHITE'},False,False,,False,False,,0,True,,False,0,0,static_obstacle,49.928223205150125,52.6943999312702,0.5239650566606512,50.1868999312702,False,False,6.472509211395499,3.580084893256389,0.7490493728011633,False,False,1,-1,,False,False,0.0,14.024150780156404,-1.5503618298921165,2.4810800781249998,0.0,,False,low_risk_verified,,False,False,0.0,inf,inf,inf,False,0.0,,,
6000,1029,1,184,184,0.051033616065979004,0.8723986148834229,-0.03732932358980179,0.30000001192092896,-0.08836293965578079,-0.5723986029624939,True,True,predictive_recovery,right_pass,-2.8896280924479165,18.884435158555995,10,6,,0,0,0,False,False,False,False,False,False,False,False,True,0.7668974650007487,15.048668272931998,0.0,False,max_steps,static_obstacle,48.45550537109375,low_speed_overlap,False,,inf,inf,inf,12.714669378833813,-0.07452798801685195,0.8343719075520833,-21.22873137487668,0.3098472282503859,0.33594471820187666,{'ROAD_LINE_BROKEN_SINGLE_WHITE'},True,True,raw_collision_risk:static_margin_violation,True,False,right,12,False,raw_predicted_collision,False,0,0,static_obstacle,48.4510993210108,51.24365332604301,0.0,48.73615332604301,False,False,6.323168517156343,3.4256890037410277,0.0,True,False,1,0,,True,False,0.0,15.340647650025005,3.923157293976886,2.5010385742187498,0.0,static_margin_violation,True,raw_collision_risk:static_margin_violation,,False,False,0.17031713867187498,13.019423038609583,0.62818774296056,0.8343719075520833,True,45.458347761028946,,,
6000,1029,1,185,185,0.12188994884490967,0.6881117820739746,-0.0027633379213511944,0.18000000715255737,-0.12465328723192215,-0.5081117749214172,True,True,predictive_recovery,right_pass,-2.8973795572916665,18.145171292264884,10,5,,0,0,0,False,False,False,False,False,False,False,False,True,0.7726016864189603,15.102779281306102,0.0,False,max_steps,static_obstacle,46.95844268798828,low_speed_overlap,False,,inf,inf,inf,2.144991450174309,-0.3589881660807828,0.8266204427083333,-40.90553193293413,0.3175986930941359,1.4820742895099464,{'ROAD_LINE_BROKEN_SINGLE_WHITE'},True,True,raw_collision_risk:static_collision,True,False,right,12,False,raw_predicted_collision,False,0,0,static_obstacle,46.954667008426306,49.72386494019025,0.3816919070126171,47.21636494019025,False,False,3.9719297943154572,3.304203670276156,0.0,True,False,1,0,,True,False,0.0,10.987347747868903,3.310436450773635,2.4932871093749998,0.0,static_collision,True,raw_collision_risk:static_collision,,False,False,0.18194433593749998,2.449276318244658,0.4136365008336293,0.8266204427083333,True,37.78072333626058,,,
6000,1029,1,186,186,0.1731489896774292,0.5550090074539185,0.01720726676285267,0.18000000715255737,-0.15594172477722168,-0.3750090003013611,True,True,predictive_recovery,right_pass,-2.9256998697916665,17.600319814848735,10,5,,0,0,0,False,False,False,False,False,False,False,False,True,0.7783264890065976,15.155557825223028,0.0,False,max_steps,static_obstacle,45.45288848876953,low_speed_overlap,False,,inf,inf,inf,1.7372801446400863,-0.6405235523848976,0.7983001302083333,-39.674509879003985,0.3459190055941359,1.5357728028471407,{'ROAD_LINE_BROKEN_SINGLE_WHITE'},True,True,raw_collision_risk:static_collision,True,False,right,12,False,raw_predicted_collision,False,0,0,static_obstacle,45.45031873892517,48.19156396550099,1.0707674653871981,inf,False,False,3.8556012272876967,3.1909069892288953,0.0,True,False,1,0,,True,False,0.0,10.295406259540016,2.64127939654407,2.4649667968749998,0.0,static_collision,True,raw_collision_risk:static_collision,,False,False,0.22442480468749998,2.0705000402309195,0.23222866361018707,0.7983001302083333,True,27.01330515630623,,,
6000,1029,1,187,187,0.1836092472076416,0.43138670921325684,0.1836092472076416,0.43138670921325684,0.0,0.0,True,False,inactive_raw_action,raw_action,0,0,10,9,raw_action_safe_or_candidate_not_better,0,0,0,False,False,False,False,False,False,False,False,True,0.7840696469911242,15.186097498099143,0.0,False,max_steps,static_obstacle,43.94190216064453,low_speed_overlap,False,,inf,inf,inf,1.0405157661200048,-2.441601201560002,0.7666839192708333,inf,inf,0.0,{'ROAD_LINE_BROKEN_SINGLE_WHITE'},False,False,,False,False,,0,False,vehicle_margin_uncertain_or_low,False,0,0,static_obstacle,43.94072612575954,46.67487876903951,1.1802819204541288,inf,False,False,3.7425281316542462,3.0797202786795244,0.0,False,False,1,0,,False,False,0.0,1.1750911637993369,-1.456045353877916,2.4333505859374998,0.0,,False,raw_action_safe_or_candidate_not_better,candidate_not_better,False,False,0.0,1.052053038558114,-2.3026177390128986,2.466143795814043,False,40.06638939416774,,,
6000,1029,1,188,188,0.18128430843353271,0.5816419124603271,0.0057441857643425465,0.18000000715255737,-0.17554011940956116,-0.4016419053077698,True,True,predictive_recovery,right_pass,-2.9726664225260415,17.803486104170616,10,5,,0,0,0,False,False,False,False,False,False,False,False,True,0.7898269978888361,15.239362965758682,0.0,False,max_steps,static_obstacle,42.42607116699219,low_speed_overlap,False,,inf,inf,inf,-0.86169013546969,0.6074444823928051,0.7513335774739583,-43.8155223094536,0.17490716326678224,1.7184406143881958,{'ROAD_LINE_BROKEN_SINGLE_WHITE'},True,True,raw_collision_risk:static_margin_violation,True,False,right,12,False,raw_predicted_collision,False,0,0,static_obstacle,42.42593340486268,45.18091791905844,0.6921594079049688,inf,False,False,3.636264246023915,2.9751499965487365,0.0,True,False,1,0,,True,False,0.0,11.316492147722446,3.648218255751954,2.4180002441406248,0.0,static_margin_violation,True,raw_collision_risk:static_margin_violation,,False,False,0.7933816744299695,-0.86169013546969,0.6074444823928051,0.7513335774739583,True,22.31016493549886,,,
6000,1029,1,189,189,0.13203001022338867,0.5642139911651611,-0.025312162935733795,0.18000000715255737,-0.15734216570854187,-0.38421398401260376,True,True,predictive_recovery,right_pass,-2.9546305338541665,17.778325926001905,10,5,,0,0,0,False,False,False,False,False,False,False,False,True,0.795604178396416,15.29045010072563,0.0,False,max_steps,static_obstacle,40.906494140625,low_speed_overlap,False,,inf,inf,inf,-1.773169510178465,0.056966540846550895,0.7693694661458333,-40.807796563691376,-0.061107120466821874,1.6438825891849305,{'ROAD_LINE_BROKEN_SINGLE_WHITE'},True,True,raw_collision_risk:collision,True,False,right,12,False,raw_predicted_collision,False,0,0,static_obstacle,40.906477024339786,43.69114669123209,0.0,41.18364669123209,False,False,3.5262518820407442,2.866992983197638,0.0,True,False,1,0,,True,False,0.0,0.9882977934174413,-1.4635595534875558,2.4360361328124998,0.0,collision,True,raw_collision_risk:collision,,False,False,1.0397716538347894,-1.773169510178465,0.056966540846550895,0.7693694661458333,True,25.49524783047282,,,
6000,1029,1,190,190,0.11034989356994629,0.38893985748291016,-0.03172098845243454,0.18000000715255737,-0.14207088947296143,-0.20893985033035278,True,True,predictive_recovery,right_pass,-2.9373881022135415,17.040679459398724,10,5,,0,0,0,False,False,False,False,False,False,False,False,True,0.8014012174200006,15.342525881370538,0.0,False,max_steps,static_obstacle,39.381683349609375,low_speed_overlap,False,,inf,inf,inf,-1.7339489160381372,0.021653454476212974,0.7866118977864583,-38.692054924622404,-0.07834955210744687,1.6947131404024767,{'ROAD_LINE_BROKEN_SINGLE_WHITE'},True,True,raw_collision_risk:collision,True,False,right,12,False,raw_predicted_collision,False,0,0,static_obstacle,39.38182955517852,42.169775090341,0.0,39.662275090341,False,False,3.414485877300924,2.7579158764162064,0.0,True,False,1,0,,True,False,0.0,0.9194724806664434,-1.5199646560551552,2.4532785644531248,0.0,collision,True,raw_collision_risk:collision,,False,False,1.0021418281317538,-1.7339489160381372,0.021653454476212974,0.7866118977864583,True,27.055762951868132,,,
6000,1029,1,191,191,0.1346064805984497,0.39944028854370117,-0.02099638618528843,0.18000000715255737,-0.15560287237167358,-0.2194402813911438,True,True,predictive_recovery,right_pass,-2.931299845377604,17.140007179817193,10,5,,0,0,0,False,False,False,False,False,False,False,False,True,0.8072181727718636,15.396374544091682,0.0,False,max_steps,static_obstacle,40.626220703125,low_speed_overlap,False,,inf,inf,inf,-2.1438978731356624,0.46970882546666964,0.7927001546223958,-32.22189575110536,-0.4214810188199265,1.4886034144361546,{'ROAD_LINE_BROKEN_SINGLE_WHITE'},True,True,raw_collision_risk:static_collision,True,False,right,12,False,raw_predicted_collision,False,0,0,static_obstacle,37.852308265564766,40.63339451732097,0.0,38.12589451732097,False,False,3.303208770229786,2.6484162276473358,0.0,True,False,1,0,,True,False,0.0,11.914170803614685,4.228358542862126,2.4593668212890623,0.0,static_collision,True,raw_collision_risk:static_collision,,False,False,1.3749413517035187,-2.1438978731356624,0.46970882546666964,0.7927001546223958,True,27.50019042261613,,,
6000,1029,1,192,192,0.16515159606933594,0.4222315549850464,-0.005553212482482195,0.18000000715255737,-0.17070481181144714,-0.242231547832489,True,True,predictive_recovery,right_pass,-2.939509073893229,17.29641654152439,10,5,,0,0,0,False,False,False,False,False,False,False,False,True,0.8130552757010997,15.450478274556502,0.0,False,max_steps,static_obstacle,39.090911865234375,low_speed_overlap,False,,inf,inf,inf,-1.4488506259694454,0.0021092753618289772,0.7844909261067708,-34.623257057359886,-0.6312501853660302,1.633316518337481,{'ROAD_LINE_BROKEN_SINGLE_WHITE'},True,True,raw_collision_risk:static_margin_violation,True,False,right,12,False,raw_predicted_collision,False,0,0,static_obstacle,36.31803820221657,39.08487503501504,0.270396123616787,36.57737503501504,False,False,3.190663788789414,2.538576528070614,0.0,True,False,1,0,,True,False,0.0,10.13258608754067,2.485266426441916,2.4511575927734373,0.0,static_margin_violation,True,raw_collision_risk:static_margin_violation,,False,False,1.5923882729031835,-1.4488506259694454,0.0021092753618289772,0.7844909261067708,True,28.0450086941281,,,
6000,1029,1,193,193,0.15027940273284912,0.3492445945739746,0.005589460022747517,0.18000000715255737,-0.14468994736671448,-0.16924458742141724,True,True,predictive_recovery,right_pass,-2.957422892252604,17.022078950139388,10,5,,0,0,0,False,False,False,False,False,False,False,False,True,0.8189126129261194,15.504274963007022,0.0,False,max_steps,static_obstacle,37.55028533935547,low_speed_overlap,False,,inf,inf,inf,-1.9185851514160115,-0.07651393472202478,0.7665771077473958,-34.743449954139614,-0.6133363670066552,1.6918394246807713,{'ROAD_LINE_BROKEN_SINGLE_WHITE'},True,True,raw_collision_risk:static_collision,True,False,right,12,False,raw_predicted_collision,False,0,0,static_obstacle,34.77887232745104,37.53176030470366,0.5724133181756114,35.02426030470366,False,False,3.0792986827577393,2.4291649512565647,0.0,True,False,1,0,,True,False,0.0,13.186125138459921,5.489000542948781,2.4332437744140623,0.0,static_collision,True,raw_collision_risk:static_collision,,False,False,1.577234161273653,-1.9185851514160115,-0.07651393472202478,0.7665771077473958,True,27.446079564622337,,,
6000,1029,1,194,194,0.13133490085601807,0.2391120195388794,0.009292546659708023,0.18000000715255737,-0.12204235792160034,-0.05911201238632202,True,True,predictive_recovery,right_pass,-2.978693644205729,16.580279050931978,10,6,,0,0,0,False,False,False,False,False,False,False,False,True,0.8247904446021541,15.558049180717571,0.0,False,max_steps,static_obstacle,36.00431823730469,low_speed_overlap,False,,inf,inf,inf,-2.0614749610134004,0.13333997424803296,0.7453063557942708,-33.91280581892027,-0.5920656150535302,1.6996010442421323,{'ROAD_LINE_BROKEN_SINGLE_WHITE'},True,True,raw_collision_risk:static_collision,True,False,right,12,False,raw_predicted_collision,False,0,0,static_obstacle,33.234625240902076,35.981053951588365,0.6668518811311507,inf,False,False,2.968182691742401,2.3207182559286808,0.0,True,False,1,0,,True,False,0.0,12.210441946705647,4.52972891644916,2.4119730224609373,0.0,static_collision,True,raw_collision_risk:static_collision,,False,False,1.6390450181809089,-2.0614749610134004,0.13333997424803296,0.7453063557942708,True,26.181291701262452,,,
6000,1029,1,195,195,0.12598609924316406,0.16043424606323242,0.007145209237933159,0.16043424606323242,-0.11884088814258575,0.0,True,True,predictive_recovery,right_pass,-2.9981486002604165,16.280003288002117,10,5,,0,0,0,False,False,False,False,False,False,False,False,True,0.8306883371371514,15.606109234918796,0.0,False,max_steps,static_obstacle,34.45294189453125,low_speed_overlap,False,,inf,inf,inf,-2.1102444176814754,0.44949622013020746,0.7258513997395833,-33.847427473098385,-0.5726106589988427,1.7453832818876684,{'ROAD_LINE_BROKEN_SINGLE_WHITE'},True,True,raw_collision_risk:static_collision,True,False,right,12,False,raw_predicted_collision,False,0,0,static_obstacle,31.685070045485592,34.43231511664619,0.6110996154136698,inf,False,False,2.8587340249666235,2.2131511937448507,0.0,True,False,1,0,,True,False,0.0,11.067386737713406,3.40429899635525,2.3925180664062498,0.0,static_collision,True,raw_collision_risk:static_collision,,False,False,1.730829010585536,-2.1102444176814754,0.44949622013020746,0.7258513997395833,True,25.176940976530688,,,
6000,1029,1,196,196,0.11782240867614746,0.09977710247039795,0.0026109737809747458,0.09977710247039795,-0.11521143466234207,0.0,True,True,predictive_recovery,right_pass,-3.013453165690104,16.055106196035588,10,4,,0,0,0,False,False,False,False,False,False,False,False,True,0.8366029952315123,15.636051201595333,0.0,False,max_steps,static_obstacle,32.896270751953125,low_speed_overlap,False,,inf,inf,inf,-1.8828118847713875,-0.2929490601584231,0.7105468343098958,-30.13728768366657,-0.7752844886308843,1.6342399312767164,{'ROAD_LINE_BROKEN_SINGLE_WHITE'},True,True,raw_collision_risk:static_margin_violation,True,False,right,12,False,raw_predicted_collision,False,0,0,static_obstacle,30.130237462115147,32.88097607097509,0.5032486056930666,30.373476070975087,False,False,2.7501864310873767,2.1069297655179575,0.0,True,False,1,0,,True,False,0.0,9.87264608163398,2.2456727831360506,2.3772135009765623,0.0,static_margin_violation,True,raw_collision_risk:static_margin_violation,,False,False,1.7214060865042689,-1.8828118847713875,-0.07832597760016685,0.7105468343098958,True,25.189078775463926,,,
6000,1029,1,197,197,0.11238229274749756,0.007645964622497559,-0.0012410974595695734,0.007645964622497559,-0.11362338811159134,0.0,True,True,predictive_recovery,right_pass,-3.025324503580729,15.670458042396572,10,4,,0,0,0,False,False,False,False,False,False,False,False,True,0.8425267587589756,15.63832601202398,0.0,False,max_steps,static_obstacle,31.335174560546875,low_speed_overlap,False,,inf,inf,inf,-1.6347179752786896,-0.8152630066946467,0.6986754964192708,-29.652326915146894,-0.7634131507402593,1.4688704540140451,{'ROAD_LINE_BROKEN_SINGLE_WHITE'},True,True,raw_collision_risk:static_collision,True,False,right,12,False,raw_predicted_collision,False,0,0,static_obstacle,28.571024929091866,31.32408228598521,0.41804667390255335,28.81658228598521,False,False,2.6456795707939786,2.003324361254921,0.0,True,False,1,0,,True,False,0.0,12.843720960554286,5.15714451633447,2.3653421630859373,0.0,static_collision,True,raw_collision_risk:static_collision,,False,False,1.7953723898951748,-1.6347179752786896,-0.2003645982877667,0.6986754964192708,True,25.18693393003737,,,
6000,1029,1,198,198,0.11112785339355469,-0.09548896551132202,-0.0031497988384217024,-0.5729337930679321,-0.11427765339612961,-0.4774448275566101,True,True,predictive_recovery,right_pass,-3.0358072916666665,14.778925322422081,10,3,,0,0,0,False,False,False,False,False,False,False,False,True,0.8483244626237074,14.409795860716107,0.0,False,max_steps,static_obstacle,29.77167510986328,low_speed_overlap,False,,inf,inf,inf,-1.9349857411839824,-0.6247729488804687,0.6881927083333333,-26.572823891400184,-0.7529303626543218,1.3326291690751546,{'ROAD_LINE_BROKEN_SINGLE_WHITE'},True,True,raw_collision_risk:static_collision,True,False,right,12,False,raw_predicted_collision,False,0,0,static_obstacle,27.009549784109375,29.762262840342473,0.38441517572977124,27.254762840342472,False,False,2.545094546799105,1.9031616822324138,0.0,True,False,1,0,,True,False,0.0,12.504775571517179,4.826284181920525,2.3548593749999998,0.0,static_collision,True,raw_collision_risk:static_collision,,False,False,1.900036625914601,-1.9349857411839824,-0.18770913581671983,0.6881927083333333,True,23.410547666961165,,,
6000,1029,1,199,199,0.15396332740783691,-0.1272335648536682,-0.004043406341224909,-0.7634013891220093,-0.1580067276954651,-0.6361678242683411,True,True,predictive_recovery,right_slow_follow,-3.046503702799479,13.264693777033093,10,3,,0,0,0,False,False,False,False,False,False,False,False,True,0.8536826486778831,13.145667620754738,0.0,False,max_steps,static_obstacle,28.24144744873047,low_speed_overlap,False,,inf,inf,inf,-1.6380649370580165,-0.6690572662114287,0.6774962972005208,-20.35627058994455,-0.7422339515215093,0.967599068965024,{'ROAD_LINE_BROKEN_SINGLE_WHITE'},True,True,raw_collision_risk:static_collision,True,False,right,12,False,raw_predicted_collision,False,0,0,static_obstacle,25.48154505873469,28.23163683401227,0.3917965168127103,25.72413683401227,False,False,2.6562341426122136,1.9591975560859385,0.0,True,False,1,0,,True,False,0.0,9.908266578716164,2.282639070727688,2.3441629638671873,0.0,static_collision,True,raw_collision_risk:static_collision,,False,False,1.9249963147832472,-1.6380649370580165,0.25544679016320354,0.6774962972005208,True,20.13394083725038,,,
6000,1029,1,200,200,0.17917215824127197,-0.02253192663192749,-0.00368308462202549,-0.13519155979156494,-0.1828552484512329,-0.11265963315963745,True,True,predictive_recovery,right_pass,-3.0577189127604165,12.94288028106739,10,4,,0,0,0,False,False,False,False,False,False,False,False,True,0.8586480870508995,12.768931232634223,0.0,False,max_steps,static_obstacle,26.827224731445312,low_speed_overlap,False,,inf,inf,inf,-1.808750240181292,-0.6564814604761808,0.6662810872395833,-20.05257858775461,-0.7310187415605718,0.975771499636555,{'ROAD_LINE_BROKEN_SINGLE_WHITE'},True,True,raw_collision_risk:static_collision,True,False,right,12,False,raw_predicted_collision,False,0,0,static_obstacle,24.069674387762966,26.816062333909056,0.41579585586139023,24.308562333909055,False,False,2.8036192359773935,2.0399163517242083,0.0,True,False,1,0,,True,False,0.0,12.398682394425695,4.723789685738949,2.3329477539062498,0.0,static_collision,True,raw_collision_risk:static_collision,,False,False,2.0689712449911153,-1.808750240181292,-0.012736689955712255,0.6662810872395833,True,19.082831307267057,,,
6000,1029,1,201,201,0.15618133544921875,0.27297866344451904,-0.001837236573919654,0.27297866344451904,-0.1580185741186142,0.0,True,True,predictive_recovery,right_pass,-3.069513956705729,13.997335218134559,10,3,,0,0,0,False,False,False,False,False,False,False,False,True,0.8634989125913702,12.850785262699723,0.0,False,max_steps,static_obstacle,25.51666259765625,low_speed_overlap,False,,inf,inf,inf,-2.0176285403972027,-0.029193314735846798,0.6544860432942708,-26.38045065072005,-0.9256280186029131,1.3891794064691534,{'ROAD_LINE_BROKEN_SINGLE_WHITE'},True,True,raw_collision_risk:static_collision,True,False,right,12,False,raw_predicted_collision,False,0,0,static_obstacle,22.761605420753813,25.503497568855817,0.4487037875146961,22.995997568855817,False,False,2.7839575189104924,1.997308710041072,0.0,True,False,1,0,,True,False,0.0,9.81867087555564,2.2012673157959672,2.3211527099609373,0.0,static_collision,True,raw_collision_risk:static_collision,,False,False,2.0954055829347986,-2.0176285403972027,-0.029193314735846798,0.6544860432942708,True,20.3592021840973,,,
6000,1029,1,202,202,0.15576660633087158,0.3289973735809326,-0.00013576482888311148,0.30000001192092896,-0.15590237081050873,-0.028997361660003662,True,True,predictive_recovery,right_pass,-3.0823160807291665,14.33127344381392,10,3,,0,0,0,False,False,False,False,False,False,False,False,True,0.8683744817849708,12.940739962490866,0.0,False,max_steps,static_obstacle,24.236351013183594,low_speed_overlap,False,,inf,inf,inf,-1.8938807656413266,-0.29254878152626446,0.6416839192708333,-29.293373134380836,-0.9128258945794756,1.5518755699806837,{'ROAD_LINE_BROKEN_SINGLE_WHITE'},True,True,raw_collision_risk:static_collision,True,False,right,12,False,raw_predicted_collision,False,0,0,static_obstacle,21.48406923500478,24.2212762623158,0.47764746011901293,21.7137762623158,False,False,2.6660096277957748,1.8848090421851262,0.0,True,False,1,0,,True,False,0.0,11.705051451333972,4.044493126877945,2.3083505859374998,0.0,static_collision,True,raw_collision_risk:static_collision,,False,False,2.036609737713285,-1.8938807656413266,-0.29254878152626446,0.6416839192708333,True,20.705143579769384,,,
6000,1029,1,203,203,0.15408623218536377,0.2791867256164551,0.0008572966908104718,0.2791867256164551,-0.15322893857955933,0.0,True,True,predictive_recovery,right_pass,-3.0957438151041665,14.197080227764914,10,3,,0,0,0,False,False,False,False,False,False,False,False,True,0.8732833797543404,13.02445394261375,0.0,False,max_steps,static_obstacle,22.949508666992188,low_speed_overlap,False,,inf,inf,inf,-1.9482631235912407,0.154764383226851,0.6282561848958333,-29.965569730940263,-0.8993981602044756,1.617729954210531,{'ROAD_LINE_BROKEN_SINGLE_WHITE'},True,True,raw_collision_risk:static_collision,True,False,right,12,False,raw_predicted_collision,False,0,0,static_obstacle,20.20036954760647,22.93332344281672,0.4927975969807631,20.42582344281672,False,False,2.5483105044444914,1.772180223796295,0.0,True,False,1,0,,True,False,0.0,10.510235729998467,2.8762489353529337,2.2949228515624998,0.0,static_collision,True,raw_collision_risk:static_collision,,False,False,2.1080546407562126,-1.9482631235912407,0.154764383226851,0.6282561848958333,True,20.24219424269586,,,
6000,1029,1,204,204,0.1715526580810547,0.22928309440612793,0.0010992689058184624,0.22928309440612793,-0.17045338451862335,0.0,True,True,predictive_recovery,right_pass,-3.1092936197916665,14.056227867441326,10,3,,0,0,0,False,False,False,False,False,False,False,False,True,0.8782227736980697,13.093194539076713,0.0,False,max_steps,static_obstacle,21.65386962890625,low_speed_overlap,False,,inf,inf,inf,-2.219974842154588,-0.39124425057787376,0.6147063802083333,-30.623187441370753,-1.0691045283564815,1.6936501406461704,{'ROAD_LINE_BROKEN_SINGLE_WHITE'},True,True,raw_collision_risk:static_margin_violation,True,False,right,12,False,raw_predicted_collision,False,0,0,static_obstacle,18.908281128073998,21.63743421678571,0.4951322346906729,19.12993421678571,False,False,2.4320447525873394,1.661293004076876,0.0,True,False,1,0,,True,False,0.0,9.310946566111264,1.7258408279136066,2.2813730468749998,0.0,static_margin_violation,True,raw_collision_risk:static_margin_violation,,False,False,2.2840229196059356,-2.219974842154588,-0.39124425057787376,0.6147063802083333,True,19.718989590516188,,,
6000,1029,1,205,205,0.12665915489196777,0.05576658248901367,0.0005884245038032532,0.05576658248901367,-0.12607073783874512,0.0,True,True,predictive_recovery,right_pass,-3.1226298014322915,13.344144160277274,10,3,,0,0,0,False,False,False,False,False,False,False,False,True,0.8831837316198768,13.109923970156663,0.0,False,max_steps,static_obstacle,20.350181579589844,low_speed_overlap,False,,inf,inf,inf,-2.1911153194836146,-0.4753268860260323,0.6013701985677083,-28.471206836370012,-1.0557683467158565,1.643366069941796,{'ROAD_LINE_BROKEN_SINGLE_WHITE'},True,True,raw_collision_risk:static_collision,True,False,right,12,False,raw_predicted_collision,False,0,0,static_obstacle,17.608608139288386,20.334049697678232,0.490175820382171,17.82654969767823,False,False,2.3200598957392575,1.5530243316091537,0.0,True,False,1,0,,True,False,0.0,12.056330381430719,4.3928488251692075,2.2680368652343748,0.0,static_collision,True,raw_collision_risk:static_collision,,False,False,2.3751016596438532,-2.1911153194836146,-0.4753268860260323,0.6013701985677083,True,18.055686484013748,,,
6000,1029,1,206,206,0.13398289680480957,-0.04812610149383545,-0.00020956889784429222,-0.2887566089630127,-0.13419246673583984,-0.24063050746917725,True,True,predictive_recovery,right_pass,-3.135676066080729,12.676789056712144,10,3,,0,0,0,False,False,False,False,False,False,False,False,True,0.8880764999648934,12.29849677767306,0.0,False,max_steps,static_obstacle,19.040802001953125,low_speed_overlap,False,,inf,inf,inf,-2.162306542008306,-0.49107132387115665,0.5883239339192708,-26.55418414029434,-1.042722082067419,1.5729806923104397,{'ROAD_LINE_BROKEN_SINGLE_WHITE'},True,True,raw_collision_risk:static_collision,True,False,right,12,False,raw_predicted_collision,False,0,0,static_obstacle,16.30379467325193,19.025115280075163,0.48385483491768666,16.517615280075162,False,False,2.216907240082206,1.4511995129326303,0.0,True,False,1,0,,True,False,0.0,11.33082963009597,3.6850249855218182,2.2549906005859373,0.0,static_collision,True,raw_collision_risk:static_collision,,False,False,2.4578404037308754,-2.162306542008306,-0.49107132387115665,0.5883239339192708,True,16.29649446207179,,,
6000,1029,1,207,207,0.16698336601257324,-0.035343170166015625,-0.0013549599098041654,-0.21205902099609375,-0.1683383285999298,-0.17671585083007812,True,True,predictive_recovery,right_pass,-3.1484171549479165,11.98040824617892,10,2,,0,0,0,False,False,False,False,False,False,False,False,True,0.8926939662627058,11.702360756367488,0.0,False,max_steps,static_obstacle,17.749420166015625,low_speed_overlap,False,,inf,inf,inf,-2.0852213789662297,-0.46384617764616315,0.5755828450520833,-24.446484736235877,-1.0299809932002315,1.4801116507747534,{'ROAD_LINE_BROKEN_SINGLE_WHITE'},True,True,raw_collision_risk:static_collision,True,False,right,12,False,raw_predicted_collision,False,0,0,static_obstacle,15.017571514601043,17.73394898249633,0.48066961869327673,15.22644898249633,False,False,2.2585563429824718,1.441960696748801,0.0,True,False,1,0,,True,False,0.0,10.755838535097169,3.1241706518374683,2.2422495117187498,0.0,static_collision,True,raw_collision_risk:static_collision,,False,False,2.514050947254545,-2.0852213789662297,-0.46384617764616315,0.5755828450520833,True,14.232765250878089,,,
6000,1029,1,208,208,0.042600154876708984,0.034322142601013184,-0.001688190270215273,0.034322142601013184,-0.04428834468126297,0.0,True,True,predictive_recovery,right_pass,-3.1606547037760415,11.856810398072048,10,2,,0,0,0,False,False,False,False,False,False,False,False,True,0.8971374465229164,11.712658626676843,0.0,False,max_steps,static_obstacle,16.53070068359375,low_speed_overlap,False,,inf,inf,inf,-2.179607931532184,-0.15879182315655377,0.5633452962239583,-25.018325559464905,-1.1662773949893905,1.5609860848951402,{'ROAD_LINE_BROKEN_SINGLE_WHITE'},True,True,raw_collision_risk:static_collision,True,False,right,12,False,raw_predicted_collision,False,0,0,static_obstacle,13.804483409064128,16.51500657178013,0.48250031041658337,14.00750657178013,False,False,2.269084665138357,1.4112542687417995,0.0,True,False,1,0,,True,False,0.0,9.72400309092158,2.131659871793906,2.2300119628906248,0.0,static_collision,True,raw_collision_risk:static_collision,,False,False,2.6089683389703424,-2.179607931532184,-0.15879182315655377,0.5633452962239583,True,13.35392891140718,,,
6000,1029,1,209,209,-0.0004590153694152832,0.11981821060180664,-0.0023352024145424366,-1.0,-0.0018761870451271534,-1.1198182106018066,True,True,predictive_recovery,right_slow_follow,-3.1729838053385415,8.0,10,1,,0,0,0,False,False,False,False,False,False,False,False,True,0.9014129243158495,10.023121379629611,0.0,False,max_steps,static_obstacle,15.357902526855469,low_speed_overlap,False,,inf,inf,inf,-1.9013420112120798,-0.24235607538346687,0.5510161946614583,-10.2208421280147,-1.0054143428096065,0.6340871921145494,{'ROAD_LINE_BROKEN_SINGLE_WHITE'},True,True,predicted_collision_within_1s;raw_collision_risk:static_collision,True,False,right,12,False,raw_predicted_collision,False,0,0,static_obstacle,12.63800546554531,15.341515529695439,0.48895123014576847,12.834015529695439,False,False,2.1672407655163393,1.3098235011096013,0.005376290326359175,True,False,1,0,,True,False,0.0,11.262247247056159,3.6221651609463,2.2176828613281248,0.0,static_collision,True,predicted_collision_within_1s;raw_collision_risk:static_collision,,False,False,2.326770290274845,-1.9013420112120798,-0.24235607538346687,0.5510161946614583,True,-16.10086705726225,,,
6000,1029,1,210,210,0.10046648979187012,0.023673653602600098,-0.003119588131085038,0.023673653602600098,-0.10358607769012451,0.0,True,True,predictive_recovery,right_pass,-3.1854349772135415,10.129652820841311,10,3,,0,0,0,False,False,False,False,False,False,False,False,True,0.9052342288868519,10.030208004851115,0.0,False,max_steps,static_obstacle,14.229446411132812,low_speed_overlap,False,,inf,inf,inf,-1.8937505715539467,-0.2562404986549008,0.5385650227864583,-17.048934425461617,-1.1414971215518905,1.0733746148858656,{'ROAD_LINE_BROKEN_SINGLE_WHITE'},True,True,predicted_collision_within_1s;raw_collision_risk:static_collision,True,False,right,12,False,raw_predicted_collision,False,0,0,static_obstacle,11.516678385533227,14.21214856853842,0.4969122553837667,11.70464856853842,False,False,2.4195227260117846,1.4179363922921593,0.0,True,False,1,0,,True,False,0.0,11.669373787915134,4.023273360883567,2.2052316894531248,0.0,static_collision,True,predicted_collision_within_1s;raw_collision_risk:static_collision,,False,False,2.939622839541871,-1.8469153576374637,-0.2562404986549008,0.5385650227864583,True,9.091367392804578,,,
6000,1029,1,211,211,-0.03637826442718506,0.3246941566467285,-0.0037854339461773634,-1.0,0.03259282931685448,-1.3246941566467285,True,True,predictive_recovery,right_slow_follow,-3.1973063151041665,8.0,10,1,,0,0,0,False,False,False,False,False,False,False,False,True,0.9088691755936875,8.299278894289795,0.0,False,max_steps,static_obstacle,13.220863342285156,low_speed_overlap,False,,inf,inf,inf,-1.7965557540174903,-0.28663690915637724,0.5266936848958333,-11.406297992867348,-1.1296257836612655,0.6204835716712793,{'ROAD_LINE_BROKEN_SINGLE_WHITE'},True,True,predicted_collision_within_1s;raw_collision_risk:static_collision,True,False,right,12,False,raw_predicted_collision,False,0,0,static_obstacle,10.515582237264457,13.20240227217522,0.506456386481056,10.69490227217522,False,False,2.3175660068765924,1.3162640561182652,0.36488155906014214,True,False,1,0,,True,False,0.0,9.997092899706427,2.39987651676705,2.1933603515624998,0.0,static_collision,True,predicted_collision_within_1s;raw_collision_risk:static_collision,,False,False,2.8429942186447716,-1.7965557540174903,-0.28663690915637724,0.5266936848958333,True,-14.66191336647394,,,
6000,1029,1,212,212,0.03485679626464844,0.22359848022460938,-0.004066668450832367,0.22359848022460938,-0.038923464715480804,0.0,True,True,predictive_recovery,right_pass,-3.209498087565104,9.305472055300537,10,2,,0,0,0,False,False,False,False,False,False,False,False,True,0.9120428381689313,8.366320701691855,0.0,False,max_steps,static_obstacle,12.261466979980469,low_speed_overlap,False,,inf,inf,inf,-1.899954564127357,-0.4742465257018374,0.5145019124348958,-16.02204446517974,-1.117434011200328,0.9823845154617313,{'ROAD_LINE_BROKEN_SINGLE_WHITE'},True,True,predicted_collision_within_1s;raw_collision_risk:static_collision,True,False,right,12,False,raw_predicted_collision,False,0,0,static_obstacle,9.564560471974632,12.241593906657775,0.517304437761294,9.734093906657774,False,False,2.6847109435445398,1.4750189820805317,0.0,True,False,1,0,,True,False,0.0,10.503747642498588,2.8919296053957084,2.1811685791015623,0.0,static_collision,True,predicted_collision_within_1s;raw_collision_risk:static_collision,,False,False,3.1299518482353648,-1.899954564127357,-0.4742465257018374,0.5145019124348958,True,5.451070476297765,,,
6000,1029,1,213,213,0.014261960983276367,0.6902287006378174,-0.004106784705072641,-0.24421380460262299,-0.01836874522268772,-0.9344425201416016,True,True,predictive_recovery,right_pass,-3.220942179361979,8.0,10,1,,0,0,0,False,False,False,False,False,False,False,False,True,0.915148889290121,7.679796406971188,0.0,False,max_steps,static_obstacle,11.423820495605469,low_speed_overlap,False,,inf,inf,inf,-1.8414126623686893,-0.32630028449564313,0.5030578206380208,-11.006003876766341,-1.105989919403453,0.6171543448263895,{'ROAD_LINE_BROKEN_SINGLE_WHITE'},True,True,predicted_collision_within_1s;raw_collision_risk:static_collision,True,False,right,12,False,raw_predicted_collision,False,0,0,static_obstacle,8.7354789173115,11.402375641951677,0.5284872557478707,8.894875641951677,False,False,2.5634420551160635,1.3628900981103753,0.0,True,False,1,0,,True,False,0.0,9.34586653897136,1.7837052461892478,2.1697244873046873,0.0,static_collision,True,predicted_collision_within_1s;raw_collision_risk:static_collision,,False,False,3.286303741733877,-1.8414126623686893,-0.32630028449564313,0.5030578206380208,True,-16.076163088200154,,,
6000,1029,1,214,214,0.03255486488342285,0.6042251586914062,-0.003146085888147354,0.30000001192092896,-0.035700950771570206,-0.3042251467704773,True,True,predictive_recovery,right_pass,-3.2330729166666665,10.398809621082517,10,2,,0,0,0,False,False,False,False,False,False,False,False,True,0.9180768497022784,7.769755627309479,0.0,False,max_steps,static_obstacle,10.604019165039062,low_speed_overlap,False,,inf,inf,inf,-2.072135015941879,-0.5076526276388853,0.49092708333333335,-20.324087117308263,-1.1960968364197533,1.090306519034314,{'ROAD_LINE_BROKEN_SINGLE_WHITE'},True,True,predicted_collision_within_1s;raw_collision_risk:static_collision,True,False,right,12,False,raw_predicted_collision,False,0,0,static_obstacle,7.925497423880286,10.58090138951991,0.5396272257720828,8.07340138951991,False,False,2.6850173668018953,1.3777580587833422,0.0,True,False,1,0,,True,False,0.0,11.418272565675775,3.7847445544255036,2.1575937499999998,0.0,static_collision,True,predicted_collision_within_1s;raw_collision_risk:static_collision,,False,False,3.103313506978497,-2.072135015941879,-0.3215203368038562,0.49092708333333335,True,5.0160567682704595,,,
6000,1029,1,215,215,-0.03585398197174072,0.7504751682281494,0.0,-0.800000011920929,0.03585398197174072,-1.5504751205444336,True,True,ultra_short_horizon_emergency,ultra_short_horizon_emergency_stop,0,0,0,0,high_speed_near_blocker,0,0,0,False,False,False,False,False,False,False,False,True,0.9208673325276548,6.2657425600207235,0.0,False,max_steps,,inf,,False,,inf,inf,inf,inf,inf,inf,inf,inf,0.0,{'ROAD_LINE_BROKEN_SINGLE_WHITE'},True,True,high_speed_near_blocker,False,False,,0,False,,True,8,0,,9.957139106768123,0,0,0,0,0,inf,inf,0.0,True,False,1,0,,False,False,0.0,inf,inf,inf,0.0,0,True,high_speed_near_blocker,,False,False,0.0,inf,inf,inf,False,0.0,,,
6000,1029,1,216,216,-0.11161279678344727,0.3103470802307129,0.0,-0.800000011920929,0.11161279678344727,-1.110347032546997,True,True,ultra_short_horizon_emergency,ultra_short_horizon_emergency_stop,0,0,0,0,high_speed_near_blocker,0,0,0,False,False,False,False,False,False,False,False,True,0.9231451072040122,4.992666094876132,0.0,False,max_steps,,inf,,False,,inf,inf,inf,inf,inf,inf,inf,inf,0.0,{'ROAD_LINE_BROKEN_SINGLE_WHITE'},True,True,high_speed_near_blocker,False,False,,0,False,,True,8,0,,9.232691370738106,0,0,0,0,0,inf,inf,0.0,True,False,1,0,,False,False,0.0,inf,inf,inf,0.0,0,True,high_speed_near_blocker,,False,False,0.0,inf,inf,inf,False,0.0,,,
6000,1029,1,217,217,-0.10874050855636597,0.4601379632949829,-0.01224784180521965,0.30000001192092896,0.09649266302585602,-0.16013795137405396,True,True,predictive_recovery,right_pass,-3.2661844889322915,8.0,10,4,,0,0,0,False,False,False,False,False,False,False,False,True,0.9250640121915794,5.082464523188519,0.0,False,max_steps,static_obstacle,8.493522644042969,low_speed_overlap,False,,inf,inf,inf,-1.938125064639454,-0.5671431958269932,0.45781551106770835,-12.381955821571754,-1.1629852641541283,0.6353271729922206,{'ROAD_LINE_BROKEN_SINGLE_WHITE'},True,True,predicted_collision_within_1s;static_object_distance;static_ttc;raw_collision_risk:static_collision,True,False,right,12,False,raw_predicted_collision,False,0,0,static_obstacle,5.84923196019811,8.467048784562358,0.5582055957864743,5.959548784562358,True,False,3.7085937477890454,1.695897266843443,0.5429050502089563,True,False,1,0,,True,False,0.0,10.659536473997024,3.0517042194904307,2.1244821777343748,0.0,static_collision,True,predicted_collision_within_1s;static_object_distance;static_ttc;raw_collision_risk:static_collision,,False,False,3.566500448081625,-1.938125064639454,-0.5671431958269932,0.45781551106770835,True,1.286807753909038,,,
6000,1029,1,218,218,-0.16872411966323853,0.7104803323745728,0.0,-0.800000011920929,0.16872411966323853,-1.5104804039001465,True,True,ultra_short_horizon_emergency,ultra_short_horizon_emergency_stop,0,0,0,0,high_speed_approach_False,0,0,0,False,False,False,False,False,False,False,False,True,0.9268254076395398,3.4266761573675915,0.0,False,max_steps,,inf,,False,,inf,inf,inf,inf,inf,inf,inf,inf,0.0,{'ROAD_LINE_BROKEN_SINGLE_WHITE'},True,True,high_speed_approach_False,False,False,,0,False,,True,8,0,,inf,0,0,0,0,0,inf,inf,0.0,True,False,1,0,,False,False,0.0,inf,inf,inf,0.0,0,True,high_speed_approach_False,,False,False,0.0,inf,inf,inf,False,0.0,,,
6000,1029,1,219,219,-0.2000645399093628,0.46600794792175293,0.0,-0.800000011920929,0.2000645399093628,-1.266007900238037,True,True,ultra_short_horizon_emergency,ultra_short_horizon_emergency_stop,0,0,0,0,high_speed_approach_False,0,0,0,False,False,False,False,False,False,False,False,True,0.9280259373145163,2.133205781273176,0.0,False,max_steps,,inf,,False,,inf,inf,inf,inf,inf,inf,inf,inf,0.0,{'ROAD_LINE_BROKEN_SINGLE_WHITE'},True,True,high_speed_approach_False,False,False,,0,False,,True,8,0,,inf,0,0,0,0,0,inf,inf,0.0,True,False,1,0,,False,False,0.0,inf,inf,inf,0.0,0,True,high_speed_approach_False,,False,False,0.0,inf,inf,inf,False,0.0,,,
6000,1029,1,220,220,-0.19371086359024048,0.6057997941970825,-0.04904087260365486,0.30000001192092896,0.14466999471187592,-0.30579978227615356,True,True,predictive_recovery,right_pass,-3.2896830240885415,4.8593048551600475,10,1,,0,0,0,False,False,False,False,False,False,False,False,True,0.9288614981058307,2.2221229350454768,0.0,False,max_steps,static_obstacle,7.205291748046875,low_speed_overlap,False,,inf,inf,inf,0.043404030108881386,-0.1305633737164918,0.43431697591145835,-4.8534682896754315,-1.1394867289978783,0.2059455640662203,{'ROAD_LINE_BROKEN_SINGLE_WHITE'},True,True,predicted_collision_within_1s;static_object_distance;raw_collision_risk:static_collision,True,False,right,12,False,raw_predicted_collision,False,0,0,static_obstacle,4.592234286418859,7.174889213521287,0.5765341778770662,4.667389213521288,True,False,8.075015726395813,3.363430418437666,0.4132251341061206,True,False,1,0,,True,False,0.0,9.805991616531529,2.2370526557010844,2.1009836425781248,0.0,static_collision,True,predicted_collision_within_1s;static_object_distance;raw_collision_risk:static_collision,,False,False,1.2168036351393072,0.043404030108881386,-0.1305633737164918,0.43431697591145835,True,-13.614541635552971,,,
6000,1029,1,221,221,-0.21598458290100098,0.8419599533081055,-0.04497106000781059,0.30000001192092896,0.17101351916790009,-0.5419599413871765,True,True,predictive_recovery,right_pass,-3.2948710123697915,6.010942724931951,10,1,,0,0,0,False,False,False,False,False,False,False,False,True,0.9297096330666679,2.3119747018096897,0.0,False,max_steps,static_obstacle,6.9847564697265625,low_speed_overlap,False,,inf,inf,inf,-1.5026032284925748,-0.3050699372217041,0.42912898763020835,-5.607063571054869,-1.1342987407166283,0.28345083888150246,{'ROAD_LINE_BROKEN_SINGLE_WHITE'},True,True,predicted_collision_within_1s;static_object_distance;raw_collision_risk:static_collision,True,False,right,12,False,raw_predicted_collision,False,0,0,static_obstacle,4.378429364632418,6.952441336199764,0.5850882429493566,4.444941336199765,True,False,7.65790588628453,3.128738390910618,0.4799442952805454,True,False,1,0,,True,False,0.0,9.522642521292438,1.967862028767687,2.0957956542968748,0.0,static_collision,True,predicted_collision_within_1s;static_object_distance;raw_collision_risk:static_collision,,False,False,2.2860865340968046,-1.5026032284925748,-0.3050699372217041,0.42912898763020835,True,-13.582007237611556,,,
6000,1029,1,222,222,-0.15114176273345947,0.8945033550262451,-0.038883503526449203,0.30000001192092896,0.11225825548171997,-0.5945033431053162,True,True,predictive_recovery,right_pass,-3.303064982096354,6.337239799427793,10,1,,0,0,0,False,False,False,False,False,False,False,False,True,0.9305917038321477,2.4019780295882915,0.0,False,max_steps,static_obstacle,6.760902404785156,low_speed_overlap,False,,inf,inf,inf,-1.7385096496312866,-0.3237546054833092,0.42093501790364585,-6.6769347622304185,-1.1704720549406828,0.33512408136118677,{'ROAD_LINE_BROKEN_SINGLE_WHITE'},True,True,predicted_collision_within_1s;raw_collision_risk:static_collision,True,False,right,12,False,raw_predicted_collision,False,0,0,static_obstacle,4.162528926941396,6.723922109884014,0.6062660390591902,inf,False,False,7.25457312107142,2.9083026317809137,0.3494359318266808,True,False,1,0,,True,False,0.0,10.272606120840287,2.6863555147182976,2.0876016845703123,0.0,static_collision,True,predicted_collision_within_1s;raw_collision_risk:static_collision,,False,False,2.6889271302807694,-1.7385096496312866,-0.3237546054833092,0.42093501790364585,True,-14.262690698615927,,,
6000,1029,1,223,223,-0.16921460628509521,0.9445586204528809,-0.03258023038506508,0.30000001192092896,0.13663437962532043,-0.6445586085319519,True,True,predictive_recovery,right_pass,-3.3124186197916665,6.652491821626255,10,1,,0,0,0,False,False,False,False,False,False,False,False,True,0.9315078260268176,2.491996243786584,0.0,False,max_steps,static_obstacle,6.5280914306640625,low_speed_overlap,False,,inf,inf,inf,-1.750361599231414,-0.27939801573479245,0.41158138020833335,-7.741714882038247,-1.1611184172453703,0.36854571700080174,{'ROAD_LINE_BROKEN_SINGLE_WHITE'},True,True,predicted_collision_within_1s;raw_collision_risk:static_collision,True,False,right,12,False,raw_predicted_collision,False,0,0,static_obstacle,3.938754858960972,6.485895817107829,0.6288913174890837,inf,False,False,6.888548301357954,2.700231116693243,0.40644976658223153,True,False,1,0,,True,False,0.0,9.998502659202893,2.424820691055134,2.0782480468749998,0.0,static_collision,True,predicted_collision_within_1s;raw_collision_risk:static_collision,,False,False,3.0716330511400356,-1.750361599231414,-0.27939801573479245,0.41158138020833335,True,-15.031589566568854,,,
6000,1029,1,224,224,-0.15625250339508057,0.9438363313674927,-0.026734398677945137,0.30000001192092896,0.12951810657978058,-0.6438363194465637,True,True,predictive_recovery,right_pass,-3.322138468424479,6.739259734940301,10,1,,0,0,0,False,False,False,False,False,False,False,False,True,0.9324580574629513,2.582005216309425,0.0,False,max_steps,static_obstacle,6.286293029785156,low_speed_overlap,False,,inf,inf,inf,-1.690656603346218,-0.3657957054314192,0.40186153157552085,-8.309379052079896,-1.1513985686125578,0.39457627246578647,{'ROAD_LINE_BROKEN_SINGLE_WHITE'},True,True,predicted_collision_within_1s;raw_collision_risk:static_collision,True,False,right,12,False,raw_predicted_collision,False,0,0,static_obstacle,3.707029767820665,6.239206060046696,0.648931418716134,inf,False,False,6.534909411759121,2.5036980194505563,0.3893806515427913,True,False,1,0,,True,False,0.0,9.713598083899612,2.1567186945193755,2.0685281982421873,0.0,static_collision,True,predicted_collision_within_1s;raw_collision_risk:static_collision,,False,False,3.305452824932437,-1.690656603346218,-0.3657957054314192,0.40186153157552085,True,-15.693487006514061,,,
6000,1029,1,225,225,-0.1542295217514038,0.9561679363250732,-0.021484499797225,0.30000001192092896,0.13274502754211426,-0.6561679244041443,True,True,predictive_recovery,right_pass,-3.332117716471354,8.0,10,3,,0,0,0,False,False,False,False,False,False,False,False,True,0.9334423692344118,2.672002684322058,0.0,False,max_steps,static_obstacle,6.035491943359375,low_speed_overlap,False,,inf,inf,inf,-1.7721976052647932,-0.45467627104158687,0.39188228352864596,-11.103848924571077,-1.1414193205656828,0.4614595352113438,{'ROAD_LINE_BROKEN_SINGLE_WHITE'},True,True,predicted_collision_within_1s;raw_collision_risk:static_collision,True,False,right,12,False,raw_predicted_collision,False,0,0,static_obstacle,3.4674706907790855,5.9840518376064615,0.6657420564482407,inf,False,False,6.212385651709674,2.3175986631660384,0.3982214296710326,True,False,1,0,,True,False,0.0,9.421909615739251,1.8825363200127307,2.0585489501953123,0.0,static_collision,True,predicted_collision_within_1s;raw_collision_risk:static_collision,,False,False,3.511891015944604,-1.7232964605845913,-0.45467627104158687,0.39188228352864596,True,-12.004930942112367,,,
6000,1029,1,226,226,-0.23762136697769165,0.9137641191482544,-0.016825931146740913,0.30000001192092896,0.2207954376935959,-0.6137641072273254,True,True,predictive_recovery,right_pass,-3.3424479166666665,8.0,10,3,,0,0,0,False,False,False,False,False,False,False,False,True,0.9344607324350624,2.7619895619461947,0.0,False,max_steps,static_obstacle,5.77569580078125,low_speed_overlap,False,,inf,inf,inf,-1.8144287327930386,-0.4890456696753021,0.38155208333333346,-11.714597577404524,-1.1310891203703703,0.48866367363742447,{'ROAD_LINE_BROKEN_SINGLE_WHITE'},True,True,predicted_collision_within_1s;raw_collision_risk:static_collision,True,False,right,12,False,raw_predicted_collision,False,0,0,static_obstacle,3.220301911326621,5.720467029719252,0.679575852103257,inf,False,False,5.899618429173665,2.140891198681805,0.634924930416669,True,False,1,0,,True,False,0.0,10.061965922206893,2.492985524204441,2.0482187499999998,0.0,static_collision,True,predicted_collision_within_1s;raw_collision_risk:static_collision,,False,False,3.6179592364652606,-1.8144287327930386,-0.4890456696753021,0.38155208333333346,True,-12.06816305033275,,,
6000,1029,1,227,227,-0.21659213304519653,0.9186258316040039,-0.012732255272567272,0.30000001192092896,0.20385988056659698,-0.618625819683075,True,True,predictive_recovery,right_pass,-3.3530985514322915,8.0,10,3,,0,0,0,False,False,False,False,False,False,False,False,True,0.9355132048771769,2.8519679348082643,0.0,False,max_steps,static_obstacle,5.5069122314453125,low_speed_overlap,False,,inf,inf,inf,-1.8490622937080703,-0.46220757753547376,0.37090144856770846,-12.301786976143202,-1.1204384856047453,0.5173700907634192,{'ROAD_LINE_BROKEN_SINGLE_WHITE'},True,True,predicted_collision_within_1s;raw_collision_risk:static_collision,True,False,right,12,False,raw_predicted_collision,False,0,0,static_obstacle,2.965761208417591,5.448455278374607,0.6906734868069476,inf,False,False,5.612417362402521,1.9726559989370251,0.5982252106704943,True,False,1,0,,True,False,0.0,9.774322810954022,2.221149107279467,2.0375681152343748,0.0,static_collision,True,predicted_collision_within_1s;raw_collision_risk:static_collision,,False,False,3.6794908641975215,-1.8490622937080703,-0.46220757753547376,0.37090144856770846,True,-13.336045800518342,,,
6000,1029,1,228,228,-0.22763687372207642,0.8637022972106934,-0.0091712586581707,0.30000001192092896,0.21846561133861542,-0.5637022852897644,True,True,predictive_recovery,right_pass,-3.3640543619791665,8.0,10,3,,0,0,0,False,False,False,False,False,False,False,False,True,0.9365997287484814,2.941939583233637,0.0,False,max_steps,static_obstacle,5.2291259765625,low_speed_overlap,False,,inf,inf,inf,-1.826594300937884,-0.49052347387808376,0.35994563802083346,-12.729095318574352,-1.1094826750578703,0.5482350227394361,{'ROAD_LINE_BROKEN_SINGLE_WHITE'},True,True,predicted_collision_within_1s;raw_collision_risk:static_collision,True,False,right,12,False,raw_predicted_collision,False,0,0,static_obstacle,2.7041254680390403,5.1679841431773355,0.6993195361928667,inf,False,False,5.332911074259111,1.8120765244595134,0.6492130646353599,True,False,1,0,,True,False,0.0,9.476840290878435,1.9433497494444445,2.0266123046874998,0.0,static_collision,True,predicted_collision_within_1s;raw_collision_risk:static_collision,,False,False,3.6981831627976987,-1.826594300937884,-0.49052347387808376,0.35994563802083346,True,-13.293375817057509,,,
6000,1029,1,229,229,-0.13776004314422607,0.9009145498275757,-0.002292814664542675,-0.8500000238418579,0.13546723127365112,-1.7509145736694336,True,True,minimum_risk_stop,pre_contact_minimum_risk,0,0,10,0,no_safe_candidate_before_cost,0,0,0,False,False,False,False,False,False,False,False,True,0.9375634015382427,1.445774416435429,0.0,False,max_steps,static_obstacle,4.942352294921875,low_speed_overlap,False,,inf,inf,inf,inf,inf,inf,inf,inf,0.0,{'ROAD_LINE_BROKEN_SINGLE_WHITE'},True,True,predicted_collision_within_1s;raw_collision_risk:static_collision,False,False,,0,False,raw_predicted_collision,True,8,0,static_obstacle,2.4357658294442603,4.879044012093492,0.7057809710704884,inf,False,False,5.074613809795415,1.658444666878809,0.4052817239139723,True,False,1,0,,True,False,0.0,inf,inf,2.0153970947265623,0.0,static_collision,True,no_safe_candidate_before_cost,no_hard_safe_candidate,False,False,0.0,inf,inf,inf,False,0.0,,,
6000,1029,1,230,230,-0.19210779666900635,0.7376832962036133,-0.0005732036661356688,-0.8500000238418579,0.1915345937013626,-1.5876833200454712,True,True,minimum_risk_stop,pre_contact_minimum_risk,0,0,10,0,no_safe_candidate_before_cost,0,0,0,False,False,False,False,False,False,False,False,True,0.9380119091573541,0.13198656075352694,0.0,False,max_steps,static_obstacle,4.6880035400390625,low_speed_overlap,False,,inf,inf,inf,inf,inf,inf,inf,inf,0.0,{'ROAD_LINE_BROKEN_SINGLE_WHITE'},True,True,predicted_collision_within_1s;raw_collision_risk:static_collision,False,False,,0,False,raw_predicted_collision,True,8,0,static_obstacle,2.19943164256943,4.623144450485215,0.7099501236839995,inf,False,False,10.149739818234929,3.19769418930764,0.2777445376218287,True,False,1,0,,True,False,0.0,9.29122474540128,1.7747322862600885,2.0056009521484373,3.0,static_collision,True,no_safe_candidate_before_cost,no_hard_safe_candidate,False,False,0.0,inf,inf,inf,False,0.0,,,
6000,1029,1,231,231,-0.19348305463790894,0.8229638338088989,-0.0001433009165339172,-0.4000000059604645,0.1933397501707077,-1.222963809967041,True,True,minimum_risk_stop,pre_contact_minimum_risk,0,0,10,0,no_safe_candidate_before_cost,0,0,0,False,False,False,False,False,False,False,False,True,0.938041480135335,0.16442060039795145,0.0,False,max_steps,static_obstacle,4.5696258544921875,low_speed_overlap,False,,inf,inf,inf,inf,inf,inf,inf,inf,0.0,{'ROAD_LINE_BROKEN_SINGLE_WHITE'},True,True,predicted_collision_within_1s;raw_collision_risk:static_collision,False,False,,0,False,raw_predicted_collision,True,8,0,static_obstacle,2.0899663838857623,4.503839337213481,0.7120046011068538,inf,False,False,113.57624085612692,34.1234691736835,0.02553716294574434,True,False,1,0,,True,False,0.0,9.500922183506345,1.9715771945332754,2.0013132324218748,3.0,static_collision,True,no_safe_candidate_before_cost,no_hard_safe_candidate,False,False,0.0,inf,inf,inf,False,0.0,,,
6000,1029,1,232,232,-0.18114739656448364,0.8838207721710205,-3.58252291334793e-05,-0.4000000059604645,0.18111157417297363,-1.2838207483291626,True,True,minimum_risk_stop,pre_contact_minimum_risk,0,0,10,0,no_safe_candidate_before_cost,0,0,0,False,False,False,False,False,False,False,False,True,0.9380002021719365,0.02582163206600641,0.0,False,max_steps,static_obstacle,4.561820983886719,low_speed_overlap,False,,inf,inf,inf,inf,inf,inf,inf,inf,0.0,{'ROAD_LINE_BROKEN_SINGLE_WHITE'},True,True,predicted_collision_within_1s;raw_collision_risk:static_collision,False,False,,0,False,raw_predicted_collision,True,8,0,static_obstacle,2.082680185612251,4.4956634969209635,0.712657679265846,inf,False,False,89.49930694079565,27.342458828394935,0.02978436370365821,True,False,1,0,,True,False,0.0,9.484669823001603,1.9567601884694115,2.0012674560546873,3.0,static_collision,True,no_safe_candidate_before_cost,no_hard_safe_candidate,False,False,0.0,inf,inf,inf,False,0.0,,,
6000,1029,1,233,233,-0.19283777475357056,0.8838036060333252,0.05247746780514717,0.0,0.24531523883342743,-0.8838036060333252,True,True,predictive_recovery,keep_stop,-1.7222442626953125,0.02582163206600641,10,1,,0,0,0,False,False,False,False,False,False,False,False,True,0.937970053071219,0.03309810742695974,0.0,False,max_steps,static_obstacle,4.572715759277344,low_speed_overlap,False,,inf,inf,inf,9.564021886221289,2.0202856247349863,2.0017557373046873,-0.03296200563037832,-1.0267557373046876,0.2569434692013311,{'ROAD_LINE_BROKEN_SINGLE_WHITE'},True,True,predicted_collision_within_1s;raw_collision_risk:static_collision,False,True,right,11,False,raw_predicted_collision,True,8,0,static_obstacle,2.092701796123062,4.50656498754262,0.7125779646562874,inf,False,False,666.9211214799702,174.52672921768607,0.004979386068114119,True,False,1,0,,True,False,0.0,9.530445602364418,1.9990571893737685,2.0017557373046873,3.0,static_collision,True,predicted_collision_within_1s;raw_collision_risk:static_collision,,False,False,0.0,9.564021886221289,2.0202856247349863,2.0017557373046873,False,-215.11464767266727,,,
6000,1029,1,234,234,-0.1818779706954956,0.9205851554870605,0.05245888978242874,0.0,0.23433685302734375,-0.9205851554870605,True,True,predictive_recovery,keep_stop,-1.7219390869140625,0.03309810742695974,10,1,,0,0,0,False,False,False,False,False,False,False,False,True,0.9379602249846954,0.003291838622810428,0.0,False,max_steps,static_obstacle,4.5806732177734375,low_speed_overlap,False,,inf,inf,inf,9.544571880768855,2.0072249257459798,2.0020609130859373,-0.05269088084196483,-1.0270609130859376,0.2578499577502266,{'ROAD_LINE_BROKEN_SINGLE_WHITE'},True,True,predicted_collision_within_1s;raw_collision_risk:static_collision,False,True,right,10,False,raw_predicted_collision,True,8,0,static_obstacle,2.100041998585986,4.5145527794282785,0.7125059038366027,inf,False,False,469.61873837956404,136.39912159300667,0.006019816612676949,True,False,1,0,,True,False,0.0,9.536049241928621,2.0046764835025335,2.0020609130859373,3.0,static_collision,True,predicted_collision_within_1s;raw_collision_risk:static_collision,,False,False,0.0,9.544571880768855,2.0072249257459798,2.0020609130859373,False,-215.97090389136113,,,
6000,1029,1,235,235,-0.18188804388046265,0.9213628768920898,0.0524505153298378,0.0,0.23433855175971985,-0.9213628768920898,True,True,predictive_recovery,keep_stop,-1.7218475341796875,0.003291838622810428,10,1,,0,0,0,False,False,False,False,False,False,False,False,True,0.9379637515333892,0.017751559633367317,0.0,False,max_steps,static_obstacle,4.5832672119140625,low_speed_overlap,False,,inf,inf,inf,9.639724019216978,2.093194560119565,2.0021524658203123,0.063257322130577,-1.0271524658203126,0.2562609863281251,{'ROAD_LINE_BROKEN_SINGLE_WHITE'},True,True,predicted_collision_within_1s;raw_collision_risk:static_collision,False,True,right,9,False,raw_predicted_collision,True,8,0,static_obstacle,2.1024379874355996,4.517159427397075,0.7124829822492172,inf,False,False,inf,1372.2299131239072,0.0005987460878731448,True,False,1,0,,True,False,0.0,9.54662163657019,2.0140214587663965,2.0021524658203123,3.0,static_collision,True,predicted_collision_within_1s;raw_collision_risk:static_collision,,False,False,0.0,9.639724019216978,2.093194560119565,2.0021524658203123,False,-306.29511244613525,,,
6000,1029,1,236,236,-0.18188369274139404,0.920975923538208,0.05245459824800491,0.0,0.23433828353881836,-0.920975923538208,True,True,predictive_recovery,keep_stop,-1.721893310546875,0.017751559633367317,10,1,,0,0,0,False,False,False,False,False,False,False,False,True,0.9379696772914401,0.005567391717217738,0.0,False,max_steps,static_obstacle,4.58233642578125,low_speed_overlap,False,,inf,inf,inf,9.59209020791058,2.0517676652784895,2.0021066894531248,0.007354239352001635,-1.027106689453125,0.25624267578125004,{'ROAD_LINE_BROKEN_SINGLE_WHITE'},True,True,predicted_collision_within_1s;raw_collision_risk:static_collision,False,True,right,8,False,raw_predicted_collision,True,8,0,static_obstacle,2.1015827732729933,4.5162222063617,0.7125075257232144,inf,False,False,931.0293247149586,254.41269948318404,0.0032287192180359145,True,False,1,0,,True,False,0.0,9.541656942342104,2.00979397259155,2.0021066894531248,3.0,static_collision,True,predicted_collision_within_1s;raw_collision_risk:static_collision,,False,False,0.0,9.59209020791058,2.0517676652784895,2.0021066894531248,False,-306.1345134378617,,,
6000,1029,1,237,237,-0.18191397190093994,0.921271800994873,0.05245540291070938,0.0,0.23436936736106873,-0.921271800994873,True,True,predictive_recovery,keep_stop,-1.7219696044921875,0.005567391717217738,10,1,,0,0,0,False,False,False,False,False,False,False,False,True,0.9379726835296708,0.00416623694333775,0.0,False,max_steps,static_obstacle,4.580772399902344,low_speed_overlap,False,,inf,inf,inf,9.632636890245179,2.084515077654737,2.0020303955078123,0.052113728389361125,-1.0270303955078126,0.25621215820312504,{'ROAD_LINE_BROKEN_SINGLE_WHITE'},True,True,predicted_collision_within_1s;raw_collision_risk:static_collision,False,True,right,7,False,raw_predicted_collision,True,8,0,static_obstacle,2.1001455761079737,4.514655374899661,0.7125290425068033,inf,False,False,9434.667417121023,810.9103156757624,0.0010127863404074734,True,False,1,0,,True,False,0.0,9.54374513864741,2.0112048644018583,2.0020303955078123,3.0,static_collision,True,predicted_collision_within_1s;raw_collision_risk:static_collision,,False,False,0.0,9.632636890245179,2.084515077654737,2.0020303955078123,False,-306.2609814573926,,,
6000,1029,1,238,238,-0.1819203495979309,0.921303391456604,0.052457500249147415,0.0,0.23437784612178802,-0.921303391456604,True,True,predictive_recovery,keep_stop,-1.7220001220703125,0.00416623694333775,10,1,,0,0,0,False,False,False,False,False,False,False,False,True,0.937972481186713,0.0004479216474722339,0.0,False,max_steps,static_obstacle,4.579978942871094,low_speed_overlap,False,,inf,inf,inf,9.630388119911284,2.0877164746203065,2.0019998779296873,0.05664579602556641,-1.0269998779296876,0.2561999511718751,{'ROAD_LINE_BROKEN_SINGLE_WHITE'},True,True,predicted_collision_within_1s;raw_collision_risk:static_collision,False,True,right,6,False,raw_predicted_collision,True,8,0,static_obstacle,2.0994136101554166,4.513858566318156,0.7125371007287621,inf,False,False,7135.644908610705,1083.437794755358,0.0007579232812398186,True,False,1,0,,True,False,0.0,9.542852666475111,2.010802074832999,2.0019998779296873,3.0,static_collision,True,predicted_collision_within_1s;raw_collision_risk:static_collision,,False,False,0.0,9.630388119911284,2.0877164746203065,2.0019998779296873,False,-306.2734461938258,,,
6000,1029,1,239,239,-0.18192553520202637,0.9213988780975342,0.05245913192629814,0.0,0.2343846708536148,-0.9213988780975342,True,True,predictive_recovery,keep_stop,-1.7220001220703125,0.0004479216474722339,10,1,,0,0,0,False,False,False,False,False,False,False,False,True,0.9379706890062293,0.007719229389349327,0.0,False,max_steps,static_obstacle,4.5800323486328125,low_speed_overlap,False,,inf,inf,inf,9.637538393677202,2.098205821582017,2.0019998779296873,0.07083022965291796,-1.0269998779296876,0.2561999511718751,{'ROAD_LINE_BROKEN_SINGLE_WHITE'},True,True,predicted_collision_within_1s;raw_collision_risk:static_collision,False,True,right,5,False,raw_predicted_collision,True,8,0,static_obstacle,2.09946359936928,4.513909783019618,0.7125442027373766,inf,False,False,inf,inf,8.148838544495954e-05,True,False,1,0,,True,False,0.0,9.54443631986846,2.0117197625177936,2.0019998779296873,3.0,static_collision,True,predicted_collision_within_1s;raw_collision_risk:static_collision,,False,False,0.0,9.637538393677202,2.098205821582017,2.0019998779296873,False,-306.3142482197764,,,
6000,1029,1,240,240,-0.18190312385559082,0.9212191104888916,0.05246145278215408,0.0,0.2343645691871643,-0.9212191104888916,True,True,predictive_recovery,keep_stop,-1.7220001220703125,0.007719229389349327,10,1,,0,0,0,False,False,False,False,False,False,False,False,True,0.9379697351037137,0.0014082056067701795,0.0,False,max_steps,static_obstacle,4.58050537109375,low_speed_overlap,False,,inf,inf,inf,9.620476807794029,2.078236674474183,2.0019998779296873,0.043667333872351666,-1.0269998779296876,0.2561999511718751,{'ROAD_LINE_BROKEN_SINGLE_WHITE'},True,True,predicted_collision_within_1s;raw_collision_risk:static_collision,False,True,right,4,False,raw_predicted_collision,True,8,0,static_obstacle,2.099906364129033,4.514379431264707,0.7125688299881997,inf,False,False,2601.3148647241487,584.8225520404227,0.0014041519396805274,True,False,1,0,,True,False,0.0,9.542644890097888,2.0104642961261523,2.0019998779296873,3.0,static_collision,True,predicted_collision_within_1s;raw_collision_risk:static_collision,,False,False,0.0,9.620476807794029,2.078236674474183,2.0019998779296873,False,-306.23671103924255,,,
6000,1029,1,241,241,-0.1819075345993042,0.9213807582855225,0.05246128514409065,0.0,0.23436881601810455,-0.9213807582855225,True,True,predictive_recovery,keep_stop,-1.7220001220703125,0.0014082056067701795,10,1,,0,0,0,False,False,False,False,False,False,False,False,True,0.9379689257318824,0.004303144462054513,0.0,False,max_steps,static_obstacle,4.580757141113281,low_speed_overlap,False,,inf,inf,inf,9.638171326624354,2.096187823430727,2.0019998779296873,0.06790579455396317,-1.0269998779296876,0.2561999511718751,{'ROAD_LINE_BROKEN_SINGLE_WHITE'},True,True,predicted_collision_within_1s;raw_collision_risk:static_collision,False,True,right,3,False,raw_predicted_collision,True,8,0,static_obstacle,2.100142031552044,4.514631252486547,0.7125775229897876,inf,False,False,inf,3205.9460854165873,0.0002561632101364806,True,False,1,0,,True,False,0.0,9.54506919672582,2.0121722948303886,2.0019998779296873,3.0,static_collision,True,predicted_collision_within_1s;raw_collision_risk:static_collision,,False,False,0.0,9.638171326624354,2.096187823430727,2.0019998779296873,False,-306.30639593630616,,,
6000,1029,1,242,242,-0.18189865350723267,0.9213097095489502,0.05246236175298691,0.0,0.23436102271080017,-0.9213097095489502,True,True,predictive_recovery,keep_stop,-1.7220001220703125,0.004303144462054513,10,1,,0,0,0,False,False,False,False,False,False,False,False,True,0.9379689546380192,0.0029690257470938123,0.0,False,max_steps,static_obstacle,4.580970764160156,low_speed_overlap,False,,inf,inf,inf,9.631268302500686,2.088260217898488,2.0019998779296873,0.057117272116654405,-1.0269998779296876,0.2561999511718751,{'ROAD_LINE_BROKEN_SINGLE_WHITE'},True,True,predicted_collision_within_1s;raw_collision_risk:static_collision,False,True,right,2,False,raw_predicted_collision,True,8,0,static_obstacle,2.1003419930474787,4.514843309837343,0.712588745629191,inf,False,False,6687.0951051304,1049.1963143811713,0.0007827361834948209,True,False,1,0,,True,False,0.0,9.544106652490909,2.0116960586145507,2.0019998779296873,3.0,static_collision,True,predicted_collision_within_1s;raw_collision_risk:static_collision,,False,False,0.0,9.631268302500686,2.088260217898488,2.0019998779296873,False,-306.27559155321643,,,
6000,1029,1,243,243,-0.1818990707397461,0.9213430881500244,0.05246222764253616,0.0,0.23436129093170166,-0.9213430881500244,True,True,predictive_recovery,keep_stop,-1.7220001220703125,0.0029690257470938123,10,1,,0,0,0,False,False,False,False,False,False,False,False,True,0.9379684632336931,0.00430269074040885,0.0,False,max_steps,static_obstacle,4.580963134765625,low_speed_overlap,False,,inf,inf,inf,9.638139920283368,2.0919983797062573,2.0019998779296873,0.06218010233385085,-1.0269998779296876,0.2561999511718751,{'ROAD_LINE_BROKEN_SINGLE_WHITE'},True,True,predicted_collision_within_1s;raw_collision_risk:static_collision,False,True,right,1,False,raw_predicted_collision,True,8,0,static_obstacle,2.1003348515456186,4.514835866311197,0.7125880341572369,inf,False,False,inf,1520.6455756506923,0.0005400630243987449,True,False,1,0,,True,False,0.0,9.545037793167856,2.0120003157390234,2.0019998779296873,3.0,static_collision,True,predicted_collision_within_1s;raw_collision_risk:static_collision,,False,False,0.0,9.638139920283368,2.0919983797062573,2.0019998779296873,False,-306.29010634756344,,,
6000,1029,1,244,244,-0.18189191818237305,0.9213142395019531,0.052465081214904785,0.0,0.23435699939727783,-0.9213142395019531,True,True,predictive_recovery,keep_stop,-1.7220001220703125,0.00430269074040885,10,1,,0,0,0,False,False,False,False,False,False,False,False,True,0.9379685210459667,0.0029689349372581946,0.0,False,max_steps,static_obstacle,4.581092834472656,low_speed_overlap,False,,inf,inf,inf,9.6315424247626,2.0883757157930707,2.0019998779296873,0.05724106689679953,-1.0269998779296876,0.2561999511718751,{'ROAD_LINE_BROKEN_SINGLE_WHITE'},True,True,predicted_collision_within_1s;raw_collision_risk:static_collision,False,True,,0,False,raw_predicted_collision,True,8,0,static_obstacle,2.100456257277506,4.514961714666098,0.712601782686403,inf,False,False,6688.614567000335,1049.3344716281138,0.0007826246721185007,True,False,1,0,,True,False,0.0,9.544379512938038,2.0118101277568363,2.0019998779296873,3.0,static_collision,True,predicted_collision_within_1s;raw_collision_risk:static_collision,,False,False,0.0,9.6315424247626,2.0883757157930707,2.0019998779296873,False,-306.2761253396495,,,
6000,1029,1,245,245,-0.1818920373916626,0.9213466644287109,0.05246613174676895,0.0,0.23435816168785095,-0.9213466644287109,True,True,predictive_recovery,keep_stop,-1.7220001220703125,0.0029689349372581946,10,1,,0,0,0,False,False,False,False,False,False,False,False,True,0.9379680296416406,0.004302851999149893,0.0,False,max_steps,static_obstacle,4.581077575683594,low_speed_overlap,False,,inf,inf,inf,9.638405138043309,2.0921057314830995,2.0019998779296873,0.06229488837412678,-1.0269998779296876,0.2561999511718751,{'ROAD_LINE_BROKEN_SINGLE_WHITE'},True,True,predicted_collision_within_1s;raw_collision_risk:static_collision,False,True,,0,False,raw_predicted_collision,True,8,0,static_obstacle,2.1004419742281377,4.51494508295654,0.712604530527183,inf,False,False,inf,1520.7288736094981,0.000540025624621181,True,False,1,0,,True,False,0.0,9.54530298742652,2.01210717846106,2.0019998779296873,3.0,static_collision,True,predicted_collision_within_1s;raw_collision_risk:static_collision,,False,False,0.0,9.638405138043309,2.0921057314830995,2.0019998779296873,False,-306.2905874120839,,,
6000,1029,1,246,246,-0.18188530206680298,0.9213159084320068,0.052468590438365936,0.0,0.2343538999557495,-0.9213159084320068,True,True,predictive_recovery,keep_stop,-1.7220001220703125,0.004302851999149893,10,1,,0,0,0,False,False,False,False,False,False,False,False,True,0.9379680874539142,0.002968872705797897,0.0,False,max_steps,static_obstacle,4.581207275390625,low_speed_overlap,False,,inf,inf,inf,9.631807137874096,2.0884823486614716,2.0019998779296873,0.05735489491591261,-1.0269998779296876,0.2561999511718751,{'ROAD_LINE_BROKEN_SINGLE_WHITE'},True,True,predicted_collision_within_1s;raw_collision_risk:static_collision,False,True,,0,False,raw_predicted_collision,True,8,0,static_obstacle,2.1005633803355024,4.5150714499527105,0.7126170396149897,inf,False,False,6688.238771724653,1049.3206484547331,0.0007826255356141253,True,False,1,0,,True,False,0.0,9.54464464445007,2.0119169310235256,2.0019998779296873,3.0,static_collision,True,predicted_collision_within_1s;raw_collision_risk:static_collision,,False,False,0.0,9.631807137874096,2.0884823486614716,2.0019998779296873,False,-306.27655670853323,,,
6000,1029,1,247,247,-0.18188703060150146,0.9213480949401855,0.05246899276971817,0.0,0.23435601592063904,-0.9213480949401855,True,True,predictive_recovery,keep_stop,-1.7220001220703125,0.002968872705797897,10,1,,0,0,0,False,False,False,False,False,False,False,False,True,0.937967596049588,0.004302824463564118,0.0,False,max_steps,static_obstacle,4.5811920166015625,low_speed_overlap,False,,inf,inf,inf,9.638670348774008,2.0922130033609547,2.0019998779296873,0.062409565802428624,-1.0269998779296876,0.2561999511718751,{'ROAD_LINE_BROKEN_SINGLE_WHITE'},True,True,predicted_collision_within_1s;raw_collision_risk:static_collision,False,True,,0,False,raw_predicted_collision,True,8,0,static_obstacle,2.1005490972419616,4.515055674853451,0.7126177396068584,inf,False,False,inf,1520.79800054614,0.0005399994406914245,True,False,1,0,,True,False,0.0,9.545568174657845,2.0122140348629416,2.0019998779296873,3.0,static_collision,True,predicted_collision_within_1s;raw_collision_risk:static_collision,,False,False,0.0,9.638670348774008,2.0922130033609547,2.0019998779296873,False,-306.29101569337774,,,
6000,1029,1,248,248,-0.18187928199768066,0.9213178157806396,0.05247120186686516,0.0,0.23435048758983612,-0.9213178157806396,True,True,predictive_recovery,keep_stop,-1.7220001220703125,0.004302824463564118,10,1,,0,0,0,False,False,False,False,False,False,False,False,True,0.9379676538618618,0.002968908838660454,0.0,False,max_steps,static_obstacle,4.581321716308594,low_speed_overlap,False,,inf,inf,inf,9.632072413542284,2.0885895118436006,2.0019998779296873,0.0574694404888505,-1.0269998779296876,0.2561999511718751,{'ROAD_LINE_BROKEN_SINGLE_WHITE'},True,True,predicted_collision_within_1s;raw_collision_risk:static_collision,False,True,,0,False,raw_predicted_collision,True,8,0,static_obstacle,2.1006705037247797,4.515182371893172,0.7126294600254547,inf,False,False,6688.444265926829,1049.3531423666661,0.0007825946239950972,True,False,1,0,,True,False,0.0,9.544909822899982,2.012023778704267,2.0019998779296873,3.0,static_collision,True,predicted_collision_within_1s;raw_collision_risk:static_collision,,False,False,0.0,9.632072413542284,2.0885895118436006,2.0019998779296873,False,-306.2769958279018,,,
6000,1029,1,249,249,-0.18188190460205078,0.9213497638702393,0.05247168615460396,0.0,0.23435358703136444,-0.9213497638702393,True,True,predictive_recovery,keep_stop,-1.7220001220703125,0.002968908838660454,10,1,,0,0,0,False,False,False,False,False,False,False,False,True,0.9379671624575355,0.00430280980895279,0.0,False,max_steps,static_obstacle,4.581306457519531,low_speed_overlap,False,,inf,inf,inf,9.638935535148779,2.092319999414967,2.0019998779296873,0.06252386939764776,-1.0269998779296876,0.2561999511718751,{'ROAD_LINE_BROKEN_SINGLE_WHITE'},True,True,predicted_collision_within_1s;raw_collision_risk:static_collision,False,True,,0,False,raw_predicted_collision,True,8,0,static_obstacle,2.100656220587069,4.515166486766195,0.7126304230589259,inf,False,False,inf,1520.8168159192785,0.0005399907941654261,True,False,1,0,,True,False,0.0,9.545833337536678,2.0123208686565035,2.0019998779296873,3.0,static_collision,True,predicted_collision_within_1s;raw_collision_risk:static_collision,,False,False,0.0,9.638935535148779,2.092319999414967,2.0019998779296873,False,-306.29144879226055,,,
6000,1029,1,250,250,-0.18187403678894043,0.9213194847106934,0.052474021911621094,0.0,0.23434805870056152,-0.9213194847106934,True,True,predictive_recovery,keep_stop,-1.7220001220703125,0.00430280980895279,10,1,,0,0,0,False,False,False,False,False,False,False,False,True,0.9379672202698093,0.0029689051914075656,0.0,False,max_steps,static_obstacle,4.5814361572265625,low_speed_overlap,False,,inf,inf,inf,9.632337650899537,2.088696639200396,2.0019998779296873,0.05758393710484766,-1.0269998779296876,0.2561999511718751,{'ROAD_LINE_BROKEN_SINGLE_WHITE'},True,True,predicted_collision_within_1s;raw_collision_risk:static_collision,False,True,,0,False,raw_predicted_collision,True,8,0,static_obstacle,2.1007776274453156,4.515293018738443,0.7126425384611429,inf,False,False,6688.60999758326,1049.3824312995528,0.0007825693894892934,True,False,1,0,,True,False,0.0,9.545174998219633,2.012130623728575,2.0019998779296873,3.0,static_collision,True,predicted_collision_within_1s;raw_collision_risk:static_collision,,False,False,0.0,9.632337650899537,2.088696639200396,2.0019998779296873,False,-306.27742904120953,,,
6000,1029,1,251,251,-0.1818758249282837,0.9213521480560303,0.05247452110052109,0.0,0.23435035347938538,-0.9213521480560303,True,True,predictive_recovery,keep_stop,-1.7220001220703125,0.0029689051914075656,10,1,,0,0,0,False,False,False,False,False,False,False,False,True,0.937966728865483,0.004302815170423381,0.0,False,max_steps,static_obstacle,4.5814208984375,low_speed_overlap,False,,inf,inf,inf,9.639200731466579,2.092427107484365,2.0019998779296873,0.06263832417697701,-1.0269998779296876,0.2561999511718751,{'ROAD_LINE_BROKEN_SINGLE_WHITE'},True,True,predicted_collision_within_1s;raw_collision_risk:static_collision,False,True,,0,False,raw_predicted_collision,True,8,0,static_obstacle,2.1007633442634384,4.515277110031148,0.712643557868664,inf,False,False,inf,1520.8559448442486,0.000539972080821115,True,False,1,0,,True,False,0.0,9.546098510358942,2.0124277120846146,2.0019998779296873,3.0,static_collision,True,predicted_collision_within_1s;raw_collision_risk:static_collision,,False,False,0.0,9.639200731466579,2.092427107484365,2.0019998779296873,False,-306.29189978617285,,,
6000,1029,1,252,252,-0.1818673014640808,0.9213221073150635,0.052476804703474045,0.0,0.23434410989284515,-0.9213221073150635,True,True,predictive_recovery,keep_stop,-1.7220001220703125,0.004302815170423381,10,1,,0,0,0,False,False,False,False,False,False,False,False,True,0.9379667866777567,0.0029689043027488786,0.0,False,max_steps,static_obstacle,4.581550598144531,low_speed_overlap,False,,inf,inf,inf,9.632602828687586,2.088803710701717,2.0019998779296873,0.057698357645381115,-1.0269998779296876,0.2561999511718751,{'ROAD_LINE_BROKEN_SINGLE_WHITE'},True,True,predicted_collision_within_1s;raw_collision_risk:static_collision,False,True,,0,False,raw_predicted_collision,True,8,0,static_obstacle,2.1008847514970888,4.515403712704037,0.7126555046030173,inf,False,False,6688.714195042593,1049.4068496694777,0.0007825413837436093,True,False,1,0,,True,False,0.0,9.545440168637633,2.0122374644310512,2.0019998779296873,3.0,static_collision,True,predicted_collision_within_1s;raw_collision_risk:static_collision,,False,False,0.0,9.632602828687586,2.088803710701717,2.0019998779296873,False,-306.27788533287395,,,
6000,1029,1,253,253,-0.18186986446380615,0.9213534593582153,0.05247730761766434,0.0,0.2343471646308899,-0.9213534593582153,True,True,predictive_recovery,keep_stop,-1.7220001220703125,0.0029689043027488786,10,1,,0,0,0,False,False,False,False,False,False,False,False,True,0.9379662952734306,0.004302815027749568,0.0,False,max_steps,static_obstacle,4.581535339355469,low_speed_overlap,False,,inf,inf,inf,9.639465927165762,2.092534208141967,2.0019998779296873,0.06275276847229794,-1.0269998779296876,0.2561999511718751,{'ROAD_LINE_BROKEN_SINGLE_WHITE'},True,True,predicted_collision_within_1s;raw_collision_risk:static_collision,False,True,,0,False,raw_predicted_collision,True,8,0,static_obstacle,2.1008704682710477,4.515387803993296,0.7126565240195984,inf,False,False,inf,1520.8936845194182,0.0005399542231469494,True,False,1,0,,True,False,0.0,9.546363682563923,2.012534555218721,2.0019998779296873,3.0,static_collision,True,predicted_collision_within_1s;raw_collision_risk:static_collision,,False,False,0.0,9.639465927165762,2.092534208141967,2.0019998779296873,False,-306.2923245070474,,,
6000,1029,1,254,254,-0.18186163902282715,0.9213242530822754,0.05247963219881058,0.0,0.23434126377105713,-0.9213242530822754,True,True,predictive_recovery,keep_stop,-1.7220001220703125,0.004302815027749568,10,1,,0,0,0,False,False,False,False,False,False,False,False,True,0.9379663530857042,0.002968905627967622,0.0,False,max_steps,static_obstacle,4.5816650390625,low_speed_overlap,False,,inf,inf,inf,9.63286802294098,2.0889107979879955,2.0019998779296873,0.057812799105622314,-1.0269998779296876,0.2561999511718751,{'ROAD_LINE_BROKEN_SINGLE_WHITE'},True,True,predicted_collision_within_1s;raw_collision_risk:static_collision,False,True,,0,False,raw_predicted_collision,True,8,0,static_obstacle,2.100991875880077,4.515514351622541,0.7126686027116064,inf,False,False,6688.8352906078435,1049.432597613711,0.0007825169933585879,True,False,1,0,,True,False,0.0,9.545705340489668,2.012344306768077,2.0019998779296873,3.0,static_collision,True,predicted_collision_within_1s;raw_collision_risk:static_collision,,False,False,0.0,9.63286802294098,2.0889107979879955,2.0019998779296873,False,-306.2783300736088,,,
6000,1029,1,255,255,-0.1818651556968689,0.9213552474975586,0.05247963219881058,0.0,0.23434478044509888,-0.9213552474975586,True,True,safety_hold,safety_hold_recovery,0,0,0,0,recent_emergency_safety_hold,0,0,0,False,False,False,False,False,False,False,False,True,0.9379658616813781,0.004302813606672928,0.0,False,max_steps,static_obstacle,4.5816497802734375,low_speed_overlap,False,,inf,inf,inf,inf,inf,inf,inf,inf,0.0,{'ROAD_LINE_BROKEN_SINGLE_WHITE'},True,True,recent_emergency_safety_hold,False,False,,0,False,,True,7,0,static_obstacle,2.1009775926098757,4.515498427190101,0.7126696597164704,inf,False,True,inf,1520.930266241304,0.0005399404842796419,True,False,1,0,,True,False,0.0,9.546628854286825,2.012641398185908,2.0019998779296873,3.0,static_collision,True,safety_hold,,False,False,0.0,inf,inf,inf,False,0.0,,,
6000,1029,1,256,256,-0.18185639381408691,0.9213261604309082,0.05247963219881058,0.0,0.2343360185623169,-0.9213261604309082,True,True,safety_hold,safety_hold_recovery,0,0,0,0,recent_emergency_safety_hold,0,0,0,False,False,False,False,False,False,False,False,True,0.9379659194936517,0.0029689061165948842,0.0,False,max_steps,static_obstacle,4.581779479980469,low_speed_overlap,False,,inf,inf,inf,inf,inf,inf,inf,inf,0.0,{'ROAD_LINE_BROKEN_SINGLE_WHITE'},True,True,recent_emergency_safety_hold,False,False,,0,False,,True,6,0,static_obstacle,2.101099000594259,4.515624974788619,0.7126817388447321,inf,False,True,6688.960309528153,1049.4586537017678,0.0007824941657637237,True,False,1,0,,True,False,0.0,9.545970512726651,2.0124511497533466,2.0019998779296873,3.0,static_collision,True,safety_hold,,False,False,0.0,inf,inf,inf,False,0.0,,,
6000,1029,1,257,257,-0.18185734748840332,0.9213584661483765,0.05247963219881058,0.0,0.2343369722366333,-0.9213584661483765,True,True,safety_hold,safety_hold_recovery,0,0,0,0,recent_emergency_safety_hold,0,0,0,False,False,False,False,False,False,False,False,True,0.9379654280893256,0.004302813523080115,0.0,False,max_steps,static_obstacle,4.581764221191406,low_speed_overlap,False,,inf,inf,inf,inf,inf,inf,inf,inf,0.0,{'ROAD_LINE_BROKEN_SINGLE_WHITE'},True,True,recent_emergency_safety_hold,False,False,,0,False,,True,5,0,static_obstacle,2.1010847172799,4.51560905821175,0.7126827770686791,inf,False,True,inf,1520.9672791508879,0.0005399173913060419,True,False,1,0,,True,False,0.0,9.54689402628498,2.01274824169816,2.0019998779296873,3.0,static_collision,True,safety_hold,,False,False,0.0,inf,inf,inf,False,0.0,,,
6000,1029,1,258,258,-0.1818522810935974,0.9213275909423828,0.05247963219881058,0.0,0.2343319058418274,-0.9213275909423828,True,True,safety_hold,safety_hold_recovery,0,0,0,0,recent_emergency_safety_hold,0,0,0,False,False,False,False,False,False,False,False,True,0.9379654859015992,0.0029689061747127715,0.0,False,max_steps,static_obstacle,4.5818939208984375,low_speed_overlap,False,,inf,inf,inf,inf,inf,inf,inf,inf,0.0,{'ROAD_LINE_BROKEN_SINGLE_WHITE'},True,True,recent_emergency_safety_hold,False,False,,0,False,,True,4,0,static_obstacle,2.1012061256396133,4.51573559792037,0.7126948754234997,inf,False,True,6689.081214753621,1049.4843835778963,0.0007824764542924972,True,False,1,0,,True,False,0.0,9.546235684699152,2.0125579927762876,2.0019998779296873,3.0,static_collision,True,safety_hold,,False,False,0.0,inf,inf,inf,False,0.0,,,
6000,1029,1,259,259,-0.18185192346572876,0.9213602542877197,0.05247963219881058,0.0,0.23433154821395874,-0.9213602542877197,True,True,safety_hold,safety_hold_recovery,0,0,0,0,recent_emergency_safety_hold,0,0,0,False,False,False,False,False,False,False,False,True,0.937964994497273,0.004302814907396975,0.0,False,max_steps,static_obstacle,4.581878662109375,low_speed_overlap,False,,inf,inf,inf,inf,inf,inf,inf,inf,0.0,{'ROAD_LINE_BROKEN_SINGLE_WHITE'},True,True,recent_emergency_safety_hold,False,False,,0,False,,True,3,0,static_obstacle,2.1011918422810996,4.515719665621522,0.7126959512378946,inf,False,True,inf,1521.0045046500663,0.0005399012984607964,True,False,1,0,,True,False,0.0,9.547159198457567,2.012855085660671,2.0019998779296873,3.0,static_collision,True,safety_hold,,False,False,0.0,inf,inf,inf,False,0.0,,,
6000,1029,1,260,260,-0.18184500932693481,0.921330451965332,-0.18184500932693481,0.6499999761581421,0.0,-0.27133047580718994,True,True,deadlock_progress_release,deadlock_progress_release,0,0,0,0,low_progress_release,0,0,0,False,False,False,False,False,False,False,False,True,0.9379815288075419,0.1900756142920931,0.0,False,max_steps,static_obstacle,4.582008361816406,low_speed_overlap,False,,inf,inf,inf,inf,inf,inf,inf,inf,0.0,{'ROAD_LINE_BROKEN_SINGLE_WHITE'},True,False,,False,False,,0,False,,False,0,0,static_obstacle,2.101313251016118,4.515846189580714,0.7127080876130628,inf,False,True,6689.197587622083,1049.5097480994398,0.0007824454169676771,True,False,1,0,,True,False,0.0,9.546500856374768,2.012664835806411,2.0019998779296873,3.0,static_collision,True,low_progress_release,,False,False,0.0,inf,inf,inf,False,0.0,,,
6000,1029,1,261,261,-0.20142561197280884,0.9545590877532959,-0.20142561197280884,0.6499999761581421,0.0,-0.3045591115951538,True,True,deadlock_progress_release,deadlock_progress_release,0,0,0,0,low_progress_release_persist,0,0,0,False,False,False,False,False,False,False,False,True,0.9380676980014431,0.38402795832680753,0.0,False,max_steps,static_obstacle,4.577644348144531,low_speed_overlap,False,,inf,inf,inf,inf,inf,inf,inf,inf,0.0,{'ROAD_LINE_BROKEN_SINGLE_WHITE'},True,False,,False,False,,0,False,,False,0,0,static_obstacle,2.097389629959418,4.511146837821564,0.7137733075338754,inf,False,True,78.16593898288923,23.73343290049397,0.038286096929892426,True,False,1,0,,True,False,0.0,9.49670971121638,1.965431038215933,2.0015421142578123,3.0,static_collision,True,low_progress_release,,False,False,0.0,inf,inf,inf,False,0.0,,,
6000,1029,1,262,262,-0.18721646070480347,0.9636328220367432,-0.18721646070480347,0.6499999761581421,0.0,-0.3136328458786011,True,True,deadlock_progress_release,deadlock_progress_release,0,0,0,0,low_progress_release_persist,0,0,0,False,False,False,False,False,False,False,False,True,0.9382268262847125,0.5782731228042122,0.0,False,max_steps,static_obstacle,4.554901123046875,low_speed_overlap,False,,inf,inf,inf,inf,inf,inf,inf,inf,0.0,{'ROAD_LINE_BROKEN_SINGLE_WHITE'},True,False,,False,False,,0,False,,False,0,0,static_obstacle,2.076995713796418,4.486370933134737,0.7200717869567811,inf,False,True,38.01418023967902,11.682407064010787,0.07189635516963666,True,False,1,0,,True,False,0.0,9.42582122225864,1.9000189016191473,1.9990396728515623,3.0,static_collision,True,low_progress_release,,False,False,0.0,inf,inf,inf,False,0.0,,,
6000,1029,1,263,263,-0.23885738849639893,0.9473468065261841,-0.23885738849639893,0.6499999761581421,0.0,-0.297346830368042,True,True,deadlock_progress_release,deadlock_progress_release,0,0,0,0,low_progress_release_persist,0,0,0,False,False,False,False,False,False,False,False,True,0.9384587113143923,0.7710218009937725,0.0,False,max_steps,static_obstacle,4.512901306152344,low_speed_overlap,False,,inf,inf,inf,inf,inf,inf,inf,inf,0.0,{'ROAD_LINE_BROKEN_SINGLE_WHITE'},True,False,,False,False,,0,False,,False,0,0,static_obstacle,2.0394919522780994,4.440289633159251,0.7325377259500959,inf,False,True,25.199704293873236,7.678533651412007,0.1381248079506715,True,False,1,0,,True,False,0.0,9.337100812501452,1.8177507298223643,1.9941416015624998,3.0,static_collision,True,low_progress_release,,False,False,0.0,inf,inf,inf,False,0.0,,,
6000,1029,1,264,264,-0.24224555492401123,0.9445006847381592,-0.24224555492401123,0.6499999761581421,0.0,-0.2945007085800171,True,True,deadlock_progress_release,deadlock_progress_release,0,0,0,0,low_progress_release_persist,0,0,0,False,False,False,False,False,False,False,False,True,0.938762572624788,0.964240941819725,0.0,False,max_steps,static_obstacle,4.451698303222656,low_speed_overlap,False,,inf,inf,inf,inf,inf,inf,inf,inf,0.0,{'ROAD_LINE_BROKEN_SINGLE_WHITE'},True,False,,False,False,,0,False,,False,0,0,static_obstacle,1.9851568597648883,4.372650343884743,0.7517856623776669,inf,False,True,18.73067404314561,5.671240862773037,0.18677660404024696,True,False,1,0,,True,False,0.0,inf,inf,1.9865274658203123,3.0,static_collision,True,low_progress_release,,False,False,0.0,inf,inf,inf,False,0.0,,,
6000,1029,1,265,265,-0.27242934703826904,0.9584441184997559,-0.27242934703826904,0.6499999761581421,0.0,-0.30844414234161377,True,True,deadlock_progress_release,deadlock_progress_release,0,0,0,0,low_progress_release_persist,0,0,0,False,False,False,False,False,False,False,False,True,0.9391380922483944,1.1562188774190585,0.0,False,max_steps,static_obstacle,4.371498107910156,low_speed_overlap,False,,inf,inf,inf,inf,inf,inf,inf,inf,0.0,{'ROAD_LINE_BROKEN_SINGLE_WHITE'},True,False,,False,False,,0,False,,False,0,0,static_obstacle,1.9146613500068586,4.282516201531583,0.7804490013378147,inf,False,True,14.902557699796166,4.441334126976164,0.26268753016751323,True,False,1,0,,True,False,0.0,inf,inf,1.9753885498046873,3.0,static_collision,True,low_progress_release,,False,False,0.0,inf,inf,inf,False,0.0,,,
6000,1029,1,266,266,-0.14236539602279663,0.9187113046646118,-0.14236539602279663,0.6499999761581421,0.0,-0.2687113285064697,True,True,deadlock_progress_release,deadlock_progress_release,0,0,0,0,low_progress_release_persist,0,0,0,False,False,False,False,False,False,False,False,True,0.939586050650906,1.3517830176351275,0.0,False,max_steps,static_obstacle,4.2723846435546875,low_speed_overlap,False,,inf,inf,inf,inf,inf,inf,inf,inf,0.0,{'ROAD_LINE_BROKEN_SINGLE_WHITE'},True,True,predicted_collision_within_1s;raw_collision_risk:static_collision,False,False,,0,False,,False,0,0,static_obstacle,1.8284802186994111,4.169752219839851,0.8181680824690205,inf,False,False,12.298443731250918,3.6063692621484256,0.1646055583727976,True,False,1,0,,True,False,0.0,inf,inf,1.9604044189453123,3.0,static_collision,True,low_progress_release,,False,False,0.0,inf,inf,inf,False,0.0,,,
6000,1029,1,267,267,-0.104855477809906,0.9398913383483887,-0.104855477809906,0.6499999761581421,0.0,-0.2898913621902466,True,True,deadlock_progress_release,deadlock_progress_release,0,0,0,0,low_progress_release_persist,0,0,0,False,False,False,False,False,False,False,False,True,0.9401091071969114,1.5472021309601158,0.0,False,max_steps,vehicle,12.881767272949219,low_speed_overlap,True,,inf,inf,inf,inf,inf,inf,inf,inf,0.0,{'ROAD_LINE_BROKEN_SINGLE_WHITE'},True,True,raw_collision_risk:collision,False,False,,0,False,,False,0,0,static_obstacle,1.7263161115952605,4.035790197814584,0.8591794505048895,inf,False,False,10.428709000382625,2.9855310690875405,0.1417418542094479,True,False,1,0,,True,False,0.0,1.2174548115426145,-1.008333954266766,1.9428262939453123,3.0,collision,True,low_progress_release,,False,False,0.0,inf,inf,inf,False,0.0,,,
6000,1029,1,268,268,-0.035314321517944336,0.8990035057067871,0.09709829092025757,0.0,0.1324126124382019,-0.8990035057067871,True,True,predictive_recovery,keep_pass,1.701873779296875,1.5472021309601158,10,1,,0,0,0,False,False,False,False,False,False,False,False,True,0.940685322128554,1.5022740448194656,0.0,False,max_steps,vehicle,12.74371337890625,low_speed_overlap,True,,inf,inf,inf,4.508645637504356,-0.989376405695251,1.9258737792968748,-5.40985467980471,-0.950873779296875,0.5156255877483908,{'ROAD_LINE_BROKEN_SINGLE_WHITE'},True,True,raw_collision_risk:cut_in_danger,False,False,,0,False,raw_predicted_collision,False,0,0,static_obstacle,1.6066707592009066,3.8850773436973753,0.8900288635651012,inf,False,False,8.996920234655846,2.511034121499362,0.05463839350597415,True,False,1,0,,True,False,0.0,0.8231509824473022,-0.976526880596785,1.9258737792968748,0.0,cut_in_danger,True,raw_collision_risk:cut_in_danger,,False,False,0.0,4.508645637504356,-0.989376405695251,1.9258737792968748,False,-233.6154824889904,,,
6000,1029,1,269,269,0.11456620693206787,0.8771606683731079,0.10117833316326141,0.0,-0.013387873768806458,-0.8771606683731079,True,True,predictive_recovery,keep_pass,1.68829345703125,1.5022740448194656,10,1,,0,0,0,False,False,False,False,False,False,False,False,True,0.9412511019447998,1.4646389799875177,0.0,False,max_steps,vehicle,12.591629028320312,low_speed_overlap,True,,inf,inf,inf,4.499938367939796,-0.9786484029042268,1.9122934570312498,-5.037922595764357,-0.93729345703125,0.46854623658232164,{'ROAD_LINE_BROKEN_SINGLE_WHITE'},True,True,raw_collision_risk:cut_in_danger,False,False,,0,False,raw_predicted_collision,False,0,0,static_obstacle,1.474064621334963,3.7265131342871736,0.9038995442708013,inf,False,False,9.171045857562044,2.480581453921747,0.0,True,False,1,0,,True,False,0.0,0.8302874601769581,-0.9469334169666868,1.9122934570312498,0.0,cut_in_danger,True,raw_collision_risk:cut_in_danger,,False,False,0.0,4.499938367939796,-0.9786484029042268,1.9122934570312498,False,-233.53229725258885,,,
6000,1029,1,270,270,0.1077721118927002,0.7858917713165283,0.09811782091856003,0.0,-0.009654290974140167,-0.7858917713165283,True,True,predictive_recovery,keep_pass,1.6820831298828125,1.4646389799875177,10,1,,0,0,0,False,False,False,False,False,False,False,False,True,0.941803064627639,1.4280820588238126,0.0,False,max_steps,vehicle,12.442298889160156,low_speed_overlap,True,,inf,inf,inf,4.459779715395994,-0.9748989323711794,1.9060831298828123,-5.072569556391782,-0.9310831298828125,0.4705672818799719,{'ROAD_LINE_BROKEN_SINGLE_WHITE'},True,True,raw_collision_risk:collision,False,False,,0,False,raw_predicted_collision,False,0,0,static_obstacle,1.3420706971639882,3.5815436175803512,0.8919073504992796,inf,False,False,9.297052048930095,2.4453422765048045,0.0,True,False,1,0,,True,False,0.0,1.0535884133059996,-0.9247766569368447,1.9060831298828123,3.0,collision,True,raw_collision_risk:collision,,False,False,0.0,4.459779715395994,-0.9748989323711794,1.9060831298828123,False,-266.8302155396046,,,
6000,1029,1,271,271,0.02818477153778076,0.7040631771087646,0.09300816059112549,0.0,0.06482338905334473,-0.7040631771087646,True,True,predictive_recovery,keep_pass,1.67822265625,1.4280820588238126,10,1,,0,0,0,False,False,False,False,False,False,False,False,True,0.9423412390832084,1.3917636094783554,0.0,False,max_steps,vehicle,12.296615600585938,low_speed_overlap,True,,inf,inf,inf,4.430891003067767,-0.9718129944144107,1.9022226562499998,-5.107081051127253,-0.92722265625,0.4734563458104279,{'ROAD_LINE_BROKEN_SINGLE_WHITE'},True,True,raw_collision_risk:collision,False,False,,0,False,raw_predicted_collision,False,0,0,static_obstacle,1.2134824387643854,3.4432707117894243,0.8735175623082125,inf,False,False,9.452780762018868,2.411115447123079,0.0,True,False,1,0,,True,False,0.0,1.2973074529694264,-0.9078081427891385,1.9022226562499998,3.0,collision,True,raw_collision_risk:collision,,False,False,0.0,4.430891003067767,-0.9718129944144107,1.9022226562499998,False,-265.34257422041196,,,
6000,1029,1,272,272,0.05294656753540039,0.8150384426116943,0.08758027106523514,0.0,0.03463370352983475,-0.8150384426116943,True,True,predictive_recovery,keep_pass,1.6748504638671875,1.3917636094783554,10,1,,0,0,0,False,False,False,False,False,False,False,False,True,0.9428655964053715,1.3555138173235115,0.0,False,max_steps,vehicle,12.154571533203125,low_speed_overlap,True,,inf,inf,inf,4.393493915373204,-0.9676876366714888,1.8988504638671873,-5.1388990918372635,-0.9238504638671875,0.476347247783122,{'ROAD_LINE_BROKEN_SINGLE_WHITE'},True,True,raw_collision_risk:collision,False,False,,0,False,raw_predicted_collision,False,0,0,static_obstacle,1.0890886818579844,3.3090276816778643,0.8551413708932132,inf,False,False,9.592054824431917,2.377578820959484,0.0,True,False,1,0,,True,False,0.0,0.8112508637942604,-0.8915912851687064,1.8988504638671873,3.0,collision,True,raw_collision_risk:collision,,False,False,0.0,4.393493915373204,-0.9676876366714888,1.8988504638671873,False,-268.5693774054386,,,
6000,1029,1,273,273,0.08164823055267334,0.7902168035507202,0.08237454295158386,0.0,0.0007263123989105225,-0.7902168035507202,True,True,predictive_recovery,keep_pass,1.6716156005859375,1.3555138173235115,10,1,,0,0,0,False,False,False,False,False,False,False,False,True,0.9433763389370858,1.3192678341868145,0.0,False,max_steps,vehicle,12.01617431640625,low_speed_overlap,True,,inf,inf,inf,4.370749014433745,-0.9624613912208271,1.8956156005859373,-5.167497870957809,-0.9206156005859375,0.4790744589543574,{'ROAD_LINE_BROKEN_SINGLE_WHITE'},True,True,raw_collision_risk:collision,False,False,,0,False,raw_predicted_collision,False,0,0,static_obstacle,0.9690691663167545,3.178033199757688,0.8383769573736681,inf,False,False,9.767579127508801,2.344522910163156,0.0,True,False,1,0,,True,False,0.0,0.846269427949264,-0.9146235715033353,1.8956156005859373,3.0,collision,True,raw_collision_risk:collision,,False,False,0.0,4.370749014433745,-0.9624613912208271,1.8956156005859373,False,-268.4702339601074,,,
6000,1029,1,274,274,0.06088435649871826,0.6466646194458008,0.07754985988140106,0.0,0.0166655033826828,-0.6466646194458008,True,True,predictive_recovery,keep_pass,1.6685791015625,1.3192678341868145,10,1,,0,0,0,False,False,False,False,False,False,False,False,True,0.943873379959941,1.2830090936160221,0.0,False,max_steps,vehicle,11.881370544433594,low_speed_overlap,True,,inf,inf,inf,4.34019662105427,-0.9564848535972907,1.8925791015624998,-5.192733715928136,-0.9175791015625,0.48165659802597804,{'ROAD_LINE_BROKEN_SINGLE_WHITE'},True,True,raw_collision_risk:collision,False,False,,0,False,raw_predicted_collision,False,0,0,static_obstacle,0.8533633751017689,3.0500295455947937,0.8233984255258964,inf,False,False,9.926558127807196,2.3119107936674634,0.0,True,False,1,0,,True,False,0.0,1.3453592760346194,-0.9298210026323668,1.8925791015624998,3.0,collision,True,raw_collision_risk:collision,,False,False,0.0,4.34019662105427,-0.9564848535972907,1.8925791015624998,False,-265.4636185207385,,,
6000,1029,1,275,275,0.0990135669708252,0.6042029857635498,0.07312329113483429,0.0,-0.025890275835990906,-0.6042029857635498,True,True,predictive_recovery,keep_pass,1.665771484375,1.2830090936160221,10,1,,0,0,0,False,False,False,False,False,False,False,False,True,0.9443566905678001,1.2467356279245279,0.0,False,max_steps,vehicle,11.75018310546875,low_speed_overlap,True,,inf,inf,inf,4.324479884965605,-0.9543422077177373,1.8897714843749998,-4.893781467555871,-0.914771484375,0.44064753151172487,{'ROAD_LINE_BROKEN_SINGLE_WHITE'},True,True,raw_collision_risk:collision,False,False,,0,False,raw_predicted_collision,False,0,0,static_obstacle,0.7419870160218454,2.9250339603315894,0.8100731043633314,inf,False,False,10.126353542021144,2.2798232490213284,0.0,True,False,1,0,,True,False,0.0,1.499880699218847,-0.9389071240773499,1.8897714843749998,3.0,collision,True,raw_collision_risk:collision,,False,False,0.0,4.324479884965605,-0.9543422077177373,1.8897714843749998,False,-264.75695800582594,,,
6000,1029,1,276,276,0.051230430603027344,0.45619237422943115,0.0057005989365279675,0.30000001192092896,-0.04552983120083809,-0.1561923623085022,True,True,predictive_recovery,right_pass,0.7510000000000001,3.299601311956968,10,2,,0,0,0,False,False,False,False,False,False,False,False,True,0.9448375730601652,1.336364038359726,0.0,False,max_steps,vehicle,11.62261962890625,low_speed_overlap,True,,inf,inf,inf,-0.4213386340616525,-0.6963543590572281,0.9750000000000002,-6.964351987514587,-0.9438661083645289,0.47562368054256887,{'ROAD_LINE_BROKEN_SINGLE_WHITE'},True,True,raw_collision_risk:collision,True,False,right,12,False,raw_predicted_collision,False,0,0,static_obstacle,0.6349527755458284,2.8031025359881445,0.7982154866032203,inf,False,False,10.309217676498681,2.2483535989538854,0.0,True,False,1,0,,True,False,0.049980259645929316,0.633399134513569,-0.9298092320948912,1.8871927490234373,3.0,collision,True,raw_collision_risk:collision,,False,False,0.5452508956786992,-0.4213386340616525,-0.6963543590572281,0.9750000000000002,True,-142.79952417280842,,,
6000,1029,1,277,277,0.12083327770233154,0.45041894912719727,0.006271709222346544,0.30000001192092896,-0.11456156522035599,-0.1504189372062683,True,True,predictive_recovery,right_pass,0.7510000000000001,3.3632493094321134,10,2,,0,0,0,False,False,False,False,False,False,False,False,True,0.9453502523030475,1.4263303564232042,0.0,False,max_steps,vehicle,11.495697021484375,low_speed_overlap,True,,inf,inf,inf,-0.6821396781305955,-0.7149016381124345,0.9750000000000002,-7.363582280134787,-0.9403452487521703,0.504710039475788,{'ROAD_LINE_BROKEN_SINGLE_WHITE'},True,True,raw_collision_risk:collision,True,False,right,12,False,raw_predicted_collision,False,0,0,static_obstacle,0.5303600459076294,2.680242026198002,0.789947986509576,inf,False,False,9.539010124004351,2.0056226815918907,0.0,True,False,1,0,,True,False,0.0,1.1504673922198627,-0.9501474121740483,1.8837900390624998,3.0,collision,True,raw_collision_risk:collision,,False,False,0.7354286849787015,-0.6821396781305955,-0.7149016381124345,0.9750000000000002,True,-142.35755627222397,,,
6000,1029,1,278,278,0.19634318351745605,0.6600112915039062,0.06503614038228989,0.0,-0.13130703568458557,-0.6600112915039062,True,True,predictive_recovery,keep_pass,1.6542510986328125,1.4263303564232042,10,1,,0,0,0,False,False,False,False,False,False,False,False,True,0.9458854494265231,1.3889724435266264,0.0,False,max_steps,vehicle,11.360382080078125,low_speed_overlap,True,,inf,inf,inf,3.5190063029037524,-0.9427874568945251,1.8782510986328123,-4.968245364172622,-0.9032510986328125,0.3979772676773422,{'ROAD_LINE_BROKEN_SINGLE_WHITE'},True,True,raw_collision_risk:collision,False,False,right,11,False,raw_predicted_collision,False,0,0,static_obstacle,0.4217241201200392,2.5462782506834625,0.7873432450956712,inf,False,False,8.82991244104164,1.7851953015069675,0.0,True,False,1,0,,True,False,0.0,1.6337201738842846,-0.9252265777421416,1.8782510986328123,3.0,collision,True,raw_collision_risk:collision,,False,False,0.0,3.5190063029037524,-0.9427874568945251,1.8782510986328123,False,-264.0502086293286,,,
6000,1029,1,279,279,0.16056418418884277,0.7627518177032471,0.06369815766811371,0.0,-0.09686602652072906,-0.7627518177032471,True,True,predictive_recovery,keep_pass,1.6490631103515625,1.3889724435266264,10,1,,0,0,0,False,False,False,False,False,False,False,False,True,0.946408795033897,1.352462072663326,0.0,False,max_steps,vehicle,11.219123840332031,low_speed_overlap,True,,inf,inf,inf,3.4973158631862353,-0.9416553097844707,1.8730631103515623,-5.024155396082559,-0.8980631103515625,0.3988762703880841,{'ROAD_LINE_BROKEN_SINGLE_WHITE'},True,True,raw_collision_risk:collision,False,False,right,10,False,raw_predicted_collision,False,0,0,static_obstacle,0.3102104642863141,2.4067618592547424,0.7838671504919876,inf,False,False,8.979857552200432,1.7327642967083854,0.0,True,False,1,0,,True,False,0.0,1.2813756153756453,-0.9004597404451284,1.8730631103515623,3.0,collision,True,raw_collision_risk:collision,,False,False,0.0,3.4973158631862353,-0.9416553097844707,1.8730631103515623,False,-267.0858350048987,,,
6000,1029,1,280,280,0.08823966979980469,0.729622483253479,0.06076158955693245,0.0,-0.027478080242872238,-0.729622483253479,True,True,predictive_recovery,keep_pass,1.64599609375,1.352462072663326,10,1,,0,0,0,False,False,False,False,False,False,False,False,True,0.9469184102262748,1.3161049322822762,0.0,False,max_steps,vehicle,11.08099365234375,low_speed_overlap,True,,inf,inf,inf,3.464514297966694,-0.9395381866117785,1.8699960937499998,-5.079098424560783,-0.89499609375,0.4008343316874299,{'ROAD_LINE_BROKEN_SINGLE_WHITE'},True,True,raw_collision_risk:collision,False,False,right,9,False,raw_predicted_collision,False,0,0,static_obstacle,0.20235984508231092,2.2726387494376885,0.7761354979996629,inf,False,False,9.111382513241583,1.6803715204836105,0.0,True,False,1,0,,True,False,0.0,1.2972253480048552,-0.8745715893055546,1.8699960937499998,3.0,collision,True,raw_collision_risk:collision,,False,False,0.0,3.464514297966694,-0.9395381866117785,1.8699960937499998,False,-266.78269333829144,,,
6000,1029,1,281,281,-0.01615065336227417,0.8342618942260742,0.05749659612774849,0.0,0.07364724576473236,-0.8342618942260742,True,True,predictive_recovery,keep_pass,1.64373779296875,1.3161049322822762,10,1,,0,0,0,False,False,False,False,False,False,False,False,True,0.9474142950036566,1.2797794260401685,0.0,False,max_steps,vehicle,10.946487426757812,low_speed_overlap,True,,inf,inf,inf,3.4458693305222012,-0.9354147975320701,1.8677377929687498,-5.130987390264314,-0.89273779296875,0.40265381785967025,{'ROAD_LINE_BROKEN_SINGLE_WHITE'},True,True,raw_collision_risk:collision,False,False,right,8,False,raw_predicted_collision,False,0,0,static_obstacle,0.09934940200567038,2.142594026543485,0.7678090140457683,inf,False,False,9.278744123084572,1.6279811540771163,0.021255954549670362,True,False,1,0,,True,False,0.0,0.9537263442454629,-0.8972028440432211,1.8677377929687498,3.0,collision,True,raw_collision_risk:collision,,False,False,0.0,3.4458693305222012,-0.9354147975320701,1.8677377929687498,False,-269.84884330105353,,,
6000,1029,1,282,282,0.02205944061279297,0.8646748065948486,0.05431584641337395,0.0,0.03225640580058098,-0.8646748065948486,True,True,predictive_recovery,keep_pass,1.6417388916015625,1.2797794260401685,10,1,,0,0,0,False,False,False,False,False,False,False,False,True,0.947896362647632,1.2434598520549875,0.0,False,max_steps,vehicle,10.815605163574219,low_speed_overlap,True,,inf,inf,inf,3.4193860297490093,-0.9291540277155026,1.8657388916015623,-4.859599441353042,-0.8907388916015625,0.3614535957889634,{'ROAD_LINE_BROKEN_SINGLE_WHITE'},True,True,raw_collision_risk:collision,False,False,right,7,False,raw_predicted_collision,False,0,0,static_obstacle,0.0015543010598510487,2.0160411698977,0.7600820703002005,inf,False,False,9.43041212650653,1.575303625669024,0.0,True,False,1,0,,True,False,0.0,0.8384438142924235,-0.913691620666228,1.8657388916015623,3.0,collision,True,raw_collision_risk:collision,,False,False,0.0,3.4193860297490093,-0.9291540277155026,1.8657388916015623,False,-270.923770883116,,,
6000,1029,1,283,283,0.01489877700805664,0.773949146270752,0.051336318254470825,0.0,0.036437541246414185,-0.773949146270752,True,True,predictive_recovery,keep_pass,1.639862060546875,1.2434598520549875,10,1,,0,0,0,False,False,False,False,False,False,False,False,True,0.9483646420643376,1.207137581023299,0.0,False,max_steps,vehicle,10.688369750976562,low_speed_overlap,True,,inf,inf,inf,3.407652393346987,-0.9309995979870875,1.8638620605468748,-4.913822706140447,-0.888862060546875,0.36260039490350576,{'ROAD_LINE_BROKEN_SINGLE_WHITE'},True,True,raw_collision_risk:collision,False,False,right,6,False,raw_predicted_collision,False,0,0,static_obstacle,0.0,1.89284310012692,0.7532008572899911,inf,False,False,9.622527339085522,1.5222390147930693,0.0,True,False,1,0,,True,False,0.0,0.9908423563492628,-0.9243341946996748,1.8638620605468748,3.0,collision,True,raw_collision_risk:collision,,False,False,0.0,3.407652393346987,-0.9309995979870875,1.8638620605468748,False,-269.20274136410814,,,
6000,1029,1,284,284,0.0798569917678833,0.8597836494445801,0.048587001860141754,0.0,-0.03126998990774155,-0.8597836494445801,True,True,predictive_recovery,keep_pass,1.6381072998046875,1.207137581023299,10,1,,0,0,0,False,False,False,False,False,False,False,False,True,0.9488191910660473,1.1708099045352427,0.0,False,max_steps,vehicle,10.564773559570312,low_speed_overlap,True,,inf,inf,inf,3.388225377922786,-0.931510145872384,1.8621072998046873,-4.9646212043435005,-0.8871072998046875,0.36385717092121267,{'ROAD_LINE_BROKEN_SINGLE_WHITE'},True,True,raw_collision_risk:collision,False,False,right,5,False,raw_predicted_collision,False,0,0,static_obstacle,0.0,1.7729578830793167,0.7471263700487752,inf,False,False,9.798503648023773,1.468728926139776,0.0,True,False,1,0,,True,False,0.020926369431291624,0.730245435229028,-0.9296169940135326,1.8621072998046873,3.0,collision,True,raw_collision_risk:collision,,False,False,0.0,3.388225377922786,-0.931510145872384,1.8621072998046873,False,-271.63655647465515,,,
6000,1029,1,285,285,0.05400550365447998,0.9479854106903076,0.04606173187494278,0.0,-0.007943771779537201,-0.9479854106903076,True,True,predictive_recovery,keep_pass,1.6364898681640625,1.1708099045352427,10,1,,0,0,0,False,False,False,False,False,False,False,False,True,0.9492600096527609,1.134477546653142,0.0,False,max_steps,vehicle,10.444801330566406,low_speed_overlap,True,,inf,inf,inf,3.3835489069432216,-0.9296719440910675,1.8604898681640623,-5.012004840088825,-0.8854898681640625,0.3647084982373774,{'ROAD_LINE_BROKEN_SINGLE_WHITE'},True,True,raw_collision_risk:collision,False,False,right,4,False,raw_predicted_collision,False,0,0,static_obstacle,0.0,1.6563833353805593,0.7417570042753007,inf,False,False,10.020223502465848,1.4147329374003432,0.0,True,False,1,0,,True,False,0.0,1.8360530726335553,-0.9300747495825346,1.8604898681640623,3.0,collision,True,raw_collision_risk:collision,,False,False,0.0,3.3835489069432216,-0.9296719440910675,1.8604898681640623,False,-274.4611922010399,,,
6000,1029,1,286,286,0.11674261093139648,0.9541120529174805,0.04374378174543381,0.0,-0.07299882918596268,-0.9541120529174805,True,True,predictive_recovery,keep_pass,1.6349945068359375,1.134477546653142,10,1,,0,0,0,False,False,False,False,False,False,False,False,True,0.9496870978244786,1.0981412380687838,0.0,False,max_steps,vehicle,10.328453063964844,low_speed_overlap,True,,inf,inf,inf,3.371169742440569,-0.925858961447783,1.8589945068359373,-4.7723557651145185,-0.8839945068359375,0.3235372816618315,{'ROAD_LINE_BROKEN_SINGLE_WHITE'},True,True,raw_collision_risk:collision,False,False,right,3,False,raw_predicted_collision,False,0,0,static_obstacle,0.0,1.5431448739694438,0.7370161403632606,inf,False,False,10.22539751061482,1.3602251349283414,0.0,True,False,1,0,,True,False,0.0,1.7708759888093364,-0.9262293930947147,1.8589945068359373,3.0,collision,True,raw_collision_risk:collision,,False,False,0.0,3.371169742440569,-0.925858961447783,1.8589945068359373,False,-274.9414640738483,,,
6000,1029,1,287,287,0.0759890079498291,0.9092973470687866,0.041614633053541183,0.0,-0.03437437489628792,-0.9092973470687866,True,True,predictive_recovery,keep_pass,1.6336212158203125,1.0981412380687838,10,1,,0,0,0,False,False,False,False,False,False,False,False,True,0.9501003688627898,1.0618008327085318,0.0,False,max_steps,vehicle,10.215728759765625,low_speed_overlap,True,,inf,inf,inf,3.3735358171893757,-0.923645434291126,1.8576212158203123,-4.82199836391524,-0.8826212158203125,0.32374987613924094,{'ROAD_LINE_BROKEN_SINGLE_WHITE'},True,True,raw_collision_risk:collision,False,False,right,2,False,raw_predicted_collision,False,0,0,static_obstacle,0.0,1.4332700953562627,0.732818509166092,inf,False,False,10.482834111194016,1.3051782827834095,0.0,True,False,1,0,,True,False,0.0,1.742362396646166,-0.9186246972232088,1.8576212158203123,3.0,collision,True,raw_collision_risk:collision,,False,False,0.0,3.3735358171893757,-0.923645434291126,1.8576212158203123,False,-274.3390782426818,,,
6000,1029,1,288,288,0.06846415996551514,0.7824532985687256,0.03965724632143974,0.0,-0.028806913644075394,-0.7824532985687256,True,True,predictive_recovery,keep_pass,1.632354736328125,1.0618008327085318,10,1,,0,0,0,False,False,False,False,False,False,False,False,True,0.9504998516738312,1.0254573829480413,0.0,False,max_steps,vehicle,10.106651306152344,low_speed_overlap,True,,inf,inf,inf,3.3682230467717846,-0.9252276809743454,1.8563547363281248,-4.868207091686239,-0.881354736328125,0.32409433355221595,{'ROAD_LINE_BROKEN_SINGLE_WHITE'},True,True,raw_collision_risk:collision,False,False,right,1,False,raw_predicted_collision,False,0,0,static_obstacle,0.0,1.3268064721689785,0.7291046078656337,inf,False,False,10.723472214157649,1.2495813068675488,0.0,True,False,1,0,,True,False,0.024844491294611682,0.7171850290179611,-0.9077875667846325,1.8563547363281248,3.0,collision,True,raw_collision_risk:collision,,False,False,0.0,3.3682230467717846,-0.9252276809743454,1.8563547363281248,False,-271.53052314704763,,,
6000,1029,1,289,289,-0.1009296178817749,0.7875924110412598,0.03785647824406624,0.0,0.13878609240055084,-0.7875924110412598,True,True,predictive_recovery,keep_pass,1.631195068359375,1.0254573829480413,10,1,,0,0,0,False,False,False,False,False,False,False,False,True,0.9508856040698768,0.9891111699221058,0.0,False,max_steps,vehicle,10.001213073730469,low_speed_overlap,True,,inf,inf,inf,3.3776690050401377,-0.9247677094470763,1.8551950683593748,-4.654627117567518,-0.880195068359375,0.28312422460192677,{'ROAD_LINE_BROKEN_SINGLE_WHITE'},True,True,raw_collision_risk:collision,False,False,,0,False,raw_predicted_collision,False,0,0,static_obstacle,0.0,1.223768415336456,0.7258080564618451,inf,False,False,11.02453884023444,1.1933878829935372,0.10349902181499072,True,False,1,0,,True,False,0.03972895865164234,0.6675701378278589,-0.8942436752276008,1.8551950683593748,3.0,collision,True,raw_collision_risk:collision,,False,False,0.0,3.3776690050401377,-0.9247677094470763,1.8551950683593748,False,-271.86920644138945,,,
6000,1029,1,290,290,0.024575114250183105,0.8469319343566895,0.03619891032576561,0.0,0.011623796075582504,-0.8469319343566895,True,True,predictive_recovery,keep_pass,1.6301116943359375,0.9891111699221058,10,1,,0,0,0,False,False,False,False,False,False,False,False,True,0.9512576260509262,0.9527628574010062,0.0,False,max_steps,vehicle,9.899398803710938,low_speed_overlap,True,,inf,inf,inf,3.379416603493643,-0.9225866884551424,1.8541116943359373,-4.703089482505168,-0.8791116943359375,0.2828718925485265,{'ROAD_LINE_BROKEN_SINGLE_WHITE'},True,True,raw_collision_risk:collision,False,False,,0,False,raw_predicted_collision,False,0,0,static_obstacle,0.0,1.124159231733035,0.7229009307107949,inf,False,False,11.30872304162518,1.1365347656740792,0.0,True,False,1,0,,True,False,0.0,1.6276281169203428,-0.8994355274524908,1.8541116943359373,3.0,collision,True,raw_collision_risk:collision,,False,False,0.0,3.379416603493643,-0.9225866884551424,1.8541116943359373,False,-274.1300721166067,,,
6000,1029,1,291,291,-0.14393389225006104,0.8158293962478638,0.03467252850532532,0.0,0.17860642075538635,-0.8158293962478638,True,True,predictive_recovery,keep_pass,1.629119873046875,0.9527628574010062,10,1,,0,0,0,False,False,False,False,False,False,False,False,True,0.9516158019924325,0.9164127119488403,0.0,False,max_steps,vehicle,9.80120849609375,low_speed_overlap,True,,inf,inf,inf,3.3959087964192842,-0.9190332100406058,1.8531198730468748,-4.748144996843115,-0.878119873046875,0.28225310464627884,{'ROAD_LINE_BROKEN_SINGLE_WHITE'},True,True,raw_collision_risk:collision,False,False,,0,False,raw_predicted_collision,False,0,0,static_obstacle,0.0,1.027996544038499,0.7203168997752544,inf,False,False,11.663671950022012,1.0789637065016566,0.1371348664570167,True,False,1,0,,True,False,0.0,1.6245466000026645,-0.9095603510066139,1.8531198730468748,3.0,collision,True,raw_collision_risk:collision,,False,False,0.0,3.3959087964192842,-0.9190332100406058,1.8531198730468748,False,-273.86303707353443,,,
6000,1029,1,292,292,-0.10847777128219604,0.8814843893051147,0.03326644003391266,0.0,0.1417442113161087,-0.8814843893051147,True,True,predictive_recovery,keep_pass,1.628204345703125,0.9164127119488403,10,1,,0,0,0,False,False,False,False,False,False,False,False,True,0.9519602186128058,0.8800608989119311,0.0,False,max_steps,vehicle,9.706672668457031,low_speed_overlap,True,,inf,inf,inf,3.4047296966801635,-0.920747091954045,1.8522043457031248,-4.78976356840689,-0.877204345703125,0.28178254020108795,{'ROAD_LINE_BROKEN_SINGLE_WHITE'},True,True,raw_collision_risk:collision,False,False,,0,False,raw_predicted_collision,False,0,0,static_obstacle,0.0,0.9353259448902832,0.7180268130265149,inf,False,False,12.002100498226937,1.02063833542992,0.09941040856688331,True,False,1,0,,True,False,0.0,1.5293487484938466,-0.9161213033600011,1.8522043457031248,3.0,collision,True,raw_collision_risk:collision,,False,False,0.0,3.4047296966801635,-0.920747091954045,1.8522043457031248,False,-275.96013803924694,,,
6000,1029,1,293,293,-0.07281148433685303,0.9145464897155762,0.03197089210152626,0.0,0.10478237271308899,-0.9145464897155762,True,True,predictive_recovery,keep_pass,1.627349853515625,0.8800608989119311,10,1,,0,0,0,False,False,False,False,False,False,False,False,True,0.9522909048181831,0.8437075392002811,0.0,False,max_steps,vehicle,9.615768432617188,low_speed_overlap,True,,inf,inf,inf,3.4283103953812435,-0.920923106082026,1.8513498535156248,-4.607953133168458,-0.876349853515625,0.24069997781037206,{'ROAD_LINE_BROKEN_SINGLE_WHITE'},True,True,raw_collision_risk:collision,False,False,,0,False,raw_predicted_collision,False,0,0,static_obstacle,0.0,0.8461379762531919,0.7160055451778328,inf,False,False,12.424721680306462,0.9614538917696718,0.06407854035660286,True,False,1,0,,True,False,0.0,1.4797467849290071,-0.9195134997725585,1.8513498535156248,3.0,collision,True,raw_collision_risk:collision,,False,False,0.0,3.4283103953812435,-0.920923106082026,1.8513498535156248,False,-277.0972561638911,,,
6000,1029,1,294,294,0.019963383674621582,0.9759957790374756,0.030776983126997948,0.0,0.010813599452376366,-0.9759957790374756,True,True,predictive_recovery,keep_pass,1.6265716552734375,0.8437075392002811,10,1,,0,0,0,False,False,False,False,False,False,False,False,True,0.9526078317024276,0.8073530134383115,0.0,False,max_steps,vehicle,9.528488159179688,low_speed_overlap,True,,inf,inf,inf,3.4441892380222785,-0.9196727615002334,1.8505716552734373,-4.651840314401203,-0.8755716552734375,0.23971002512842152,{'ROAD_LINE_BROKEN_SINGLE_WHITE'},True,True,raw_collision_risk:collision,False,False,,0,False,raw_predicted_collision,False,0,0,static_obstacle,0.0,0.7604378316098991,0.7142024529771821,inf,False,False,12.831813345537599,0.9013050094712793,0.0,True,False,1,0,,True,False,0.0,1.4127733147834856,-0.9201580809165195,1.8505716552734373,3.0,collision,True,raw_collision_risk:collision,,False,False,0.0,3.4441892380222785,-0.9196727615002334,1.8505716552734373,False,-279.0893749934263,,,
6000,1029,1,295,295,-0.0700913667678833,0.9408864974975586,0.029676761478185654,0.0,0.09976813197135925,-0.9408864974975586,True,True,predictive_recovery,keep_pass,1.6258392333984375,0.8073530134383115,10,1,,0,0,0,False,False,False,False,False,False,False,False,True,0.9529109125471288,0.7709973720425041,0.0,False,max_steps,vehicle,9.444839477539062,low_speed_overlap,True,,inf,inf,inf,3.474834082692929,-0.91726406028995,1.8498392333984373,-4.692314783708803,-0.8748392333984375,0.2387287318628806,{'ROAD_LINE_BROKEN_SINGLE_WHITE'},True,True,raw_collision_risk:collision,False,False,,0,False,raw_predicted_collision,False,0,0,static_obstacle,0.0,0.6782435676918992,0.7126171347924976,inf,False,False,13.340885601009886,0.8400830323323277,0.056588476176060505,True,False,1,0,,True,False,0.0,1.4068725354283305,-0.9184227508727052,1.8498392333984373,3.0,collision,True,raw_collision_risk:collision,,False,False,0.0,3.474834082692929,-0.91726406028995,1.8498392333984373,False,-278.71967397474003,,,
6000,1029,1,296,296,-0.08746105432510376,0.9359335899353027,0.02866308018565178,0.0,0.11612413823604584,-0.9359335899353027,True,True,predictive_recovery,keep_pass,1.625152587890625,0.7709973720425041,10,1,,0,0,0,False,False,False,False,False,False,False,False,True,0.9532002629768339,0.7346410144083864,0.0,False,max_steps,vehicle,9.364845275878906,low_speed_overlap,True,,inf,inf,inf,3.4978122813450425,-0.9178157815434214,1.8491525878906248,-0.30059641256671155,-0.874152587890625,0.19846916429306885,{'ROAD_LINE_BROKEN_SINGLE_WHITE'},True,True,raw_collision_risk:collision,False,False,,0,False,raw_predicted_collision,False,0,0,static_obstacle,0.0,0.5995880144097884,0.7112225628925414,inf,False,False,13.836683029558218,0.7776784151953424,0.06743224304072168,True,False,1,0,,True,False,0.0,1.3826571027523218,-0.9146953144335419,1.8491525878906248,3.0,collision,True,raw_collision_risk:collision,,False,False,0.0,3.4978122813450425,-0.9178157815434214,1.8491525878906248,False,-278.93038489254036,,,
6000,1029,1,297,297,-0.203995943069458,0.8591145277023315,0.027729440480470657,0.0,0.23172537982463837,-0.8591145277023315,True,True,predictive_recovery,keep_pass,1.624542236328125,0.7346410144083864,10,1,,0,0,0,False,False,False,False,False,False,False,False,True,0.9534758829915431,0.6982836351442937,0.0,False,max_steps,vehicle,10.0,low_speed_overlap,True,,inf,inf,inf,3.5355472561446972,-0.9181069546669334,1.8485422363281248,0.4829687530492133,-0.873542236328125,0.19481689453125003,{'ROAD_LINE_BROKEN_SINGLE_WHITE'},True,True,raw_collision_risk:collision,False,False,,0,False,raw_predicted_collision,False,0,0,static_obstacle,0.0,0.5244502428794068,0.7099632411337505,inf,False,False,14.45867672728448,0.713886418799734,0.14986378655174207,True,False,1,0,,True,False,0.0,1.40614915938473,-0.9093747577399449,1.8485422363281248,3.0,collision,True,raw_collision_risk:collision,,False,False,0.0,3.5355472561446972,-0.9181069546669334,1.8485422363281248,False,-277.531937837093,,,
6000,1029,1,298,298,-0.22503966093063354,0.8498691320419312,0.026869988068938255,0.0,0.25190964341163635,-0.8498691320419312,True,True,predictive_recovery,keep_pass,1.62396240234375,0.6982836351442937,10,1,,0,0,0,False,False,False,False,False,False,False,False,True,0.9537376569667089,0.6619256284579351,0.0,False,max_steps,vehicle,9.927253723144531,low_speed_overlap,True,,inf,inf,inf,3.5655887939701887,-0.9172154064622646,1.8479624023437498,0.5470273109609503,-0.87296240234375,0.19458496093750008,{'ROAD_LINE_BROKEN_SINGLE_WHITE'},True,True,raw_collision_risk:collision,False,False,,0,False,raw_predicted_collision,False,0,0,static_obstacle,0.0,0.45283739142420665,0.7088634059922995,inf,False,False,15.071697924690248,0.64850065021305,0.15714151248628208,True,False,1,0,,True,False,0.0,1.3911542133909793,-0.9047218135664703,1.8479624023437498,3.0,collision,True,raw_collision_risk:collision,,False,False,0.0,3.5655887939701887,-0.9172154064622646,1.8479624023437498,False,-277.79812609238274,,,
6000,1029,1,299,299,-0.08162391185760498,0.8822872638702393,0.02607945166528225,0.0,0.10770336538553238,-0.8822872638702393,True,True,predictive_recovery,keep_pass,1.6234283447265625,0.6619256284579351,10,1,,0,0,0,False,False,False,False,False,False,False,False,True,0.9539856716207419,0.6255671861956353,0.0,False,max_steps,vehicle,9.858161926269531,low_speed_overlap,True,,inf,inf,inf,3.6104312435471253,-0.9154226294801415,1.8474283447265623,0.6259118028005926,-0.8724283447265625,0.19437133789062508,{'ROAD_LINE_BROKEN_SINGLE_WHITE'},True,True,raw_collision_risk:collision,False,False,,0,False,raw_predicted_collision,False,0,0,static_obstacle,0.0,0.3847875072060203,0.7078892903623283,inf,False,False,15.845020468030219,0.5813153180100402,0.05402895915354028,True,False,1,0,,True,False,0.0,1.3627889965505182,-0.9102282953512331,1.8474283447265623,3.0,collision,True,raw_collision_risk:collision,,False,False,0.0,3.6104312435471253,-0.9154226294801415,1.8474283447265623,False,-279.0777442863914,,,
6000,1029,1,300,300,-0.004650294780731201,0.9683332443237305,0.025353092700242996,0.0,0.030003387480974197,-0.9683332443237305,True,True,predictive_recovery,keep_pass,1.622955322265625,0.6255671861956353,10,1,,0,0,0,False,False,False,False,False,False,False,False,True,0.9542199558597789,0.5892082712977607,0.0,False,max_steps,vehicle,9.792701721191406,low_speed_overlap,True,,inf,inf,inf,3.647579202136814,-0.9161031729162723,1.8469553222656248,0.6968199592348481,-0.871955322265625,0.19418212890625,{'ROAD_LINE_BROKEN_SINGLE_WHITE'},True,True,raw_collision_risk:collision,False,False,,0,False,raw_predicted_collision,False,0,0,static_obstacle,0.0,0.32028444499994274,0.7070083008417013,inf,False,False,16.61756464464669,0.5119904817062756,0.0029090718209622665,True,False,1,0,,True,False,0.0,1.3034928463486084,-0.9136991607902452,1.8469553222656248,3.0,collision,True,raw_collision_risk:collision,,False,False,0.0,3.647579202136814,-0.9161031729162723,1.8469553222656248,False,-281.6744151969379,,,
6000,1029,1,301,301,-0.03269749879837036,0.9764242172241211,0.02468656376004219,0.0,0.05738406255841255,-0.9764242172241211,True,True,predictive_recovery,keep_pass,1.62249755859375,0.5892082712977607,10,1,,0,0,0,False,False,False,False,False,False,False,False,True,0.9544404229654094,0.5528486016616895,0.0,False,max_steps,vehicle,9.730865478515625,low_speed_overlap,True,,inf,inf,inf,3.6995139195548243,-0.9160860878910779,1.8464975585937498,0.7825229081423211,-0.87149755859375,0.1939990234375,{'ROAD_LINE_BROKEN_SINGLE_WHITE'},True,True,raw_collision_risk:collision,False,False,,0,False,raw_predicted_collision,False,0,0,static_obstacle,0.0,0.25932567082999236,0.7062510943411694,inf,False,False,17.600151208589043,0.44012564565465895,0.019265636742748407,True,False,1,0,,True,False,0.0,1.2951548018149515,-0.9154045957840058,1.8464975585937498,3.0,collision,True,raw_collision_risk:collision,,False,False,0.0,3.6995139195548243,-0.9160860878910779,1.8464975585937498,False,-282.3640534872578,,,
6000,1029,1,302,302,0.06556820869445801,0.9856960773468018,0.02407599613070488,0.0,-0.04149221256375313,-0.9856960773468018,True,True,predictive_recovery,keep_pass,1.622100830078125,0.5528486016616895,10,1,,0,0,0,False,False,False,False,False,False,False,False,True,0.9546471018437702,0.5164887353210055,0.0,False,max_steps,vehicle,9.672676086425781,low_speed_overlap,True,,inf,inf,inf,3.7437696896631514,-0.9152018741195946,1.8461008300781248,0.8602660063720222,-0.871100830078125,0.19384033203125003,{'ROAD_LINE_BROKEN_SINGLE_WHITE'},True,True,raw_collision_risk:collision,False,False,,0,False,raw_predicted_collision,False,0,0,static_obstacle,0.0,0.20194013064202676,0.7055590424729506,inf,False,False,18.597458991998256,0.3652720293314627,0.0,True,False,1,0,,True,False,0.0,1.2840946576088914,-0.9156909073785326,1.8461008300781248,3.0,collision,True,raw_collision_risk:collision,,False,False,0.0,3.7437696896631514,-0.9152018741195946,1.8461008300781248,False,-283.0821763658253,,,
6000,1029,1,303,303,0.0026624202728271484,0.9853122234344482,0.023517904803156853,0.0,0.020855484530329704,-0.9853122234344482,True,True,predictive_recovery,keep_pass,1.6217193603515625,0.5164887353210055,10,1,,0,0,0,False,False,False,False,False,False,False,False,True,0.954840050307135,0.4801285692442599,0.0,False,max_steps,vehicle,9.618125915527344,low_speed_overlap,True,,inf,inf,inf,3.8028371545517348,-0.9146483423125766,1.8457193603515623,0.9528180629700715,-0.8707193603515625,0.19368774414062503,{'ROAD_LINE_BROKEN_SINGLE_WHITE'},True,True,raw_collision_risk:collision,False,False,,0,False,raw_predicted_collision,False,0,0,static_obstacle,0.0,0.14812412778236245,0.7049660410321236,inf,False,False,19.8812209100943,0.2867906261117217,0.0,True,False,1,0,,True,False,0.0,1.287254737247249,-0.9147974553089484,1.8457193603515623,3.0,collision,True,raw_collision_risk:collision,,False,False,0.0,3.8028371545517348,-0.9146483423125766,1.8457193603515623,False,-283.5639430655088,,,
6000,1029,1,304,304,-0.010212123394012451,0.9869534969329834,0.023009147495031357,0.0,0.03322127088904381,-0.9869534969329834,True,True,predictive_recovery,keep_stop,1.621368408203125,0.4801285692442599,10,1,,0,0,0,False,False,False,False,False,False,False,False,True,0.9550192105432302,0.44376815365659283,0.0,False,max_steps,vehicle,9.56719970703125,low_speed_overlap,True,,inf,inf,inf,3.8542079415938235,-0.9149419950076023,1.8453684082031248,1.0373855946099506,-0.870368408203125,0.19354736328125008,{'ROAD_LINE_BROKEN_SINGLE_WHITE'},True,True,raw_collision_risk:collision,False,False,,0,False,raw_predicted_collision,False,0,0,static_obstacle,0.0,0.09786692511165435,0.7044462048456187,inf,False,False,21.209611214194677,0.2038348296284483,0.004903132194113034,True,False,1,0,,True,False,0.0,1.2872239922835274,-0.9130043790060098,1.8453684082031248,3.0,collision,True,raw_collision_risk:collision,,False,False,0.0,3.8542079415938235,-0.9149419950076023,1.8453684082031248,False,-344.09543386086256,,,
6000,1029,1,305,305,0.10119831562042236,0.9915144443511963,0.022546887397766113,0.0,-0.07865142822265625,-0.9915144443511963,True,True,predictive_recovery,keep_stop,1.621063232421875,0.44376815365659283,10,1,,0,0,0,False,False,False,False,False,False,False,False,True,0.9551845536459189,0.40740737764866986,0.0,False,max_steps,vehicle,9.519912719726562,low_speed_overlap,True,,inf,inf,inf,3.9203961396337195,-0.9144117713139193,1.8450632324218748,1.136762280786869,-0.870063232421875,0.19342529296875008,{'ROAD_LINE_BROKEN_SINGLE_WHITE'},True,True,raw_collision_risk:collision,False,False,,0,False,raw_predicted_collision,False,0,0,static_obstacle,0.0,0.051187840900494684,0.7039753620957009,inf,False,False,22.949152935369703,0.11534816204974022,0.0,True,False,1,0,,True,False,0.0,1.2946449450938768,-0.9105720289673638,1.8450632324218748,3.0,collision,True,raw_collision_risk:collision,,False,False,0.0,3.9203961396337195,-0.9144117713139193,1.8450632324218748,False,-344.6987497050723,,,
6000,1029,1,306,306,0.08930051326751709,0.9918967485427856,0.022128578275442123,0.0,-0.06717193126678467,-0.9918967485427856,True,True,predictive_recovery,keep_stop,1.620758056640625,0.40740737764866986,10,1,,0,0,0,False,False,False,False,False,False,False,False,True,0.9553361663336116,0.37104639517357435,0.0,False,max_steps,vehicle,9.476272583007812,low_speed_overlap,True,,inf,inf,inf,3.978915821221905,-0.9132346783481919,1.8447580566406248,1.2281775546199212,-0.869758056640625,0.19330322265625008,{'ROAD_LINE_BROKEN_SINGLE_WHITE'},True,True,raw_collision_risk:collision,False,False,,0,False,raw_predicted_collision,False,0,0,static_obstacle,0.0,0.00809721443792272,0.7035913177519738,inf,False,False,24.79446799423808,0.01987498234483471,0.0,True,False,1,0,,True,False,0.0,1.30224102568706,-0.9076790499655427,1.8447580566406248,3.0,collision,True,raw_collision_risk:collision,,False,False,0.0,3.978915821221905,-0.9132346783481919,1.8447580566406248,False,-345.19916695645975,,,
6000,1029,1,307,307,0.03506362438201904,0.9926681518554688,0.021751921623945236,0.0,-0.013311702758073807,-0.9926681518554688,True,True,predictive_recovery,keep_stop,1.620513916015625,0.37104639517357435,10,1,,0,0,0,False,False,False,False,False,False,False,False,True,0.9554740197001714,0.3346853853422077,0.0,False,max_steps,vehicle,9.436256408691406,low_speed_overlap,True,,inf,inf,inf,4.0522477131175805,-0.9116725653213817,1.8445139160156248,1.3343865475562273,-0.869513916015625,0.19320556640625,{'ROAD_LINE_BROKEN_SINGLE_WHITE'},True,True,raw_collision_risk:collision,False,False,,0,False,raw_predicted_collision,False,0,0,static_obstacle,0.0,-0.03142380386177127,0.7032255855498563,inf,False,False,27.27187986234258,inf,0.0,True,False,1,0,,True,False,0.0,1.3186333034701727,-0.9045860783210553,1.8445139160156248,3.0,collision,True,raw_collision_risk:collision,,False,False,0.0,4.0522477131175805,-0.9116725653213817,1.8445139160156248,False,-345.7088020573396,,,
6000,1029,1,308,308,0.029636621475219727,0.9924126863479614,0.021414879709482193,0.0,-0.008221741765737534,-0.9924126863479614,True,True,predictive_recovery,keep_stop,1.6202850341796875,0.3346853853422077,10,1,,0,0,0,False,False,False,False,False,False,False,False,True,0.9555980270271879,0.2983242289805572,0.0,False,max_steps,vehicle,9.399871826171875,low_speed_overlap,True,,inf,inf,inf,4.117890966660941,-0.909859716280556,1.8442850341796873,1.4326175738986158,-0.8692850341796875,0.193114013671875,{'ROAD_LINE_BROKEN_SINGLE_WHITE'},True,True,raw_collision_risk:collision,False,False,,0,False,raw_predicted_collision,False,0,0,static_obstacle,0.0,-0.06736556193824284,0.7029178397118186,inf,False,False,29.990170523600224,inf,0.0,True,False,1,0,,True,False,0.0,1.3334891470114076,-0.9014272025968884,1.8442850341796873,3.0,collision,True,raw_collision_risk:collision,,False,False,0.0,4.117890966660941,-0.909859716280556,1.8442850341796873,False,-346.19366636820837,,,
6000,1029,1,309,309,-0.0198056697845459,0.99031662940979,0.021115673705935478,0.0,0.040921345353126526,-0.99031662940979,True,True,predictive_recovery,keep_stop,1.62005615234375,0.2983242289805572,10,1,,0,0,0,False,False,False,False,False,False,False,False,True,0.9557083039392084,0.2619627555280546,0.0,False,max_steps,vehicle,9.367141723632812,low_speed_overlap,True,,inf,inf,inf,4.198402389080421,-0.9079411230527967,1.8440561523437498,1.5456726008456374,-0.86905615234375,0.1930224609375,{'ROAD_LINE_BROKEN_SINGLE_WHITE'},True,True,raw_collision_risk:collision,False,False,,0,False,raw_predicted_collision,False,0,0,static_obstacle,0.0,-0.09970300207955686,0.702678253339417,inf,False,False,33.77959459900253,inf,0.005908511167918174,True,False,1,0,,True,False,0.0,1.3583948286749976,-0.8983474243601952,1.8440561523437498,3.0,collision,True,raw_collision_risk:collision,,False,False,0.0,4.198402389080421,-0.9079411230527967,1.8440561523437498,False,-346.6336320682091,,,
6000,1029,1,310,310,-0.03558450937271118,0.9887518882751465,0.020852671936154366,0.0,0.0564371794462204,-0.9887518882751465,True,True,predictive_recovery,keep_stop,1.619903564453125,0.2619627555280546,10,1,,0,0,0,False,False,False,False,False,False,False,False,True,0.9558048504362329,0.22560123314550262,0.0,False,max_steps,vehicle,9.338035583496094,low_speed_overlap,True,,inf,inf,inf,4.271204819883495,-0.9061277190588628,1.8439035644531248,1.6507431430064297,-0.868903564453125,0.19296142578125,{'ROAD_LINE_BROKEN_SINGLE_WHITE'},True,True,raw_collision_risk:collision,False,False,,0,False,raw_predicted_collision,False,0,0,static_obstacle,0.0,-0.12846333274959876,0.702425390267846,inf,False,False,38.149500411686354,inf,0.009321816129389307,True,False,1,0,,True,False,0.0,1.3809047109647383,-0.8955542913988037,1.8439035644531248,3.0,collision,True,raw_collision_risk:collision,,False,False,0.0,4.271204819883495,-0.9061277190588628,1.8439035644531248,False,-347.08651339178726,,,
6000,1029,1,311,311,0.013228297233581543,0.9945571422576904,0.02062447927892208,0.0,0.007396182045340538,-0.9945571422576904,True,True,predictive_recovery,keep_stop,1.6197509765625,0.22560123314550262,10,1,,0,0,0,False,False,False,False,False,False,False,False,True,0.9558875219875772,0.18923956834973168,0.0,False,max_steps,vehicle,9.312553405761719,low_speed_overlap,True,,inf,inf,inf,4.358859514813245,-0.9044584718792237,1.8437509765624998,1.770606786247745,-0.8687509765625,0.192900390625,{'ROAD_LINE_BROKEN_SINGLE_WHITE'},True,True,raw_collision_risk:collision,False,False,,0,False,raw_predicted_collision,False,0,0,static_obstacle,0.0,-0.15364581619103845,0.7022315086582188,inf,False,False,44.62381633212811,inf,0.0,True,False,1,0,,True,False,0.0,1.4084879583639025,-0.8930855720979323,1.8437509765624998,3.0,collision,True,raw_collision_risk:collision,,False,False,0.0,4.358859514813245,-0.9044584718792237,1.8437509765624998,False,-347.7193915555376,,,
6000,1029,1,312,312,0.01261746883392334,0.9946136474609375,0.020429890602827072,0.0,0.007812421768903732,-0.9946136474609375,True,True,predictive_recovery,keep_stop,1.619598388671875,0.18923956834973168,10,1,,0,0,0,False,False,False,False,False,False,False,False,True,0.9559564631239256,0.15287781107973605,0.0,False,max_steps,vehicle,9.290733337402344,low_speed_overlap,True,,inf,inf,inf,4.4388557862428435,-0.9030312123370183,1.8435983886718748,1.8825234141115161,-0.868598388671875,0.19283935546875,{'ROAD_LINE_BROKEN_SINGLE_WHITE'},True,True,raw_collision_risk:collision,False,False,,0,False,raw_predicted_collision,False,0,0,static_obstacle,0.0,-0.17521068359209374,0.7020937326640985,inf,False,False,52.72797917229167,inf,0.0,True,False,1,0,,True,False,0.0,1.437116321622827,-0.8910394780917006,1.8435983886718748,3.0,collision,True,raw_collision_risk:collision,,False,False,0.0,4.4388557862428435,-0.9030312123370183,1.8435983886718748,False,-348.2118285592721,,,
6000,1029,1,313,313,-0.06684082746505737,0.9940905570983887,0.020267846062779427,0.0,0.08710867166519165,-0.9940905570983887,True,True,predictive_recovery,keep_stop,1.6195068359375,0.15287781107973605,10,1,,0,0,0,False,False,False,False,False,False,False,False,True,0.956011673845278,0.11651605599904635,0.0,False,max_steps,vehicle,9.272537231445312,low_speed_overlap,True,,inf,inf,inf,4.53370687357682,-0.9019758674004608,1.8435068359374998,2.00923330672095,-0.8685068359375,0.19280273437500003,{'ROAD_LINE_BROKEN_SINGLE_WHITE'},True,True,raw_collision_risk:collision,False,False,,0,False,raw_predicted_collision,False,0,0,static_obstacle,0.0,-0.19319379700639286,0.7019476259846639,inf,False,False,66.16088962163776,inf,0.010218479393616274,True,False,1,0,,True,False,0.0,1.4750926386119132,-0.8895423910106011,1.8435068359374998,3.0,collision,True,raw_collision_risk:collision,,False,False,0.0,4.53370687357682,-0.9019758674004608,1.8435068359374998,False,-348.69068838526266,,,
6000,1029,1,314,314,-0.07408881187438965,0.9927835464477539,0.020137464627623558,0.0,0.09422627836465836,-0.9927835464477539,True,True,predictive_recovery,keep_stop,1.6194305419921875,0.11651605599904635,10,1,,0,0,0,False,False,False,False,False,False,False,False,True,0.9560530096209501,0.08015425386806102,0.0,False,max_steps,vehicle,9.257965087890625,low_speed_overlap,True,,inf,inf,inf,4.620856779576073,-0.901298644406594,1.8434305419921873,2.127957480109367,-0.8684305419921875,0.19277221679687503,{'ROAD_LINE_BROKEN_SINGLE_WHITE'},True,True,raw_collision_risk:collision,False,False,,0,False,raw_predicted_collision,False,0,0,static_obstacle,0.0,-0.20759463605933443,0.7018366324410069,inf,False,False,85.96889198266544,inf,0.008632536153259195,True,False,1,0,,True,False,0.0,1.5114063567814457,-0.8885997994064077,1.8434305419921873,3.0,collision,True,raw_collision_risk:collision,,False,False,0.0,4.620856779576073,-0.901298644406594,1.8434305419921873,False,-349.149778368728,,,
6000,1029,1,315,315,-0.07410752773284912,0.9928568601608276,0.020038001239299774,0.0,0.0941455289721489,-0.9928568601608276,True,True,predictive_recovery,keep_stop,1.619354248046875,0.08015425386806102,10,1,,0,0,0,False,False,False,False,False,False,False,False,True,0.9560806149816262,0.04379239025719371,0.0,False,max_steps,vehicle,9.247055053710938,low_speed_overlap,True,,inf,inf,inf,4.722925538577787,-0.9010197436532532,1.8433542480468748,2.2615128897832193,-0.868354248046875,0.19274169921875003,{'ROAD_LINE_BROKEN_SINGLE_WHITE'},True,True,raw_collision_risk:collision,False,False,,0,False,raw_predicted_collision,False,0,0,static_obstacle,0.0,-0.21837427475000523,0.7017747122390784,inf,False,False,129.0342184692491,inf,0.005940033591433161,True,False,1,0,,True,False,0.0,1.5560815101314929,-0.8882332258190822,1.8433542480468748,3.0,collision,True,raw_collision_risk:collision,,False,False,0.0,4.722925538577787,-0.9010197436532532,1.8433542480468748,False,-349.64254133590765,,,
6000,1029,1,316,316,-0.07402259111404419,0.9929325580596924,0.019968871027231216,0.0,0.09399145841598511,-0.9929325580596924,True,True,predictive_recovery,keep_stop,1.619293212890625,0.04379239025719371,10,1,,0,0,0,False,False,False,False,False,False,False,False,True,0.9560944899273064,0.007430482689862268,0.0,False,max_steps,vehicle,9.239768981933594,low_speed_overlap,True,,inf,inf,inf,4.817290890051533,-0.9011604779279292,1.8432932128906248,2.3870828221264757,-0.868293212890625,0.19271728515625,{'ROAD_LINE_BROKEN_SINGLE_WHITE'},True,True,raw_collision_risk:collision,False,False,,0,False,raw_predicted_collision,False,0,0,static_obstacle,0.0,-0.2255698629968025,0.7017447074507145,inf,False,False,235.59727669261292,inf,0.0032416261979149024,True,False,1,0,,True,False,0.0,1.5986744335820933,-0.888461806426255,1.8432932128906248,3.0,collision,True,raw_collision_risk:collision,,False,False,0.0,4.817290890051533,-0.9011604779279292,1.8432932128906248,False,-350.1353454785456,,,
6000,1029,1,317,317,-0.07384783029556274,0.9930088520050049,0.019929619506001472,0.0,0.09377744793891907,-0.9930088520050049,True,True,predictive_recovery,keep_stop,1.619293212890625,0.007430482689862268,10,1,,0,0,0,False,False,False,False,False,False,False,False,True,0.9560959930464218,0.0013036337907232512,0.0,False,max_steps,vehicle,9.236106872558594,low_speed_overlap,True,,inf,inf,inf,4.926540771653045,-0.9017560797844528,1.8432932128906248,2.52744583013637,-0.868293212890625,0.19271728515625,{'ROAD_LINE_BROKEN_SINGLE_WHITE'},True,True,raw_collision_risk:collision,False,False,,0,False,raw_predicted_collision,False,0,0,static_obstacle,0.0,-0.22918016298202076,0.7016999368065616,inf,False,False,2882.060791892465,inf,0.0005487250246950653,True,False,1,0,,True,False,0.0,1.650336007225151,-0.8893206647702923,1.8432932128906248,3.0,collision,True,raw_collision_risk:collision,,False,False,0.0,4.926540771653045,-0.9017560797844528,1.8432932128906248,False,-350.6280941489634,,,
6000,1029,1,318,318,-0.07383966445922852,0.993018627166748,0.01992039941251278,0.0,0.09376006573438644,-0.993018627166748,True,True,predictive_recovery,keep_stop,1.619293212890625,0.0013036337907232512,10,1,,0,0,0,False,False,False,False,False,False,False,False,True,0.9560947789886748,0.005969345961153275,0.0,False,max_steps,vehicle,9.235710144042969,low_speed_overlap,True,,inf,inf,inf,4.936400810239888,-0.9018786652561874,1.8432932128906248,2.5423733428581663,-0.868293212890625,0.19271728515625,{'ROAD_LINE_BROKEN_SINGLE_WHITE'},True,True,raw_collision_risk:collision,False,False,,0,False,raw_predicted_collision,False,0,0,static_obstacle,0.0,-0.22956476765207137,0.7016958946939488,inf,False,False,inf,inf,9.625988168471699e-05,True,False,1,0,,True,False,0.0,1.6560557150024517,-0.8894983309745921,1.8432932128906248,3.0,collision,True,raw_collision_risk:collision,,False,False,0.0,4.936400810239888,-0.9018786652561874,1.8432932128906248,False,-350.71104535164244,,,
6000,1029,1,319,319,-0.07390838861465454,0.9930057525634766,-0.07390838861465454,0.6499999761581421,0.0,-0.3430057764053345,True,True,deadlock_progress_release,deadlock_progress_release,0,0,0,0,low_progress_release,0,0,0,False,False,False,False,False,False,False,False,True,0.9561107640823437,0.18885379929545085,0.0,False,max_steps,vehicle,9.236030578613281,low_speed_overlap,True,,inf,inf,inf,inf,inf,inf,inf,inf,0.0,{'ROAD_LINE_BROKEN_SINGLE_WHITE'},True,True,raw_collision_risk:collision,False,False,,0,False,,False,0,0,static_obstacle,0.0,-0.22924452229099984,0.7017003315368545,inf,False,False,5048.796326024218,inf,0.0004411847410722348,True,False,1,0,,True,False,0.0,1.6525153949530575,-0.8893659648685335,1.8432932128906248,3.0,collision,True,low_progress_release,,False,False,0.0,inf,inf,inf,False,0.0,,,
6000,1029,1,320,320,-0.0878039002418518,0.9958889484405518,-0.0878039002418518,0.6499999761581421,0.0,-0.34588897228240967,True,True,deadlock_progress_release,deadlock_progress_release,0,0,0,0,low_progress_release_persist,0,0,0,False,False,False,False,False,False,False,False,True,0.9561969910885186,0.3835728497835322,0.0,False,max_steps,vehicle,9.2318115234375,low_speed_overlap,True,,inf,inf,inf,inf,inf,inf,inf,inf,0.0,{'ROAD_LINE_BROKEN_SINGLE_WHITE'},True,True,raw_collision_risk:collision,False,False,,0,False,,False,0,0,static_obstacle,0.0,-0.23359479842282566,0.7018086931217237,inf,False,False,52.527726510332975,inf,0.01658210015363247,True,False,1,0,,True,False,0.0,1.3813151959904615,-0.8807252743417466,1.8431101074218748,3.0,collision,True,low_progress_release,,False,False,0.0,inf,inf,inf,False,0.0,,,
6000,1029,1,321,321,-0.1326708197593689,0.9925158023834229,-0.1326708197593689,0.6499999761581421,0.0,-0.34251582622528076,True,True,deadlock_progress_release,deadlock_progress_release,0,0,0,0,low_progress_release_persist,0,0,0,False,False,False,False,False,False,False,False,True,0.9563567264006616,0.5777934571462069,0.0,False,max_steps,vehicle,9.209053039550781,low_speed_overlap,True,,inf,inf,inf,inf,inf,inf,inf,inf,0.0,{'ROAD_LINE_BROKEN_SINGLE_WHITE'},True,True,raw_collision_risk:collision,False,False,,0,False,,False,0,0,static_obstacle,0.0,-0.2571768284110696,0.7023866617831401,inf,False,False,25.78012959098379,inf,0.050888924418218476,True,False,1,0,,True,False,0.0,1.0857448600358666,-0.8654543560143035,1.8421030273437498,3.0,collision,True,low_progress_release,,False,False,0.0,inf,inf,inf,False,0.0,,,
6000,1029,1,322,322,-0.24364787340164185,0.9914364814758301,-0.24364787340164185,0.6499999761581421,0.0,-0.341436505317688,True,True,deadlock_progress_release,deadlock_progress_release,0,0,0,0,low_progress_release_persist,0,0,0,False,False,False,False,False,False,False,False,True,0.9565891317408044,0.7689116660870049,0.0,False,max_steps,vehicle,9.166893005371094,low_speed_overlap,True,,inf,inf,inf,inf,inf,inf,inf,inf,0.0,{'ROAD_LINE_BROKEN_SINGLE_WHITE'},True,True,raw_collision_risk:collision,False,False,,0,False,,False,0,0,static_obstacle,0.0,-0.30137789826125194,0.7038074541307026,inf,False,False,16.920290902501023,inf,0.14077814709905598,True,False,1,0,,True,False,0.00969097082232746,0.7676967639255752,-0.8414276048897371,1.8397531738281248,3.0,collision,True,low_progress_release,,False,False,0.0,inf,inf,inf,False,0.0,,,
6000,1029,1,323,323,-0.2793344259262085,0.9901936054229736,-0.2793344259262085,0.6499999761581421,0.0,-0.34019362926483154,True,True,deadlock_progress_release,deadlock_progress_release,0,0,0,0,low_progress_release_persist,0,0,0,False,False,False,False,False,False,False,False,True,0.9568928196143791,0.9603261220215417,0.0,False,max_steps,vehicle,9.105552673339844,low_speed_overlap,True,,inf,inf,inf,inf,inf,inf,inf,inf,0.0,{'ROAD_LINE_BROKEN_SINGLE_WHITE'},True,True,raw_collision_risk:collision,False,False,,0,False,,False,0,0,static_obstacle,0.0,-0.36752214138568085,0.7069751790937727,inf,False,False,12.647634153610076,inf,0.21478349883437803,True,False,1,0,,True,False,0.0,1.6011346659340933,-0.8053128841878396,1.8347177734374998,3.0,collision,True,low_progress_release,,False,False,0.0,inf,inf,inf,False,0.0,,,
6000,1029,1,324,324,-0.1721498966217041,0.9911056756973267,-0.1721498966217041,0.6499999761581421,0.0,-0.34110569953918457,True,True,deadlock_progress_release,deadlock_progress_release,0,0,0,0,low_progress_release_persist,0,0,0,False,False,False,False,False,False,False,False,True,0.9572687439239012,1.1556766628692168,0.0,False,max_steps,vehicle,9.025398254394531,low_speed_overlap,True,,inf,inf,inf,inf,inf,inf,inf,inf,0.0,{'ROAD_LINE_BROKEN_SINGLE_WHITE'},True,True,raw_collision_risk:collision,False,False,,0,False,,False,0,0,static_obstacle,0.0,-0.4571928576753731,0.7126284417818062,inf,False,False,10.001400971834796,inf,0.1653200426291304,True,False,1,0,,True,False,0.0,1.2959070836854316,-0.753094109606337,1.8253793945312498,3.0,collision,True,low_progress_release,,False,False,0.0,inf,inf,inf,False,0.0,,,
6000,1029,1,325,325,-0.4618757963180542,0.953432559967041,-0.4618757963180542,0.6499999761581421,0.0,-0.3034325838088989,True,True,deadlock_progress_release,deadlock_progress_release,0,0,0,0,low_progress_release_persist,0,0,0,False,False,False,False,False,False,False,False,True,0.9577128289040769,1.3211319976566025,0.0,False,max_steps,vehicle,8.926177978515625,low_speed_overlap,True,,inf,inf,inf,inf,inf,inf,inf,inf,0.0,{'ROAD_LINE_BROKEN_SINGLE_WHITE'},True,True,raw_collision_risk:collision,False,False,,0,False,,False,0,0,static_obstacle,0.0,-0.5686840402906017,0.7188218014345479,inf,False,False,8.223244821464926,inf,0.533779078948911,True,False,1,0,,True,False,0.0,0.9751056484076113,-0.6834304039310248,1.8133402099609373,3.0,collision,True,low_progress_release,,False,False,0.0,inf,inf,inf,False,0.0,,,
6000,1029,1,326,326,-0.34612250328063965,0.9419934749603271,-0.34612250328063965,0.6499999761581421,0.0,-0.29199349880218506,True,True,deadlock_progress_release,deadlock_progress_release,0,0,0,0,low_progress_release_persist,0,0,0,False,False,False,False,False,False,False,False,True,0.9582183105188876,1.5155029210984932,0.0,False,max_steps,vehicle,8.808967590332031,low_speed_overlap,True,,inf,inf,inf,inf,inf,inf,inf,inf,0.0,{'ROAD_LINE_BROKEN_SINGLE_WHITE'},True,True,raw_collision_risk:collision,False,False,,0,False,,False,0,0,static_obstacle,0.0,-0.7024094362115187,0.7263557124070258,inf,False,False,7.076369476535943,inf,0.4572735141930554,True,False,1,0,,True,False,0.0384220126659528,0.671926624446824,-0.5966455114324043,1.7965097656249998,3.0,collision,True,low_progress_release,,False,False,0.0,inf,inf,inf,False,0.0,,,
6000,1029,1,327,327,-0.23564386367797852,0.8268978595733643,-0.23564386367797852,0.6499999761581421,0.0,-0.17689788341522217,True,True,deadlock_progress_release,deadlock_progress_release,0,0,0,0,low_progress_release_persist,0,0,0,False,False,False,False,False,False,False,False,True,0.9587972715335294,1.7126707951424056,0.0,False,max_steps,vehicle,8.675552368164062,low_speed_overlap,True,,inf,inf,inf,inf,inf,inf,inf,inf,0.0,{'ROAD_LINE_BROKEN_SINGLE_WHITE'},True,True,raw_collision_risk:collision,False,False,,0,False,,False,0,0,static_obstacle,0.0,-0.8636982016168195,0.7361663578700511,inf,False,False,6.06446100736511,inf,0.3571189637429116,True,False,1,0,,True,False,0.0,1.4847649533182135,-0.4811218241515037,1.7697000732421873,0.0,collision,True,low_progress_release,,False,False,0.0,inf,inf,inf,False,0.0,,,
6000,1029,1,328,328,-0.3997688293457031,0.6513321399688721,-0.3997688293457031,0.6499999761581421,0.0,-0.0013321638107299805,True,True,deadlock_progress_release,deadlock_progress_release,0,0,0,0,low_progress_release_persist,0,0,0,False,False,False,False,False,False,False,False,True,0.9594465900852245,1.888566009530171,0.0,False,max_steps,vehicle,9.127067565917969,low_speed_overlap,True,,inf,inf,inf,inf,inf,inf,inf,inf,0.0,{'ROAD_LINE_BROKEN_SINGLE_WHITE'},True,True,raw_collision_risk:collision,False,False,,0,False,,False,0,0,static_obstacle,0.0,-1.0443286607536417,0.7428385048160021,inf,False,False,5.24837321545404,inf,0.684672398828654,True,False,1,0,,True,False,0.0,1.167012194889157,-0.343788832535952,1.7408762207031248,0.0,collision,True,low_progress_release,,False,False,0.0,inf,inf,inf,False,0.0,,,
6000,1029,1,329,329,-0.25042611360549927,0.7017513513565063,-0.25042611360549927,0.6499999761581421,0.0,-0.05175137519836426,True,True,deadlock_progress_release,deadlock_progress_release,0,0,0,0,low_progress_release_persist,0,0,0,False,False,False,False,False,False,False,False,True,0.960160282603648,2.0869942438711435,0.0,False,max_steps,vehicle,8.955825805664062,low_speed_overlap,True,,inf,inf,inf,inf,inf,inf,inf,inf,0.0,{'ROAD_LINE_BROKEN_SINGLE_WHITE'},True,True,raw_collision_risk:collision,False,False,,0,False,,False,0,0,static_obstacle,0.0,-1.2451437775159024,0.7468790159405038,inf,False,False,4.651769969323661,inf,0.472946246054087,True,False,1,0,,True,False,0.0,0.8436444489820669,-0.186061920434564,1.7079172363281248,0.0,collision,True,low_progress_release,,False,False,0.0,inf,inf,inf,False,0.0,,,
6000,1029,1,330,330,-0.03822046518325806,0.9265943765640259,-0.03822046518325806,0.6499999761581421,0.0,-0.2765944004058838,True,True,deadlock_progress_release,deadlock_progress_release,0,0,0,0,low_progress_release_persist,0,0,0,False,False,False,False,False,False,False,False,True,0.9609514146626491,2.2769987450785196,0.0,False,max_steps,vehicle,8.767471313476562,low_speed_overlap,True,,inf,inf,inf,inf,inf,inf,inf,inf,0.0,{'ROAD_LINE_BROKEN_SINGLE_WHITE'},True,True,predicted_collision_within_1s;raw_collision_risk:collision,False,False,,0,False,,False,0,0,static_obstacle,0.0,-1.4704531867655595,0.747532889590863,inf,False,False,4.089196321050293,inf,0.07976589083553702,True,False,1,0,,True,False,0.0,1.603419628642056,0.0014015359261982385,1.6664133300781248,0.0,collision,True,low_progress_release,,False,False,0.0,inf,inf,inf,False,0.0,,,
6000,1029,1,331,331,-0.048487305641174316,0.9776651859283447,-0.048487305641174316,0.6499999761581421,0.0,-0.32766520977020264,True,True,deadlock_progress_release,deadlock_progress_release,0,0,0,0,low_progress_release_persist,0,0,0,False,False,False,False,False,False,False,False,True,0.9618205354788275,2.472394310196306,0.0,False,max_steps,vehicle,8.558799743652344,low_speed_overlap,True,,inf,inf,inf,inf,inf,inf,inf,inf,0.0,{'ROAD_LINE_BROKEN_SINGLE_WHITE'},True,True,predicted_collision_within_1s;raw_collision_risk:collision,False,False,,0,False,,False,0,0,static_obstacle,0.0,-1.7064756816336186,0.7438027961806154,inf,False,False,3.641194281886813,inf,0.11040553409719255,True,False,1,0,,True,False,0.0,1.2840591972267923,0.20746237692901043,1.6281442871093748,0.0,collision,True,low_progress_release,,False,False,0.0,inf,inf,inf,False,0.0,,,
6000,1029,1,332,332,-0.28034865856170654,0.9771380424499512,-0.28034865856170654,0.6499999761581421,0.0,-0.3271380662918091,True,True,deadlock_progress_release,deadlock_progress_release,0,0,0,0,low_progress_release_persist,0,0,0,False,False,False,False,False,False,False,False,True,0.962755157601071,2.6358214084848077,0.0,False,max_steps,vehicle,8.329421997070312,low_speed_overlap,True,,inf,inf,inf,inf,inf,inf,inf,inf,0.0,{'ROAD_LINE_BROKEN_SINGLE_WHITE'},True,True,predicted_collision_within_1s;raw_collision_risk:collision,False,False,,0,False,,False,0,0,static_obstacle,0.0,-1.9486138665194495,0.7395998290457367,inf,False,False,3.249832883289733,inf,0.6931324282991301,True,False,1,0,,True,False,0.0,0.9402595958230622,0.43349141990103196,1.5961771240234373,0.0,collision,True,low_progress_release,,False,False,0.0,inf,inf,inf,False,0.0,,,
6000,1029,1,333,333,-0.03513693809509277,0.9859756231307983,-0.07008716464042664,-0.8500000238418579,-0.03495022654533386,-1.8359756469726562,True,True,minimum_risk_stop,pre_contact_minimum_risk,0,0,10,0,no_safe_candidate_before_cost,0,0,0,False,False,False,False,False,False,False,False,True,0.9635851973202502,1.1408321141504194,0.0,False,max_steps,vehicle,8.082878112792969,low_speed_overlap,True,,inf,inf,inf,inf,inf,inf,inf,inf,0.0,{'ROAD_LINE_BROKEN_SINGLE_WHITE'},True,True,predicted_collision_within_1s;raw_collision_risk:collision,False,False,,0,False,raw_predicted_collision,True,8,0,static_obstacle,0.12977278135895326,-2.2135867897246286,0.7334731688611712,inf,False,False,2.946106055393801,inf,0.09261469365965093,True,False,1,0,,True,False,0.0,1.6684515576884347,0.679847579037842,1.5559549560546873,0.0,collision,True,no_safe_candidate_before_cost,no_hard_safe_candidate,False,False,0.0,inf,inf,inf,False,0.0,,,
6000,1029,1,334,334,0.33956408500671387,0.981597900390625,-0.01752179116010666,-0.8500000238418579,-0.3570858836174011,-1.831597924232483,True,True,minimum_risk_stop,pre_contact_minimum_risk,0,0,10,0,no_safe_candidate_before_cost,0,0,0,False,False,False,False,False,False,False,False,True,0.9639139179083228,0.030146473385126122,0.0,False,max_steps,vehicle,7.8638153076171875,low_speed_overlap,True,,inf,inf,inf,inf,inf,inf,inf,inf,0.0,{'ROAD_LINE_BROKEN_SINGLE_WHITE'},True,True,predicted_collision_within_1s;raw_collision_risk:collision,False,False,,0,False,raw_predicted_collision,True,8,0,static_obstacle,0.3137818120646238,-2.4611321561688055,0.7209956948248731,inf,False,False,6.577097485675027,inf,0.0,True,False,1,0,,True,False,0.0,1.4703554144742603,0.590447019316356,1.5097513427734373,3.0,collision,True,no_safe_candidate_before_cost,no_hard_safe_candidate,False,False,0.0,inf,inf,inf,False,0.0,,,
6000,1029,1,335,335,0.3178408145904541,0.9892120361328125,0.2066013365983963,0.0,-0.1112394779920578,-0.9892120361328125,True,True,predictive_recovery,keep_stop,1.2705230712890625,0.030146473385126122,10,1,,0,0,0,False,False,False,False,False,False,False,False,True,0.963917010864964,0.047264838698108595,0.0,False,max_steps,vehicle,7.777191162109375,low_speed_overlap,True,,inf,inf,inf,2.9339416105801113,0.39129331674305784,1.4945230712890623,0.9821382218964456,-0.5195230712890626,0.10390461425781254,{'ROAD_LINE_BROKEN_SINGLE_WHITE'},True,True,raw_collision_risk:collision,False,False,,0,False,raw_predicted_collision,True,7,0,static_obstacle,0.3859156064971942,-2.563784455388099,0.7044972353678459,inf,False,False,282.3807864123036,inf,0.0,True,False,1,0,,True,False,0.011500466715422574,0.7616651109485915,0.4589046857713572,1.4945230712890623,3.0,collision,True,raw_collision_risk:collision,,False,False,0.0,2.9339416105801113,0.39129331674305784,1.4945230712890623,False,-243.16377668477168,,,
6000,1029,1,336,336,0.3577946424484253,0.9947600364685059,0.21043887734413147,0.0,-0.14735576510429382,-0.9947600364685059,True,True,predictive_recovery,keep_stop,1.272796630859375,0.047264838698108595,10,1,,0,0,0,False,False,False,False,False,False,False,False,True,0.9638989445294429,0.07934382756623544,0.0,False,max_steps,vehicle,7.776390075683594,low_speed_overlap,True,,inf,inf,inf,2.8777549821315147,0.39334514648713953,1.4967966308593748,0.9104822625066009,-0.5217966308593751,0.104359326171875,{'ROAD_LINE_BROKEN_SINGLE_WHITE'},True,True,raw_collision_risk:collision,False,False,,0,False,raw_predicted_collision,True,6,0,static_obstacle,0.3849041617325783,-2.5692880348929505,0.695253273237639,inf,False,False,163.2058648067143,inf,0.0,True,False,1,0,,True,False,0.0,1.536119532859599,0.4610606810356825,1.4967966308593748,3.0,collision,True,raw_collision_risk:collision,,False,False,0.0,2.8777549821315147,0.39334514648713953,1.4967966308593748,False,-243.084406903474,,,
6000,1029,1,337,337,0.366931676864624,0.9945399761199951,0.21087059378623962,0.0,-0.1560610830783844,-0.9945399761199951,True,True,predictive_recovery,keep_stop,1.2751312255859375,0.07934382756623544,10,1,,0,0,0,False,False,False,False,False,False,False,False,True,0.9638733336922083,0.04205164439347648,0.0,False,max_steps,vehicle,7.7812957763671875,low_speed_overlap,True,,inf,inf,inf,2.794914994983315,0.39404163542421083,1.4991312255859373,0.7988440041730969,-0.5241312255859376,0.10482624511718752,{'ROAD_LINE_BROKEN_SINGLE_WHITE'},True,True,raw_collision_risk:collision,False,False,,0,False,raw_predicted_collision,True,5,0,static_obstacle,0.379866753761058,-2.564792677845768,0.6928688993392985,inf,False,False,97.86201542559056,inf,0.0,True,False,1,0,,True,False,0.0,1.5115358668710122,0.4618363167246186,1.4991312255859373,3.0,collision,True,raw_collision_risk:collision,,False,False,0.0,2.794914994983315,0.39404163542421083,1.4991312255859373,False,-242.63888680946252,,,
6000,1029,1,338,338,0.255794882774353,0.9941946268081665,0.2108716070652008,0.0,-0.04492327570915222,-0.9941946268081665,True,True,predictive_recovery,keep_stop,1.2764739990234375,0.04205164439347648,10,1,,0,0,0,False,False,False,False,False,False,False,False,True,0.963860181399949,0.005795778760750664,0.0,False,max_steps,vehicle,7.7880706787109375,low_speed_overlap,True,,inf,inf,inf,2.9029624276861177,0.38160374663980895,1.5004739990234373,0.9420118059066431,-0.5254739990234376,0.10509479980468754,{'ROAD_LINE_BROKEN_SINGLE_WHITE'},True,True,raw_collision_risk:collision,False,False,,0,False,raw_predicted_collision,True,4,0,static_obstacle,0.3741074704298299,-2.5579104934134835,0.6925303954244925,inf,False,False,184.7947997071723,inf,0.0,True,False,1,0,,True,False,0.013948989547440305,0.753503368175199,0.44919350884170245,1.5004739990234373,3.0,collision,True,raw_collision_risk:collision,,False,False,0.0,2.9029624276861177,0.38160374663980895,1.5004739990234373,False,-243.4603767007132,,,
6000,1029,1,339,339,0.2553102970123291,0.9942708015441895,0.21096627414226532,0.0,-0.04434402287006378,-0.9942708015441895,True,True,predictive_recovery,keep_stop,1.2767486572265625,0.005795778760750664,10,1,,0,0,0,False,False,False,False,False,False,False,False,True,0.9638607595226857,0.016261543907333902,0.0,False,max_steps,vehicle,7.791679382324219,low_speed_overlap,True,,inf,inf,inf,3.016352269106745,0.37247446157387126,1.5007486572265623,1.0892320165844218,-0.5257486572265626,0.10514973144531249,{'ROAD_LINE_BROKEN_SINGLE_WHITE'},True,True,raw_collision_risk:collision,False,False,,0,False,raw_predicted_collision,True,3,0,static_obstacle,0.37144302406093316,-2.554559892749146,0.6925990636305269,inf,False,False,4170.114659599718,inf,0.0,True,False,1,0,,True,False,0.0,0.8008615622899162,0.43989161509973823,1.5007486572265623,3.0,collision,True,raw_collision_risk:collision,,False,False,0.0,3.016352269106745,0.37247446157387126,1.5007486572265623,False,-334.399856041806,,,
6000,1029,1,340,340,0.2554398775100708,0.9942500591278076,0.21103684604167938,0.0,-0.04440303146839142,-0.9942500591278076,True,True,predictive_recovery,keep_stop,1.2765655517578125,0.016261543907333902,10,1,,0,0,0,False,False,False,False,False,False,False,False,True,0.9638650087248002,0.004625017849233374,0.0,False,max_steps,vehicle,7.791542053222656,low_speed_overlap,True,,inf,inf,inf,2.980612075729782,0.3745750178152722,1.5005655517578123,1.0436108875145278,-0.5255655517578126,0.10511311035156255,{'ROAD_LINE_BROKEN_SINGLE_WHITE'},True,True,raw_collision_risk:collision,False,False,,0,False,raw_predicted_collision,True,2,0,static_obstacle,0.3716802481601313,-2.5548297672031635,0.692631924081608,inf,False,False,522.2160015677932,inf,0.0,True,False,1,0,,True,False,0.00405034894077676,0.7864988368640775,0.44202863534200015,1.5005655517578123,3.0,collision,True,raw_collision_risk:collision,,False,False,0.0,2.980612075729782,0.3745750178152722,1.5005655517578123,False,-334.1503045135133,,,
6000,1029,1,341,341,0.2557687759399414,0.9942692518234253,0.21104523539543152,0.0,-0.04472354054450989,-0.9942692518234253,True,True,predictive_recovery,keep_stop,1.2763671875,0.004625017849233374,10,1,,0,0,0,False,False,False,False,False,False,False,False,True,0.963867668089389,0.00483036719425336,0.0,False,max_steps,vehicle,7.790557861328125,low_speed_overlap,True,,inf,inf,inf,3.0187558957995004,0.3734410998759416,1.5003671874999998,1.0925601604342572,-0.5253671875000001,0.10507343749999999,{'ROAD_LINE_BROKEN_SINGLE_WHITE'},True,True,raw_collision_risk:collision,False,False,,0,False,raw_predicted_collision,True,1,0,static_obstacle,0.37261788168594306,-2.555979206072841,0.6926485257402991,inf,False,False,inf,inf,0.0,True,False,1,0,,True,False,0.0,0.801322316002758,0.44086655155772475,1.5003671874999998,3.0,collision,True,raw_collision_risk:collision,,False,False,0.0,3.0187558957995004,0.3734410998759416,1.5003671874999998,False,-334.37696134358123,,,
6000,1029,1,342,342,0.2558741569519043,0.9942684173583984,0.21104684472084045,0.0,-0.04482731223106384,-0.9942684173583984,True,True,predictive_recovery,keep_stop,1.2762603759765625,0.00483036719425336,10,1,,0,0,0,False,False,False,False,False,False,False,False,True,0.9638672634034733,0.006603597953769201,0.0,False,max_steps,vehicle,7.7898712158203125,low_speed_overlap,True,,inf,inf,inf,3.0120583623587254,0.3740524796780897,1.5002603759765623,1.0853986137354776,-0.5252603759765626,0.10505207519531255,{'ROAD_LINE_BROKEN_SINGLE_WHITE'},True,True,raw_collision_risk:collision,False,False,,0,False,raw_predicted_collision,False,0,0,static_obstacle,0.3731925944376259,-2.556691269935228,0.6926482858191211,inf,False,False,2730.6312156402255,inf,0.0,True,False,1,0,,True,False,0.0005119949511815269,0.7982933501627283,0.44148701735016765,1.5002603759765623,3.0,collision,True,raw_collision_risk:collision,,False,False,0.0,3.0120583623587254,0.3740524796780897,1.5002603759765623,False,-334.34541526143715,,,
6000,1029,1,343,343,0.2558399438858032,0.9942653179168701,0.2110547572374344,0.0,-0.044785186648368835,-0.9942653179168701,True,True,predictive_recovery,keep_stop,1.2762603759765625,0.006603597953769201,10,1,,0,0,0,False,False,False,False,False,False,False,False,True,0.9638664540316418,0.0006634563923844974,0.0,False,max_steps,vehicle,7.7901153564453125,low_speed_overlap,True,,inf,inf,inf,3.0126522357506746,0.37429212763368874,1.5002603759765623,1.0845974430674965,-0.5252603759765626,0.10505207519531255,{'ROAD_LINE_BROKEN_SINGLE_WHITE'},True,True,raw_collision_risk:collision,False,False,,0,False,raw_predicted_collision,False,0,0,static_obstacle,0.37311654849509307,-2.556595941990668,0.692649838517417,inf,False,False,2862.5996584783957,inf,0.0,True,False,1,0,,True,False,0.00040097318091640853,0.7986634227302787,0.44173142093042256,1.5002603759765623,3.0,collision,True,raw_collision_risk:collision,,False,False,0.0,3.0126522357506746,0.37429212763368874,1.5002603759765623,False,-334.31482889778613,,,
6000,1029,1,344,344,0.255847692489624,0.9942765235900879,0.21105647087097168,0.0,-0.044791221618652344,-0.9942765235900879,True,True,predictive_recovery,keep_stop,1.2762908935546875,0.0006634563923844974,10,1,,0,0,0,False,False,False,False,False,False,False,False,True,0.9638651532554844,0.005549083424248848,0.0,False,max_steps,vehicle,7.79034423828125,low_speed_overlap,True,,inf,inf,inf,3.0206521405397413,0.37306111607683706,1.5002908935546873,1.0976796233647055,-0.5252908935546876,0.10505817871093749,{'ROAD_LINE_BROKEN_SINGLE_WHITE'},True,True,raw_collision_risk:collision,False,False,,0,False,raw_predicted_collision,False,0,0,static_obstacle,0.3729430307922887,-2.556382392759056,0.6926479502964334,inf,False,False,inf,inf,0.0,True,False,1,0,,True,False,0.0,0.8035418148653557,0.4404768383134458,1.5002908935546873,3.0,collision,True,raw_collision_risk:collision,,False,False,0.0,3.0206521405397413,0.37306111607683706,1.5002908935546873,False,-334.4435228014273,,,
6000,1029,1,345,345,0.2557971477508545,0.9942677021026611,0.2110639065504074,0.0,-0.04473324120044708,-0.9942677021026611,True,True,predictive_recovery,keep_stop,1.276336669921875,0.005549083424248848,10,1,,0,0,0,False,False,False,False,False,False,False,False,True,0.9638648352879792,0.002706364763491178,0.0,False,max_steps,vehicle,7.790824890136719,low_speed_overlap,True,,inf,inf,inf,3.0163553853523246,0.3736541916599931,1.5003366699218748,1.0893151999026727,-0.5253366699218751,0.10506733398437505,{'ROAD_LINE_BROKEN_SINGLE_WHITE'},True,True,raw_collision_risk:collision,False,False,,0,False,raw_predicted_collision,False,0,0,static_obstacle,0.3726664702841089,-2.5560457737794913,0.6926398001245521,inf,False,False,4844.714551551907,inf,0.0,True,False,1,0,,True,False,0.0,0.8005117008879461,0.4410830026485663,1.5003366699218748,3.0,collision,True,raw_collision_risk:collision,,False,False,0.0,3.0163553853523246,0.3736541916599931,1.5003366699218748,False,-334.35810525662663,,,
6000,1029,1,346,346,0.2557985782623291,0.9942727088928223,0.21106162667274475,0.0,-0.04473695158958435,-0.9942727088928223,True,True,predictive_recovery,keep_stop,1.2763519287109375,0.002706364763491178,10,1,,0,0,0,False,False,False,False,False,False,False,False,True,0.9638641993529689,0.004470292029107627,0.0,False,max_steps,vehicle,7.790924072265625,low_speed_overlap,True,,inf,inf,inf,3.0191725790632886,0.3730776917142233,1.5003519287109373,1.0945240134207679,-0.5253519287109376,0.10507038574218752,{'ROAD_LINE_BROKEN_SINGLE_WHITE'},True,True,raw_collision_risk:collision,False,False,,0,False,raw_predicted_collision,False,0,0,static_obstacle,0.37259601098058254,-2.5559575337166414,0.6926411122824031,inf,False,False,inf,inf,0.0,True,False,1,0,,True,False,0.0,0.8016913358535511,0.4404954883813749,1.5003519287109373,3.0,collision,True,raw_collision_risk:collision,,False,False,0.0,3.0191725790632886,0.3730776917142233,1.5003519287109373,False,-334.4176833380782,,,
6000,1029,1,347,347,0.25578975677490234,0.994269847869873,0.21106970310211182,0.0,-0.04472005367279053,-0.994269847869873,True,True,predictive_recovery,keep_stop,1.2763519287109375,0.004470292029107627,10,1,,0,0,0,False,False,False,False,False,False,False,False,True,0.9638641126345584,0.0027880644119417305,0.0,False,max_steps,vehicle,7.791229248046875,low_speed_overlap,True,,inf,inf,inf,3.0198520262426984,0.3732721630591788,1.5003519287109373,1.0938195052695017,-0.5253519287109376,0.10507038574218752,{'ROAD_LINE_BROKEN_SINGLE_WHITE'},True,True,raw_collision_risk:collision,False,False,,0,False,raw_predicted_collision,False,0,0,static_obstacle,0.3724765281316739,-2.5558020498999685,0.6926513336234198,inf,False,False,inf,inf,0.0,True,False,1,0,,True,False,0.0,0.8021287210524726,0.44069382320732914,1.5003519287109373,3.0,collision,True,raw_collision_risk:collision,,False,False,0.0,3.0198520262426984,0.3732721630591788,1.5003519287109373,False,-334.38819132147427,,,
6000,1029,1,348,348,0.2557879686355591,0.9942730665206909,0.21107332408428192,0.0,-0.04471464455127716,-0.9942730665206909,True,True,predictive_recovery,keep_stop,1.2763519287109375,0.0027880644119417305,10,1,,0,0,0,False,False,False,False,False,False,False,False,True,0.963863476699548,0.004469334240536467,0.0,False,max_steps,vehicle,7.791267395019531,low_speed_overlap,True,,inf,inf,inf,3.0192670295261954,0.3729564374527882,1.5003519287109373,1.0945568401028059,-0.5253519287109376,0.10507038574218752,{'ROAD_LINE_BROKEN_SINGLE_WHITE'},True,True,raw_collision_risk:collision,False,False,,0,False,raw_predicted_collision,False,0,0,static_obstacle,0.37246023535598444,-2.5557841374503303,0.6926482279714029,inf,False,False,inf,inf,0.0,True,False,1,0,,True,False,0.0,0.8019146406338731,0.44037182473525255,1.5003519287109373,3.0,collision,True,raw_collision_risk:collision,,False,False,0.0,3.0192670295261954,0.3729564374527882,1.5003519287109373,False,-334.4224914600181,,,
6000,1029,1,349,349,0.2557746171951294,0.9942703247070312,0.21108536422252655,0.0,-0.044689252972602844,-0.9942703247070312,True,True,predictive_recovery,keep_stop,1.2763519287109375,0.004469334240536467,10,1,,0,0,0,False,False,False,False,False,False,False,False,True,0.9638633899811375,0.002786458795554871,0.0,False,max_steps,vehicle,7.791572570800781,low_speed_overlap,True,,inf,inf,inf,3.020184925637872,0.3731361887386077,1.5003519287109373,1.0941664676199596,-0.5253519287109376,0.10507038574218752,{'ROAD_LINE_BROKEN_SINGLE_WHITE'},True,True,raw_collision_risk:collision,False,False,,0,False,raw_predicted_collision,False,0,0,static_obstacle,0.37234075749497747,-2.555633817024132,0.6926513903628665,inf,False,False,inf,inf,0.0,True,False,1,0,,True,False,0.0,0.8024476870323705,0.44055514764079157,1.5003519287109373,3.0,collision,True,raw_collision_risk:collision,,False,False,0.0,3.020184925637872,0.3731361887386077,1.5003519287109373,False,-334.39464233737624,,,
6000,1029,1,350,350,0.2557964324951172,0.9942730665206909,0.21108917891979218,0.0,-0.04470725357532501,-0.9942730665206909,True,True,predictive_recovery,keep_stop,1.2763519287109375,0.002786458795554871,10,1,,0,0,0,False,False,False,False,False,False,False,False,True,0.9638627540461272,0.004469987700289278,0.0,False,max_steps,vehicle,7.7916107177734375,low_speed_overlap,True,,inf,inf,inf,3.0196017957926418,0.3728203610191196,1.5003519287109373,1.0949062649448704,-0.5253519287109376,0.10507038574218752,{'ROAD_LINE_BROKEN_SINGLE_WHITE'},True,True,raw_collision_risk:collision,False,False,,0,False,raw_predicted_collision,False,0,0,static_obstacle,0.37232446539949987,-2.555616153436937,0.6926479450832047,inf,False,False,inf,inf,0.0,True,False,1,0,,True,False,0.0,0.8022343543991655,0.44023304395634727,1.5003519287109373,3.0,collision,True,raw_collision_risk:collision,,False,False,0.0,3.0196017957926418,0.3728203610191196,1.5003519287109373,False,-334.4289516859468,,,
6000,1029,1,351,351,0.2557559013366699,0.9942705631256104,0.21109962463378906,0.0,-0.04465627670288086,-0.9942705631256104,True,True,predictive_recovery,keep_stop,1.2763519287109375,0.004469987700289278,10,1,,0,0,0,False,False,False,False,False,False,False,False,True,0.9638626673277166,0.0027867510371733573,0.0,False,max_steps,vehicle,7.7919158935546875,low_speed_overlap,True,,inf,inf,inf,3.020513178034228,0.3730005068822974,1.5003519287109373,1.094507307226813,-0.5253519287109376,0.10507038574218752,{'ROAD_LINE_BROKEN_SINGLE_WHITE'},True,True,raw_collision_risk:collision,False,False,,0,False,raw_predicted_collision,False,0,0,static_obstacle,0.3722049925270367,-2.5554637493622816,0.6926539605754202,inf,False,False,inf,inf,0.0,True,False,1,0,,True,False,0.0,0.8027647911966866,0.44041676988942696,1.5003519287109373,3.0,collision,True,raw_collision_risk:collision,,False,False,0.0,3.020513178034228,0.3730005068822974,1.5003519287109373,False,-334.4010587576118,,,
6000,1029,1,352,352,0.255786657333374,0.9942731857299805,0.21110296249389648,0.0,-0.04468369483947754,-0.9942731857299805,True,True,predictive_recovery,keep_stop,1.2763519287109375,0.0027867510371733573,10,1,,0,0,0,False,False,False,False,False,False,False,False,True,0.9638620313927063,0.004469506441360544,0.0,False,max_steps,vehicle,7.791954040527344,low_speed_overlap,True,,inf,inf,inf,3.019931088296262,0.3726846280418192,1.5003519287109373,1.0952484770449078,-0.5253519287109376,0.10507038574218752,{'ROAD_LINE_BROKEN_SINGLE_WHITE'},True,True,raw_collision_risk:collision,False,False,,0,False,raw_predicted_collision,False,0,0,static_obstacle,0.3721887011118585,-2.5554454637505746,0.6926513666694952,inf,False,False,inf,inf,0.0,True,False,1,0,,True,False,0.0,0.8025518746826483,0.4400946129997216,1.5003519287109373,3.0,collision,True,raw_collision_risk:collision,,False,False,0.0,3.019931088296262,0.3726846280418192,1.5003519287109373,False,-334.43538023107806,,,
6000,1029,1,353,353,0.25576937198638916,0.9942705631256104,0.21111361682415009,0.0,-0.044655755162239075,-0.9942705631256104,True,True,predictive_recovery,keep_stop,1.2763519287109375,0.004469506441360544,10,1,,0,0,0,False,False,False,False,False,False,False,False,True,0.9638619446742959,0.002787022525168738,0.0,False,max_steps,vehicle,7.792259216308594,low_speed_overlap,True,,inf,inf,inf,3.02084470495021,0.37286462872171827,1.5003519287109373,1.0948524587646506,-0.5253519287109376,0.10507038574218752,{'ROAD_LINE_BROKEN_SINGLE_WHITE'},True,True,raw_collision_risk:collision,False,False,,0,False,raw_predicted_collision,False,0,0,static_obstacle,0.3720692332285804,-2.5552933398680975,0.6926570022132946,inf,False,False,inf,inf,0.0,True,False,1,0,,True,False,0.0,0.803083211429751,0.44027819147361863,1.5003519287109373,3.0,collision,True,raw_collision_risk:collision,,False,False,0.0,3.02084470495021,0.37286462872171827,1.5003519287109373,False,-334.4074955224372,,,
6000,1029,1,354,354,0.25579261779785156,0.9942734241485596,0.21111729741096497,0.0,-0.0446753203868866,-0.9942734241485596,True,True,predictive_recovery,keep_stop,1.2763519287109375,0.002787022525168738,10,1,,0,0,0,False,False,False,False,False,False,False,False,True,0.9638613087392855,0.004469438202352182,0.0,False,max_steps,vehicle,7.79229736328125,low_speed_overlap,True,,inf,inf,inf,3.020260441760182,0.3725488970336756,1.5003519287109373,1.0955907680183214,-0.5253519287109376,0.10507038574218752,{'ROAD_LINE_BROKEN_SINGLE_WHITE'},True,True,raw_collision_risk:collision,False,False,,0,False,raw_predicted_collision,False,0,0,static_obstacle,0.3720529424937899,-2.5552754897424244,0.6926538134785757,inf,False,False,inf,inf,0.0,True,False,1,0,,True,False,0.0,0.8028694218396186,0.4399561835920222,1.5003519287109373,3.0,collision,True,raw_collision_risk:collision,,False,False,0.0,3.020260441760182,0.3725488970336756,1.5003519287109373,False,-334.4418156005605,,,
6000,1029,1,355,355,0.2557631731033325,0.9942705631256104,0.2111280858516693,0.0,-0.04463508725166321,-0.9942705631256104,True,True,predictive_recovery,keep_stop,1.2763519287109375,0.004469438202352182,10,1,,0,0,0,False,False,False,False,False,False,False,False,True,0.963861222020875,0.002787037902540987,0.0,False,max_steps,vehicle,7.7926025390625,low_speed_overlap,True,,inf,inf,inf,3.0211750414875698,0.37272882974137883,1.5003519287109373,1.0951960408267967,-0.5253519287109376,0.10507038574218752,{'ROAD_LINE_BROKEN_SINGLE_WHITE'},True,True,raw_collision_risk:collision,False,False,,0,False,raw_predicted_collision,False,0,0,static_obstacle,0.371933479600339,-2.5551235527450173,0.6926591967714145,inf,False,False,inf,inf,0.0,True,False,1,0,,True,False,0.0,0.8034011565370571,0.44013969335176223,1.5003519287109373,3.0,collision,True,raw_collision_risk:collision,,False,False,0.0,3.0211750414875698,0.37272882974137883,1.5003519287109373,False,-334.41392727372454,,,
6000,1029,1,356,356,0.25577449798583984,0.9942734241485596,0.2111317217350006,0.0,-0.04464277625083923,-0.9942734241485596,True,True,predictive_recovery,keep_stop,1.2763519287109375,0.002787037902540987,10,1,,0,0,0,False,False,False,False,False,False,False,False,True,0.9638605860858647,0.004469388152310515,0.0,False,max_steps,vehicle,7.792640686035156,low_speed_overlap,True,,inf,inf,inf,3.020590535140991,0.3724131261123082,1.5003519287109373,1.0959340323310651,-0.5253519287109376,0.10507038574218752,{'ROAD_LINE_BROKEN_SINGLE_WHITE'},True,True,raw_collision_risk:collision,False,False,,0,False,raw_predicted_collision,False,0,0,static_obstacle,0.3719171895460229,-2.5551056404522803,0.6926560937588747,inf,False,False,inf,inf,0.0,True,False,1,0,,True,False,0.0,0.803187268252131,0.4398177130179152,1.5003519287109373,3.0,collision,True,raw_collision_risk:collision,,False,False,0.0,3.020590535140991,0.3724131261123082,1.5003519287109373,False,-334.44825340032247,,,
6000,1029,1,357,357,0.2557799816131592,0.9942710399627686,0.2111426293849945,0.0,-0.04463735222816467,-0.9942710399627686,True,True,predictive_recovery,keep_stop,1.2763519287109375,0.004469388152310515,10,1,,0,0,0,False,False,False,False,False,False,False,False,True,0.9638604993674541,0.0027871119573989922,0.0,False,max_steps,vehicle,7.792945861816406,low_speed_overlap,True,,inf,inf,inf,3.021505326650057,0.37259303966576035,1.5003519287109373,1.0955395537708577,-0.5253519287109376,0.10507038574218752,{'ROAD_LINE_BROKEN_SINGLE_WHITE'},True,True,raw_collision_risk:collision,False,False,,0,False,raw_predicted_collision,False,0,0,static_obstacle,0.37179773164304136,-2.5549538592373824,0.6926612673713682,inf,False,False,inf,inf,0.0,True,False,1,0,,True,False,0.0,0.8037190834552392,0.4400012038518721,1.5003519287109373,3.0,collision,True,raw_collision_risk:collision,,False,False,0.0,3.021505326650057,0.37259303966576035,1.5003519287109373,False,-334.4203738801164,,,
6000,1029,1,358,358,0.25578343868255615,0.9942736625671387,0.2111462652683258,0.0,-0.04463717341423035,-0.9942736625671387,True,True,predictive_recovery,keep_stop,1.2763519287109375,0.0027871119573989922,10,1,,0,0,0,False,False,False,False,False,False,False,False,True,0.9638598634324438,0.0044692965247365565,0.0,False,max_steps,vehicle,7.7929840087890625,low_speed_overlap,True,,inf,inf,inf,3.0209204603445357,0.37227737130075206,1.5003519287109373,1.0962770736421268,-0.5253519287109376,0.10507038574218752,{'ROAD_LINE_BROKEN_SINGLE_WHITE'},True,True,raw_collision_risk:collision,False,False,,0,False,raw_predicted_collision,False,0,0,static_obstacle,0.3717814422692875,-2.554935946984015,0.6926581650180236,inf,False,False,inf,inf,0.0,True,False,1,0,,True,False,0.0,0.8035050496159108,0.4396792584141524,1.5003519287109373,3.0,collision,True,raw_collision_risk:collision,,False,False,0.0,3.0209204603445357,0.37227737130075206,1.5003519287109373,False,-334.4546994529845,,,
6000,1029,1,359,359,0.25576233863830566,0.9942710399627686,0.25576233863830566,0.9942710399627686,0.0,0.0,True,False,inactive_raw_action,raw_action_safe,0,0,0,0,low_risk_verified_passthrough,0,0,0,False,False,False,False,False,False,False,False,True,0.9638856477064994,0.29196426071212583,0.0,False,max_steps,vehicle,7.0,low_speed_overlap,True,,inf,inf,inf,inf,inf,inf,inf,inf,0.0,{'ROAD_LINE_BROKEN_SINGLE_WHITE'},False,False,,False,False,,0,True,,False,0,0,static_obstacle,0.37166198935741707,-2.5547841971386647,0.6926632990860974,inf,False,True,inf,inf,0.0,False,False,1,-1,,True,False,0.0,0.8040370613535197,0.4398627121267295,1.5003519287109373,3.0,collision,False,low_risk_verified,,False,False,0.0,inf,inf,inf,False,0.0,,,
6000,1029,1,360,360,0.24843156337738037,0.9975584745407104,0.24843156337738037,0.9975584745407104,0.0,0.0,True,False,inactive_raw_action,raw_action_safe,0,0,0,0,low_risk_verified_passthrough,0,0,0,False,False,False,False,False,False,False,False,True,0.9640186159359344,0.5890946743053241,0.0,False,max_steps,vehicle,6.993194580078125,low_speed_overlap,True,,inf,inf,inf,inf,inf,inf,inf,inf,0.0,{'ROAD_LINE_BROKEN_SINGLE_WHITE'},False,False,,False,False,,0,True,,False,0,0,static_obstacle,0.37678707360517966,-2.560908144514165,0.6929689496945991,inf,False,True,25.450806757408333,inf,0.0,False,False,1,-1,,True,False,0.0,1.3146038387639587,0.49769623302860627,1.4999552001953123,3.0,collision,False,low_risk_verified,,False,False,0.0,inf,inf,inf,False,0.0,,,
6000,1029,1,361,361,0.23847627639770508,0.9973530769348145,0.23847627639770508,0.9973530769348145,0.0,0.0,True,False,inactive_raw_action,raw_action_safe,0,0,0,0,low_risk_verified_passthrough,0,0,0,False,False,False,False,False,False,False,False,True,0.964264086849926,0.8864254674031106,0.0,False,max_steps,vehicle,6.958099365234375,low_speed_overlap,True,,inf,inf,inf,inf,inf,inf,inf,inf,0.0,{'ROAD_LINE_BROKEN_SINGLE_WHITE'},False,False,,False,False,,0,True,,False,0,0,static_obstacle,0.4031463619253601,-2.591962702019193,0.6950578367733117,inf,False,True,12.560431346366878,inf,0.0,False,False,1,-1,,True,False,0.0,1.0067605255001402,0.5803208196800822,1.4981546630859373,3.0,collision,False,low_risk_verified,,False,False,0.0,inf,inf,inf,False,0.0,,,
6000,1029,1,362,362,0.08333516120910645,0.9948570728302002,0.08333516120910645,0.9948570728302002,0.0,0.0,True,False,inactive_raw_action,raw_action_safe,0,0,0,0,low_risk_verified_passthrough,0,0,0,False,False,False,False,False,False,False,False,True,0.964621597950285,1.1841931696362364,0.0,False,max_steps,vehicle,6.893310546875,low_speed_overlap,True,,inf,inf,inf,inf,inf,inf,inf,inf,0.0,{'ROAD_LINE_BROKEN_SINGLE_WHITE'},False,False,,False,False,,0,True,,False,0,0,static_obstacle,0.45198479183651025,-2.649048564486909,0.6991805816770696,inf,False,True,8.252143017626675,inf,0.0,False,False,1,-1,,True,False,0.0,1.4882240256563448,0.6879671149153717,1.4952097167968748,3.0,collision,False,low_risk_verified,,False,False,0.0,inf,inf,inf,False,0.0,,,
6000,1029,1,363,363,0.12444710731506348,0.9937567710876465,0.02083379030227661,-0.8500000238418579,-0.10361331701278687,-1.8437567949295044,True,True,minimum_risk_stop,pre_contact_minimum_risk,0,0,10,0,no_safe_candidate_before_cost,0,0,0,False,False,False,False,False,False,False,False,True,0.9649182038203354,0.16063716800365502,0.0,False,max_steps,vehicle,6.7989501953125,low_speed_overlap,True,,inf,inf,inf,inf,inf,inf,inf,inf,0.0,{'ROAD_LINE_BROKEN_SINGLE_WHITE'},True,True,predicted_collision_within_1s;raw_collision_risk:collision,False,False,,0,False,raw_predicted_collision,True,8,0,static_obstacle,0.5252975135483606,-2.734587974059567,0.7047040780589032,inf,False,False,6.116435720944828,inf,0.0,True,False,1,0,,True,False,0.0,1.193925129659835,0.8230126698441069,1.4891367187499998,3.0,collision,True,no_safe_candidate_before_cost,no_hard_safe_candidate,False,False,0.0,inf,inf,inf,False,0.0,,,
6000,1029,1,364,364,0.17371642589569092,0.9730021953582764,0.1909712851047516,0.0,0.01725485920906067,-0.9730021953582764,True,True,predictive_recovery,keep_stop,1.2582550048828125,0.16063716800365502,10,1,,0,0,0,False,False,False,False,False,False,False,False,True,0.964963644267438,0.12380201755582819,0.0,False,max_steps,vehicle,6.720664978027344,low_speed_overlap,True,,inf,inf,inf,2.3059066719984993,0.6183146159490047,1.4822550048828123,-0.5780218810746325,-0.5072550048828126,0.13745818634602586,{'ROAD_LINE_BROKEN_SINGLE_WHITE'},True,True,raw_collision_risk:collision,False,False,,0,False,raw_predicted_collision,True,7,0,static_obstacle,0.588143108614638,-2.807459071316089,0.7092844249299136,inf,False,False,45.10528358519123,inf,0.0,True,False,1,0,,True,False,0.0,1.1889975414601643,0.6895336059311037,1.4822550048828123,3.0,collision,True,raw_collision_risk:collision,,False,False,0.0,2.3059066719984993,0.6183146159490047,1.4822550048828123,False,-231.8307820963167,,,
6000,1029,1,365,365,0.160233736038208,0.9868795871734619,0.1903228610754013,0.0,0.0300891250371933,-0.9868795871734619,True,True,predictive_recovery,keep_stop,1.2573394775390625,0.12380201755582819,10,1,,0,0,0,False,False,False,False,False,False,False,False,True,0.9650075815954252,0.08719394826242956,0.0,False,max_steps,vehicle,6.708671569824219,low_speed_overlap,True,,inf,inf,inf,2.4056697967291707,0.6210155521771112,1.4813394775390623,-0.44347394904515447,-0.5063394775390626,0.12914605898284165,{'ROAD_LINE_BROKEN_SINGLE_WHITE'},True,True,raw_collision_risk:collision,False,False,,0,False,raw_predicted_collision,True,6,0,static_obstacle,0.5977373715384624,-2.8186143384280125,0.7098736830409714,inf,False,False,59.60433744442117,inf,0.0,True,False,1,0,,True,False,0.0,1.2144313064353298,0.6922542505583833,1.4813394775390623,3.0,collision,True,raw_collision_risk:collision,,False,False,0.0,2.4056697967291707,0.6210155521771112,1.4813394775390623,False,-232.54894244040938,,,
6000,1029,1,366,366,0.34339189529418945,0.9774670600891113,0.18945282697677612,0.0,-0.15393906831741333,-0.9774670600891113,True,True,predictive_recovery,keep_stop,1.256378173828125,0.08719394826242956,10,1,,0,0,0,False,False,False,False,False,False,False,False,True,0.96503784632069,0.051045069383163014,0.0,False,max_steps,vehicle,6.697074890136719,low_speed_overlap,True,,inf,inf,inf,2.494305071548293,0.6234905019404879,1.4803781738281248,-0.32101094102105865,-0.5053781738281251,0.12148016884414889,{'ROAD_LINE_BROKEN_SINGLE_WHITE'},True,True,raw_collision_risk:collision,False,False,,0,False,raw_predicted_collision,True,5,0,static_obstacle,0.6070791656192756,-2.8290905067283276,0.7110089265100371,inf,False,False,83.81183325376595,inf,0.0,True,False,1,0,,True,False,0.0,1.2363896783494805,0.6947443579859123,1.4803781738281248,3.0,collision,True,raw_collision_risk:collision,,False,False,0.0,2.494305071548293,0.6234905019404879,1.4803781738281248,False,-232.70368573044428,,,
6000,1029,1,367,367,0.34245479106903076,0.9776803255081177,0.18854203820228577,0.0,-0.153912752866745,-0.9776803255081177,True,True,predictive_recovery,keep_stop,1.2561187744140625,0.051045069383163014,10,1,,0,0,0,False,False,False,False,False,False,False,False,True,0.9650544673493694,0.014883217474909614,0.0,False,max_steps,vehicle,6.6890869140625,low_speed_overlap,True,,inf,inf,inf,2.5959660421312996,0.6228695460813991,1.4801187744140623,-0.18552209004721343,-0.5051187744140626,0.11311081283178835,{'ROAD_LINE_BROKEN_SINGLE_WHITE'},True,True,raw_collision_risk:collision,False,False,,0,False,raw_predicted_collision,True,4,0,static_obstacle,0.6132568708063897,-2.8358429941823537,0.7120161896992802,inf,False,False,151.50704767204047,inf,0.0,True,False,1,0,,True,False,0.0,1.2647180544212633,0.6941078844523159,1.4801187744140623,3.0,collision,True,raw_collision_risk:collision,,False,False,0.0,2.5959660421312996,0.6228695460813991,1.4801187744140623,False,-233.136460669188,,,
6000,1029,1,368,368,0.34189844131469727,0.9778306484222412,0.1879628449678421,0.0,-0.15393559634685516,-0.9778306484222412,True,True,predictive_recovery,keep_stop,1.256103515625,0.014883217474909614,10,1,,0,0,0,False,False,False,False,False,False,False,False,True,0.9650583407717052,0.0061780544122874625,0.0,False,max_steps,vehicle,6.684700012207031,low_speed_overlap,True,,inf,inf,inf,2.690146654244591,0.6193718007530948,1.4801035156249998,-0.057989935753901545,-0.5051035156250001,0.10506586216009237,{'ROAD_LINE_BROKEN_SINGLE_WHITE'},True,True,raw_collision_risk:collision,False,False,,0,False,raw_predicted_collision,True,3,0,static_obstacle,0.6165691009916128,-2.8394305236048525,0.7126038281421382,inf,False,False,558.2612955369264,inf,0.0,True,False,1,0,,True,False,0.0,1.2926935800544666,0.6905564398000068,1.4801035156249998,3.0,collision,True,raw_collision_risk:collision,,False,False,0.0,2.690146654244591,0.6193718007530948,1.4801035156249998,False,-323.6217805002964,,,
6000,1029,1,369,369,0.3417412042617798,0.9777958393096924,0.18778155744075775,0.0,-0.15395964682102203,-0.9777958393096924,True,True,predictive_recovery,keep_stop,1.2560882568359375,0.0061780544122874625,10,1,,0,0,0,False,False,False,False,False,False,False,False,True,0.9650588321760313,0.002235931842060616,0.0,False,max_steps,vehicle,6.683677673339844,low_speed_overlap,True,,inf,inf,inf,2.7197627164573848,0.618512432174702,1.4800882568359373,-0.02022272131787295,-0.5050882568359376,0.10274398700172471,{'ROAD_LINE_BROKEN_SINGLE_WHITE'},True,True,raw_collision_risk:collision,False,False,,0,False,raw_predicted_collision,True,2,0,static_obstacle,0.6173490419459993,-2.8402070431832076,0.7128446534453726,inf,False,False,3308.252836604024,inf,0.0,True,False,1,0,,True,False,0.0,1.3017956380250233,0.6896835755697814,1.4800882568359373,3.0,collision,True,raw_collision_risk:collision,,False,False,0.0,2.7197627164573848,0.618512432174702,1.4800882568359373,False,-323.7358309284625,,,
6000,1029,1,370,370,0.34186530113220215,0.9777820110321045,0.1877804845571518,0.0,-0.15408481657505035,-0.9777820110321045,True,True,predictive_recovery,keep_stop,1.2560577392578125,0.002235931842060616,10,1,,0,0,0,False,False,False,False,False,False,False,False,True,0.9650596126417258,0.004769055259490964,0.0,False,max_steps,vehicle,6.6835479736328125,low_speed_overlap,True,,inf,inf,inf,2.7255360418917767,0.617887821501147,1.4800577392578123,-0.011064395821505979,-0.5050577392578126,0.10210315466793243,{'ROAD_LINE_BROKEN_SINGLE_WHITE'},True,True,raw_collision_risk:collision,False,False,,0,False,raw_predicted_collision,True,1,0,static_obstacle,0.6174668010988398,-2.8403382044697114,0.7128600821265426,inf,False,False,inf,inf,0.0,True,False,1,0,,True,False,0.0,1.303613162392943,0.6890486911247493,1.4800577392578123,3.0,collision,True,raw_collision_risk:collision,,False,False,0.0,2.7255360418917767,0.617887821501147,1.4800577392578123,False,-323.79385701555935,,,
6000,1029,1,371,371,0.3417949676513672,0.9777657985687256,0.18777278065681458,0.0,-0.1540221869945526,-0.9777657985687256,True,True,predictive_recovery,keep_stop,1.256011962890625,0.004769055259490964,10,1,,0,0,0,False,False,False,False,False,False,False,False,True,0.9650597282662732,0.0025814707606707826,0.0,False,max_steps,vehicle,6.683341979980469,low_speed_overlap,True,,inf,inf,inf,2.7236577231029844,0.6185501336837149,1.4800119628906248,-0.01520306307238073,-0.5050119628906251,0.10242049977162215,{'ROAD_LINE_BROKEN_SINGLE_WHITE'},True,True,raw_collision_risk:collision,False,False,,0,False,raw_predicted_collision,False,0,0,static_obstacle,0.6176520613490839,-2.8405382593142647,0.7128938096305552,inf,False,False,inf,inf,0.0,True,False,1,0,,True,False,0.0,1.3029701149640287,0.6897200611597409,1.4800119628906248,3.0,collision,True,raw_collision_risk:collision,,False,False,0.0,2.7236577231029844,0.6185501336837149,1.4800119628906248,False,-323.75111519089614,,,
6000,1029,1,372,372,0.34187257289886475,0.9777786731719971,0.18777167797088623,0.0,-0.15410089492797852,-0.9777786731719971,True,True,predictive_recovery,keep_stop,1.2559967041015625,0.0025814707606707826,10,1,,0,0,0,False,False,False,False,False,False,False,False,True,0.9650603642012835,0.004677397246641723,0.0,False,max_steps,vehicle,6.683311462402344,low_speed_overlap,True,,inf,inf,inf,2.7244803419678845,0.6181711856595873,1.4799967041015623,-0.012613954942710226,-0.5049967041015626,0.10219839194749315,{'ROAD_LINE_BROKEN_SINGLE_WHITE'},True,True,raw_collision_risk:collision,False,False,,0,False,raw_predicted_collision,False,0,0,static_obstacle,0.6176850839644514,-2.84056904762602,0.7129071469413019,inf,False,False,inf,inf,0.0,True,False,1,0,,True,False,0.0,1.3032325511222842,0.6893349571712653,1.4799967041015623,3.0,collision,True,raw_collision_risk:collision,,False,False,0.0,2.7244803419678845,0.6181711856595873,1.4799967041015623,False,-323.7849531741728,,,
6000,1029,1,373,373,0.34186553955078125,0.9777646064758301,0.18776176869869232,0.0,-0.15410377085208893,-0.9777646064758301,True,True,predictive_recovery,keep_stop,1.2559967041015625,0.004677397246641723,10,1,,0,0,0,False,False,False,False,False,False,False,False,True,0.965060450919694,0.0025826924674382137,0.0,False,max_steps,vehicle,6.683143615722656,low_speed_overlap,True,,inf,inf,inf,2.7238816306430507,0.6186923409111353,1.4799967041015623,-0.015053126881345857,-0.5049967041015626,0.10241505737147387,{'ROAD_LINE_BROKEN_SINGLE_WHITE'},True,True,raw_collision_risk:collision,False,False,,0,False,raw_predicted_collision,False,0,0,static_obstacle,0.6178115037969858,-2.84072239079336,0.7129048531781818,inf,False,False,inf,inf,0.0,True,False,1,0,,True,False,0.0,1.3030184322843175,0.6898640848419182,1.4799967041015623,3.0,collision,True,raw_collision_risk:collision,,False,False,0.0,2.7238816306430507,0.6186923409111353,1.4799967041015623,False,-323.7496117677136,,,
6000,1029,1,374,374,0.34185898303985596,0.977778434753418,0.18775674700737,0.0,-0.15410223603248596,-0.977778434753418,True,True,predictive_recovery,keep_stop,1.2559967041015625,0.0025826924674382137,10,1,,0,0,0,False,False,False,False,False,False,False,False,True,0.9650610868547044,0.0046776292147202485,0.0,False,max_steps,vehicle,6.6831207275390625,low_speed_overlap,True,,inf,inf,inf,2.7244402949541775,0.6183150905198105,1.4799967041015623,-0.012809332291687348,-0.5049967041015626,0.10221776169771128,{'ROAD_LINE_BROKEN_SINGLE_WHITE'},True,True,raw_collision_risk:collision,False,False,,0,False,raw_predicted_collision,False,0,0,static_obstacle,0.6178287431419272,-2.8407384486956415,0.7129118383329113,inf,False,False,inf,inf,0.0,True,False,1,0,,True,False,0.0,1.3031956943657592,0.6894810638859019,1.4799967041015623,3.0,collision,True,raw_collision_risk:collision,,False,False,0.0,2.7244402949541775,0.6183150905198105,1.4799967041015623,False,-323.7822671828686,,,
6000,1029,1,375,375,0.34184837341308594,0.9777642488479614,0.18774540722370148,0.0,-0.15410296618938446,-0.9777642488479614,True,True,predictive_recovery,keep_stop,1.2559967041015625,0.0046776292147202485,10,1,,0,0,0,False,False,False,False,False,False,False,False,True,0.9650611735731148,0.0025821622762800694,0.0,False,max_steps,vehicle,6.682952880859375,low_speed_overlap,True,,inf,inf,inf,2.7238444277577325,0.6188360761151916,1.4799967041015623,-0.015244743223330914,-0.5049967041015626,0.10243418711006133,{'ROAD_LINE_BROKEN_SINGLE_WHITE'},True,True,raw_collision_risk:collision,False,False,,0,False,raw_predicted_collision,False,0,0,static_obstacle,0.6179551670350387,-2.840889905631479,0.7129123846328712,inf,False,False,inf,inf,0.0,True,False,1,0,,True,False,0.0,1.3029825022855785,0.6900100180439666,1.4799967041015623,3.0,collision,True,raw_collision_risk:collision,,False,False,0.0,2.7238444277577325,0.6188360761151916,1.4799967041015623,False,-323.7469405454654,,,
6000,1029,1,376,376,0.3418405055999756,0.9777776002883911,0.18774062395095825,0.0,-0.15409988164901733,-0.9777776002883911,True,True,predictive_recovery,keep_stop,1.2559967041015625,0.0025821622762800694,10,1,,0,0,0,False,False,False,False,False,False,False,False,True,0.9650618095081251,0.0046775606497848005,0.0,False,max_steps,vehicle,6.682929992675781,low_speed_overlap,True,,inf,inf,inf,2.7244052817825746,0.6184586700782913,1.4799967041015623,-0.012998052428587759,-0.5049967041015626,0.10223670661268464,{'ROAD_LINE_BROKEN_SINGLE_WHITE'},True,True,raw_collision_risk:collision,False,False,,0,False,raw_predicted_collision,False,0,0,static_obstacle,0.6179724069336598,-2.840906293667786,0.7129188741301978,inf,False,False,inf,inf,0.0,True,False,1,0,,True,False,0.0,1.3031604777551271,0.6896268399739662,1.4799967041015623,3.0,collision,True,raw_collision_risk:collision,,False,False,0.0,2.7244052817825746,0.6184586700782913,1.4799967041015623,False,-323.77959354529963,,,
6000,1029,1,377,377,0.34183669090270996,0.9777631759643555,0.18772956728935242,0.0,-0.15410712361335754,-0.9777631759643555,True,True,predictive_recovery,keep_stop,1.2559967041015625,0.0046775606497848005,10,1,,0,0,0,False,False,False,False,False,False,False,False,True,0.9650618962265357,0.0025824145077913085,0.0,False,max_steps,vehicle,6.682762145996094,low_speed_overlap,True,,inf,inf,inf,2.7238080884203444,0.6189797593273061,1.4799967041015623,-0.015435217539852886,-0.5049967041015626,0.10245324396939234,{'ROAD_LINE_BROKEN_SINGLE_WHITE'},True,True,raw_collision_risk:collision,False,False,,0,False,raw_predicted_collision,False,0,0,static_obstacle,0.6180988348868353,-2.8410581123616527,0.7129188798107072,inf,False,False,inf,inf,0.0,True,False,1,0,,True,False,0.0,1.3029468536711466,0.6901558981116687,1.4799967041015623,3.0,collision,True,raw_collision_risk:collision,,False,False,0.0,2.7238080884203444,0.6189797593273061,1.4799967041015623,False,-323.7442572845535,,,
6000,1029,1,378,378,0.3418290615081787,0.9777766466140747,0.18772482872009277,0.0,-0.15410423278808594,-0.9777766466140747,True,True,predictive_recovery,keep_stop,1.2559967041015625,0.0025824145077913085,10,1,,0,0,0,False,False,False,False,False,False,False,False,True,0.965062532161546,0.004677404492290837,0.0,False,max_steps,vehicle,6.6827392578125,low_speed_overlap,True,,inf,inf,inf,2.724368020448398,0.6186024015977194,1.4799967041015623,-0.0131897457716037,-0.5049967041015626,0.1022558412651538,{'ROAD_LINE_BROKEN_SINGLE_WHITE'},True,True,raw_collision_risk:collision,False,False,,0,False,raw_predicted_collision,False,0,0,static_obstacle,0.6181160753390669,-2.841074563290771,0.7129252755423791,inf,False,False,inf,inf,0.0,True,False,1,0,,True,False,0.0,1.3031245286731963,0.6897727700001874,1.4799967041015623,3.0,collision,True,raw_collision_risk:collision,,False,False,0.0,2.724368020448398,0.6186024015977194,1.4799967041015623,False,-323.77690626877643,,,
6000,1029,1,379,379,0.34174561500549316,0.9777631759643555,0.187713623046875,0.0,-0.15403199195861816,-0.9777631759643555,True,True,predictive_recovery,keep_stop,1.2559967041015625,0.004677404492290837,10,1,,0,0,0,False,False,False,False,False,False,False,False,True,0.9650626188799565,0.0025824770237114886,0.0,False,max_steps,vehicle,6.6825714111328125,low_speed_overlap,True,,inf,inf,inf,2.723772000780817,0.6191234306497286,1.4799967041015623,-0.01562535900466777,-0.5049967041015626,0.10247227958752878,{'ROAD_LINE_BROKEN_SINGLE_WHITE'},True,True,raw_collision_risk:collision,False,False,,0,False,raw_predicted_collision,False,0,0,static_obstacle,0.6182425073517928,-2.8412261935328376,0.7129255681065853,inf,False,False,inf,inf,0.0,True,False,1,0,,True,False,0.0,1.3029112870879267,0.6903017657607327,1.4799967041015623,3.0,collision,True,raw_collision_risk:collision,,False,False,0.0,2.723772000780817,0.6191234306497286,1.4799967041015623,False,-323.7416001842691,,,
6000,1029,1,380,380,0.34180498123168945,0.9777755737304688,0.18770886957645416,0.0,-0.1540961116552353,-0.9777755737304688,True,True,predictive_recovery,keep_stop,1.2559967041015625,0.0025824770237114886,10,1,,0,0,0,False,False,False,False,False,False,False,False,True,0.9650632548149669,0.0046773828039412685,0.0,False,max_steps,vehicle,6.682548522949219,low_speed_overlap,True,,inf,inf,inf,2.724331304249915,0.6187461020005391,1.4799967041015623,-0.013380718195369123,-0.5049967041015626,0.1022749299115919,{'ROAD_LINE_BROKEN_SINGLE_WHITE'},True,True,raw_collision_risk:collision,False,False,,0,False,raw_predicted_collision,False,0,0,static_obstacle,0.6182597483575647,-2.8412426130323243,0.7129320119378811,inf,False,False,inf,inf,0.0,True,False,1,0,,True,False,0.0,1.3030887572301015,0.6899186680863105,1.4799967041015623,3.0,collision,True,raw_collision_risk:collision,,False,False,0.0,2.724331304249915,0.6187461020005391,1.4799967041015623,False,-323.774219376526,,,
6000,1029,1,381,381,0.3418081998825073,0.9777607917785645,0.1876976639032364,0.0,-0.15411053597927094,-0.9777607917785645,True,True,predictive_recovery,keep_stop,1.2559967041015625,0.0046773828039412685,10,1,,0,0,0,False,False,False,False,False,False,False,False,True,0.9650633415333774,0.0025825084321198393,0.0,False,max_steps,vehicle,6.682380676269531,low_speed_overlap,True,,inf,inf,inf,2.7237355267817995,0.6192671319079543,1.4799967041015623,-0.01581601145221745,-0.5049967041015626,0.10249134781443196,{'ROAD_LINE_BROKEN_SINGLE_WHITE'},True,True,raw_collision_risk:collision,False,False,,0,False,raw_predicted_collision,False,0,0,static_obstacle,0.618386184429329,-2.841394243466093,0.7129323076711364,inf,False,False,inf,inf,0.0,True,False,1,0,,True,False,0.0,1.3028755946442647,0.6904476634560612,1.4799967041015623,3.0,collision,True,raw_collision_risk:collision,,False,False,0.0,2.7237355267817995,0.6192671319079543,1.4799967041015623,False,-323.7388878241612,,,
6000,1029,1,382,382,0.34180331230163574,0.9777741432189941,0.18769285082817078,0.0,-0.15411046147346497,-0.9777741432189941,True,True,predictive_recovery,keep_stop,1.2559967041015625,0.0025825084321198393,10,1,,0,0,0,False,False,False,False,False,False,False,False,True,0.9650639774683877,0.004677323574515837,0.0,False,max_steps,vehicle,6.6823577880859375,low_speed_overlap,True,,inf,inf,inf,2.7242946774497656,0.6188898011557311,1.4799967041015623,-0.013571572410612465,-0.5049967041015626,0.1022940110144596,{'ROAD_LINE_BROKEN_SINGLE_WHITE'},True,True,raw_collision_risk:collision,False,False,,0,False,raw_predicted_collision,False,0,0,static_obstacle,0.6184034259885707,-2.841410600094671,0.7129388469025145,inf,False,False,inf,inf,0.0,True,False,1,0,,True,False,0.0,1.3030530149378414,0.690064564558315,1.4799967041015623,3.0,collision,True,raw_collision_risk:collision,,False,False,0.0,2.7242946774497656,0.6188898011557311,1.4799967041015623,False,-323.7715256361854,,,
6000,1029,1,383,383,0.3417928218841553,0.977759599685669,0.187681645154953,0.0,-0.15411117672920227,-0.977759599685669,True,True,predictive_recovery,keep_stop,1.2559967041015625,0.004677323574515837,10,1,,0,0,0,False,False,False,False,False,False,False,False,True,0.9650640641867982,0.0025825585802054752,0.0,False,max_steps,vehicle,6.68218994140625,low_speed_overlap,True,,inf,inf,inf,2.7236991606660648,0.6194108307028563,1.4799967041015623,-0.01600652124369395,-0.5049967041015626,0.10251040693762505,{'ROAD_LINE_BROKEN_SINGLE_WHITE'},True,True,raw_collision_risk:collision,False,False,,0,False,raw_predicted_collision,False,0,0,static_obstacle,0.6185298661188605,-2.84156223072008,0.7129391458098714,inf,False,False,inf,inf,0.0,True,False,1,0,,True,False,0.0,1.302839937374202,0.6905935583032965,1.4799967041015623,3.0,collision,True,raw_collision_risk:collision,,False,False,0.0,2.7236991606660648,0.6194108307028563,1.4799967041015623,False,-323.7362038315865,,,
6000,1029,1,384,384,0.34178853034973145,0.9777733087539673,0.1876768171787262,0.0,-0.15411171317100525,-0.9777733087539673,True,True,predictive_recovery,keep_stop,1.2559967041015625,0.0025825585802054752,10,1,,0,0,0,False,False,False,False,False,False,False,False,True,0.9650647001218086,0.004677265936182624,0.0,False,max_steps,vehicle,6.682167053222656,low_speed_overlap,True,,inf,inf,inf,2.7242579968194653,0.6190335084508882,1.4799967041015623,-0.013762497836627308,-0.5049967041015626,0.10231309666169894,{'ROAD_LINE_BROKEN_SINGLE_WHITE'},True,True,raw_collision_risk:collision,False,False,,0,False,raw_predicted_collision,False,0,0,static_obstacle,0.6185471082315026,-2.8415785559181064,0.7129457331556733,inf,False,False,inf,inf,0.0,True,False,1,0,,True,False,0.0,1.3030172551298689,0.6902104689473962,1.4799967041015623,3.0,collision,True,raw_collision_risk:collision,,False,False,0.0,2.7242579968194653,0.6190335084508882,1.4799967041015623,False,-323.768846648388,,,
6000,1029,1,385,385,0.34178006649017334,0.9777590036392212,0.1876656711101532,0.0,-0.15411439538002014,-0.9777590036392212,True,True,predictive_recovery,keep_stop,1.2559967041015625,0.004677265936182624,10,1,,0,0,0,False,False,False,False,False,False,False,False,True,0.965064786840219,0.0025826401253144127,0.0,False,max_steps,vehicle,6.681999206542969,low_speed_overlap,True,,inf,inf,inf,2.7236627899938877,0.6195545344045963,1.4799967041015623,-0.016197037081293164,-0.5049967041015626,0.10252946644665652,{'ROAD_LINE_BROKEN_SINGLE_WHITE'},True,True,raw_collision_risk:collision,False,False,,0,False,raw_predicted_collision,False,0,0,static_obstacle,0.6186735524198055,-2.8417302653377137,0.712945916989889,inf,False,False,inf,inf,0.0,True,False,1,0,,True,False,0.0,1.3028042786426717,0.6907394577853043,1.4799967041015623,3.0,collision,True,raw_collision_risk:collision,,False,False,0.0,2.7236627899938877,0.6195545344045963,1.4799967041015623,False,-323.7335352874407,,,
6000,1029,1,386,386,0.34176576137542725,0.9777721166610718,0.18766090273857117,0.0,-0.15410485863685608,-0.9777721166610718,True,True,predictive_recovery,keep_stop,1.2559967041015625,0.0025826401253144127,10,1,,0,0,0,False,False,False,False,False,False,False,False,True,0.9650654227752294,0.0046772047029054065,0.0,False,max_steps,vehicle,6.681976318359375,low_speed_overlap,True,,inf,inf,inf,2.7242212259901417,0.6191772262698494,1.4799967041015623,-0.0139535425713051,-0.5049967041015626,0.10233218992271503,{'ROAD_LINE_BROKEN_SINGLE_WHITE'},True,True,raw_collision_risk:collision,False,False,,0,False,raw_predicted_collision,False,0,0,static_obstacle,0.6186907950857778,-2.841746653428571,0.7129524105547614,inf,False,False,inf,inf,0.0,True,False,1,0,,True,False,0.0,1.302981465956564,0.6903563836738507,1.4799967041015623,3.0,collision,True,raw_collision_risk:collision,,False,False,0.0,2.7242212259901417,0.6191772262698494,1.4799967041015623,False,-323.76615902267275,,,
6000,1029,1,387,387,0.3417649269104004,0.9777576923370361,0.18764957785606384,0.0,-0.15411534905433655,-0.9777576923370361,True,True,predictive_recovery,keep_stop,1.2559967041015625,0.0046772047029054065,10,1,,0,0,0,False,False,False,False,False,False,False,False,True,0.9650655094936399,0.002582709817074943,0.0,False,max_steps,vehicle,6.6818084716796875,low_speed_overlap,True,,inf,inf,inf,2.723626429666424,0.6196982420357002,1.4799967041015623,-0.01638753925813452,-0.5049967041015626,0.10254852508391564,{'ROAD_LINE_BROKEN_SINGLE_WHITE'},True,True,raw_collision_risk:collision,False,False,,0,False,raw_predicted_collision,False,0,0,static_obstacle,0.6188172433315808,-2.841898142951895,0.7129529286661959,inf,False,False,inf,inf,0.0,True,False,1,0,,True,False,0.0,1.3027686233047318,0.6908853609097234,1.4799967041015623,3.0,collision,True,raw_collision_risk:collision,,False,False,0.0,2.723626429666424,0.6196982420357002,1.4799967041015623,False,-323.73085003091654,,,
6000,1029,1,388,388,0.34175753593444824,0.9777711629867554,0.34175753593444824,0.9777711629867554,0.0,0.0,True,False,inactive_raw_action,raw_action_safe,0,0,0,0,low_risk_verified_passthrough,0,0,0,False,False,False,False,False,False,False,False,True,0.9650914961106534,0.2876000741860456,0.0,False,max_steps,vehicle,6.681785583496094,low_speed_overlap,True,,inf,inf,inf,inf,inf,inf,inf,inf,0.0,{'ROAD_LINE_BROKEN_SINGLE_WHITE'},False,False,,False,False,,0,True,,False,0,0,static_obstacle,0.6188344865508137,-2.841914672538652,0.7129592101828724,inf,False,True,inf,inf,0.0,False,False,1,-1,,True,False,0.0,1.3029456879084753,0.690502300466435,1.4799967041015623,3.0,collision,False,low_risk_verified,,False,False,0.0,inf,inf,inf,False,0.0,,,
6000,1029,1,389,389,0.32602012157440186,0.99137282371521,0.32602012157440186,0.99137282371521,0.0,0.0,True,False,inactive_raw_action,raw_action_safe,0,0,0,0,low_risk_verified_passthrough,0,0,0,False,False,False,False,False,False,False,False,True,0.9652227877841519,0.5814804021112931,0.0,False,max_steps,vehicle,6.6749267578125,low_speed_overlap,True,,inf,inf,inf,inf,inf,inf,inf,inf,0.0,{'ROAD_LINE_BROKEN_SINGLE_WHITE'},False,False,,False,False,,0,True,,False,0,0,static_obstacle,0.6240547860957217,-2.8478148026639922,0.7135109866469301,inf,False,True,25.090073480485362,inf,0.0,False,False,1,-1,,True,False,0.0,1.0324764237023283,0.7506616000810931,1.4799204101562498,3.0,collision,False,low_risk_verified,,False,False,0.0,inf,inf,inf,False,0.0,,,
6000,1029,1,390,390,0.3202420473098755,0.9908745288848877,0.3202420473098755,0.9908745288848877,0.0,0.0,True,False,inactive_raw_action,raw_action_safe,0,0,0,0,low_risk_verified_passthrough,0,0,0,False,False,False,False,False,False,False,False,True,0.9654653102721865,0.8752888712105362,0.0,False,max_steps,vehicle,7.0,low_speed_overlap,True,,inf,inf,inf,inf,inf,inf,inf,inf,0.0,{'ROAD_LINE_BROKEN_SINGLE_WHITE'},False,False,,False,False,,0,True,,False,0,0,static_obstacle,0.6503355063134337,-2.8769910828464567,0.7170267499378612,inf,False,True,12.23659086719123,inf,0.0,False,False,1,-1,,True,False,0.0,1.472609091305221,0.8350627952373169,1.4798135986328123,3.0,collision,False,low_risk_verified,,False,False,0.0,inf,inf,inf,False,0.0,,,
6000,1029,1,391,391,0.3291212320327759,0.9875409603118896,0.3291212320327759,0.9875409603118896,0.0,0.0,True,False,inactive_raw_action,raw_action_safe,0,0,0,0,low_risk_verified_passthrough,0,0,0,False,False,False,False,False,False,False,False,True,0.9658190057624835,1.1672629127180816,0.0,False,max_steps,vehicle,6.9359893798828125,low_speed_overlap,True,,inf,inf,inf,inf,inf,inf,inf,inf,0.0,{'ROAD_LINE_BROKEN_SINGLE_WHITE'},False,False,,False,False,,0,True,,False,0,0,static_obstacle,0.6989425979162076,-2.9305855716723137,0.7238571788282636,inf,False,True,8.082946464538413,inf,0.0,False,False,1,-1,,True,False,0.0,1.2075364676309093,0.9438667434179766,1.4801187744140623,3.0,collision,False,low_risk_verified,,False,False,0.0,inf,inf,inf,False,0.0,,,
6000,1029,1,392,392,0.241296648979187,0.9824187755584717,0.08228030800819397,-0.8500000238418579,-0.15901634097099304,-1.8324187994003296,True,True,minimum_risk_stop,pre_contact_minimum_risk,0,0,10,0,no_safe_candidate_before_cost,0,0,0,False,False,False,False,False,False,False,False,True,0.966112287426798,0.15813980823072799,0.0,False,max_steps,vehicle,6.8426361083984375,low_speed_overlap,True,,inf,inf,inf,inf,inf,inf,inf,inf,0.0,{'ROAD_LINE_BROKEN_SINGLE_WHITE'},True,True,predicted_collision_within_1s;raw_collision_risk:collision,False,False,,0,False,raw_predicted_collision,True,8,0,static_obstacle,0.7703886472457728,-3.008457844788773,0.7347931454612305,inf,False,False,5.985319382300323,inf,0.0,True,False,1,0,,True,False,0.0,0.9151370499554341,1.0776372590165748,1.4810648193359373,3.0,collision,True,no_safe_candidate_before_cost,no_hard_safe_candidate,False,False,0.0,inf,inf,inf,False,0.0,,,
6000,1029,1,393,393,0.11058568954467773,0.822638750076294,0.15329314768314362,0.0,0.04270745813846588,-0.822638750076294,True,True,predictive_recovery,keep_stop,1.25946044921875,0.15813980823072799,10,1,,0,0,0,False,False,False,False,False,False,False,False,True,0.9661576122493533,0.12072168840683757,0.0,False,max_steps,vehicle,6.765228271484375,low_speed_overlap,True,,inf,inf,inf,2.0205382919639265,0.8605404608082823,1.4834604492187498,-0.5182076235659934,-0.5084604492187501,0.13232217455306372,{'ROAD_LINE_BROKEN_SINGLE_WHITE'},True,True,raw_collision_risk:collision,False,False,,0,False,raw_predicted_collision,True,7,0,static_obstacle,0.8293903462169456,-3.0701333341168193,0.7476094295182337,inf,False,False,44.90742393151833,inf,0.0,True,False,1,0,,True,False,0.0,0.9014588569791657,0.9350427655583757,1.4834604492187498,3.0,collision,True,raw_collision_risk:collision,,False,False,0.0,2.0205382919639265,0.8605404608082823,1.4834604492187498,False,-226.08191148483039,,,
6000,1029,1,394,394,0.098114013671875,0.9090814590454102,0.15190911293029785,0.0,0.05379509925842285,-0.9090814590454102,True,True,predictive_recovery,keep_stop,1.2602386474609375,0.12072168840683757,10,1,,0,0,0,False,False,False,False,False,False,False,False,True,0.9662003933318671,0.08423387115472815,0.0,False,max_steps,vehicle,6.753265380859375,low_speed_overlap,True,,inf,inf,inf,2.1101392955764733,0.8621244896792783,1.4842386474609373,-0.3928067746336681,-0.5092386474609376,0.12482178266211637,{'ROAD_LINE_BROKEN_SINGLE_WHITE'},True,True,raw_collision_risk:collision,False,False,,0,False,raw_predicted_collision,True,6,0,static_obstacle,0.8383188919649893,-3.080086543847237,0.7485348613656942,inf,False,False,58.282708019886705,inf,0.0,True,False,1,0,,True,False,0.0,0.9230322535634272,0.9366607118711279,1.4842386474609373,3.0,collision,True,raw_collision_risk:collision,,False,False,0.0,2.1101392955764733,0.8621244896792783,1.4842386474609373,False,-228.60572942117406,,,
6000,1029,1,395,395,0.09739696979522705,0.9093409776687622,0.1510874330997467,0.0,0.05369046330451965,-0.9093409776687622,True,True,predictive_recovery,keep_stop,1.2591705322265625,0.08423387115472815,10,1,,0,0,0,False,False,False,False,False,False,False,False,True,0.9662294729055217,0.04794404858868754,0.0,False,max_steps,vehicle,6.741973876953125,low_speed_overlap,True,,inf,inf,inf,2.209369050931364,0.8644936008911694,1.4831705322265623,-0.25912671938365195,-0.5081705322265626,0.11651816708434194,{'ROAD_LINE_BROKEN_SINGLE_WHITE'},True,True,raw_collision_risk:collision,False,False,,0,False,raw_predicted_collision,True,5,0,static_obstacle,0.8478714778571945,-3.0903232569983397,0.7501747653607773,inf,False,False,86.05699281960347,inf,0.0,True,False,1,0,,True,False,0.0,0.9487034522737652,0.9390370058781763,1.4831705322265623,3.0,collision,True,raw_collision_risk:collision,,False,False,0.0,2.209369050931364,0.8644936008911694,1.4831705322265623,False,-229.0088197318928,,,
6000,1029,1,396,396,0.09661984443664551,0.9100551605224609,0.1503380388021469,0.0,0.053718194365501404,-0.9100551605224609,True,True,predictive_recovery,keep_stop,1.25860595703125,0.04794404858868754,10,1,,0,0,0,False,False,False,False,False,False,False,False,True,0.9662448509703173,0.011757639945918054,0.0,False,max_steps,vehicle,6.7342987060546875,low_speed_overlap,True,,inf,inf,inf,2.300491573977293,0.8637352363759343,1.4826059570312498,-0.13419549360799454,-0.5076059570312501,0.10864104194860695,{'ROAD_LINE_BROKEN_SINGLE_WHITE'},True,True,raw_collision_risk:collision,False,False,,0,False,raw_predicted_collision,True,4,0,static_obstacle,0.8542712989127226,-3.0970071845024334,0.7515486840579535,inf,False,False,150.52276549753918,inf,0.0,True,False,1,0,,True,False,0.0,0.9737383307245215,0.9382586876713697,1.4826059570312498,3.0,collision,True,raw_collision_risk:collision,,False,False,0.0,2.300491573977293,0.8637352363759343,1.4826059570312498,False,-229.4573934356248,,,
6000,1029,1,397,397,0.09620428085327148,0.9106519222259521,0.14989249408245087,0.0,0.05368821322917938,-0.9106519222259521,True,True,predictive_recovery,keep_stop,1.2584991455078125,0.011757639945918054,10,1,,0,0,0,False,False,False,False,False,False,False,False,True,0.9662479150208216,0.005835710322695791,0.0,False,max_steps,vehicle,6.7302398681640625,low_speed_overlap,True,,inf,inf,inf,2.4057202671239852,0.8598607204876443,1.4824991455078123,0.0051287090001492786,-0.5074991455078126,0.10149982910156252,{'ROAD_LINE_BROKEN_SINGLE_WHITE'},True,True,raw_collision_risk:collision,False,False,,0,False,raw_predicted_collision,True,3,0,static_obstacle,0.8575399970749877,-3.100455264662015,0.7521941775542178,inf,False,False,891.5543281036036,inf,0.0,True,False,1,0,,True,False,0.0,1.0055265755667095,0.9343361935215373,1.4824991455078123,3.0,collision,True,raw_collision_risk:collision,,False,False,0.0,2.4057202671239852,0.8598607204876443,1.4824991455078123,False,-319.9401708004035,,,
6000,1029,1,398,398,0.09614992141723633,0.9104894399642944,0.14978627860546112,0.0,0.05363635718822479,-0.9104894399642944,True,True,predictive_recovery,keep_stop,1.258514404296875,0.005835710322695791,10,1,,0,0,0,False,False,False,False,False,False,False,False,True,0.9662484931435583,0.0019510165238316578,0.0,False,max_steps,vehicle,6.72943115234375,low_speed_overlap,True,,inf,inf,inf,2.4164782418226856,0.8593209056369149,1.4825144042968748,0.021137352781861463,-0.5075144042968751,0.10150288085937499,{'ROAD_LINE_BROKEN_SINGLE_WHITE'},True,True,raw_collision_risk:collision,False,False,,0,False,raw_predicted_collision,True,2,0,static_obstacle,0.8581690396328086,-3.1011149814090304,0.7523244891694767,inf,False,False,1859.0731649332586,inf,0.0,True,False,1,0,,True,False,0.0,1.0085247684885177,0.9337902684469441,1.4825144042968748,3.0,collision,True,raw_collision_risk:collision,,False,False,0.0,2.4164782418226856,0.8593209056369149,1.4825144042968748,False,-320.0161031278372,,,
6000,1029,1,399,399,0.09618043899536133,0.9105052947998047,0.14978806674480438,0.0,0.053607627749443054,-0.9105052947998047,True,True,predictive_recovery,keep_stop,1.258514404296875,0.0019510165238316578,10,1,,0,0,0,False,False,False,False,False,False,False,False,True,0.9662493603276634,0.004897345513786564,0.0,False,max_steps,vehicle,6.729278564453125,low_speed_overlap,True,,inf,inf,inf,2.427573724639751,0.8586745813632681,1.4825144042968748,0.03573644434753653,-0.5075144042968751,0.10150288085937499,{'ROAD_LINE_BROKEN_SINGLE_WHITE'},True,True,raw_collision_risk:collision,False,False,,0,False,raw_predicted_collision,True,1,0,static_obstacle,0.8582895019570105,-3.101269142999915,0.7523046905450781,inf,False,False,inf,inf,0.0,True,False,1,0,,True,False,0.0,1.0138874239195568,0.9331362669246455,1.4825144042968748,3.0,collision,True,raw_collision_risk:collision,,False,False,0.0,2.427573724639751,0.8586745813632681,1.4825144042968748,False,-320.0726273353588,,,
6000,1029,1,400,400,0.09617531299591064,0.9104270935058594,0.1497831791639328,0.0,0.053607866168022156,-0.9104270935058594,True,True,predictive_recovery,keep_stop,1.2584686279296875,0.004897345513786564,10,1,,0,0,0,False,False,False,False,False,False,False,False,True,0.9662495337644844,0.002469193735494017,0.0,False,max_steps,vehicle,6.7290496826171875,low_speed_overlap,True,,inf,inf,inf,2.4189598985720457,0.8594649710931235,1.4824686279296873,0.024322508622625527,-0.5074686279296876,0.10149372558593754,{'ROAD_LINE_BROKEN_SINGLE_WHITE'},True,True,raw_collision_risk:collision,False,False,,0,False,raw_predicted_collision,False,0,0,static_obstacle,0.8584982957871483,-3.101494972926788,0.7523369087197218,inf,False,False,2488.932774539077,inf,0.0,True,False,1,0,,True,False,0.0,1.0092012956964451,0.9339351498329023,1.4824686279296873,3.0,collision,True,raw_collision_risk:collision,,False,False,0.0,2.4189598985720457,0.8594649710931235,1.4824686279296873,False,-320.0246916746602,,,
6000,1029,1,401,401,0.09616541862487793,0.9104807376861572,0.14978231489658356,0.0,0.05361689627170563,-0.9104807376861572,True,True,predictive_recovery,keep_stop,1.2584686279296875,0.002469193735494017,10,1,,0,0,0,False,False,False,False,False,False,False,False,True,0.9662502275117684,0.004780889961720373,0.0,False,max_steps,vehicle,6.72900390625,low_speed_overlap,True,,inf,inf,inf,2.427347248332692,0.8590218075909826,1.4824686279296873,0.034917700072166546,-0.5074686279296876,0.10149372558593754,{'ROAD_LINE_BROKEN_SINGLE_WHITE'},True,True,raw_collision_risk:collision,False,False,,0,False,raw_predicted_collision,False,0,0,static_obstacle,0.8585344357555484,-3.101539327722829,0.7523340149673343,inf,False,False,inf,inf,0.0,True,False,1,0,,True,False,0.0,1.013308883332905,0.9334867232810862,1.4824686279296873,3.0,collision,True,raw_collision_risk:collision,,False,False,0.0,2.427347248332692,0.8590218075909826,1.4824686279296873,False,-320.06158024077956,,,
6000,1029,1,402,402,0.09616398811340332,0.9104275703430176,0.14977535605430603,0.0,0.05361136794090271,-0.9104275703430176,True,True,predictive_recovery,keep_stop,1.2584686279296875,0.004780889961720373,10,1,,0,0,0,False,False,False,False,False,False,False,False,True,0.9662504009485894,0.002484033078722252,0.0,False,max_steps,vehicle,6.72882080078125,low_speed_overlap,True,,inf,inf,inf,2.419220491101679,0.8596227126250546,1.4824686279296873,0.024536251808231047,-0.5074686279296876,0.10149372558593754,{'ROAD_LINE_BROKEN_SINGLE_WHITE'},True,True,raw_collision_risk:collision,False,False,,0,False,raw_predicted_collision,False,0,0,static_obstacle,0.8586789977904858,-3.1017120769098527,0.7523299522733913,inf,False,False,2598.170876264999,inf,0.0,True,False,1,0,,True,False,0.0,1.0092386383263934,0.9340947641641326,1.4824686279296873,3.0,collision,True,raw_collision_risk:collision,,False,False,0.0,2.419220491101679,0.8596227126250546,1.4824686279296873,False,-320.0241778232113,,,
6000,1029,1,403,403,0.09616243839263916,0.9104868173599243,0.14977127313613892,0.0,0.053608834743499756,-0.9104868173599243,True,True,predictive_recovery,keep_stop,1.2584686279296875,0.002484033078722252,10,1,,0,0,0,False,False,False,False,False,False,False,False,True,0.9662510946958734,0.004780671444289975,0.0,False,max_steps,vehicle,6.7287750244140625,low_speed_overlap,True,,inf,inf,inf,2.427270892755146,0.8592054544544852,1.4824686279296873,0.034673236925839124,-0.5074686279296876,0.10149372558593754,{'ROAD_LINE_BROKEN_SINGLE_WHITE'},True,True,raw_collision_risk:collision,False,False,,0,False,raw_predicted_collision,False,0,0,static_obstacle,0.8587151388395224,-3.101752098696155,0.7523340286740878,inf,False,False,inf,inf,0.0,True,False,1,0,,True,False,0.0,1.0132241379545066,0.9336725514295614,1.4824686279296873,3.0,collision,True,raw_collision_risk:collision,,False,False,0.0,2.427270892755146,0.8592054544544852,1.4824686279296873,False,-320.059254292133,,,
6000,1029,1,404,404,0.09613978862762451,0.9104236364364624,0.1497616469860077,0.0,0.05362185835838318,-0.9104236364364624,True,True,predictive_recovery,keep_stop,1.2584686279296875,0.004780671444289975,10,1,,0,0,0,False,False,False,False,False,False,False,False,True,0.9662512681326944,0.0024838043348712753,0.0,False,max_steps,vehicle,6.7285919189453125,low_speed_overlap,True,,inf,inf,inf,2.4191483095043664,0.8598034050935246,1.4824686279296873,0.024308200512657585,-0.5074686279296876,0.10149372558593754,{'ROAD_LINE_BROKEN_SINGLE_WHITE'},True,True,raw_collision_risk:collision,False,False,,0,False,raw_predicted_collision,False,0,0,static_obstacle,0.8588597051966842,-3.101921253207655,0.7523357510604405,inf,False,False,2598.367045680961,inf,0.0,True,False,1,0,,True,False,0.0,1.009167902726901,0.9342776015619216,1.4824686279296873,3.0,collision,True,raw_collision_risk:collision,,False,False,0.0,2.4191483095043664,0.8598034050935246,1.4824686279296873,False,-320.02183187032614,,,
6000,1029,1,405,405,0.09614717960357666,0.9104821681976318,0.1497572958469391,0.0,0.05361011624336243,-0.9104821681976318,True,True,predictive_recovery,keep_stop,1.2584686279296875,0.0024838043348712753,10,1,,0,0,0,False,False,False,False,False,False,False,False,True,0.9662519618799784,0.004780690526269843,0.0,False,max_steps,vehicle,6.728546142578125,low_speed_overlap,True,,inf,inf,inf,2.4271981324924385,0.8593861324416301,1.4824686279296873,0.03444459527094512,-0.5074686279296876,0.10149372558593754,{'ROAD_LINE_BROKEN_SINGLE_WHITE'},True,True,raw_collision_risk:collision,False,False,,0,False,raw_predicted_collision,False,0,0,static_obstacle,0.8588958473261965,-3.101960921958854,0.752340396439235,inf,False,False,inf,inf,0.0,True,False,1,0,,True,False,0.0,1.0131534046196347,0.9338553750541767,1.4824686279296873,3.0,collision,True,raw_collision_risk:collision,,False,False,0.0,2.4271981324924385,0.8593861324416301,1.4824686279296873,False,-320.0568897741533,,,
6000,1029,1,406,406,0.09612035751342773,0.9104182720184326,0.1497478187084198,0.0,0.053627461194992065,-0.9104182720184326,True,True,predictive_recovery,keep_stop,1.2584686279296875,0.004780690526269843,10,1,,0,0,0,False,False,False,False,False,False,False,False,True,0.9662521353167994,0.002483887701475962,0.0,False,max_steps,vehicle,6.728363037109375,low_speed_overlap,True,,inf,inf,inf,2.419075447753945,0.85998414986421,1.4824686279296873,0.024079246149990574,-0.5074686279296876,0.10149372558593754,{'ROAD_LINE_BROKEN_SINGLE_WHITE'},True,True,raw_collision_risk:collision,False,False,,0,False,raw_predicted_collision,False,0,0,static_obstacle,0.8590404180049414,-3.1021302691946624,0.7523418121990906,inf,False,False,2598.3305842360805,inf,0.0,True,False,1,0,,True,False,0.0,1.0090969463346946,0.9344604915016508,1.4824686279296873,3.0,collision,True,raw_collision_risk:collision,,False,False,0.0,2.419075447753945,0.85998414986421,1.4824686279296873,False,-320.0194477964812,,,
6000,1029,1,407,407,0.09612417221069336,0.9104762077331543,0.14974337816238403,0.0,0.053619205951690674,-0.9104762077331543,True,True,predictive_recovery,keep_stop,1.2584686279296875,0.002483887701475962,10,1,,0,0,0,False,False,False,False,False,False,False,False,True,0.9662528290640834,0.004780625619481755,0.0,False,max_steps,vehicle,6.7283172607421875,low_speed_overlap,True,,inf,inf,inf,2.4271252978293343,0.8595668774385301,1.4824686279296873,0.034215625900073654,-0.5074686279296876,0.10149372558593754,{'ROAD_LINE_BROKEN_SINGLE_WHITE'},True,True,raw_collision_risk:collision,False,False,,0,False,raw_predicted_collision,False,0,0,static_obstacle,0.8590765612147695,-3.1021698095861265,0.7523466651917707,inf,False,False,inf,inf,0.0,True,False,1,0,,True,False,0.0,1.0130823811812126,0.934038266102976,1.4824686279296873,3.0,collision,True,raw_collision_risk:collision,,False,False,0.0,2.4271252978293343,0.8595668774385301,1.4824686279296873,False,-320.0544890870735,,,
6000,1029,1,408,408,0.09611010551452637,0.9104167222976685,0.1497337967157364,0.0,0.05362369120121002,-0.9104167222976685,True,True,predictive_recovery,keep_stop,1.2584686279296875,0.004780625619481755,10,1,,0,0,0,False,False,False,False,False,False,False,False,True,0.9662530025009044,0.0024839159229523788,0.0,False,max_steps,vehicle,6.7281341552734375,low_speed_overlap,True,,inf,inf,inf,2.41900282652338,0.8601648834506312,1.4824686279296873,0.023850611011557277,-0.5074686279296876,0.10149372558593754,{'ROAD_LINE_BROKEN_SINGLE_WHITE'},True,True,raw_collision_risk:collision,False,False,,0,False,raw_predicted_collision,False,0,0,static_obstacle,0.8592211362144557,-3.1023390125301913,0.7523483164734137,inf,False,False,2598.376552068306,inf,0.0,True,False,1,0,,True,False,0.0,1.0090260681651788,0.9346433697433192,1.4824686279296873,3.0,collision,True,raw_collision_risk:collision,,False,False,0.0,2.41900282652338,0.8601648834506312,1.4824686279296873,False,-320.0171587234855,,,
6000,1029,1,409,409,0.09610605239868164,0.91047203540802,0.14972934126853943,0.0,0.05362328886985779,-0.91047203540802,True,True,predictive_recovery,keep_stop,1.2584686279296875,0.0024839159229523788,10,1,,0,0,0,False,False,False,False,False,False,False,False,True,0.9662536962481885,0.004780629202277942,0.0,False,max_steps,vehicle,6.72808837890625,low_speed_overlap,True,,inf,inf,inf,2.4270524763929493,0.8597476169489846,1.4824686279296873,0.03398671443158552,-0.5074686279296876,0.10149372558593754,{'ROAD_LINE_BROKEN_SINGLE_WHITE'},True,True,raw_collision_risk:collision,False,False,,0,False,raw_predicted_collision,False,0,0,static_obstacle,0.859257280504439,-3.102378552948252,0.7523531705600366,inf,False,False,inf,inf,0.0,True,False,1,0,,True,False,0.0,1.0130114091517601,0.9342211512188887,1.4824686279296873,3.0,collision,True,raw_collision_risk:collision,,False,False,0.0,2.4270524763929493,0.8597476169489846,1.4824686279296873,False,-320.052133413279,,,
6000,1029,1,410,410,0.09608602523803711,0.9104111194610596,0.1497197449207306,0.0,0.05363371968269348,-0.9104111194610596,True,True,predictive_recovery,keep_stop,1.2584686279296875,0.004780629202277942,10,1,,0,0,0,False,False,False,False,False,False,False,False,True,0.9662538696850095,0.0024839144756193835,0.0,False,max_steps,vehicle,6.7279052734375,low_speed_overlap,True,,inf,inf,inf,2.4189300092839594,0.8603456359546076,1.4824686279296873,0.023621715558133527,-0.5074686279296876,0.10149372558593754,{'ROAD_LINE_BROKEN_SINGLE_WHITE'},True,True,raw_collision_risk:collision,False,False,,0,False,raw_predicted_collision,False,0,0,static_obstacle,0.8594018598244253,-3.10254772393893,0.7523548766633796,inf,False,False,2598.3554490812053,inf,0.0,True,False,1,0,,True,False,0.0,1.0089551264430785,0.9348262667460181,1.4824686279296873,3.0,collision,True,raw_collision_risk:collision,,False,False,0.0,2.4189300092839594,0.8603456359546076,1.4824686279296873,False,-320.01477003779695,,,
6000,1029,1,411,411,0.09608614444732666,0.9104673862457275,0.1497153341770172,0.0,0.05362918972969055,-0.9104673862457275,True,True,predictive_recovery,keep_stop,1.2584686279296875,0.0024839144756193835,10,1,,0,0,0,False,False,False,False,False,False,False,False,True,0.9662545634322934,0.004780624022989691,0.0,False,max_steps,vehicle,6.7278594970703125,low_speed_overlap,True,,inf,inf,inf,2.426979662104628,0.8599283560007123,1.4824686279296873,0.033757834115347496,-0.5074686279296876,0.10149372558593754,{'ROAD_LINE_BROKEN_SINGLE_WHITE'},True,True,raw_collision_risk:collision,False,False,,0,False,raw_predicted_collision,False,0,0,static_obstacle,0.8594380051944033,-3.1025873285776435,0.752359628560983,inf,False,False,inf,inf,0.0,True,False,1,0,,True,False,0.0,1.0129404648405496,0.9344040354894336,1.4824686279296873,3.0,collision,True,raw_collision_risk:collision,,False,False,0.0,2.426979662104628,0.8599283560007123,1.4824686279296873,False,-320.0497670041579,,,
6000,1029,1,412,412,0.09606623649597168,0.9104044437408447,0.1497056782245636,0.0,0.05363944172859192,-0.9104044437408447,True,True,predictive_recovery,keep_stop,1.2584686279296875,0.004780624022989691,10,1,,0,0,0,False,False,False,False,False,False,False,False,True,0.9662547368691145,0.002483929312029351,0.0,False,max_steps,vehicle,6.7276763916015625,low_speed_overlap,True,,inf,inf,inf,2.4188572171986915,0.8605263921241086,1.4824686279296873,0.023392853407617764,-0.5074686279296876,0.10149372558593754,{'ROAD_LINE_BROKEN_SINGLE_WHITE'},True,True,raw_collision_risk:collision,False,False,,0,False,raw_predicted_collision,False,0,0,static_obstacle,0.8595825888340485,-3.1027564355175903,0.7523614411347941,inf,False,False,2598.342928783151,inf,0.0,True,False,1,0,,True,False,0.0,1.008884192997476,0.9350091670767886,1.4824686279296873,3.0,collision,True,raw_collision_risk:collision,,False,False,0.0,2.4188572171986915,0.8605263921241086,1.4824686279296873,False,-320.0123556494135,,,
6000,1029,1,413,413,0.09607088565826416,0.9104633331298828,0.1497012972831726,0.0,0.05363041162490845,-0.9104633331298828,True,True,predictive_recovery,keep_stop,1.2584686279296875,0.002483929312029351,10,1,,0,0,0,False,False,False,False,False,False,False,False,True,0.9662554306163984,0.004780611856656559,0.0,False,max_steps,vehicle,6.727630615234375,low_speed_overlap,True,,inf,inf,inf,2.426906844000134,0.8601091036645439,1.4824686279296873,0.033528936701179735,-0.5074686279296876,0.10149372558593754,{'ROAD_LINE_BROKEN_SINGLE_WHITE'},True,True,raw_collision_risk:collision,False,False,,0,False,raw_predicted_collision,False,0,0,static_obstacle,0.8596187352838613,-3.1027960562315977,0.7523661682974065,inf,False,False,inf,inf,0.0,True,False,1,0,,True,False,0.0,1.0128695055163695,0.9345869280931753,1.4824686279296873,3.0,collision,True,raw_collision_risk:collision,,False,False,0.0,2.426906844000134,0.8601091036645439,1.4824686279296873,False,-320.0474153711825,,,
6000,1029,1,414,414,0.09605252742767334,0.9104015827178955,0.14969176054000854,0.0,0.053639233112335205,-0.9104015827178955,True,True,predictive_recovery,keep_stop,1.2584686279296875,0.004780611856656559,10,1,,0,0,0,False,False,False,False,False,False,False,False,True,0.9662556040532194,0.0024839381947817877,0.0,False,max_steps,vehicle,6.727447509765625,low_speed_overlap,True,,inf,inf,inf,2.4187844451857834,0.8607071523086851,1.4824686279296873,0.023164017813436022,-0.5074686279296876,0.10149372558593754,{'ROAD_LINE_BROKEN_SINGLE_WHITE'},True,True,raw_collision_risk:collision,False,False,,0,False,raw_predicted_collision,False,0,0,static_obstacle,0.8597633232425246,-3.102965323800791,0.752367725823095,inf,False,False,2598.337149606649,inf,0.0,True,False,1,0,,True,False,0.0,1.0088132661778904,0.9351920710894006,1.4824686279296873,3.0,collision,True,raw_collision_risk:collision,,False,False,0.0,2.4187844451857834,0.8607071523086851,1.4824686279296873,False,-320.01003516419553,,,
6000,1029,1,415,415,0.09605216979980469,0.9104568958282471,0.1496872454881668,0.0,0.05363507568836212,-0.9104568958282471,True,True,predictive_recovery,keep_stop,1.2584686279296875,0.0024839381947817877,10,1,,0,0,0,False,False,False,False,False,False,False,False,True,0.9662562978005035,0.004780596329419612,0.0,False,max_steps,vehicle,6.7274017333984375,low_speed_overlap,True,,inf,inf,inf,2.426834027385254,0.8602898555496574,1.4824686279296873,0.03330004553835275,-0.5074686279296876,0.10149372558593754,{'ROAD_LINE_BROKEN_SINGLE_WHITE'},True,True,raw_collision_risk:collision,False,False,,0,False,raw_predicted_collision,False,0,0,static_obstacle,0.8597994707720116,-3.103004768006854,0.7523727381361898,inf,False,False,inf,inf,0.0,True,False,1,0,,True,False,0.0,1.0127985518577471,0.9347698245872433,1.4824686279296873,3.0,collision,True,raw_collision_risk:collision,,False,False,0.0,2.426834027385254,0.8602898555496574,1.4824686279296873,False,-320.04500597551447,,,
6000,1029,1,416,416,0.09603619575500488,0.9103974103927612,0.14967772364616394,0.0,0.05364152789115906,-0.9103974103927612,True,True,predictive_recovery,keep_stop,1.2584686279296875,0.004780596329419612,10,1,,0,0,0,False,False,False,False,False,False,False,False,True,0.9662564712373245,0.0024839368950892618,0.0,False,max_steps,vehicle,6.7272186279296875,low_speed_overlap,True,,inf,inf,inf,2.4187116828640174,0.8608879172233743,1.4824686279296873,0.022935194993385366,-0.5074686279296876,0.10149372558593754,{'ROAD_LINE_BROKEN_SINGLE_WHITE'},True,True,raw_collision_risk:collision,False,False,,0,False,raw_predicted_collision,False,0,0,static_obstacle,0.859944063049052,-3.1031740678170294,0.752374247186729,inf,False,False,2598.334746346734,inf,0.0,True,False,1,0,,True,False,0.0,1.0087423426126998,0.9353749795074406,1.4824686279296873,3.0,collision,True,raw_collision_risk:collision,,False,False,0.0,2.4187116828640174,0.8608879172233743,1.4824686279296873,False,-320.0076831283091,,,
6000,1029,1,417,417,0.09603607654571533,0.9104534387588501,0.09603607654571533,0.9104534387588501,0.0,0.0,True,False,inactive_raw_action,raw_action_safe,0,0,0,0,low_risk_verified_passthrough,0,0,0,False,False,False,False,False,False,False,False,True,0.9662808102045384,0.27030405109410927,0.0,False,max_steps,vehicle,6.7271728515625,low_speed_overlap,True,,inf,inf,inf,inf,inf,inf,inf,inf,0.0,{'ROAD_LINE_BROKEN_SINGLE_WHITE'},False,False,,False,False,,0,True,,False,0,0,static_obstacle,0.8599802116580533,-3.1032136083415014,0.7523791056474871,inf,False,True,inf,inf,0.0,False,False,1,-1,,True,False,0.0,1.0127276077969691,0.9349527241259221,1.4824686279296873,3.0,collision,False,low_risk_verified,,False,False,0.0,inf,inf,inf,False,0.0,,,
6000,1029,1,418,418,0.07514059543609619,0.9639327526092529,0.07514059543609619,0.9639327526092529,0.0,0.0,True,False,inactive_raw_action,raw_action_safe,0,0,0,0,low_risk_verified_passthrough,0,0,0,False,False,False,False,False,False,False,False,True,0.966404990968376,0.5592102709330941,0.0,False,max_steps,vehicle,6.7207489013671875,low_speed_overlap,True,,inf,inf,inf,inf,inf,inf,inf,inf,0.0,{'ROAD_LINE_BROKEN_SINGLE_WHITE'},False,False,,False,False,,0,True,,False,0,0,static_obstacle,0.8653356789498934,-3.109404514316551,0.7525606241171885,inf,False,True,25.678072844607094,inf,0.0,False,False,1,-1,,True,False,0.0,1.4307807280962712,0.9941186388798682,1.4820108642578123,3.0,collision,False,low_risk_verified,,False,False,0.0,inf,inf,inf,False,0.0,,,
6000,1029,1,419,419,0.07499933242797852,0.9686055183410645,0.07499933242797852,0.9686055183410645,0.0,0.0,True,False,inactive_raw_action,raw_action_safe,0,0,0,0,low_risk_verified_passthrough,0,0,0,False,False,False,False,False,False,False,False,True,0.9666382634926237,0.8494896494106399,0.0,False,max_steps,vehicle,6.6879730224609375,low_speed_overlap,True,,inf,inf,inf,inf,inf,inf,inf,inf,0.0,{'ROAD_LINE_BROKEN_SINGLE_WHITE'},False,False,,False,False,,0,True,,False,0,0,static_obstacle,0.8927320305407809,-3.14094295189419,0.7536250715168342,inf,False,True,12.348232937196407,inf,0.0,False,False,1,-1,,True,False,0.0,1.1994657299008473,1.0806192958018956,1.4796457519531248,3.0,collision,False,low_risk_verified,,False,False,0.0,inf,inf,inf,False,0.0,,,
6000,1029,1,420,420,0.08202576637268066,0.9681873321533203,0.08202576637268066,0.9681873321533203,0.0,0.0,True,False,inactive_raw_action,raw_action_safe,0,0,0,0,low_risk_verified_passthrough,0,0,0,False,False,False,False,False,False,False,False,True,0.9669812059000186,1.139533846011502,0.0,False,max_steps,vehicle,6.62640380859375,low_speed_overlap,True,,inf,inf,inf,inf,inf,inf,inf,inf,0.0,{'ROAD_LINE_BROKEN_SINGLE_WHITE'},False,False,,False,False,,0,True,,False,0,0,static_obstacle,0.9444600364233942,-3.2003599002736096,0.7555072069663935,inf,False,True,8.021806632438608,inf,0.0,False,False,1,-1,,True,False,0.0,0.9398216437405313,1.1932439585436774,1.4751596679687498,3.0,collision,False,low_risk_verified,,False,False,0.0,inf,inf,inf,False,0.0,,,
6000,1029,1,421,421,0.07813799381256104,0.9649810791015625,0.020506441593170166,-0.8500000238418579,-0.05763155221939087,-1.8149811029434204,True,True,minimum_risk_stop,pre_contact_minimum_risk,0,0,10,0,no_safe_candidate_before_cost,0,0,0,False,False,False,False,False,False,False,False,True,0.9672616532395789,0.15648321076355404,0.0,False,max_steps,vehicle,6.97418212890625,low_speed_overlap,True,,inf,inf,inf,inf,inf,inf,inf,inf,0.0,{'ROAD_LINE_BROKEN_SINGLE_WHITE'},True,True,predicted_collision_within_1s;raw_collision_risk:collision,False,False,,0,False,raw_predicted_collision,True,8,0,static_obstacle,1.0209553880190405,-3.2875965612152855,0.7585467137487534,inf,False,False,5.911096838034347,inf,0.0,True,False,1,0,,True,False,0.0,1.358083889321854,1.3324013692463479,1.4687204589843748,3.0,collision,True,no_safe_candidate_before_cost,no_hard_safe_candidate,False,False,0.0,inf,inf,inf,False,0.0,,,
6000,1029,1,422,422,0.16689085960388184,0.8570073843002319,0.14159464836120605,0.0,-0.02529621124267578,-0.8570073843002319,True,True,predictive_recovery,keep_stop,1.2399139404296875,0.15648321076355404,10,1,,0,0,0,False,False,False,False,False,False,False,False,True,0.9673069780621342,0.11983033710029316,0.0,False,max_steps,vehicle,6.900177001953125,low_speed_overlap,True,,inf,inf,inf,1.7411425781049856,1.115553691704015,1.4639139404296873,-0.38261504426202597,-0.4889139404296876,0.1151965794594869,{'ROAD_LINE_BROKEN_SINGLE_WHITE'},True,True,predicted_collision_within_1s;raw_collision_risk:collision,False,False,,0,False,raw_predicted_collision,True,7,0,static_obstacle,1.0836999065726223,-3.3581289117366717,0.7621313020379064,inf,False,False,43.03997303472558,inf,0.0,True,False,1,0,,True,False,0.0,1.2748525881144648,1.192415471515176,1.4639139404296873,3.0,collision,True,predicted_collision_within_1s;raw_collision_risk:collision,,False,False,0.0,1.7411425781049856,1.115553691704015,1.4639139404296873,False,-226.23162763665016,,,
6000,1029,1,423,423,0.15957677364349365,0.9276180267333984,0.1412198543548584,0.0,-0.018356919288635254,-0.9276180267333984,True,True,predictive_recovery,keep_stop,1.239349365234375,0.11983033710029316,10,1,,0,0,0,False,False,False,False,False,False,False,False,True,0.9673495278955534,0.08335287815830743,0.0,False,max_steps,vehicle,6.8883514404296875,low_speed_overlap,True,,inf,inf,inf,1.8393760087039364,1.118164605032878,1.4633493652343748,-0.24862105688689562,-0.4883493652343751,0.10763111120420063,{'ROAD_LINE_BROKEN_SINGLE_WHITE'},True,True,predicted_collision_within_1s;raw_collision_risk:collision,False,False,,0,False,raw_predicted_collision,True,6,0,static_obstacle,1.093754802194651,-3.3695820433544394,0.7623942300877,inf,False,False,57.272227051941854,inf,0.0,True,False,1,0,,True,False,0.0,1.2910264157672842,1.195041876354592,1.4633493652343748,3.0,collision,True,predicted_collision_within_1s;raw_collision_risk:collision,,False,False,0.0,1.8393760087039364,1.118164605032878,1.4633493652343748,False,-228.36322398310915,,,
6000,1029,1,424,424,0.15891623497009277,0.9284186363220215,0.1406191736459732,0.0,-0.018297061324119568,-0.9284186363220215,True,True,predictive_recovery,keep_stop,1.2387237548828125,0.08335287815830743,10,1,,0,0,0,False,False,False,False,False,False,False,False,True,0.9673783762201134,0.04709729189325277,0.0,False,max_steps,vehicle,6.87713623046875,low_speed_overlap,True,,inf,inf,inf,1.9270914156366135,1.1202490870631385,1.4627237548828123,-0.1262989441003346,-0.4877237548828126,0.1013586034646947,{'ROAD_LINE_BROKEN_SINGLE_WHITE'},True,True,predicted_collision_within_1s;raw_collision_risk:collision,False,False,,0,False,raw_predicted_collision,True,5,0,static_obstacle,1.103259452028922,-3.380006582666552,0.7633289803165657,inf,False,False,81.5315925676983,inf,0.0,True,False,1,0,,True,False,0.0,1.3050121960362597,1.1971357969557441,1.4627237548828123,3.0,collision,True,predicted_collision_within_1s;raw_collision_risk:collision,,False,False,0.0,1.9270914156366135,1.1202490870631385,1.4627237548828123,False,-228.79383636581127,,,
6000,1029,1,425,425,0.1582885980606079,0.9290785789489746,0.13997769355773926,0.0,-0.018310904502868652,-0.9290785789489746,True,True,predictive_recovery,keep_stop,1.2385406494140625,0.04709729189325277,10,1,,0,0,0,False,False,False,False,False,False,False,False,True,0.9673934652235405,0.010849098990824212,0.0,False,max_steps,vehicle,6.869659423828125,low_speed_overlap,True,,inf,inf,inf,2.0284947054545035,1.1191717030698756,1.4625406494140623,0.01008426119713235,-0.4875406494140626,0.09750812988281253,{'ROAD_LINE_BROKEN_SINGLE_WHITE'},True,True,predicted_collision_within_1s;raw_collision_risk:collision,False,False,,0,False,raw_predicted_collision,True,4,0,static_obstacle,1.109569105045786,-3.3867334165944363,0.7642818131670515,inf,False,False,153.61059090217952,inf,0.0,True,False,1,0,,True,False,0.0,1.324849897008849,1.1960451088715118,1.4625406494140623,3.0,collision,True,predicted_collision_within_1s;raw_collision_risk:collision,,False,False,0.0,2.0284947054545035,1.1191717030698756,1.4625406494140623,False,-229.25539517897303,,,
6000,1029,1,426,426,0.15786099433898926,0.9295873641967773,0.1395767629146576,0.0,-0.018284231424331665,-0.9295873641967773,True,True,predictive_recovery,keep_stop,1.238525390625,0.010849098990824212,10,1,,0,0,0,False,False,False,False,False,False,False,False,True,0.9673963558372239,0.0052473220890350575,0.0,False,max_steps,vehicle,6.865692138671875,low_speed_overlap,True,,inf,inf,inf,2.122506462410134,1.11503646399148,1.4625253906249998,0.13834049155159134,-0.4875253906250001,0.09750507812499999,{'ROAD_LINE_BROKEN_SINGLE_WHITE'},True,True,predicted_collision_within_1s;raw_collision_risk:collision,False,False,,0,False,raw_predicted_collision,True,3,0,static_obstacle,1.1128245887502317,-3.3901553385129404,0.7648574071866734,inf,False,False,758.2931617070607,inf,0.0,True,False,1,0,,True,False,0.0,1.3452521498757841,1.1918701472038873,1.4625253906249998,3.0,collision,True,predicted_collision_within_1s;raw_collision_risk:collision,,False,False,0.0,2.122506462410134,1.11503646399148,1.4625253906249998,False,-319.7559534924936,,,
6000,1029,1,427,427,0.15774309635162354,0.9294742345809937,0.13947880268096924,0.0,-0.018264293670654297,-0.9294742345809937,True,True,predictive_recovery,keep_stop,1.238525390625,0.0052473220890350575,10,1,,0,0,0,False,False,False,False,False,False,False,False,True,0.9673966448985922,0.0020467796346845942,0.0,False,max_steps,vehicle,6.8650665283203125,low_speed_overlap,True,,inf,inf,inf,2.143276866586763,1.114516518599612,1.4625253906249998,0.16470380265489615,-0.4875253906250001,0.09750507812499999,{'ROAD_LINE_BROKEN_SINGLE_WHITE'},True,True,predicted_collision_within_1s;raw_collision_risk:collision,False,False,,0,False,raw_predicted_collision,True,2,0,static_obstacle,1.1134467063955775,-3.390781914217674,0.7650150930200881,inf,False,False,5413.429454384479,inf,0.0,True,False,1,0,,True,False,0.0,1.3499316607441632,1.191345228898857,1.4625253906249998,3.0,collision,True,predicted_collision_within_1s;raw_collision_risk:collision,,False,False,0.0,2.143276866586763,1.114516518599612,1.4625253906249998,False,-319.8280820368335,,,
6000,1029,1,428,428,0.15775048732757568,0.9294743537902832,0.13947871327400208,0.0,-0.01827177405357361,-0.9294743537902832,True,True,predictive_recovery,keep_stop,1.238494873046875,0.0020467796346845942,10,1,,0,0,0,False,False,False,False,False,False,False,False,True,0.9673975120826973,0.004894285031375996,0.0,False,max_steps,vehicle,6.8650054931640625,low_speed_overlap,True,,inf,inf,inf,2.14672826362063,1.1139438616463642,1.4624948730468748,0.17088838884310276,-0.4874948730468751,0.09749897460937505,{'ROAD_LINE_BROKEN_SINGLE_WHITE'},True,True,predicted_collision_within_1s;raw_collision_risk:collision,False,False,,0,False,raw_predicted_collision,True,1,0,static_obstacle,1.1135265849132832,-3.39086070061037,0.7650382462160095,inf,False,False,inf,inf,0.0,True,False,1,0,,True,False,0.0,1.350799965280678,1.1907665826124771,1.4624948730468748,3.0,collision,True,predicted_collision_within_1s;raw_collision_risk:collision,,False,False,0.0,2.14672826362063,1.1139438616463642,1.4624948730468748,False,-319.8734197690933,,,
6000,1029,1,429,429,0.15774321556091309,0.9294180870056152,0.13947220146656036,0.0,-0.018271014094352722,-0.9294180870056152,True,True,predictive_recovery,keep_stop,1.2384490966796875,0.004894285031375996,10,1,,0,0,0,False,False,False,False,False,False,False,False,True,0.9673976855195182,0.0024317985299316123,0.0,False,max_steps,vehicle,6.8649139404296875,low_speed_overlap,True,,inf,inf,inf,2.144161716457823,1.1147375775441184,1.4624490966796873,0.16589302424368357,-0.4874490966796876,0.09748981933593749,{'ROAD_LINE_BROKEN_SINGLE_WHITE'},True,True,predicted_collision_within_1s;raw_collision_risk:collision,False,False,,0,False,raw_predicted_collision,False,0,0,static_obstacle,1.1137397256374515,-3.3910841121995596,0.76507699107081,inf,False,False,inf,inf,0.0,True,False,1,0,,True,False,0.0,1.3500635139175596,1.1915671290271541,1.4624490966796873,3.0,collision,True,predicted_collision_within_1s;raw_collision_risk:collision,,False,False,0.0,2.144161716457823,1.1147375775441184,1.4624490966796873,False,-319.8301366805311,,,
6000,1029,1,430,430,0.15775227546691895,0.9294660091400146,0.13947126269340515,0.0,-0.018281012773513794,-0.9294660091400146,True,True,predictive_recovery,keep_stop,1.2384490966796875,0.0024317985299316123,10,1,,0,0,0,False,False,False,False,False,False,False,False,True,0.9673983792668023,0.004826039943627198,0.0,False,max_steps,vehicle,6.8648834228515625,low_speed_overlap,True,,inf,inf,inf,2.1457418827949772,1.1142728390125078,1.4624490966796873,0.16952675998332234,-0.4874490966796876,0.09748981933593749,{'ROAD_LINE_BROKEN_SINGLE_WHITE'},True,True,predicted_collision_within_1s;raw_collision_risk:collision,False,False,,0,False,raw_predicted_collision,False,0,0,static_obstacle,1.1137770550595951,-3.391128411698087,0.7650747422036175,inf,False,False,inf,inf,0.0,True,False,1,0,,True,False,0.0,1.3504314605460515,1.191097944143132,1.4624490966796873,3.0,collision,True,predicted_collision_within_1s;raw_collision_risk:collision,,False,False,0.0,2.1457418827949772,1.1142728390125078,1.4624490966796873,False,-319.86628680597255,,,
6000,1029,1,431,431,0.15773463249206543,0.929417610168457,0.13946440815925598,0.0,-0.018270224332809448,-0.929417610168457,True,True,predictive_recovery,keep_stop,1.2384490966796875,0.004826039943627198,10,1,,0,0,0,False,False,False,False,False,False,False,False,True,0.9673985527036233,0.002439931560852444,0.0,False,max_steps,vehicle,6.864837646484375,low_speed_overlap,True,,inf,inf,inf,2.144283704043319,1.1149103353558163,1.4624490966796873,0.16607606163180888,-0.4874490966796876,0.09748981933593749,{'ROAD_LINE_BROKEN_SINGLE_WHITE'},True,True,predicted_collision_within_1s;raw_collision_risk:collision,False,False,,0,False,raw_predicted_collision,False,0,0,static_obstacle,1.113926374544682,-3.3913013611509593,0.7650731701541242,inf,False,False,inf,inf,0.0,True,False,1,0,,True,False,0.0,1.3500400075335834,1.1917415392165205,1.4624490966796873,3.0,collision,True,predicted_collision_within_1s;raw_collision_risk:collision,,False,False,0.0,2.144283704043319,1.1149103353558163,1.4624490966796873,False,-319.83000776187697,,,
6000,1029,1,432,432,0.1577366590499878,0.9294641017913818,0.13946039974689484,0.0,-0.018276259303092957,-0.9294641017913818,True,True,predictive_recovery,keep_stop,1.2384490966796875,0.002439931560852444,10,1,,0,0,0,False,False,False,False,False,False,False,False,True,0.9673992464509072,0.0048258047487833656,0.0,False,max_steps,vehicle,6.86480712890625,low_speed_overlap,True,,inf,inf,inf,2.145646247119728,1.1144611589629354,1.4624490966796873,0.16941956052052154,-0.4874490966796876,0.09748981933593749,{'ROAD_LINE_BROKEN_SINGLE_WHITE'},True,True,predicted_collision_within_1s;raw_collision_risk:collision,False,False,,0,False,raw_predicted_collision,False,0,0,static_obstacle,1.1139637048650555,-3.391341476697651,0.7650782317030744,inf,False,False,inf,inf,0.0,True,False,1,0,,True,False,0.0,1.3503543286109032,1.191288066053423,1.4624490966796873,3.0,collision,True,predicted_collision_within_1s;raw_collision_risk:collision,,False,False,0.0,2.145646247119728,1.1144611589629354,1.4624490966796873,False,-319.8650284366538,,,
6000,1029,1,433,433,0.15771830081939697,0.9294149875640869,0.13945117592811584,0.0,-0.018267124891281128,-0.9294149875640869,True,True,predictive_recovery,keep_stop,1.2384490966796875,0.0048258047487833656,10,1,,0,0,0,False,False,False,False,False,False,False,False,True,0.9673994198877283,0.002439791871392527,0.0,False,max_steps,vehicle,6.8647613525390625,low_speed_overlap,True,,inf,inf,inf,2.1442119137094067,1.1150969644591753,1.4624490966796873,0.16600066142691183,-0.4874490966796876,0.09748981933593749,{'ROAD_LINE_BROKEN_SINGLE_WHITE'},True,True,predicted_collision_within_1s;raw_collision_risk:collision,False,False,,0,False,raw_predicted_collision,False,0,0,static_obstacle,1.1141130279428053,-3.391511227698162,0.7650822506960853,inf,False,False,inf,inf,0.0,True,False,1,0,,True,False,0.0,1.3499687515697545,1.1919299530860867,1.4624490966796873,3.0,collision,True,predicted_collision_within_1s;raw_collision_risk:collision,,False,False,0.0,2.1442119137094067,1.1150969644591753,1.4624490966796873,False,-319.8288524614735,,,
6000,1029,1,434,434,0.15771985054016113,0.9294614791870117,0.13944678008556366,0.0,-0.018273070454597473,-0.9294614791870117,True,True,predictive_recovery,keep_stop,1.2384490966796875,0.002439791871392527,10,1,,0,0,0,False,False,False,False,False,False,False,False,True,0.9674001136350123,0.004825805379159801,0.0,False,max_steps,vehicle,6.8647308349609375,low_speed_overlap,True,,inf,inf,inf,2.1455741831906656,1.1146477967426345,1.4624490966796873,0.16934379739514105,-0.4874490966796876,0.09748981933593749,{'ROAD_LINE_BROKEN_SINGLE_WHITE'},True,True,predicted_collision_within_1s;raw_collision_risk:collision,False,False,,0,False,raw_predicted_collision,False,0,0,static_obstacle,1.1141503591612805,-3.391550826317549,0.765088216479195,inf,False,False,inf,inf,0.0,True,False,1,0,,True,False,0.0,1.3502830051011383,1.1914764893980767,1.4624490966796873,3.0,collision,True,predicted_collision_within_1s;raw_collision_risk:collision,,False,False,0.0,2.1455741831906656,1.1146477967426345,1.4624490966796873,False,-319.8638711961631,,,
6000,1029,1,435,435,0.15770578384399414,0.9294126033782959,0.1394377052783966,0.0,-0.018268078565597534,-0.9294126033782959,True,True,predictive_recovery,keep_stop,1.2384490966796875,0.004825805379159801,10,1,,0,0,0,False,False,False,False,False,False,False,False,True,0.9674002870718333,0.0024398681025548214,0.0,False,max_steps,vehicle,6.86468505859375,low_speed_overlap,True,,inf,inf,inf,2.1441394515263474,1.115283646133861,1.4624490966796873,0.16592436508615993,-0.4874490966796876,0.09748981933593749,{'ROAD_LINE_BROKEN_SINGLE_WHITE'},True,True,predicted_collision_within_1s;raw_collision_risk:collision,False,False,,0,False,raw_predicted_collision,False,0,0,static_obstacle,1.1142996858311782,-3.391720771277003,0.7650918998248213,inf,False,False,inf,inf,0.0,True,False,1,0,,True,False,0.0,1.3498973301453168,1.1921184197323347,1.4624490966796873,3.0,collision,True,predicted_collision_within_1s;raw_collision_risk:collision,,False,False,0.0,2.1441394515263474,1.115283646133861,1.4624490966796873,False,-319.82769986162,,,
6000,1029,1,436,436,0.15770673751831055,0.9294581413269043,0.13943329453468323,0.0,-0.01827344298362732,-0.9294581413269043,True,True,predictive_recovery,keep_stop,1.2384490966796875,0.0024398681025548214,10,1,,0,0,0,False,False,False,False,False,False,False,False,True,0.9674009808191173,0.004825742098382371,0.0,False,max_steps,vehicle,6.864654541015625,low_speed_overlap,True,,inf,inf,inf,2.145501504113763,1.1148344830348498,1.4624490966796873,0.1692672137714184,-0.4874490966796876,0.09748981933593749,{'ROAD_LINE_BROKEN_SINGLE_WHITE'},True,True,predicted_collision_within_1s;raw_collision_risk:collision,False,False,,0,False,raw_predicted_collision,False,0,0,static_obstacle,1.1143370179476262,-3.391760353754048,0.7650978949073997,inf,False,False,inf,inf,0.0,True,False,1,0,,True,False,0.0,1.3502115301048825,1.1916649614217867,1.4624490966796873,3.0,collision,True,predicted_collision_within_1s;raw_collision_risk:collision,,False,False,0.0,2.145501504113763,1.1148344830348498,1.4624490966796873,False,-319.86269360385904,,,
6000,1029,1,437,437,0.15768921375274658,0.9294087886810303,0.1394241601228714,0.0,-0.018265053629875183,-0.9294087886810303,True,True,predictive_recovery,keep_stop,1.2384490966796875,0.004825742098382371,10,1,,0,0,0,False,False,False,False,False,False,False,False,True,0.9674011542559383,0.0024398825618975285,0.0,False,max_steps,vehicle,6.8646087646484375,low_speed_overlap,True,,inf,inf,inf,2.144067171521296,1.1154703192624404,1.4624490966796873,0.16584831160780888,-0.4874490966796876,0.09748981933593749,{'ROAD_LINE_BROKEN_SINGLE_WHITE'},True,True,predicted_collision_within_1s;raw_collision_risk:collision,False,False,,0,False,raw_predicted_collision,False,0,0,static_obstacle,1.114486348209158,-3.3919302018922086,0.7651017506689346,inf,False,False,inf,inf,0.0,True,False,1,0,,True,False,0.0,1.3498259537045376,1.1923068774534167,1.4624490966796873,3.0,collision,True,predicted_collision_within_1s;raw_collision_risk:collision,,False,False,0.0,2.144067171521296,1.1154703192624404,1.4624490966796873,False,-319.82651337493695,,,
6000,1029,1,438,438,0.15768837928771973,0.9294543266296387,0.1394197940826416,0.0,-0.018268585205078125,-0.9294543266296387,True,True,predictive_recovery,keep_stop,1.2384490966796875,0.0024398825618975285,10,1,,0,0,0,False,False,False,False,False,False,False,False,True,0.9674018480032223,0.004825730445096511,0.0,False,max_steps,vehicle,6.8645782470703125,low_speed_overlap,True,,inf,inf,inf,2.1454290011233996,1.1150211612202192,1.4624490966796873,0.16919086488061597,-0.4874490966796876,0.09748981933593749,{'ROAD_LINE_BROKEN_SINGLE_WHITE'},True,True,predicted_collision_within_1s;raw_collision_risk:collision,False,False,,0,False,raw_predicted_collision,False,0,0,static_obstacle,1.11452368122345,-3.391969848999546,0.7651076339104947,inf,False,False,inf,inf,0.0,True,False,1,0,,True,False,0.0,1.3501400985906997,1.1918534249635757,1.4624490966796873,3.0,collision,True,predicted_collision_within_1s;raw_collision_risk:collision,,False,False,0.0,2.1454290011233996,1.1150211612202192,1.4624490966796873,False,-319.8615054375306,,,
6000,1029,1,439,439,0.1576671600341797,0.9294083118438721,0.13941064476966858,0.0,-0.01825651526451111,-0.9294083118438721,True,True,predictive_recovery,keep_stop,1.2384490966796875,0.004825730445096511,10,1,,0,0,0,False,False,False,False,False,False,False,False,True,0.9674020214400433,0.002439905335505311,0.0,False,max_steps,vehicle,6.864532470703125,low_speed_overlap,True,,inf,inf,inf,2.1439947444951346,1.1156570074037353,1.4624490966796873,0.1657720619449785,-0.4874490966796876,0.09748981933593749,{'ROAD_LINE_BROKEN_SINGLE_WHITE'},True,True,predicted_collision_within_1s;raw_collision_risk:collision,False,False,,0,False,raw_predicted_collision,False,0,0,static_obstacle,1.1146730150761004,-3.3921396972433167,0.7651114927276716,inf,False,False,inf,inf,0.0,True,False,1,0,,True,False,0.0,1.3497545411281857,1.1924953500334314,1.4624490966796873,3.0,collision,True,predicted_collision_within_1s;raw_collision_risk:collision,,False,False,0.0,2.1439947444951346,1.1156570074037353,1.4624490966796873,False,-319.82540807448765,,,
6000,1029,1,440,440,0.15767812728881836,0.9294528961181641,0.13940627872943878,0.0,-0.018271848559379578,-0.9294528961181641,True,True,predictive_recovery,keep_stop,1.2384490966796875,0.002439905335505311,10,1,,0,0,0,False,False,False,False,False,False,False,False,True,0.9674027151873273,0.004825715554984379,0.0,False,max_steps,vehicle,6.864501953125,low_speed_overlap,True,,inf,inf,inf,2.1453564745220635,1.1152078455881596,1.4624490966796873,0.16911448439558052,-0.4874490966796876,0.09748981933593749,{'ROAD_LINE_BROKEN_SINGLE_WHITE'},True,True,predicted_collision_within_1s;raw_collision_risk:collision,False,False,,0,False,raw_predicted_collision,False,0,0,static_obstacle,1.114710348988108,-3.3921793282082113,0.7651174052679441,inf,False,False,inf,inf,0.0,True,False,1,0,,True,False,0.0,1.3500686613510053,1.1920418944495965,1.4624490966796873,3.0,collision,True,predicted_collision_within_1s;raw_collision_risk:collision,,False,False,0.0,2.1453564745220635,1.1152078455881596,1.4624490966796873,False,-319.86037577866716,,,
6000,1029,1,441,441,0.15766143798828125,0.9294034242630005,0.1393970549106598,0.0,-0.01826438307762146,-0.9294034242630005,True,True,predictive_recovery,keep_stop,1.2384490966796875,0.004825715554984379,10,1,,0,0,0,False,False,False,False,False,False,False,False,True,0.9674028886241484,0.0024399250207902783,0.0,False,max_steps,vehicle,6.8644561767578125,low_speed_overlap,True,,inf,inf,inf,2.143922326770349,1.1158436993697929,1.4624490966796873,0.16569582458209275,-0.4874490966796876,0.09748981933593749,{'ROAD_LINE_BROKEN_SINGLE_WHITE'},True,True,predicted_collision_within_1s;raw_collision_risk:collision,False,False,,0,False,raw_predicted_collision,False,0,0,static_obstacle,1.1148596864313627,-3.3923490796290414,0.7651214365366545,inf,False,False,inf,inf,0.0,True,False,1,0,,True,False,0.0,1.3496831309363158,1.1926838261775121,1.4624490966796873,3.0,collision,True,predicted_collision_within_1s;raw_collision_risk:collision,,False,False,0.0,2.143922326770349,1.1158436993697929,1.4624490966796873,False,-319.8241951342709,,,
6000,1029,1,442,442,0.15766286849975586,0.9294495582580566,0.1393927037715912,0.0,-0.018270164728164673,-0.9294495582580566,True,True,predictive_recovery,keep_stop,1.2384490966796875,0.0024399250207902783,10,1,,0,0,0,False,False,False,False,False,False,False,False,True,0.9674035823714323,0.004825695537096216,0.0,False,max_steps,vehicle,6.8644256591796875,low_speed_overlap,True,,inf,inf,inf,2.145283956799353,1.1153945338130835,1.4624490966796873,0.16903811564619708,-0.4874490966796876,0.09748981933593749,{'ROAD_LINE_BROKEN_SINGLE_WHITE'},True,True,predicted_collision_within_1s;raw_collision_risk:collision,False,False,,0,False,raw_predicted_collision,False,0,0,static_obstacle,1.1148970212409568,-3.392388742915353,0.7651272936832121,inf,False,False,inf,inf,0.0,True,False,1,0,,True,False,0.0,1.349997226391622,1.1922303675320707,1.4624490966796873,3.0,collision,True,predicted_collision_within_1s;raw_collision_risk:collision,,False,False,0.0,2.145283956799353,1.1153945338130835,1.4624490966796873,False,-319.8591996865975,,,
6000,1029,1,443,443,0.15764379501342773,0.929399847984314,0.13938352465629578,0.0,-0.018260270357131958,-0.929399847984314,True,True,predictive_recovery,keep_stop,1.2384490966796875,0.004825695537096216,10,1,,0,0,0,False,False,False,False,False,False,False,False,True,0.9674037558082533,0.0024399448135630285,0.0,False,max_steps,vehicle,6.8643798828125,low_speed_overlap,True,,inf,inf,inf,2.14384992373467,1.1160303947743058,1.4624490966796873,0.16561960670476994,-0.4874490966796876,0.09748981933593749,{'ROAD_LINE_BROKEN_SINGLE_WHITE'},True,True,predicted_collision_within_1s;raw_collision_risk:collision,False,False,,0,False,raw_predicted_collision,False,0,0,static_obstacle,1.1150463622743019,-3.392558526750713,0.7651312715567808,inf,False,False,inf,inf,0.0,True,False,1,0,,True,False,0.0,1.3496117244565164,1.192872305495712,1.4624490966796873,3.0,collision,True,predicted_collision_within_1s;raw_collision_risk:collision,,False,False,0.0,2.14384992373467,1.1160303947743058,1.4624490966796873,False,-319.8230145599532,,,
6000,1029,1,444,444,0.15762853622436523,0.929450511932373,0.13937923312187195,0.0,-0.018249303102493286,-0.929450511932373,True,True,predictive_recovery,keep_stop,1.2384490966796875,0.0024399448135630285,10,1,,0,0,0,False,False,False,False,False,False,False,False,True,0.9674044495555374,0.004825672724273111,0.0,False,max_steps,vehicle,6.864349365234375,low_speed_overlap,True,,inf,inf,inf,2.145211438849381,1.1155812265459433,1.4624490966796873,0.1689617464883506,-0.4874490966796876,0.09748981933593749,{'ROAD_LINE_BROKEN_SINGLE_WHITE'},True,True,predicted_collision_within_1s;raw_collision_risk:collision,False,False,,0,False,raw_predicted_collision,False,0,0,static_obstacle,1.115083697981354,-3.3925982708235827,0.7651369885978689,inf,False,False,inf,inf,0.0,True,False,1,0,,True,False,0.0,1.3499257914687242,1.1924188448682236,1.4624490966796873,3.0,collision,True,predicted_collision_within_1s;raw_collision_risk:collision,,False,False,0.0,2.145211438849381,1.1155812265459433,1.4624490966796873,False,-319.858128817287,,,
6000,1029,1,445,445,0.15763354301452637,0.9293973445892334,0.13937000930309296,0.0,-0.01826353371143341,-0.9293973445892334,True,True,predictive_recovery,keep_stop,1.2384490966796875,0.004825672724273111,10,1,,0,0,0,False,False,False,False,False,False,False,False,True,0.9674046229923583,0.002439970791305052,0.0,False,max_steps,vehicle,6.8643035888671875,low_speed_overlap,True,,inf,inf,inf,2.143777528741271,1.116217094092278,1.4624490966796873,0.1655433994481763,-0.4874490966796876,0.09748981933593749,{'ROAD_LINE_BROKEN_SINGLE_WHITE'},True,True,predicted_collision_within_1s;raw_collision_risk:collision,False,False,,0,False,raw_predicted_collision,False,0,0,static_obstacle,1.115233042604275,-3.392768022454349,0.7651410260030307,inf,False,False,inf,inf,0.0,True,False,1,0,,True,False,0.0,1.3495403200508997,1.1930607884676265,1.4624490966796873,3.0,collision,True,predicted_collision_within_1s;raw_collision_risk:collision,,False,False,0.0,2.143777528741271,1.116217094092278,1.4624490966796873,False,-319.8218605495494,,,
6000,1029,1,446,446,0.15762615203857422,0.9294419288635254,0.15762615203857422,0.9294419288635254,0.0,0.0,True,False,inactive_raw_action,raw_action_safe,0,0,0,0,low_risk_verified_passthrough,0,0,0,False,False,False,False,False,False,False,False,True,0.967429540082309,0.2756571368939344,0.0,False,max_steps,vehicle,6.8642730712890625,low_speed_overlap,True,,inf,inf,inf,inf,inf,inf,inf,inf,0.0,{'ROAD_LINE_BROKEN_SINGLE_WHITE'},False,False,,False,False,,0,True,,False,0,0,static_obstacle,1.115270379208657,-3.3928076696101734,0.7651469135187545,inf,False,True,inf,inf,0.0,False,False,1,-1,,True,False,0.0,1.3498543523153472,1.1926073277086482,1.4624490966796873,3.0,collision,False,low_risk_verified,,False,False,0.0,inf,inf,inf,False,0.0,,,
6000,1029,1,447,447,0.1452333927154541,0.96775221824646,0.1452333927154541,0.96775221824646,0.0,0.0,True,False,inactive_raw_action,raw_action_safe,0,0,0,0,low_risk_verified_passthrough,0,0,0,False,False,False,False,False,False,False,False,True,0.9675560333370932,0.5652291546145213,0.0,False,max_steps,vehicle,6.8578338623046875,low_speed_overlap,True,,inf,inf,inf,inf,inf,inf,inf,inf,0.0,{'ROAD_LINE_BROKEN_SINGLE_WHITE'},False,False,,False,False,,0,True,,False,0,0,static_obstacle,1.120794964647937,-3.3989659117310627,0.7655061548119915,inf,False,True,24.3208421307535,inf,0.0,False,False,1,-1,,True,False,0.0,1.153870939630628,1.2546465714881616,1.4621744384765623,3.0,collision,False,low_risk_verified,,False,False,0.0,inf,inf,inf,False,0.0,,,
6000,1029,1,448,448,0.08987855911254883,0.9641493558883667,0.08987855911254883,0.9641493558883667,0.0,0.0,True,False,inactive_raw_action,raw_action_safe,0,0,0,0,low_risk_verified_passthrough,0,0,0,False,False,False,False,False,False,False,False,True,0.9677917917891087,0.854261787079373,0.0,False,max_steps,vehicle,6.824462890625,low_speed_overlap,True,,inf,inf,inf,inf,inf,inf,inf,inf,0.0,{'ROAD_LINE_BROKEN_SINGLE_WHITE'},False,False,,False,False,,0,True,,False,0,0,static_obstacle,1.148843876369517,-3.4299841051676796,0.7677077239097843,inf,False,True,11.6790150504577,inf,0.0,False,False,1,-1,,True,False,0.0,0.9202521689063987,1.343515291827132,1.4608621826171873,3.0,collision,False,low_risk_verified,,False,False,0.0,inf,inf,inf,False,0.0,,,
6000,1029,1,449,449,0.0806725025177002,0.9610147476196289,0.0806725025177002,0.9610147476196289,0.0,0.0,True,False,inactive_raw_action,raw_action_safe,0,0,0,0,low_risk_verified_passthrough,0,0,0,False,False,False,False,False,False,False,False,True,0.9681366998138082,1.1423414405846695,0.0,False,max_steps,vehicle,6.7623748779296875,low_speed_overlap,True,,inf,inf,inf,inf,inf,inf,inf,inf,0.0,{'ROAD_LINE_BROKEN_SINGLE_WHITE'},False,False,,False,False,,0,True,,False,0,0,static_obstacle,1.2015469272969346,-3.4883245565812846,0.7714898566080426,inf,False,True,7.6686442305705205,inf,0.0,False,False,1,-1,,True,False,0.0,1.2971212831057253,1.4582251581486625,1.4580545654296873,3.0,collision,False,low_risk_verified,,False,False,0.0,inf,inf,inf,False,0.0,,,
6000,1029,1,450,450,0.18820762634277344,0.9621860980987549,0.02016812562942505,-0.8500000238418579,-0.1680395007133484,-1.8121861219406128,True,True,minimum_risk_stop,pre_contact_minimum_risk,0,0,10,0,no_safe_candidate_before_cost,0,0,0,False,False,False,False,False,False,False,False,True,0.9684184190233892,0.15660159229340792,0.0,False,max_steps,vehicle,6.671356201171875,low_speed_overlap,True,,inf,inf,inf,inf,inf,inf,inf,inf,0.0,{'ROAD_LINE_BROKEN_SINGLE_WHITE'},True,True,predicted_collision_within_1s;raw_collision_risk:collision,False,False,,0,False,raw_predicted_collision,True,8,0,static_obstacle,1.2796889628865118,-3.5751502696346744,0.7758985782909886,inf,False,False,5.644027618635958,inf,0.0,True,False,1,0,,True,False,0.0,1.0789568447306035,1.5996864435246783,1.4529581298828123,3.0,collision,True,no_safe_candidate_before_cost,no_hard_safe_candidate,False,False,0.0,inf,inf,inf,False,0.0,,,
6000,1029,1,451,451,0.22828567028045654,0.8501629829406738,0.1284940540790558,0.0,-0.09979161620140076,-0.8501629829406738,True,True,predictive_recovery,keep_stop,1.2248687744140625,0.15660159229340792,10,1,,0,0,0,False,False,False,False,False,False,False,False,True,0.9684636860336708,0.12002178039729866,0.0,False,max_steps,vehicle,6.597137451171875,low_speed_overlap,True,,inf,inf,inf,1.466207383883631,1.376625979266034,1.4488687744140623,-0.6804128782967989,-0.4738687744140626,0.14183586975658868,{'ROAD_LINE_BROKEN_SINGLE_WHITE'},True,True,predicted_collision_within_1s;raw_collision_risk:collision,False,False,,0,False,raw_predicted_collision,True,7,0,static_obstacle,1.3438704382518203,-3.6456959843105627,0.7803961162159401,inf,False,False,41.72871671115436,inf,0.0,True,False,1,0,,True,False,0.0,0.9994258300714813,1.4555026425111188,1.4488687744140623,3.0,collision,True,predicted_collision_within_1s;raw_collision_risk:collision,,False,False,0.0,1.466207383883631,1.376625979266034,1.4488687744140623,False,-224.01572922234183,,,
6000,1029,1,452,452,0.22738218307495117,0.9114089012145996,0.12810571491718292,0.0,-0.09927646815776825,-0.9114089012145996,True,True,predictive_recovery,keep_stop,1.2243804931640625,0.12002178039729866,10,1,,0,0,0,False,False,False,False,False,False,False,False,True,0.9685063514916373,0.0835595877496826,0.0,False,max_steps,vehicle,6.585205078125,low_speed_overlap,True,,inf,inf,inf,1.5528258976508602,1.3792413533663639,1.4483804931640623,-0.5581933854082957,-0.4733804931640626,0.1342850502315155,{'ROAD_LINE_BROKEN_SINGLE_WHITE'},True,True,predicted_collision_within_1s;raw_collision_risk:collision,False,False,,0,False,raw_predicted_collision,True,6,0,static_obstacle,1.3541226525162278,-3.657108945016273,0.7808036494991382,inf,False,False,53.909897231640635,inf,0.0,True,False,1,0,,True,False,0.0,1.0126669584075056,1.4581312957601964,1.4483804931640623,3.0,collision,True,predicted_collision_within_1s;raw_collision_risk:collision,,False,False,0.0,1.5528258976508602,1.3792413533663639,1.4483804931640623,False,-225.91993879760523,,,
6000,1029,1,453,453,0.22694003582000732,0.9122343063354492,0.1275501400232315,0.0,-0.09938989579677582,-0.9122343063354492,True,True,predictive_recovery,keep_stop,1.223785400390625,0.0835595877496826,10,1,,0,0,0,False,False,False,False,False,False,False,False,True,0.9685351998161973,0.04728853556281434,0.0,False,max_steps,vehicle,6.5740814208984375,low_speed_overlap,True,,inf,inf,inf,1.650770349100307,1.3813642721403931,1.4477854003906248,-0.42444747013709394,-0.4727854003906251,0.12606592976069259,{'ROAD_LINE_BROKEN_SINGLE_WHITE'},True,True,predicted_collision_within_1s;raw_collision_risk:collision,False,False,,0,False,raw_predicted_collision,True,5,0,static_obstacle,1.363867841351645,-3.6676189862621458,0.7818132697350548,inf,False,False,79.78510831641876,inf,0.0,True,False,1,0,,True,False,0.0,1.0292619066998263,1.4602621268717406,1.4477854003906248,3.0,collision,True,predicted_collision_within_1s;raw_collision_risk:collision,,False,False,0.0,1.650770349100307,1.3813642721403931,1.4477854003906248,False,-226.34625562509797,,,
6000,1029,1,454,454,0.22636747360229492,0.9129352569580078,0.12696434557437897,0.0,-0.09940312802791595,-0.9129352569580078,True,True,predictive_recovery,keep_stop,1.223602294921875,0.04728853556281434,10,1,,0,0,0,False,False,False,False,False,False,False,False,True,0.9685502888196246,0.01102057162919925,0.0,False,max_steps,vehicle,6.5664825439453125,low_speed_overlap,True,,inf,inf,inf,1.7408030810083956,1.3802456318265361,1.4476022949218748,-0.29951550403575977,-0.4726022949218751,0.11826244361056645,{'ROAD_LINE_BROKEN_SINGLE_WHITE'},True,True,predicted_collision_within_1s;raw_collision_risk:collision,False,False,,0,False,raw_predicted_collision,True,4,0,static_obstacle,1.3703415728988897,-3.674418462276551,0.7828213911247128,inf,False,False,140.37037424308326,inf,0.0,True,False,1,0,,True,False,0.0,1.0462062519247688,1.4591321951627367,1.4476022949218748,3.0,collision,True,predicted_collision_within_1s;raw_collision_risk:collision,,False,False,0.0,1.7408030810083956,1.3802456318265361,1.4476022949218748,False,-226.7913178737032,,,
6000,1029,1,455,455,0.22596466541290283,0.913510799407959,0.1265992820262909,0.0,-0.09936538338661194,-0.913510799407959,True,True,predictive_recovery,keep_stop,1.2235870361328125,0.01102057162919925,10,1,,0,0,0,False,False,False,False,False,False,False,False,True,0.9685532372455815,0.0057352865591062865,0.0,False,max_steps,vehicle,6.5626373291015625,low_speed_overlap,True,,inf,inf,inf,1.8452163479428942,1.3759932135737623,1.4475870361328123,-0.15967157136729915,-0.4725870361328126,0.10952278174871757,{'ROAD_LINE_BROKEN_SINGLE_WHITE'},True,True,predicted_collision_within_1s;raw_collision_risk:collision,False,False,,0,False,raw_predicted_collision,True,3,0,static_obstacle,1.373685189705055,-3.6778874711966485,0.7834214440324665,inf,False,False,905.8305063612737,inf,0.0,True,False,1,0,,True,False,0.0,1.069224376233234,1.4548465393483718,1.4475870361328123,3.0,collision,True,predicted_collision_within_1s;raw_collision_risk:collision,,False,False,0.0,1.8452163479428942,1.3759932135737623,1.4475870361328123,False,-317.2540077941942,,,
6000,1029,1,456,456,0.22576165199279785,0.9133772850036621,0.126509889960289,0.0,-0.09925176203250885,-0.9133772850036621,True,True,predictive_recovery,keep_stop,1.2235870361328125,0.0057352865591062865,10,1,,0,0,0,False,False,False,False,False,False,False,False,True,0.9685536997437709,0.0020294549305287088,0.0,False,max_steps,vehicle,6.5618743896484375,low_speed_overlap,True,,inf,inf,inf,1.8540945972640404,1.3755381884306839,1.4475870361328123,-0.1460377027782398,-0.4725870361328126,0.10862518346501143,{'ROAD_LINE_BROKEN_SINGLE_WHITE'},True,True,predicted_collision_within_1s;raw_collision_risk:collision,False,False,,0,False,raw_predicted_collision,True,2,0,static_obstacle,1.3743370428140531,-3.6785403425290424,0.7835823338037091,inf,False,False,1756.3355522127104,inf,0.0,True,False,1,0,,True,False,0.0,1.0708758879354976,1.4543879742790045,1.4475870361328123,3.0,collision,True,predicted_collision_within_1s;raw_collision_risk:collision,,False,False,0.0,1.8540945972640404,1.3755381884306839,1.4475870361328123,False,-317.3162646148472,,,
6000,1029,1,457,457,0.2257392406463623,0.9133865833282471,0.1265096515417099,0.0,-0.0992295891046524,-0.9133865833282471,True,True,predictive_recovery,keep_stop,1.2235565185546875,0.0020294549305287088,10,1,,0,0,0,False,False,False,False,False,False,False,False,True,0.9685545669278759,0.004909653857282585,0.0,False,max_steps,vehicle,6.5618896484375,low_speed_overlap,True,,inf,inf,inf,1.8648135623254993,1.3748809820614063,1.4475565185546873,-0.13173483199512015,-0.4725565185546876,0.10741029097895774,{'ROAD_LINE_BROKEN_SINGLE_WHITE'},True,True,predicted_collision_within_1s;raw_collision_risk:collision,False,False,,0,False,raw_predicted_collision,True,1,0,static_obstacle,1.3744559657865414,-3.6786643027008066,0.7836025774294231,inf,False,False,inf,inf,0.0,True,False,1,0,,True,False,0.0,1.0748059237460525,1.4537252136396013,1.4475565185546873,3.0,collision,True,predicted_collision_within_1s;raw_collision_risk:collision,,False,False,0.0,1.8648135623254993,1.3748809820614063,1.4475565185546873,False,-317.36358976143697,,,
6000,1029,1,458,458,0.22573375701904297,0.9133195877075195,0.12650549411773682,0.0,-0.09922826290130615,-0.9133195877075195,True,True,predictive_recovery,keep_stop,1.2235107421875,0.004909653857282585,10,1,,0,0,0,False,False,False,False,False,False,False,False,True,0.9685547403646969,0.0024404918058584107,0.0,False,max_steps,vehicle,6.561676025390625,low_speed_overlap,True,,inf,inf,inf,1.8562719661170557,1.3757009414550152,1.4475107421874998,-0.14309793036820562,-0.4725107421875001,0.10842947193144657,{'ROAD_LINE_BROKEN_SINGLE_WHITE'},True,True,predicted_collision_within_1s;raw_collision_risk:collision,False,False,,0,False,raw_predicted_collision,False,0,0,static_obstacle,1.374672697272335,-3.678890638379472,0.7836386720921298,inf,False,False,2277.5802389604014,inf,0.0,True,False,1,0,,True,False,0.0,1.0712951076974688,1.454550896308145,1.4475107421874998,3.0,collision,True,predicted_collision_within_1s;raw_collision_risk:collision,,False,False,0.0,1.8562719661170557,1.3757009414550152,1.4475107421874998,False,-317.32419873231873,,,
6000,1029,1,459,459,0.2257373332977295,0.9133760929107666,0.1265048384666443,0.0,-0.0992324948310852,-0.9133760929107666,True,True,predictive_recovery,keep_stop,1.2235107421875,0.0024404918058584107,10,1,,0,0,0,False,False,False,False,False,False,False,False,True,0.968555434111981,0.004818343401330593,0.0,False,max_steps,vehicle,6.561767578125,low_speed_overlap,True,,inf,inf,inf,1.8646161535378236,1.3752221520586285,1.4475107421874998,-0.1322884910267157,-0.4725107421875001,0.10751301917903731,{'ROAD_LINE_BROKEN_SINGLE_WHITE'},True,True,predicted_collision_within_1s;raw_collision_risk:collision,False,False,,0,False,raw_predicted_collision,False,0,0,static_obstacle,1.374711043689216,-3.6789353393497572,0.783636318453929,inf,False,False,inf,inf,0.0,True,False,1,0,,True,False,0.0,1.0744230122447176,1.454068380877844,1.4475107421874998,3.0,collision,True,predicted_collision_within_1s;raw_collision_risk:collision,,False,False,0.0,1.8646161535378236,1.3752221520586285,1.4475107421874998,False,-317.35692721886926,,,
6000,1029,1,460,460,0.2257298231124878,0.9133224487304688,0.12649866938591003,0.0,-0.09923115372657776,-0.9133224487304688,True,True,predictive_recovery,keep_stop,1.2235107421875,0.004818343401330593,10,1,,0,0,0,False,False,False,False,False,False,False,False,True,0.9685556075488019,0.00244881695114951,0.0,False,max_steps,vehicle,6.5615997314453125,low_speed_overlap,True,,inf,inf,inf,1.8564586602204147,1.3758735703416283,1.4475107421874998,-0.14282717055858418,-0.4725107421875001,0.10841495113817758,{'ROAD_LINE_BROKEN_SINGLE_WHITE'},True,True,predicted_collision_within_1s;raw_collision_risk:collision,False,False,,0,False,raw_predicted_collision,False,0,0,static_obstacle,1.3748644308561635,-3.6791092832393617,0.7836360287644952,inf,False,False,2354.8599222349385,inf,0.0,True,False,1,0,,True,False,0.0,1.0712878509680097,1.4547248682692426,1.4475107421874998,3.0,collision,True,predicted_collision_within_1s;raw_collision_risk:collision,,False,False,0.0,1.8564586602204147,1.3758735703416283,1.4475107421874998,False,-317.3246439055321,,,
6000,1029,1,461,461,0.22572267055511475,0.9133803844451904,0.12649504840373993,0.0,-0.09922762215137482,-0.9133803844451904,True,True,predictive_recovery,keep_stop,1.2235107421875,0.00244881695114951,10,1,,0,0,0,False,False,False,False,False,False,False,False,True,0.9685563012960859,0.0048181780972817185,0.0,False,max_steps,vehicle,6.5616912841796875,low_speed_overlap,True,,inf,inf,inf,1.8645421074385946,1.3754156399840907,1.4475107421874998,-0.13237352637458466,-0.4725107421875001,0.10752266742130226,{'ROAD_LINE_BROKEN_SINGLE_WHITE'},True,True,predicted_collision_within_1s;raw_collision_risk:collision,False,False,,0,False,raw_predicted_collision,False,0,0,static_obstacle,1.3749027780227363,-3.679149939636655,0.7836412690289403,inf,False,False,inf,inf,0.0,True,False,1,0,,True,False,0.0,1.074346326248313,1.4542633747402884,1.4475107421874998,3.0,collision,True,predicted_collision_within_1s;raw_collision_risk:collision,,False,False,0.0,1.8645421074385946,1.3754156399840907,1.4475107421874998,False,-317.3561033238226,,,
6000,1029,1,462,462,0.22572672367095947,0.9133177995681763,0.12648682296276093,0.0,-0.09923990070819855,-0.9133177995681763,True,True,predictive_recovery,keep_stop,1.2235107421875,0.0048181780972817185,10,1,,0,0,0,False,False,False,False,False,False,False,False,True,0.968556474732907,0.0024486685047743757,0.0,False,max_steps,vehicle,6.5615234375,low_speed_overlap,True,,inf,inf,inf,1.8563870591045002,1.3760652927686559,1.4475107421874998,-0.1429028362157574,-0.4725107421875001,0.10842254043320196,{'ROAD_LINE_BROKEN_SINGLE_WHITE'},True,True,predicted_collision_within_1s;raw_collision_risk:collision,False,False,,0,False,raw_predicted_collision,False,0,0,static_obstacle,1.3750561681882416,-3.679321078485195,0.7836462482736724,inf,False,False,2354.985118638031,inf,0.0,True,False,1,0,,True,False,0.0,1.071217087048475,1.4549180820987784,1.4475107421874998,3.0,collision,True,predicted_collision_within_1s;raw_collision_risk:collision,,False,False,0.0,1.8563870591045002,1.3760652927686559,1.4475107421874998,False,-317.32371289170646,,,
6000,1029,1,463,463,0.22571635246276855,0.9133710861206055,0.1264829784631729,0.0,-0.09923337399959564,-0.9133710861206055,True,True,predictive_recovery,keep_stop,1.2235107421875,0.0024486685047743757,10,1,,0,0,0,False,False,False,False,False,False,False,False,True,0.9685571684801909,0.004818177899499437,0.0,False,max_steps,vehicle,6.561614990234375,low_speed_overlap,True,,inf,inf,inf,1.8644700628167032,1.3756073569976912,1.4475107421874998,-0.1324496644512032,-0.4725107421875001,0.10753026081758753,{'ROAD_LINE_BROKEN_SINGLE_WHITE'},True,True,predicted_collision_within_1s;raw_collision_risk:collision,False,False,,0,False,raw_predicted_collision,False,0,0,static_obstacle,1.3750945161044024,-3.679361408710805,0.7836521018698086,inf,False,False,inf,inf,0.0,True,False,1,0,,True,False,0.0,1.0742755450061683,1.4544565836727184,1.4475107421874998,3.0,collision,True,predicted_collision_within_1s;raw_collision_risk:collision,,False,False,0.0,1.8644700628167032,1.3756073569976912,1.4475107421874998,False,-317.3550579048879,,,
6000,1029,1,464,464,0.22570276260375977,0.9133164882659912,0.12647482752799988,0.0,-0.09922793507575989,-0.9133164882659912,True,True,predictive_recovery,keep_stop,1.2235107421875,0.004818177899499437,10,1,,0,0,0,False,False,False,False,False,False,False,False,True,0.9685573419170119,0.0024487395476895987,0.0,False,max_steps,vehicle,6.5614471435546875,low_speed_overlap,True,,inf,inf,inf,1.8563149901854756,1.3762570535218595,1.4475107421874998,-0.14297912940934632,-0.4725107421875001,0.10843016977975553,{'ROAD_LINE_BROKEN_SINGLE_WHITE'},True,True,predicted_collision_within_1s;raw_collision_risk:collision,False,False,,0,False,raw_predicted_collision,False,0,0,static_obstacle,1.3752479092680525,-3.679532661796313,0.7836568695093207,inf,False,False,2354.965899704348,inf,0.0,True,False,1,0,,True,False,0.0,1.0711462082172964,1.4551113343188378,1.4475107421874998,3.0,collision,True,predicted_collision_within_1s;raw_collision_risk:collision,,False,False,0.0,1.8563149901854756,1.3762570535218595,1.4475107421874998,False,-317.32286114951944,,,
6000,1029,1,465,465,0.2257061004638672,0.9133679866790771,0.12647095322608948,0.0,-0.09923514723777771,-0.9133679866790771,True,True,predictive_recovery,keep_stop,1.2235107421875,0.0024487395476895987,10,1,,0,0,0,False,False,False,False,False,False,False,False,True,0.968558035664296,0.00481812676468299,0.0,False,max_steps,vehicle,6.5615386962890625,low_speed_overlap,True,,inf,inf,inf,1.8643979664435224,1.375799123727515,1.4475107421874998,-0.13252603299157606,-0.4725107421875001,0.10753790744002521,{'ROAD_LINE_BROKEN_SINGLE_WHITE'},True,True,predicted_collision_within_1s;raw_collision_risk:collision,False,False,,0,False,raw_predicted_collision,False,0,0,static_obstacle,1.3752862579336964,-3.679572959409057,0.7836627853015781,inf,False,False,inf,inf,0.0,True,False,1,0,,True,False,0.0,1.0742046109478425,1.454649842474338,1.4475107421874998,3.0,collision,True,predicted_collision_within_1s;raw_collision_risk:collision,,False,False,0.0,1.8643979664435224,1.375799123727515,1.4475107421874998,False,-317.3541614117444,,,
6000,1029,1,466,466,0.22568786144256592,0.913311243057251,0.12646271288394928,0.0,-0.09922514855861664,-0.913311243057251,True,True,predictive_recovery,keep_stop,1.2235107421875,0.00481812676468299,10,1,,0,0,0,False,False,False,False,False,False,False,False,True,0.968558209101117,0.0024487586141973745,0.0,False,max_steps,vehicle,6.561370849609375,low_speed_overlap,True,,inf,inf,inf,1.8562430657063689,1.3764488073502557,1.4475107421874998,-0.14305522900128587,-0.4725107421875001,0.10843778676998711,{'ROAD_LINE_BROKEN_SINGLE_WHITE'},True,True,predicted_collision_within_1s;raw_collision_risk:collision,False,False,,0,False,raw_predicted_collision,False,0,0,static_obstacle,1.3754396540950775,-3.6797440657874154,0.7836678312916745,inf,False,False,2354.991368830365,inf,0.0,True,False,1,0,,True,False,0.0,1.0710753650068918,1.4553045793264834,1.4475107421874998,3.0,collision,True,predicted_collision_within_1s;raw_collision_risk:collision,,False,False,0.0,1.8562430657063689,1.3764488073502557,1.4475107421874998,False,-317.32191408213595,,,
6000,1029,1,467,467,0.2256913185119629,0.9133646488189697,0.12645883858203888,0.0,-0.09923247992992401,-0.9133646488189697,True,True,predictive_recovery,keep_stop,1.2235107421875,0.0024487586141973745,10,1,,0,0,0,False,False,False,False,False,False,False,False,True,0.968558902848401,0.004818127069006404,0.0,False,max_steps,vehicle,6.56146240234375,low_speed_overlap,True,,inf,inf,inf,1.8643258824367375,1.3759908833171595,1.4475107421874998,-0.1326023469567228,-0.4725107421875001,0.10754554145818528,{'ROAD_LINE_BROKEN_SINGLE_WHITE'},True,True,predicted_collision_within_1s;raw_collision_risk:collision,False,False,,0,False,raw_predicted_collision,False,0,0,static_obstacle,1.3754780035101024,-3.6797843634046723,0.7836737480416667,inf,False,False,inf,inf,0.0,True,False,1,0,,True,False,0.0,1.074133713237324,1.4548430938463397,1.4475107421874998,3.0,collision,True,predicted_collision_within_1s;raw_collision_risk:collision,,False,False,0.0,1.8643258824367375,1.3759908833171595,1.4475107421874998,False,-317.35325980478945,,,
6000,1029,1,468,468,0.22567343711853027,0.9133074283599854,0.1264505386352539,0.0,-0.09922289848327637,-0.9133074283599854,True,True,predictive_recovery,keep_stop,1.2235107421875,0.004818127069006404,10,1,,0,0,0,False,False,False,False,False,False,False,False,True,0.968559076285222,0.0024487606051043454,0.0,False,max_steps,vehicle,6.5612945556640625,low_speed_overlap,True,,inf,inf,inf,1.856170995544939,1.3766405756968803,1.4475107421874998,-0.143131524103278,-0.4725107421875001,0.10844541623834157,{'ROAD_LINE_BROKEN_SINGLE_WHITE'},True,True,predicted_collision_within_1s;raw_collision_risk:collision,False,False,,0,False,raw_predicted_collision,False,0,0,static_obstacle,1.3756314026688006,-3.6799554046197787,0.7836789192969249,inf,False,False,2354.9718416316214,inf,0.0,True,False,1,0,,True,False,0.0,1.0710044860848917,1.4554978387315403,1.4475107421874998,3.0,collision,True,predicted_collision_within_1s;raw_collision_risk:collision,,False,False,0.0,1.856170995544939,1.3766405756968803,1.4475107421874998,False,-317.3210014992414,,,
6000,1029,1,469,469,0.22568893432617188,0.9133583307266235,0.1264466941356659,0.0,-0.09924224019050598,-0.9133583307266235,True,True,predictive_recovery,keep_stop,1.2235107421875,0.0024487606051043454,10,1,,0,0,0,False,False,False,False,False,False,False,False,True,0.9685597700325059,0.004818112328158698,0.0,False,max_steps,vehicle,6.5613861083984375,low_speed_overlap,True,,inf,inf,inf,1.8642538025530349,1.3761826430756503,1.4475107421874998,-0.1326786429924871,-0.4725107421875001,0.10755317133551118,{'ROAD_LINE_BROKEN_SINGLE_WHITE'},True,True,predicted_collision_within_1s;raw_collision_risk:collision,False,False,,0,False,raw_predicted_collision,False,0,0,static_obstacle,1.3756697528331034,-3.679995751169053,0.783684745127045,inf,False,False,inf,inf,0.0,True,False,1,0,,True,False,0.0,1.0740628275548083,1.4550363451546706,1.4475107421874998,3.0,collision,True,predicted_collision_within_1s;raw_collision_risk:collision,,False,False,0.0,1.8642538025530349,1.3761826430756503,1.4475107421874998,False,-317.3522858404961,,,
6000,1029,1,470,470,0.22567200660705566,0.9133020639419556,0.1264384686946869,0.0,-0.09923353791236877,-0.9133020639419556,True,True,predictive_recovery,keep_stop,1.2235107421875,0.004818112328158698,10,1,,0,0,0,False,False,False,False,False,False,False,False,True,0.968559943469327,0.002448778729095123,0.0,False,max_steps,vehicle,6.56121826171875,low_speed_overlap,True,,inf,inf,inf,1.8560989681100284,1.3768323446354775,1.4475107421874998,-0.14320776202152974,-0.4725107421875001,0.10845304205703342,{'ROAD_LINE_BROKEN_SINGLE_WHITE'},True,True,predicted_collision_within_1s;raw_collision_risk:collision,False,False,,0,False,raw_predicted_collision,False,0,0,static_obstacle,1.3758231549887048,-3.6801668740036226,0.7836897660132962,inf,False,False,2354.9654147644337,inf,0.0,True,False,1,0,,True,False,0.0,1.0709336177753412,1.4556910984994953,1.4475107421874998,3.0,collision,True,predicted_collision_within_1s;raw_collision_risk:collision,,False,False,0.0,1.8560989681100284,1.3768323446354775,1.4475107421874998,False,-317.3200515620955,,,
6000,1029,1,471,471,0.22566235065460205,0.9133557081222534,0.12643462419509888,0.0,-0.09922772645950317,-0.9133557081222534,True,True,predictive_recovery,keep_stop,1.2235107421875,0.002448778729095123,10,1,,0,0,0,False,False,False,False,False,False,False,False,True,0.968560637216611,0.004818099074674867,0.0,False,max_steps,vehicle,6.561309814453125,low_speed_overlap,True,,inf,inf,inf,1.8641817189489323,1.3763744099580373,1.4475107421874998,-0.13275495596798992,-0.4725107421875001,0.10756080512511025,{'ROAD_LINE_BROKEN_SINGLE_WHITE'},True,True,predicted_collision_within_1s;raw_collision_risk:collision,False,False,,0,False,raw_predicted_collision,False,0,0,static_obstacle,1.3758615059021817,-3.6802072205578495,0.7836955927945342,inf,False,False,inf,inf,0.0,True,False,1,0,,True,False,0.0,1.0739919307598171,1.4552296034085195,1.4475107421874998,3.0,collision,True,predicted_collision_within_1s;raw_collision_risk:collision,,False,False,0.0,1.8641817189489323,1.3763744099580373,1.4475107421874998,False,-317.351401787962,,,
6000,1029,1,472,472,0.22564482688903809,0.9132990837097168,0.12642639875411987,0.0,-0.09921842813491821,-0.9132990837097168,True,True,predictive_recovery,keep_stop,1.2235107421875,0.004818099074674867,10,1,,0,0,0,False,False,False,False,False,False,False,False,True,0.968560810653432,0.0024488069664022425,0.0,False,max_steps,vehicle,6.5611419677734375,low_speed_overlap,True,,inf,inf,inf,1.856026936550339,1.377024117628461,1.4475107421874998,-0.14328400559296117,-0.4725107421875001,0.10846066823653057,{'ROAD_LINE_BROKEN_SINGLE_WHITE'},True,True,predicted_collision_within_1s;raw_collision_risk:collision,False,False,,0,False,raw_predicted_collision,False,0,0,static_obstacle,1.3760149110542732,-3.680378359775482,0.7837005858050685,inf,False,False,2354.9576767208778,inf,0.0,True,False,1,0,,True,False,0.0,1.070862748558988,1.4558843621197217,1.4475107421874998,3.0,collision,True,predicted_collision_within_1s;raw_collision_risk:collision,,False,False,0.0,1.856026936550339,1.377024117628461,1.4475107421874998,False,-317.31915959835993,,,
6000,1029,1,473,473,0.22565209865570068,0.913353681564331,0.12642250955104828,0.0,-0.0992295891046524,-0.913353681564331,True,True,predictive_recovery,keep_stop,1.2235107421875,0.0024488069664022425,10,1,,0,0,0,False,False,False,False,False,False,False,False,True,0.968561504400716,0.004818082449657286,0.0,False,max_steps,vehicle,6.5612335205078125,low_speed_overlap,True,,inf,inf,inf,1.8641096330462168,1.3765661827031204,1.4475107421874998,-0.13283127956247398,-0.4725107421875001,0.10756844136718771,{'ROAD_LINE_BROKEN_SINGLE_WHITE'},True,True,predicted_collision_within_1s;raw_collision_risk:collision,False,False,,0,False,raw_predicted_collision,False,0,0,static_obstacle,1.3760532627168212,-3.6804186410970243,0.7837065360564295,inf,False,False,inf,inf,0.0,True,False,1,0,,True,False,0.0,1.0739210270470894,1.4554228673369038,1.4475107421874998,3.0,collision,True,predicted_collision_within_1s;raw_collision_risk:collision,,False,False,0.0,1.8641096330462168,1.3765661827031204,1.4475107421874998,False,-317.3505326421099,,,
6000,1029,1,474,474,0.22563374042510986,0.9132958650588989,0.1264142543077469,0.0,-0.09921948611736298,-0.9132958650588989,True,True,predictive_recovery,keep_stop,1.2235107421875,0.004818082449657286,10,1,,0,0,0,False,False,False,False,False,False,False,False,True,0.968561677837537,0.002448815921366875,0.0,False,max_steps,vehicle,6.561065673828125,low_speed_overlap,True,,inf,inf,inf,1.85595491463542,1.3772158936575172,1.4475107421874998,-0.1433602363498614,-0.4725107421875001,0.10846829359816029,{'ROAD_LINE_BROKEN_SINGLE_WHITE'},True,True,predicted_collision_within_1s;raw_collision_risk:collision,False,False,,0,False,raw_predicted_collision,False,0,0,static_obstacle,1.376206670864989,-3.680589731459896,0.7837116237170467,inf,False,False,2354.9529515929034,inf,0.0,True,False,1,0,,True,False,0.0,1.0707918818212843,1.4560776285660288,1.4475107421874998,3.0,collision,True,predicted_collision_within_1s;raw_collision_risk:collision,,False,False,0.0,1.85595491463542,1.3772158936575172,1.4475107421874998,False,-317.3182622857035,,,
6000,1029,1,475,475,0.22563588619232178,0.9133479595184326,0.22563588619232178,0.9133479595184326,0.0,0.0,True,False,inactive_raw_action,raw_action_safe,0,0,0,0,low_risk_verified_passthrough,0,0,0,False,False,False,False,False,False,False,False,True,0.9685860746170246,0.2702099314070179,0.0,False,max_steps,vehicle,6.5611572265625,low_speed_overlap,True,,inf,inf,inf,inf,inf,inf,inf,inf,0.0,{'ROAD_LINE_BROKEN_SINGLE_WHITE'},False,False,,False,False,,0,True,,False,0,0,static_obstacle,1.376245023276504,-3.6806299801666835,0.7837176361917697,inf,False,True,inf,inf,0.0,False,False,1,-1,,True,False,0.0,1.0738501369000524,1.4556161307341788,1.4475107421874998,3.0,collision,False,low_risk_verified,,False,False,0.0,inf,inf,inf,False,0.0,,,
6000,1029,1,476,476,0.2095630168914795,0.9528192281723022,0.2095630168914795,0.9528192281723022,0.0,0.0,True,False,inactive_raw_action,raw_action_safe,0,0,0,0,low_risk_verified_passthrough,0,0,0,False,False,False,False,False,False,False,False,True,0.9687101975685884,0.554638235253137,0.0,False,max_steps,vehicle,6.5547332763671875,low_speed_overlap,True,,inf,inf,inf,inf,inf,inf,inf,inf,0.0,{'ROAD_LINE_BROKEN_SINGLE_WHITE'},False,False,,False,False,,0,True,,False,0,0,static_obstacle,1.3816746985630066,-3.686463675159887,0.7843129918336476,inf,False,True,23.610055305503987,inf,0.0,False,False,1,-1,,True,False,0.0,0.8805018567126259,1.5177877794711614,1.4474497070312498,3.0,collision,False,low_risk_verified,,False,False,0.0,inf,inf,inf,False,0.0,,,
6000,1029,1,477,477,0.20472216606140137,0.9511616230010986,0.20472216606140137,0.9511616230010986,0.0,0.0,True,False,inactive_raw_action,raw_action_safe,0,0,0,0,low_risk_verified_passthrough,0,0,0,False,False,False,False,False,False,False,False,True,0.9689417935368999,0.838612169566809,0.0,False,max_steps,vehicle,6.5221099853515625,low_speed_overlap,True,,inf,inf,inf,inf,inf,inf,inf,inf,0.0,{'ROAD_LINE_BROKEN_SINGLE_WHITE'},False,False,,False,False,,0,True,,False,0,0,static_obstacle,1.4092577408110178,-3.7157853903415266,0.7878926287248551,inf,False,True,11.44494033209862,inf,0.0,False,False,1,-1,,True,False,0.0,1.216531531285523,1.606415495235418,1.4472971191406248,3.0,collision,False,low_risk_verified,,False,False,0.0,inf,inf,inf,False,0.0,,,
6000,1029,1,478,478,0.23588311672210693,0.9551882743835449,0.23588311672210693,0.9551882743835449,0.0,0.0,True,False,inactive_raw_action,raw_action_safe,0,0,0,0,low_risk_verified_passthrough,0,0,0,False,False,False,False,False,False,False,False,True,0.9692809781465064,1.1224507904104684,0.0,False,max_steps,vehicle,6.46099853515625,low_speed_overlap,True,,inf,inf,inf,inf,inf,inf,inf,inf,0.0,{'ROAD_LINE_BROKEN_SINGLE_WHITE'},False,False,,False,False,,0,True,,False,0,0,static_obstacle,1.4608168064768179,-3.770412144032503,0.7947805070282032,inf,False,True,7.471549973151101,inf,0.0,False,False,1,-1,,True,False,0.0,1.0267640144836312,1.7200379074873104,1.4472055664062498,3.0,collision,False,low_risk_verified,,False,False,0.0,inf,inf,inf,False,0.0,,,
6000,1029,1,479,479,0.3689417839050293,0.9658012390136719,0.05897077918052673,-0.8500000238418579,-0.30997100472450256,-1.8158012628555298,True,True,minimum_risk_stop,pre_contact_minimum_risk,0,0,10,0,no_safe_candidate_before_cost,0,0,0,False,False,False,False,False,False,False,False,True,0.9695563380059841,0.15541668385754837,0.0,False,max_steps,vehicle,6.371612548828125,low_speed_overlap,True,,inf,inf,inf,inf,inf,inf,inf,inf,0.0,{'ROAD_LINE_BROKEN_SINGLE_WHITE'},True,True,predicted_collision_within_1s;raw_collision_risk:collision,False,False,,0,False,raw_predicted_collision,True,8,0,static_obstacle,1.5364820297736494,-3.849903522849427,0.8058610009297795,inf,False,False,5.520669524620354,inf,0.0,True,False,1,0,,True,False,0.0,0.8134701330423075,1.8591028723677006,1.4476328124999998,3.0,collision,True,no_safe_candidate_before_cost,no_hard_safe_candidate,False,False,0.0,inf,inf,inf,False,0.0,,,
6000,1029,1,480,480,0.3611561059951782,0.87897789478302,0.10447978973388672,0.0,-0.2566763162612915,-0.87897789478302,True,True,predictive_recovery,keep_stop,1.2254486083984375,0.15541668385754837,10,1,,0,0,0,False,False,False,False,False,False,False,False,True,0.9696014893917182,0.11842090966677975,0.0,False,max_steps,vehicle,6.2989501953125,low_speed_overlap,True,,inf,inf,inf,1.1852548868056791,1.6308127014230143,1.4494486083984373,-0.9797613278573545,-0.4744486083984376,0.17178866829751283,{'ROAD_LINE_BROKEN_SINGLE_WHITE'},True,True,predicted_collision_within_1s;raw_collision_risk:collision,False,False,,0,False,raw_predicted_collision,True,7,0,static_obstacle,1.597531553499669,-3.911883871926194,0.8187730545955021,inf,False,False,39.90146751939305,inf,0.0,True,False,1,0,,True,False,0.0,1.1929164513101664,1.711483163086197,1.4494486083984373,3.0,collision,True,predicted_collision_within_1s;raw_collision_risk:collision,,False,False,0.0,1.1852548868056791,1.6308127014230143,1.4494486083984373,False,-224.10409389148944,,,
6000,1029,1,481,481,0.35909736156463623,0.9331289529800415,0.1037420779466629,0.0,-0.2553552985191345,-0.9331289529800415,True,True,predictive_recovery,keep_stop,1.2260284423828125,0.11842090966677975,10,1,,0,0,0,False,False,False,False,False,False,False,False,True,0.9696435189146744,0.08199940391058207,0.0,False,max_steps,vehicle,6.28717041015625,low_speed_overlap,True,,inf,inf,inf,1.282908072585153,1.6328035910604102,1.4500284423828123,-0.8444182797593722,-0.4750284423828126,0.16371818735775687,{'ROAD_LINE_BROKEN_SINGLE_WHITE'},True,True,predicted_collision_within_1s;raw_collision_risk:collision,False,False,,0,False,raw_predicted_collision,True,6,0,static_obstacle,1.6074300094767364,-3.9226999153588507,0.8193468324099085,inf,False,False,53.377610087691714,inf,0.0,True,False,1,0,,True,False,0.0,1.199852524437289,1.713493918162581,1.4500284423828123,3.0,collision,True,predicted_collision_within_1s;raw_collision_risk:collision,,False,False,0.0,1.282908072585153,1.6328035910604102,1.4500284423828123,False,-225.51998186544063,,,
6000,1029,1,482,482,0.358728289604187,0.9335958957672119,0.10323207080364227,0.0,-0.25549620389938354,-0.9335958957672119,True,True,predictive_recovery,keep_stop,1.225311279296875,0.08199940391058207,10,1,,0,0,0,False,False,False,False,False,False,False,False,True,0.9696717891164978,0.045665443231537595,0.0,False,max_steps,vehicle,6.276092529296875,low_speed_overlap,True,,inf,inf,inf,1.3696330883755485,1.634877443103213,1.4493112792968748,-0.7221807931262094,-0.4743112792968751,0.15609802499679362,{'ROAD_LINE_BROKEN_SINGLE_WHITE'},True,True,predicted_collision_within_1s;raw_collision_risk:collision,False,False,,0,False,raw_predicted_collision,True,5,0,static_obstacle,1.6173011600288036,-3.933105211506242,0.8206598907012701,inf,False,False,76.32282103508224,inf,0.0,True,False,1,0,,True,False,0.0,1.2058768670533082,1.7155719867332049,1.4493112792968748,3.0,collision,True,predicted_collision_within_1s;raw_collision_risk:collision,,False,False,0.0,1.3696330883755485,1.634877443103213,1.4493112792968748,False,-225.69885247724298,,,
6000,1029,1,483,483,0.3582099676132202,0.9341927766799927,0.10274595022201538,0.0,-0.25546401739120483,-0.9341927766799927,True,True,predictive_recovery,keep_stop,1.2249298095703125,0.045665443231537595,10,1,,0,0,0,False,False,False,False,False,False,False,False,True,0.9696862999971883,0.00938348644423084,0.0,False,max_steps,vehicle,6.268768310546875,low_speed_overlap,True,,inf,inf,inf,1.4703490428276225,1.6336819127442783,1.4489298095703123,-0.5853547586530814,-0.4739298095703126,0.1475959853194742,{'ROAD_LINE_BROKEN_SINGLE_WHITE'},True,True,predicted_collision_within_1s;raw_collision_risk:collision,False,False,,0,False,raw_predicted_collision,True,4,0,static_obstacle,1.6238921195115423,-3.939897061901298,0.8218403153976754,inf,False,False,146.24513304585957,inf,0.0,True,False,1,0,,True,False,0.008171457772556035,0.7727618074248133,1.714364126117802,1.4489298095703123,3.0,collision,True,predicted_collision_within_1s;raw_collision_risk:collision,,False,False,0.0,1.4703490428276225,1.6336819127442783,1.4489298095703123,False,-225.82308510130198,,,
6000,1029,1,484,484,0.3579394817352295,0.9347165822982788,0.10245849192142487,0.0,-0.2554810047149658,-0.9347165822982788,True,True,predictive_recovery,keep_stop,1.2248687744140625,0.00938348644423084,10,1,,0,0,0,False,False,False,False,False,False,False,False,True,0.969688612488135,0.003439190626480207,0.0,False,max_steps,vehicle,6.26495361328125,low_speed_overlap,True,,inf,inf,inf,1.5636156684136249,1.6292184628323712,1.4488687744140623,-0.4568262350677146,-0.4738687744140626,0.13945875686600487,{'ROAD_LINE_BROKEN_SINGLE_WHITE'},True,True,predicted_collision_within_1s;raw_collision_risk:collision,False,False,,0,False,raw_predicted_collision,True,3,0,static_obstacle,1.6272069366060709,-3.943320568710293,0.8224181144040017,inf,False,False,838.8659984495998,inf,0.0,True,False,1,0,,True,False,0.0020886579590673857,0.7930378068031088,1.7098715478305733,1.4488687744140623,3.0,collision,True,predicted_collision_within_1s;raw_collision_risk:collision,,False,False,0.0,1.5636156684136249,1.6292184628323712,1.4488687744140623,False,-316.12205969168275,,,
6000,1029,1,485,485,0.3580174446105957,0.9346828460693359,0.10239268839359283,0.0,-0.25562477111816406,-0.9346828460693359,True,True,predictive_recovery,keep_stop,1.2248687744140625,0.003439190626480207,10,1,,0,0,0,False,False,False,False,False,False,False,False,True,0.9696889015495033,0.003830412661754425,0.0,False,max_steps,vehicle,6.2644805908203125,low_speed_overlap,True,,inf,inf,inf,1.5837637389641492,1.62846751424897,1.4488687744140623,-0.4306241120930565,-0.4738687744140626,0.1377555088188196,{'ROAD_LINE_BROKEN_SINGLE_WHITE'},True,True,predicted_collision_within_1s;raw_collision_risk:collision,False,False,,0,False,raw_predicted_collision,True,2,0,static_obstacle,1.6277302660901183,-3.9438375509707706,0.8225556736176118,inf,False,False,inf,inf,0.0,True,False,1,0,,True,False,0.0005926348387087499,0.7980245505376375,1.7091158170916783,1.4488687744140623,3.0,collision,True,predicted_collision_within_1s;raw_collision_risk:collision,,False,False,0.0,1.5837637389641492,1.62846751424897,1.4488687744140623,False,-316.1638334610837,,,
6000,1029,1,486,486,0.3580629825592041,0.9346363544464111,0.10239418596029282,0.0,-0.2556687891483307,-0.9346363544464111,True,True,predictive_recovery,keep_stop,1.2248687744140625,0.003830412661754425,10,1,,0,0,0,False,False,False,False,False,False,False,False,True,0.969688612488135,0.0034411373902927724,0.0,False,max_steps,vehicle,6.2644195556640625,low_speed_overlap,True,,inf,inf,inf,1.5787684717248953,1.6286168041821962,1.4488687744140623,-0.4362524974984461,-0.4738687744140626,0.13816493075416797,{'ROAD_LINE_BROKEN_SINGLE_WHITE'},True,True,predicted_collision_within_1s;raw_collision_risk:collision,False,False,,0,False,raw_predicted_collision,True,1,0,static_obstacle,1.6277956838445211,-3.9439157457887033,0.8225460888302467,inf,False,False,3575.00078901456,inf,0.0,True,False,1,0,,True,False,0.0010843960081323933,0.7963853466395587,1.7092660579422272,1.4488687744140623,3.0,collision,True,predicted_collision_within_1s;raw_collision_risk:collision,,False,False,0.0,1.5787684717248953,1.6286168041821962,1.4488687744140623,False,-316.16483416874325,,,
6000,1029,1,487,487,0.3580625057220459,0.9346449375152588,0.10239674896001816,0.0,-0.25566574931144714,-0.9346449375152588,True,True,predictive_recovery,keep_stop,1.2248687744140625,0.0034411373902927724,10,1,,0,0,0,False,False,False,False,False,False,False,False,True,0.9696889015495033,0.003827735839257477,0.0,False,max_steps,vehicle,6.2646331787109375,low_speed_overlap,True,,inf,inf,inf,1.5839067042269153,1.6284679315829445,1.4488687744140623,-0.43047356830443384,-0.4738687744140626,0.13774072211998117,{'ROAD_LINE_BROKEN_SINGLE_WHITE'},True,True,predicted_collision_within_1s;raw_collision_risk:collision,False,False,,0,False,raw_predicted_collision,False,0,0,static_obstacle,1.6277302660901183,-3.9438432227180624,0.8225444812705773,inf,False,False,inf,inf,0.0,True,False,1,0,,True,False,0.0005508287631926789,0.7981639041226911,1.7091162370840534,1.4488687744140623,3.0,collision,True,predicted_collision_within_1s;raw_collision_risk:collision,,False,False,0.0,1.5839067042269153,1.6284679315829445,1.4488687744140623,False,-316.1635584673545,,,
6000,1029,1,488,488,0.3580632209777832,0.9346368312835693,0.10239436477422714,0.0,-0.25566884875297546,-0.9346368312835693,True,True,predictive_recovery,keep_stop,1.2248687744140625,0.003827735839257477,10,1,,0,0,0,False,False,False,False,False,False,False,False,True,0.969688612488135,0.0034412235504304085,0.0,False,max_steps,vehicle,6.2645721435546875,low_speed_overlap,True,,inf,inf,inf,1.578919427635435,1.6286162303362575,1.4488687744140623,-0.43608973597404077,-0.4738687744140626,0.13814902266482076,{'ROAD_LINE_BROKEN_SINGLE_WHITE'},True,True,predicted_collision_within_1s;raw_collision_risk:collision,False,False,,0,False,raw_predicted_collision,False,0,0,static_obstacle,1.6277956838445211,-3.943915995278524,0.8225455964888426,inf,False,False,3580.720400505917,inf,0.0,True,False,1,0,,True,False,0.0010416327739336095,0.7965278907535547,1.709265480441324,1.4488687744140623,3.0,collision,True,predicted_collision_within_1s;raw_collision_risk:collision,,False,False,0.0,1.578919427635435,1.6286162303362575,1.4488687744140623,False,-316.1655443123816,,,
6000,1029,1,489,489,0.3580625057220459,0.9346433877944946,0.10239513218402863,0.0,-0.25566738843917847,-0.9346433877944946,True,True,predictive_recovery,keep_stop,1.2248687744140625,0.0034412235504304085,10,1,,0,0,0,False,False,False,False,False,False,False,False,True,0.9696889015495033,0.0038277740600170898,0.0,False,max_steps,vehicle,6.2647857666015625,low_speed_overlap,True,,inf,inf,inf,1.5840501071076516,1.6284679500533794,1.4488687744140623,-0.4303210708819547,-0.4738687744140626,0.1377254842247528,{'ROAD_LINE_BROKEN_SINGLE_WHITE'},True,True,predicted_collision_within_1s;raw_collision_risk:collision,False,False,,0,False,raw_predicted_collision,False,0,0,static_obstacle,1.6277302660901183,-3.9438409606760287,0.8225489450824695,inf,False,False,inf,inf,0.0,True,False,1,0,,True,False,0.0005086364904445473,0.7983045450318516,1.7091162556721435,1.4488687744140623,3.0,collision,True,predicted_collision_within_1s;raw_collision_risk:collision,,False,False,0.0,1.5840501071076516,1.6284679500533794,1.4488687744140623,False,-316.1641968634259,,,
6000,1029,1,490,490,0.3580596446990967,0.9346370697021484,0.10239236056804657,0.0,-0.2556672692298889,-0.9346370697021484,True,True,predictive_recovery,keep_stop,1.2248687744140625,0.0038277740600170898,10,1,,0,0,0,False,False,False,False,False,False,False,False,True,0.969688612488135,0.0034410617556633978,0.0,False,max_steps,vehicle,6.2647247314453125,low_speed_overlap,True,,inf,inf,inf,1.579062728827576,1.6286162385298544,1.4488687744140623,-0.43593729334667053,-0.4738687744140626,0.13813377314673,{'ROAD_LINE_BROKEN_SINGLE_WHITE'},True,True,predicted_collision_within_1s;raw_collision_risk:collision,False,False,,0,False,raw_predicted_collision,False,0,0,static_obstacle,1.6277956838445211,-3.943913200989013,0.8225511107107901,inf,False,False,3580.7316605046485,inf,0.0,True,False,1,0,,True,False,0.0009994326241672402,0.7966685579194426,1.7092654886871077,1.4488687744140623,3.0,collision,True,predicted_collision_within_1s;raw_collision_risk:collision,,False,False,0.0,1.579062728827576,1.6286162385298544,1.4488687744140623,False,-316.16622536805585,,,
6000,1029,1,491,491,0.3580601215362549,0.9346432685852051,0.10239317268133163,0.0,-0.25566694140434265,-0.9346432685852051,True,True,predictive_recovery,keep_stop,1.2248687744140625,0.0034410617556633978,10,1,,0,0,0,False,False,False,False,False,False,False,False,True,0.9696889015495033,0.003827834303026313,0.0,False,max_steps,vehicle,6.2649383544921875,low_speed_overlap,True,,inf,inf,inf,1.5841935686610902,1.6284679153689126,1.4488687744140623,-0.4301683131068246,-0.4738687744140626,0.13771018620045947,{'ROAD_LINE_BROKEN_SINGLE_WHITE'},True,True,predicted_collision_within_1s;raw_collision_risk:collision,False,False,,0,False,raw_predicted_collision,False,0,0,static_obstacle,1.6277302660901183,-3.943838232912741,0.8225543279110483,inf,False,False,inf,inf,0.0,True,False,1,0,,True,False,0.00046639259610967707,0.7984453580129678,1.7091162207667387,1.4488687744140623,3.0,collision,True,predicted_collision_within_1s;raw_collision_risk:collision,,False,False,0.0,1.5841935686610902,1.6284679153689126,1.4488687744140623,False,-316.1648736175026,,,
6000,1029,1,492,492,0.3580589294433594,0.9346370697021484,0.10239062458276749,0.0,-0.2556683123111725,-0.9346370697021484,True,True,predictive_recovery,keep_stop,1.2248687744140625,0.003827834303026313,10,1,,0,0,0,False,False,False,False,False,False,False,False,True,0.969688612488135,0.003441065520657861,0.0,False,max_steps,vehicle,6.2648773193359375,low_speed_overlap,True,,inf,inf,inf,1.5792059683342123,1.6286162514444944,1.4488687744140623,-0.43578493441791766,-0.4738687744140626,0.13811852897044075,{'ROAD_LINE_BROKEN_SINGLE_WHITE'},True,True,predicted_collision_within_1s;raw_collision_risk:collision,False,False,,0,False,raw_predicted_collision,False,0,0,static_obstacle,1.6277956838445211,-3.9439107726121048,0.8225559028290732,inf,False,False,3580.6962353970994,inf,0.0,True,False,1,0,,True,False,0.0009572368652173812,0.7968092104492754,1.7092655016840046,1.4488687744140623,3.0,collision,True,predicted_collision_within_1s;raw_collision_risk:collision,,False,False,0.0,1.5792059683342123,1.6286162514444944,1.4488687744140623,False,-316.1669005841106,,,
6000,1029,1,493,493,0.3580596446990967,0.9346435070037842,0.1023915633559227,0.0,-0.2556680738925934,-0.9346435070037842,True,True,predictive_recovery,keep_stop,1.2248687744140625,0.003441065520657861,10,1,,0,0,0,False,False,False,False,False,False,False,False,True,0.9696889015495033,0.0038278118164774833,0.0,False,max_steps,vehicle,6.2650909423828125,low_speed_overlap,True,,inf,inf,inf,1.5843369917174814,1.6284679161760207,1.4488687744140623,-0.43001572916944397,-0.4738687744140626,0.13769492832440827,{'ROAD_LINE_BROKEN_SINGLE_WHITE'},True,True,predicted_collision_within_1s;raw_collision_risk:collision,False,False,,0,False,raw_predicted_collision,False,0,0,static_obstacle,1.6277302660901183,-3.943835987492325,0.8225587588951973,inf,False,False,inf,inf,0.0,True,False,1,0,,True,False,0.0004241828728775543,0.7985860570904082,1.7091162215789877,1.4488687744140623,3.0,collision,True,predicted_collision_within_1s;raw_collision_risk:collision,,False,False,0.0,1.5843369917174814,1.6284679161760207,1.4488687744140623,False,-316.1655569882415,,,
6000,1029,1,494,494,0.35805749893188477,0.9346369504928589,0.10238902270793915,0.0,-0.2556684613227844,-0.9346369504928589,True,True,predictive_recovery,keep_stop,1.2248687744140625,0.0038278118164774833,10,1,,0,0,0,False,False,False,False,False,False,False,False,True,0.969688612488135,0.0034410737190887185,0.0,False,max_steps,vehicle,6.2650299072265625,low_speed_overlap,True,,inf,inf,inf,1.5793494415083162,1.6286162466239167,1.4488687744140623,-0.43563226106406994,-0.4738687744140626,0.13810326472695605,{'ROAD_LINE_BROKEN_SINGLE_WHITE'},True,True,predicted_collision_within_1s;raw_collision_risk:collision,False,False,,0,False,raw_predicted_collision,False,0,0,static_obstacle,1.6277956838445211,-3.9439085438226935,0.822560301072023,inf,False,False,3580.834929215991,inf,0.0,True,False,1,0,,True,False,0.0009150237650017655,0.7969499207833275,1.7092654968327234,1.4488687744140623,3.0,collision,True,predicted_collision_within_1s;raw_collision_risk:collision,,False,False,0.0,1.5793494415083162,1.6286162466239167,1.4488687744140623,False,-316.167573604832,,,
6000,1029,1,495,495,0.3580586910247803,0.9346431493759155,0.10238990932703018,0.0,-0.2556687891483307,-0.9346431493759155,True,True,predictive_recovery,keep_stop,1.2248687744140625,0.0034410737190887185,10,1,,0,0,0,False,False,False,False,False,False,False,False,True,0.9696889015495033,0.0038278201712408245,0.0,False,max_steps,vehicle,6.2652435302734375,low_speed_overlap,True,,inf,inf,inf,1.584480414139024,1.628467917933541,1.4488687744140623,-0.42986314988717034,-0.4738687744140626,0.1376796715234646,{'ROAD_LINE_BROKEN_SINGLE_WHITE'},True,True,predicted_collision_within_1s;raw_collision_risk:collision,False,False,,0,False,raw_predicted_collision,False,0,0,static_obstacle,1.6277302660901183,-3.943833675535732,0.8225633211651289,inf,False,False,inf,inf,0.0,True,False,1,0,,True,False,0.0003819738916063242,0.7987267536946456,1.7091162233477035,1.4488687744140623,3.0,collision,True,predicted_collision_within_1s;raw_collision_risk:collision,,False,False,0.0,1.584480414139024,1.628467917933541,1.4488687744140623,False,-316.1662257413852,,,
6000,1029,1,496,496,0.35805797576904297,0.9346370697021484,0.10238730907440186,0.0,-0.2556706666946411,-0.9346370697021484,True,True,predictive_recovery,keep_stop,1.2248687744140625,0.0038278201712408245,10,1,,0,0,0,False,False,False,False,False,False,False,False,True,0.969688612488135,0.0034410697419303927,0.0,False,max_steps,vehicle,6.2651824951171875,low_speed_overlap,True,,inf,inf,inf,1.5794928281316483,1.6286162484149693,1.4488687744140623,-0.43547970492686705,-0.4738687744140626,0.1380880079644562,{'ROAD_LINE_BROKEN_SINGLE_WHITE'},True,True,predicted_collision_within_1s;raw_collision_risk:collision,False,False,,0,False,raw_predicted_collision,False,0,0,static_obstacle,1.6277956838445211,-3.943906148700249,0.822565027539286,inf,False,False,3580.9087848359227,inf,0.0,True,False,1,0,,True,False,0.0008728168852012663,0.7970906103826625,1.7092654986351838,1.4488687744140623,3.0,collision,True,predicted_collision_within_1s;raw_collision_risk:collision,,False,False,0.0,1.5794928281316483,1.6286162484149693,1.4488687744140623,False,-316.1682523430356,,,
6000,1029,1,497,497,0.3580578565597534,0.9346432685852051,0.1023881807923317,0.0,-0.2556696832180023,-0.9346432685852051,True,True,predictive_recovery,keep_stop,1.2248687744140625,0.0034410697419303927,10,1,,0,0,0,False,False,False,False,False,False,False,False,True,0.9696889015495033,0.0038278227908036516,0.0,False,max_steps,vehicle,6.2653961181640625,low_speed_overlap,True,,inf,inf,inf,1.5846238398285784,1.6284679170809555,1.4488687744140623,-0.42971055782052936,-0.4738687744140626,0.13766441176994149,{'ROAD_LINE_BROKEN_SINGLE_WHITE'},True,True,predicted_collision_within_1s;raw_collision_risk:collision,False,False,,0,False,raw_predicted_collision,False,0,0,static_obstacle,1.6277302660901183,-3.943831263776827,0.8225680803647273,inf,False,False,inf,inf,0.0,True,False,1,0,,True,False,0.00033976220637084166,0.7988674593120972,1.7091162224896868,1.4488687744140623,3.0,collision,True,predicted_collision_within_1s;raw_collision_risk:collision,,False,False,0.0,1.5846238398285784,1.6284679170809555,1.4488687744140623,False,-316.16690639096333,,,
6000,1029,1,498,498,0.35805654525756836,0.9346365928649902,0.10238553583621979,0.0,-0.25567102432250977,-0.9346365928649902,True,True,predictive_recovery,keep_stop,1.2248687744140625,0.0038278227908036516,10,1,,0,0,0,False,False,False,False,False,False,False,False,True,0.969688612488135,0.0034410694852295225,0.0,False,max_steps,vehicle,6.2653350830078125,low_speed_overlap,True,,inf,inf,inf,1.5796362313334877,1.6286162489765423,1.4488687744140623,-0.43532712699225806,-0.4738687744140626,0.1380727498108051,{'ROAD_LINE_BROKEN_SINGLE_WHITE'},True,True,predicted_collision_within_1s;raw_collision_risk:collision,False,False,,0,False,raw_predicted_collision,False,0,0,static_obstacle,1.6277956838445211,-3.9439036704078667,0.8225699181169759,inf,False,False,3580.994788887922,inf,0.0,True,False,1,0,,True,False,0.0008306086375538646,0.7972313045414872,1.7092654992003335,1.4488687744140623,3.0,collision,True,predicted_collision_within_1s;raw_collision_risk:collision,,False,False,0.0,1.5796362313334877,1.6286162489765423,1.4488687744140623,False,-316.16891650620033,,,
6000,1029,1,499,499,0.3580530881881714,0.9346475601196289,0.1023864895105362,0.0,-0.2556666135787964,-0.9346475601196289,True,True,predictive_recovery,keep_stop,1.2248687744140625,0.0034410694852295225,10,1,,0,0,0,False,False,False,False,False,False,False,False,True,0.9696889015495033,0.003827818768006436,0.0,False,max_steps,vehicle,6.2655487060546875,low_speed_overlap,True,,inf,inf,inf,1.584767265050791,1.6284679170259249,1.4488687744140623,-0.4295579696603675,-0.4738687744140626,0.1376491529186284,{'ROAD_LINE_BROKEN_SINGLE_WHITE'},True,True,predicted_collision_within_1s;raw_collision_risk:collision,False,False,,0,False,raw_predicted_collision,False,0,0,static_obstacle,1.6277302660901183,-3.9438289019108166,0.8225727410953039,inf,False,False,inf,inf,0.0,True,False,1,0,,True,False,0.0002975511151916299,0.7990081629493613,1.7091162224343062,1.4488687744140623,3.0,collision,True,predicted_collision_within_1s;raw_collision_risk:collision,,False,False,0.0,1.584767265050791,1.6284679170259249,1.4488687744140623,False,-316.16768896614815,,,
6000,1029,1,500,500,0.3580470085144043,0.9346389770507812,0.10238394886255264,0.0,-0.25566306710243225,-0.9346389770507812,True,True,predictive_recovery,keep_stop,1.2248687744140625,0.003827818768006436,10,1,,0,0,0,False,False,False,False,False,False,False,False,True,0.969688612488135,0.0034410711667889134,0.0,False,max_steps,vehicle,6.2654876708984375,low_speed_overlap,True,,inf,inf,inf,1.5797796536717406,1.6286162481141735,1.4488687744140623,-0.43517452381244537,-0.4738687744140626,0.1380574900459581,{'ROAD_LINE_BROKEN_SINGLE_WHITE'},True,True,predicted_collision_within_1s;raw_collision_risk:collision,False,False,,0,False,raw_predicted_collision,False,0,0,static_obstacle,1.6277956838445211,-3.9439014582357177,0.8225742835293652,inf,False,False,3581.0945740689385,inf,0.0,True,False,1,0,,True,False,0.0007883988338716952,0.7973720038870944,1.7092654983324722,1.4488687744140623,3.0,collision,True,predicted_collision_within_1s;raw_collision_risk:collision,,False,False,0.0,1.5797796536717406,1.6286162481141735,1.4488687744140623,False,-316.16965040961634,,,
6000,1029,1,501,501,0.35805392265319824,0.9346439838409424,0.10238485038280487,0.0,-0.2556690573692322,-0.9346439838409424,True,True,predictive_recovery,keep_stop,1.2248687744140625,0.0034410711667889134,10,1,,0,0,0,False,False,False,False,False,False,False,False,True,0.9696889015495033,0.003827817745917651,0.0,False,max_steps,vehicle,6.2657012939453125,low_speed_overlap,True,,inf,inf,inf,1.5849106902244148,1.6284679173864027,1.4488687744140623,-0.4294053835353808,-0.4738687744140626,0.13763389453734468,{'ROAD_LINE_BROKEN_SINGLE_WHITE'},True,True,predicted_collision_within_1s;raw_collision_risk:collision,False,False,,0,False,raw_predicted_collision,False,0,0,static_obstacle,1.6277302660901183,-3.943826623203882,0.8225772377130043,inf,False,False,inf,inf,0.0,True,False,1,0,,True,False,0.0002553402483279177,0.799148865838907,1.709116222797079,1.4488687744140623,3.0,collision,True,predicted_collision_within_1s;raw_collision_risk:collision,,False,False,0.0,1.5849106902244148,1.6284679173864027,1.4488687744140623,False,-316.16827927804536,,,
6000,1029,1,502,502,0.35805344581604004,0.9346373081207275,0.10238231718540192,0.0,-0.2556711435317993,-0.9346373081207275,True,True,predictive_recovery,keep_stop,1.2248687744140625,0.003827817745917651,10,1,,0,0,0,False,False,False,False,False,False,False,False,True,0.969688612488135,0.003441076597789452,0.0,False,max_steps,vehicle,6.2656402587890625,low_speed_overlap,True,,inf,inf,inf,1.5799230679571195,1.6286162478950474,1.4488687744140623,-0.4350219320372144,-0.4738687744140626,0.13804223100897298,{'ROAD_LINE_BROKEN_SINGLE_WHITE'},True,True,predicted_collision_within_1s;raw_collision_risk:collision,False,False,,0,False,raw_predicted_collision,False,0,0,static_obstacle,1.6277956838445211,-3.9438991795270235,0.8225787802297928,inf,False,False,3581.1880908022977,inf,0.0,True,False,1,0,,True,False,0.0007461894747432529,0.7975127017508559,1.7092654981119508,1.4488687744140623,3.0,collision,True,predicted_collision_within_1s;raw_collision_risk:collision,,False,False,0.0,1.5799230679571195,1.6286162478950474,1.4488687744140623,False,-316.1702859053869,,,
6000,1029,1,503,503,0.3580549955368042,0.9346432685852051,0.10238329321146011,0.0,-0.2556717097759247,-0.9346432685852051,True,True,predictive_recovery,keep_stop,1.2248687744140625,0.003441076597789452,10,1,,0,0,0,False,False,False,False,False,False,False,False,True,0.9696889015495033,0.00382781756587169,0.0,False,max_steps,vehicle,6.2658538818359375,low_speed_overlap,True,,inf,inf,inf,1.5850541149237922,1.6284679185506732,1.4488687744140623,-0.4292528013473058,-0.4738687744140626,0.1376186370652994,{'ROAD_LINE_BROKEN_SINGLE_WHITE'},True,True,predicted_collision_within_1s;raw_collision_risk:collision,False,False,,0,False,raw_predicted_collision,False,0,0,static_obstacle,1.6277302660901183,-3.9438244442895347,0.8225815373961143,inf,False,False,inf,inf,0.0,True,False,1,0,,True,False,0.000213129981585225,0.7992895667280493,1.7091162239687667,1.4488687744140623,3.0,collision,True,predicted_collision_within_1s;raw_collision_risk:collision,,False,False,0.0,1.5850541149237922,1.6284679185506732,1.4488687744140623,False,-316.16893962024574,,,
6000,1029,1,504,504,0.35805320739746094,0.9346365928649902,0.35805320739746094,0.9346365928649902,0.0,0.0,True,False,inactive_raw_action,raw_action_safe,0,0,0,0,low_risk_verified_passthrough,0,0,0,False,False,False,False,False,False,False,False,True,0.9697149748849273,0.2808114708931435,0.0,False,max_steps,vehicle,6.2657928466796875,low_speed_overlap,True,,inf,inf,inf,inf,inf,inf,inf,inf,0.0,{'ROAD_LINE_BROKEN_SINGLE_WHITE'},False,False,,False,False,,0,True,,False,0,0,static_obstacle,1.6277956838445211,-3.943896900813203,0.8225832769276211,inf,False,True,3581.2798335300918,inf,0.0,False,False,1,-1,,True,False,0.0007039801123550182,0.7976533996254833,1.7092654980731001,1.4488687744140623,3.0,collision,False,low_risk_verified,,False,False,0.0,inf,inf,inf,False,0.0,,,
6000,1029,1,505,505,0.3797190189361572,0.970167875289917,0.3797190189361572,0.970167875289917,0.0,0.0,True,False,inactive_raw_action,raw_action_safe,0,0,0,0,low_risk_verified_passthrough,0,0,0,False,False,False,False,False,False,False,False,True,0.9698427978220058,0.5667125693990523,0.0,False,max_steps,vehicle,6.2590484619140625,low_speed_overlap,True,,inf,inf,inf,inf,inf,inf,inf,inf,0.0,{'ROAD_LINE_BROKEN_SINGLE_WHITE'},False,False,,False,False,,0,True,,False,0,0,static_obstacle,1.6335096168792924,-3.9497323050992645,0.8237080431901735,inf,False,True,21.973601102108628,inf,0.0,False,False,1,-1,,True,False,0.0,1.0983697274123054,1.7749405286538644,1.4492349853515623,3.0,collision,False,low_risk_verified,,False,False,0.0,inf,inf,inf,False,0.0,,,
6000,1029,1,506,506,0.3770763874053955,0.9693961143493652,0.3770763874053955,0.9693961143493652,0.0,0.0,True,False,inactive_raw_action,raw_action_safe,0,0,0,0,low_risk_verified_passthrough,0,0,0,False,False,False,False,False,False,False,False,True,0.9700783250249267,0.8526095019685707,0.0,False,max_steps,vehicle,6.2253265380859375,low_speed_overlap,True,,inf,inf,inf,inf,inf,inf,inf,inf,0.0,{'ROAD_LINE_BROKEN_SINGLE_WHITE'},False,False,,False,False,,0,True,,False,0,0,static_obstacle,1.661279357623761,-3.9773326740408725,0.8306619936065207,inf,False,True,10.727263853629346,inf,0.0,False,False,1,-1,,True,False,0.0,0.9326819059594476,1.8653235873124314,1.4516000976562498,3.0,collision,False,low_risk_verified,,False,False,0.0,inf,inf,inf,False,0.0,,,
6000,1029,1,507,507,0.33815598487854004,0.9644978046417236,0.33815598487854004,0.9644978046417236,0.0,0.0,True,False,inactive_raw_action,raw_action_safe,0,0,0,0,low_risk_verified_passthrough,0,0,0,False,False,False,False,False,False,False,False,True,0.9704217299305109,1.1389199437273243,0.0,False,max_steps,vehicle,6.163299560546875,low_speed_overlap,True,,inf,inf,inf,inf,inf,inf,inf,inf,0.0,{'ROAD_LINE_BROKEN_SINGLE_WHITE'},False,False,,False,False,,0,True,,False,0,0,static_obstacle,1.7121701170591883,-4.0271867440539015,0.8448037507523671,inf,False,True,7.083065106935057,inf,0.0,False,False,1,-1,,True,False,0.0,1.19962020114626,1.979893700482103,1.4569406738281248,3.0,collision,False,low_risk_verified,,False,False,0.0,inf,inf,inf,False,0.0,,,
6000,1029,1,508,508,0.3223205804824829,0.9618070125579834,0.0,-0.800000011920929,-0.3223205804824829,-1.7618069648742676,True,True,ultra_short_horizon_emergency,ultra_short_horizon_emergency_stop,0,0,0,0,vehicle_collision_step_2,0,0,0,False,False,False,False,False,False,False,False,True,0.970704489761018,0.16119351196654622,0.0,False,max_steps,,inf,,False,,inf,inf,inf,inf,inf,inf,inf,inf,0.0,{'ROAD_LINE_BROKEN_SINGLE_WHITE'},True,True,vehicle_collision_step_2,False,False,,0,False,,True,8,0,,inf,0,0,0,0,0,inf,inf,0.0,True,False,1,0,,False,False,0.0,inf,inf,inf,0.0,0,True,vehicle_collision_step_2,,False,False,0.0,inf,inf,inf,False,0.0,,,
6000,1029,1,509,509,0.27351999282836914,0.84553062915802,0.06515676528215408,0.0,-0.20836323499679565,-0.84553062915802,True,True,predictive_recovery,keep_stop,1.2487640380859375,0.16119351196654622,10,1,,0,0,0,False,False,False,False,False,False,False,False,True,0.9707503348940363,0.12180308606909607,0.0,False,max_steps,vehicle,5.9981842041015625,low_speed_overlap,True,,inf,inf,inf,0.8863987934983406,1.8833255620582736,1.4727640380859373,-1.296937027590979,-0.4977640380859376,0.20763594846532507,{'ROAD_LINE_BROKEN_SINGLE_WHITE'},True,True,predicted_collision_within_1s;raw_collision_risk:collision,False,False,,0,False,raw_predicted_collision,True,7,0,static_obstacle,1.8480434289993564,-4.157320822311762,0.8883282945811102,inf,False,False,37.47341152716796,inf,0.0,True,False,1,0,,True,False,0.0,0.902997938598654,1.9657140265443356,1.4727640380859373,3.0,collision,True,predicted_collision_within_1s;raw_collision_risk:collision,,False,False,0.0,0.8863987934983406,1.8833255620582736,1.4727640380859373,False,-223.32439246081884,,,
6000,1029,1,510,510,0.28950583934783936,0.9172044992446899,0.06397691369056702,0.0,-0.22552892565727234,-0.9172044992446899,True,True,predictive_recovery,keep_stop,1.251007080078125,0.12180308606909607,10,1,,0,0,0,False,False,False,False,False,False,False,False,True,0.9707936940992867,0.0855399105228715,0.0,False,max_steps,vehicle,5.9860992431640625,low_speed_overlap,True,,inf,inf,inf,0.9786598146465053,1.8842213463278934,1.4750070800781248,-1.1641040789225632,-0.5000070800781251,0.19995650743588342,{'ROAD_LINE_BROKEN_SINGLE_WHITE'},True,True,predicted_collision_within_1s;raw_collision_risk:collision,False,False,,0,False,raw_predicted_collision,True,6,0,static_obstacle,1.8575438745314308,-4.167607045809029,0.8889708672918122,inf,False,False,49.13065931593456,inf,0.0,True,False,1,0,,True,False,0.0,0.9083279079046278,1.9666386708974934,1.4750070800781248,3.0,collision,True,predicted_collision_within_1s;raw_collision_risk:collision,,False,False,0.0,0.9786598146465053,1.8842213463278934,1.4750070800781248,False,-224.98548856978562,,,
6000,1029,1,511,511,0.2894628047943115,0.9174515008926392,0.06353984773159027,0.0,-0.22592295706272125,-0.9174515008926392,True,True,predictive_recovery,keep_stop,1.25067138671875,0.0855399105228715,10,1,,0,0,0,False,False,False,False,False,False,False,False,True,0.9708232361711308,0.049130918515133064,0.0,False,max_steps,vehicle,5.97479248046875,low_speed_overlap,True,,inf,inf,inf,1.0747088162457388,1.8864682088894706,1.4746713867187498,-1.031289543070503,-0.4996713867187501,0.19185503993834546,{'ROAD_LINE_BROKEN_SINGLE_WHITE'},True,True,predicted_collision_within_1s;raw_collision_risk:collision,False,False,,0,False,raw_predicted_collision,True,5,0,static_obstacle,1.867726430594187,-4.178424492730593,0.8900703017818481,inf,False,False,72.00187231521292,inf,0.0,True,False,1,0,,True,False,0.0,0.9156593942589248,1.9688934673561602,1.4746713867187498,3.0,collision,True,predicted_collision_within_1s;raw_collision_risk:collision,,False,False,0.0,1.0747088162457388,1.8864682088894706,1.4746713867187498,False,-224.94250265455435,,,
6000,1029,1,512,512,0.28912782669067383,0.91822350025177,0.06318949162960052,0.0,-0.2259383350610733,-0.91822350025177,True,True,predictive_recovery,keep_stop,1.2501678466796875,0.049130918515133064,10,1,,0,0,0,False,False,False,False,False,False,False,False,True,0.9708390767341156,0.012783010529738337,0.0,False,max_steps,vehicle,5.967010498046875,low_speed_overlap,True,,inf,inf,inf,1.1641190715632446,1.8855659437629073,1.4741678466796873,-0.906003408616213,-0.4991678466796876,0.1839710167642305,{'ROAD_LINE_BROKEN_SINGLE_WHITE'},True,True,predicted_collision_within_1s;raw_collision_risk:collision,False,False,,0,False,raw_predicted_collision,True,4,0,static_obstacle,1.8747999447015589,-4.185730879502039,0.8912514500716169,inf,False,False,124.7155353925467,inf,0.0,True,False,1,0,,True,False,0.0,0.9246310408437637,1.9679811267963137,1.4741678466796873,3.0,collision,True,predicted_collision_within_1s;raw_collision_risk:collision,,False,False,0.0,1.1641190715632446,1.8855659437629073,1.4741678466796873,False,-225.0309786840426,,,
6000,1029,1,513,513,0.28893911838531494,0.9189696311950684,0.06299556791782379,0.0,-0.22594355046749115,-0.9189696311950684,True,True,predictive_recovery,keep_stop,1.25,0.012783010529738337,10,1,,0,0,0,False,False,False,False,False,False,False,False,True,0.9708422564091673,0.005522999193387706,0.0,False,max_steps,vehicle,5.9629669189453125,low_speed_overlap,True,,inf,inf,inf,1.2675650204947457,1.881345583630459,1.4739999999999998,-0.7660427453755365,-0.4990000000000001,0.17520015657415428,{'ROAD_LINE_BROKEN_SINGLE_WHITE'},True,True,predicted_collision_within_1s;raw_collision_risk:collision,False,False,,0,False,raw_predicted_collision,True,3,0,static_obstacle,1.878544563274782,-4.189635204111473,0.8918020013973424,inf,False,False,668.965585832948,inf,0.0,True,False,1,0,,True,False,0.0,0.9386776450271128,1.9637371984086627,1.4739999999999998,3.0,collision,True,predicted_collision_within_1s;raw_collision_risk:collision,,False,False,0.0,1.2675650204947457,1.881345583630459,1.4739999999999998,False,-315.1367813027734,,,
6000,1029,1,514,514,0.28894197940826416,0.9190385341644287,0.06293638795614243,0.0,-0.22600558400154114,-0.9190385341644287,True,True,predictive_recovery,keep_stop,1.25,0.005522999193387706,10,1,,0,0,0,False,False,False,False,False,False,False,False,True,0.9708427189073567,0.0022722214317080222,0.0,False,max_steps,vehicle,5.9621429443359375,low_speed_overlap,True,,inf,inf,inf,1.281839533932982,1.8804902853624987,1.4739999999999998,-0.7449622569350187,-0.4990000000000001,0.1738294211669133,{'ROAD_LINE_BROKEN_SINGLE_WHITE'},True,True,predicted_collision_within_1s;raw_collision_risk:collision,False,False,,0,False,raw_predicted_collision,True,2,0,static_obstacle,1.87928008737816,-4.19038819835049,0.891938220762003,inf,False,False,1725.3786175920472,inf,0.0,True,False,1,0,,True,False,0.0,0.9404002518012637,1.9628774832144342,1.4739999999999998,3.0,collision,True,predicted_collision_within_1s;raw_collision_risk:collision,,False,False,0.0,1.281839533932982,1.8804902853624987,1.4739999999999998,False,-315.18336148493904,,,
6000,1029,1,515,515,0.2889542579650879,0.9190804958343506,0.06292519718408585,0.0,-0.22602906823158264,-0.9190804958343506,True,True,predictive_recovery,keep_stop,1.25,0.0022722214317080222,10,1,,0,0,0,False,False,False,False,False,False,False,False,True,0.9708435282791881,0.004875766522123361,0.0,False,max_steps,vehicle,5.962158203125,low_speed_overlap,True,,inf,inf,inf,1.2917918226129457,1.879884956107477,1.4739999999999998,-0.7317211821338581,-0.4990000000000001,0.17273100267580638,{'ROAD_LINE_BROKEN_SINGLE_WHITE'},True,True,predicted_collision_within_1s;raw_collision_risk:collision,False,False,,0,False,raw_predicted_collision,True,1,0,static_obstacle,1.8793870756137607,-4.190493990420831,0.8919656065481516,inf,False,False,inf,inf,0.0,True,False,1,0,,True,False,0.0,0.9428022791465009,1.9622690263175684,1.4739999999999998,3.0,collision,True,predicted_collision_within_1s;raw_collision_risk:collision,,False,False,0.0,1.2917918226129457,1.879884956107477,1.4739999999999998,False,-315.1938981390938,,,
6000,1029,1,516,516,0.28896427154541016,0.9190075397491455,0.06292352080345154,0.0,-0.22604075074195862,-0.9190075397491455,True,True,predictive_recovery,keep_stop,1.25,0.004875766522123361,10,1,,0,0,0,False,False,False,False,False,False,False,False,True,0.970843701716009,0.002404230535249837,0.0,False,max_steps,vehicle,5.9619598388671875,low_speed_overlap,True,,inf,inf,inf,1.2834845430685276,1.8806426987563032,1.4739999999999998,-0.7426853173845602,-0.4990000000000001,0.17369072170416605,{'ROAD_LINE_BROKEN_SINGLE_WHITE'},True,True,predicted_collision_within_1s;raw_collision_risk:collision,False,False,,0,False,raw_predicted_collision,False,0,0,static_obstacle,1.8795743068049038,-4.190704989318471,0.8919611252583772,inf,False,False,2131.7392953436233,inf,0.0,True,False,1,0,,True,False,0.0,0.9405305853985544,1.9630306838948985,1.4739999999999998,3.0,collision,True,predicted_collision_within_1s;raw_collision_risk:collision,,False,False,0.0,1.2834845430685276,1.8806426987563032,1.4739999999999998,False,-315.1849635767912,,,
6000,1029,1,517,517,0.2889587879180908,0.9190676212310791,0.06292296200990677,0.0,-0.22603583335876465,-0.9190676212310791,True,True,predictive_recovery,keep_stop,1.25,0.002404230535249837,10,1,,0,0,0,False,False,False,False,False,False,False,False,True,0.970844395463293,0.004866930017633163,0.0,False,max_steps,vehicle,5.9620513916015625,low_speed_overlap,True,,inf,inf,inf,1.291661012508972,1.8801412421191965,1.4739999999999998,-0.7319666032160139,-0.4990000000000001,0.17277369603575848,{'ROAD_LINE_BROKEN_SINGLE_WHITE'},True,True,predicted_collision_within_1s;raw_collision_risk:collision,False,False,,0,False,raw_predicted_collision,False,0,0,static_obstacle,1.8796144280689624,-4.1907499126381005,0.8919607542188706,inf,False,False,inf,inf,0.0,True,False,1,0,,True,False,0.0,0.9426419704801576,1.9625266366814926,1.4739999999999998,3.0,collision,True,predicted_collision_within_1s;raw_collision_risk:collision,,False,False,0.0,1.291661012508972,1.8801412421191965,1.4739999999999998,False,-315.1918832500951,,,
6000,1029,1,518,518,0.28896164894104004,0.9190016984939575,0.06291903555393219,0.0,-0.22604261338710785,-0.9190016984939575,True,True,predictive_recovery,keep_stop,1.25,0.004866930017633163,10,1,,0,0,0,False,False,False,False,False,False,False,False,True,0.9708445689001141,0.0024043485917714562,0.0,False,max_steps,vehicle,5.961883544921875,low_speed_overlap,True,,inf,inf,inf,1.2834379732621342,1.880841383578147,1.4739999999999998,-0.7427280254385238,-0.4990000000000001,0.17369620752893,{'ROAD_LINE_BROKEN_SINGLE_WHITE'},True,True,predicted_collision_within_1s;raw_collision_risk:collision,False,False,,0,False,raw_predicted_collision,False,0,0,static_obstacle,1.879774914164617,-4.190927179265162,0.8919641882828184,inf,False,False,2138.592025580873,inf,0.0,True,False,1,0,,True,False,0.0,0.9404639156392793,1.9632303948904812,1.4739999999999998,3.0,collision,True,predicted_collision_within_1s;raw_collision_risk:collision,,False,False,0.0,1.2834379732621342,1.880841383578147,1.4739999999999998,False,-315.1847598386203,,,
6000,1029,1,519,519,0.2889523506164551,0.9190654754638672,0.06291700899600983,0.0,-0.22603534162044525,-0.9190654754638672,True,True,predictive_recovery,keep_stop,1.25,0.0024043485917714562,10,1,,0,0,0,False,False,False,False,False,False,False,False,True,0.970845262647398,0.004866936501261368,0.0,False,max_steps,vehicle,5.96197509765625,low_speed_overlap,True,,inf,inf,inf,1.291589604270615,1.8803418826904241,1.4739999999999998,-0.732043021120675,-0.4990000000000001,0.17278135405899694,{'ROAD_LINE_BROKEN_SINGLE_WHITE'},True,True,predicted_collision_within_1s;raw_collision_risk:collision,False,False,,0,False,raw_predicted_collision,False,0,0,static_obstacle,1.8798150359483727,-4.190969977106057,0.8919681250109197,inf,False,False,inf,inf,0.0,True,False,1,0,,True,False,0.0,0.9425711437050666,1.9627283138919631,1.4739999999999998,3.0,collision,True,predicted_collision_within_1s;raw_collision_risk:collision,,False,False,0.0,1.291589604270615,1.8803418826904241,1.4739999999999998,False,-315.1917302808177,,,
6000,1029,1,520,520,0.2889518737792969,0.9190034866333008,0.06291280686855316,0.0,-0.2260390669107437,-0.9190034866333008,True,True,predictive_recovery,keep_stop,1.25,0.004866936501261368,10,1,,0,0,0,False,False,False,False,False,False,False,False,True,0.970845436084219,0.0024043494693937904,0.0,False,max_steps,vehicle,5.9618072509765625,low_speed_overlap,True,,inf,inf,inf,1.283366587584899,1.8810420087641953,1.4739999999999998,-0.7428043440268715,-0.4990000000000001,0.17370383849626644,{'ROAD_LINE_BROKEN_SINGLE_WHITE'},True,True,predicted_collision_within_1s;raw_collision_risk:collision,False,False,,0,False,raw_predicted_collision,False,0,0,static_obstacle,1.8799755241226836,-4.191146847906121,0.8919723626850242,inf,False,False,2138.5631183945243,inf,0.0,True,False,1,0,,True,False,0.0,0.9403931447644274,1.9634320561266188,1.4739999999999998,3.0,collision,True,predicted_collision_within_1s;raw_collision_risk:collision,,False,False,0.0,1.283366587584899,1.8810420087641953,1.4739999999999998,False,-315.18470709248464,,,
6000,1029,1,521,521,0.28894317150115967,0.919066309928894,0.06291081011295319,0.0,-0.22603236138820648,-0.919066309928894,True,True,predictive_recovery,keep_stop,1.25,0.0024043494693937904,10,1,,0,0,0,False,False,False,False,False,False,False,False,True,0.9708461298315031,0.004866927201054468,0.0,False,max_steps,vehicle,5.9618988037109375,low_speed_overlap,True,,inf,inf,inf,1.291518223554271,1.8805425001824465,1.4739999999999998,-0.7321193159874904,-0.4990000000000001,0.1727889836663512,{'ROAD_LINE_BROKEN_SINGLE_WHITE'},True,True,predicted_collision_within_1s;raw_collision_risk:collision,False,False,,0,False,raw_predicted_collision,False,0,0,static_obstacle,1.8800156464260709,-4.191189697375599,0.8919761952816936,inf,False,False,inf,inf,0.0,True,False,1,0,,True,False,0.0,0.9425003714137636,1.962929967757909,1.4739999999999998,3.0,collision,True,predicted_collision_within_1s;raw_collision_risk:collision,,False,False,0.0,1.291518223554271,1.8805425001824465,1.4739999999999998,False,-315.19165154740307,,,
6000,1029,1,522,522,0.2889498472213745,0.9190013408660889,0.06290661543607712,0.0,-0.2260432243347168,-0.9190013408660889,True,True,predictive_recovery,keep_stop,1.25,0.004866927201054468,10,1,,0,0,0,False,False,False,False,False,False,False,False,True,0.9708463032683241,0.002404354744411968,0.0,False,max_steps,vehicle,5.96173095703125,low_speed_overlap,True,,inf,inf,inf,1.2832952463158058,1.881242633087697,1.4739999999999998,-0.7428806026238695,-0.4990000000000001,0.17371146563474393,{'ROAD_LINE_BROKEN_SINGLE_WHITE'},True,True,predicted_collision_within_1s;raw_collision_risk:collision,False,False,,0,False,raw_predicted_collision,False,0,0,static_obstacle,1.8801761366787708,-4.191366568186775,0.8919804343903555,inf,False,False,2138.546512576751,inf,0.0,True,False,1,0,,True,False,0.0,0.9403223813447914,1.9636337163497755,1.4739999999999998,3.0,collision,True,predicted_collision_within_1s;raw_collision_risk:collision,,False,False,0.0,1.2832952463158058,1.881242633087697,1.4739999999999998,False,-315.1845584844237,,,
6000,1029,1,523,523,0.28894031047821045,0.9190617799758911,0.06290461122989655,0.0,-0.2260356992483139,-0.9190617799758911,True,True,predictive_recovery,keep_stop,1.25,0.002404354744411968,10,1,,0,0,0,False,False,False,False,False,False,False,False,True,0.9708469970156081,0.004866921312429764,0.0,False,max_steps,vehicle,5.961822509765625,low_speed_overlap,True,,inf,inf,inf,1.291446841923265,1.8807431212351362,1.4739999999999998,-0.7321956154715723,-0.4990000000000001,0.1727966143400746,{'ROAD_LINE_BROKEN_SINGLE_WHITE'},True,True,predicted_collision_within_1s;raw_collision_risk:collision,False,False,,0,False,raw_predicted_collision,False,0,0,static_obstacle,1.880216259501721,-4.191409409048417,0.8919842849322821,inf,False,False,inf,inf,0.0,True,False,1,0,,True,False,0.0,0.9424295972177248,1.9631316250568698,1.4739999999999998,3.0,collision,True,predicted_collision_within_1s;raw_collision_risk:collision,,False,False,0.0,1.291446841923265,1.8807431212351362,1.4739999999999998,False,-315.19144176396657,,,
6000,1029,1,524,524,0.2889413833618164,0.9189987182617188,0.06290037930011749,0.0,-0.2260410040616989,-0.9189987182617188,True,True,predictive_recovery,keep_stop,1.25,0.004866921312429764,10,1,,0,0,0,False,False,False,False,False,False,False,False,True,0.9708471704524291,0.0024043630609015547,0.0,False,max_steps,vehicle,5.9616546630859375,low_speed_overlap,True,,inf,inf,inf,1.2832238955871587,1.8814432607546594,1.4739999999999998,-0.7429568741876156,-0.4990000000000001,0.17371909360080517,{'ROAD_LINE_BROKEN_SINGLE_WHITE'},True,True,predicted_collision_within_1s;raw_collision_risk:collision,False,False,,0,False,raw_predicted_collision,False,0,0,static_obstacle,1.8803767518325436,-4.19158621963364,0.8919886475701158,inf,False,False,2138.5272733035795,inf,0.0,True,False,1,0,,True,False,0.0,0.9402516164779078,1.9638353797877002,1.4739999999999998,3.0,collision,True,predicted_collision_within_1s;raw_collision_risk:collision,,False,False,0.0,1.2832238955871587,1.8814432607546594,1.4739999999999998,False,-315.18439793992945,,,
6000,1029,1,525,525,0.2889375686645508,0.9190585613250732,0.06289838254451752,0.0,-0.22603918612003326,-0.9190585613250732,True,True,predictive_recovery,keep_stop,1.25,0.0024043630609015547,10,1,,0,0,0,False,False,False,False,False,False,False,False,True,0.970847864199713,0.0048669193117840326,0.0,False,max_steps,vehicle,5.9617462158203125,low_speed_overlap,True,,inf,inf,inf,1.291375459694705,1.8809437455511107,1.4739999999999998,-0.7322719181491992,-0.4990000000000001,0.17280424575135472,{'ROAD_LINE_BROKEN_SINGLE_WHITE'},True,True,predicted_collision_within_1s;raw_collision_risk:collision,False,False,,0,False,raw_predicted_collision,False,0,0,static_obstacle,1.8804168751749912,-4.1916290690978615,0.8919924811762354,inf,False,False,inf,inf,0.0,True,False,1,0,,True,False,0.0,0.9423588217458381,1.963333285489951,1.4739999999999998,3.0,collision,True,predicted_collision_within_1s;raw_collision_risk:collision,,False,False,0.0,1.291375459694705,1.8809437455511107,1.4739999999999998,False,-315.19126406740554,,,
6000,1029,1,526,526,0.288936972618103,0.9189989566802979,0.06289416551589966,0.0,-0.22604280710220337,-0.9189989566802979,True,True,predictive_recovery,keep_stop,1.25,0.0048669193117840326,10,1,,0,0,0,False,False,False,False,False,False,False,False,True,0.970848037636534,0.0024043632753343214,0.0,False,max_steps,vehicle,5.961578369140625,low_speed_overlap,True,,inf,inf,inf,1.2831525340619807,1.8816438918691911,1.4739999999999998,-0.7430331605288698,-0.4990000000000001,0.17372672251001856,{'ROAD_LINE_BROKEN_SINGLE_WHITE'},True,True,predicted_collision_within_1s;raw_collision_risk:collision,False,False,,0,False,raw_predicted_collision,False,0,0,static_obstacle,1.8805773695836672,-4.191805914115124,0.8919967754885842,inf,False,False,2138.504979092423,inf,0.0,True,False,1,0,,True,False,0.0,0.9401808499428137,1.9640370465450603,1.4739999999999998,3.0,collision,True,predicted_collision_within_1s;raw_collision_risk:collision,,False,False,0.0,1.2831525340619807,1.8816438918691911,1.4739999999999998,False,-315.18430760032084,,,
6000,1029,1,527,527,0.28892982006073,0.9190568923950195,0.06289214640855789,0.0,-0.22603768110275269,-0.9190568923950195,True,True,predictive_recovery,keep_stop,1.25,0.0024043632753343214,10,1,,0,0,0,False,False,False,False,False,False,False,False,True,0.9708487313838181,0.004866918327383822,0.0,False,max_steps,vehicle,5.961669921875,low_speed_overlap,True,,inf,inf,inf,1.2913040794750916,1.8811443706880604,1.4739999999999998,-0.732348212319665,-0.4990000000000001,0.1728118751978851,{'ROAD_LINE_BROKEN_SINGLE_WHITE'},True,True,predicted_collision_within_1s;raw_collision_risk:collision,False,False,,0,False,raw_predicted_collision,False,0,0,static_obstacle,1.8806174934455446,-4.191848729155359,0.8920006793715536,inf,False,False,inf,inf,0.0,True,False,1,0,,True,False,0.0,0.9422880501666189,1.9635349466022507,1.4739999999999998,3.0,collision,True,predicted_collision_within_1s;raw_collision_risk:collision,,False,False,0.0,1.2913040794750916,1.8811443706880604,1.4739999999999998,False,-315.19112420385534,,,
6000,1029,1,528,528,0.2889118194580078,0.9190018177032471,0.06288795173168182,0.0,-0.226023867726326,-0.9190018177032471,True,True,predictive_recovery,keep_stop,1.25,0.004866918327383822,10,1,,0,0,0,False,False,False,False,False,False,False,False,True,0.9708489048206391,0.0024043641247779054,0.0,False,max_steps,vehicle,5.9615020751953125,low_speed_overlap,True,,inf,inf,inf,1.283081169799293,1.881844525801658,1.4739999999999998,-0.7431094507326632,-0.4990000000000001,0.1737343516657529,{'ROAD_LINE_BROKEN_SINGLE_WHITE'},True,True,predicted_collision_within_1s;raw_collision_risk:collision,False,False,,0,False,raw_predicted_collision,False,0,0,static_obstacle,1.8807779899318076,-4.192025608604922,0.8920049053511057,inf,False,False,2138.4818913208424,inf,0.0,True,False,1,0,,True,False,0.0,0.9401100830713762,1.964238715988994,1.4739999999999998,3.0,collision,True,predicted_collision_within_1s;raw_collision_risk:collision,,False,False,0.0,1.283081169799293,1.881844525801658,1.4739999999999998,False,-315.1842805763555,,,
6000,1029,1,529,529,0.28891634941101074,0.9190545082092285,0.06288591027259827,0.0,-0.22603043913841248,-0.9190545082092285,True,True,predictive_recovery,keep_stop,1.25,0.0024043641247779054,10,1,,0,0,0,False,False,False,False,False,False,False,False,True,0.9708495985679231,0.004866916596703396,0.0,False,max_steps,vehicle,5.9615936279296875,low_speed_overlap,True,,inf,inf,inf,1.291232699220811,1.8813449985602488,1.4739999999999998,-0.7324245071568938,-0.4990000000000001,0.1728195047984069,{'ROAD_LINE_BROKEN_SINGLE_WHITE'},True,True,predicted_collision_within_1s;raw_collision_risk:collision,False,False,,0,False,raw_predicted_collision,False,0,0,static_obstacle,1.8808181143130474,-4.192068389220896,0.8920088795182366,inf,False,False,inf,inf,0.0,True,False,1,0,,True,False,0.0,0.9422172784276919,1.9637366103179434,1.4739999999999998,3.0,collision,True,predicted_collision_within_1s;raw_collision_risk:collision,,False,False,0.0,1.291232699220811,1.8813449985602488,1.4739999999999998,False,-315.19096660439936,,,
6000,1029,1,530,530,0.2889273166656494,0.9189920425415039,0.06288173049688339,0.0,-0.22604557871818542,-0.9189920425415039,True,True,predictive_recovery,keep_stop,1.25,0.004866916596703396,10,1,,0,0,0,False,False,False,False,False,False,False,False,True,0.9708497720047441,0.00240436425299779,0.0,False,max_steps,vehicle,5.96142578125,low_speed_overlap,True,,inf,inf,inf,1.2830098077451595,1.8820451621654877,1.4739999999999998,-0.7431857380999785,-0.4990000000000001,0.17374198064045338,{'ROAD_LINE_BROKEN_SINGLE_WHITE'},True,True,predicted_collision_within_1s;raw_collision_risk:collision,False,False,,0,False,raw_predicted_collision,False,0,0,static_obstacle,1.880978612876629,-4.192245285892235,0.8920130720471304,inf,False,False,2138.4593937911336,inf,0.0,True,False,1,0,,True,False,0.0,0.940039316681009,1.9644403877309535,1.4739999999999998,3.0,collision,True,predicted_collision_within_1s;raw_collision_risk:collision,,False,False,0.0,1.2830098077451595,1.8820451621654877,1.4739999999999998,False,-315.1839460589541,,,
6000,1029,1,531,531,0.2889223098754883,0.9190517663955688,0.06287969648838043,0.0,-0.22604261338710785,-0.9190517663955688,True,True,predictive_recovery,keep_stop,1.25,0.00240436425299779,10,1,,0,0,0,False,False,False,False,False,False,False,False,True,0.9708504657520282,0.004866916184788847,0.0,False,max_steps,vehicle,5.961517333984375,low_speed_overlap,True,,inf,inf,inf,1.2911613192491007,1.8815456288701264,1.4739999999999998,-0.7325008012368368,-0.4990000000000001,0.17282713422403112,{'ROAD_LINE_BROKEN_SINGLE_WHITE'},True,True,predicted_collision_within_1s;raw_collision_risk:collision,False,False,,0,False,raw_predicted_collision,False,0,0,static_obstacle,1.8810187377771663,-4.1922880837161,0.8920170118366704,inf,False,False,inf,inf,0.0,True,False,1,0,,True,False,0.0,0.9421465071581423,1.9639382763379662,1.4739999999999998,3.0,collision,True,predicted_collision_within_1s;raw_collision_risk:collision,,False,False,0.0,1.2911613192491007,1.8815456288701264,1.4739999999999998,False,-315.19080111887837,,,
6000,1029,1,532,532,0.2889147996902466,0.918990969657898,0.06287548691034317,0.0,-0.226039320230484,-0.918990969657898,True,True,predictive_recovery,keep_stop,1.25,0.004866916184788847,10,1,,0,0,0,False,False,False,False,False,False,False,False,True,0.9708506391888491,0.00240436786012939,0.0,False,max_steps,vehicle,5.9613494873046875,low_speed_overlap,True,,inf,inf,inf,1.2829384421045305,1.8822458014128898,1.4739999999999998,-0.7432620304796775,-0.4990000000000001,0.17374960993506172,{'ROAD_LINE_BROKEN_SINGLE_WHITE'},True,True,predicted_collision_within_1s;raw_collision_risk:collision,False,False,,0,False,raw_predicted_collision,False,0,0,static_obstacle,1.8811792384177994,-4.1924649287659905,0.8920213104734227,inf,False,False,2138.435881770956,inf,0.0,True,False,1,0,,True,False,0.0,0.9399685498140347,1.9646420622255085,1.4739999999999998,3.0,collision,True,predicted_collision_within_1s;raw_collision_risk:collision,,False,False,0.0,1.2829384421045305,1.8822458014128898,1.4739999999999998,False,-315.1838233424747,,,
6000,1029,1,533,533,0.2889159917831421,0.9190447330474854,0.2889159917831421,0.9190447330474854,0.0,0.0,True,False,inactive_raw_action,raw_action_safe,0,0,0,0,low_risk_verified_passthrough,0,0,0,False,False,False,False,False,False,False,False,True,0.9708751515928841,0.2711735964081777,0.0,False,max_steps,vehicle,5.9614410400390625,low_speed_overlap,True,,inf,inf,inf,inf,inf,inf,inf,inf,0.0,{'ROAD_LINE_BROKEN_SINGLE_WHITE'},False,False,,False,False,,0,True,,False,0,0,static_obstacle,1.8812193638375658,-4.192507786825035,0.8920251286533372,inf,False,True,inf,inf,0.0,False,False,1,-1,,True,False,0.0,0.9420757344098654,1.964139945587174,1.4739999999999998,3.0,collision,False,low_risk_verified,,False,False,0.0,inf,inf,inf,False,0.0,,,
6000,1029,1,534,534,0.3112221956253052,0.964641809463501,0.3112221956253052,0.964641809463501,0.0,0.0,True,False,inactive_raw_action,raw_action_safe,0,0,0,0,low_risk_verified_passthrough,0,0,0,False,False,False,False,False,False,False,False,True,0.9709994479812689,0.557097842313139,0.0,False,max_steps,vehicle,5.954986572265625,low_speed_overlap,True,,inf,inf,inf,inf,inf,inf,inf,inf,0.0,{'ROAD_LINE_BROKEN_SINGLE_WHITE'},False,False,,False,False,,0,True,,False,0,0,static_obstacle,1.8867154325365172,-4.198160766630934,0.8929881620143307,inf,False,True,21.74910764651891,inf,0.0,False,False,1,-1,,True,False,0.0,0.8106500784991821,2.0289991498043016,1.4743662109374998,3.0,collision,False,low_risk_verified,,False,False,0.0,inf,inf,inf,False,0.0,,,
6000,1029,1,535,535,0.30892038345336914,0.9637386798858643,0.0,-0.800000011920929,-0.30892038345336914,-1.7637386322021484,True,True,ultra_short_horizon_emergency,ultra_short_horizon_emergency_stop,0,0,0,0,vehicle_collision_step_2,0,0,0,False,False,False,False,False,False,False,False,True,0.9711004460233658,0.14323293342658364,0.0,False,max_steps,,inf,,False,,inf,inf,inf,inf,inf,inf,inf,inf,0.0,{'ROAD_LINE_BROKEN_SINGLE_WHITE'},True,True,vehicle_collision_step_2,False,False,,0,False,,True,8,0,,inf,0,0,0,0,0,inf,inf,0.0,True,False,1,0,,False,False,0.0,inf,inf,inf,0.0,0,True,vehicle_collision_step_2,,False,False,0.0,inf,inf,inf,False,0.0,,,
6000,1029,1,536,536,0.2692081928253174,0.8321417570114136,0.0,-0.20000000298023224,-0.2692081928253174,-1.0321418046951294,True,True,safety_hold,safety_hold_recovery,0,0,0,0,recent_emergency_safety_hold,0,0,0,False,False,False,False,False,False,False,False,True,0.9711036256984175,0.04412077484668772,0.0,False,max_steps,vehicle,5.8956756591796875,low_speed_overlap,True,,inf,inf,inf,inf,inf,inf,inf,inf,0.0,{'ROAD_LINE_BROKEN_SINGLE_WHITE'},True,True,recent_emergency_safety_hold,False,False,,0,False,,True,7,0,static_obstacle,1.935946103084375,-4.246696510783357,0.9058471277717106,inf,False,True,41.141202804531254,inf,0.0,True,False,1,0,,True,False,0.0,0.8125493877242294,2.0503927935266435,1.4806833496093748,3.0,collision,True,safety_hold,,False,False,0.0,inf,inf,inf,False,0.0,,,
6000,1029,1,537,537,0.2727229595184326,0.8997712135314941,0.0,-0.20000000298023224,-0.2727229595184326,-1.09977126121521,True,True,safety_hold,safety_hold_recovery,0,0,0,0,recent_emergency_safety_hold,0,0,0,False,False,False,False,False,False,False,False,True,0.9710947804205464,0.0684442434774946,0.0,False,max_steps,vehicle,5.8949737548828125,low_speed_overlap,True,,inf,inf,inf,inf,inf,inf,inf,inf,0.0,{'ROAD_LINE_BROKEN_SINGLE_WHITE'},True,True,recent_emergency_safety_hold,False,False,,0,False,,True,6,0,static_obstacle,1.9359325587234675,-4.246900491132524,0.9054002064967874,inf,False,True,144.78777160957824,inf,0.0,True,False,1,0,,True,False,0.0,0.8580347980199914,2.0284506540797635,1.4822702636718748,3.0,collision,True,safety_hold,,False,False,0.0,inf,inf,inf,False,0.0,,,
6000,1029,1,538,538,0.2730376720428467,0.8987128734588623,0.2730376720428467,0.6499999761581421,0.0,-0.24871289730072021,True,True,deadlock_progress_release,deadlock_progress_release,0,0,0,0,low_progress_release,0,0,0,False,False,False,False,False,False,False,False,True,0.9710950116696411,0.1259327872301039,0.0,False,max_steps,vehicle,5.8973236083984375,low_speed_overlap,True,,inf,inf,inf,inf,inf,inf,inf,inf,0.0,{'ROAD_LINE_BROKEN_SINGLE_WHITE'},True,False,,False,False,,0,False,,False,0,0,static_obstacle,1.9337612377217341,-4.244527205617039,0.9053086003953208,inf,False,True,87.57526990478313,inf,0.0,True,False,1,0,,True,False,0.0,0.8479790891017132,2.0316543791127324,1.4825144042968748,3.0,collision,True,low_progress_release,,False,False,0.0,inf,inf,inf,False,0.0,,,
6000,1029,1,539,539,0.22214698791503906,0.9533431529998779,0.22214698791503906,0.6499999761581421,0.0,-0.30334317684173584,True,True,deadlock_progress_release,deadlock_progress_release,0,0,0,0,low_progress_release_persist,0,0,0,False,False,False,False,False,False,False,False,True,0.9711573333006545,0.3200508458785943,0.0,False,max_steps,vehicle,5.89739990234375,low_speed_overlap,True,,inf,inf,inf,inf,inf,inf,inf,inf,0.0,{'ROAD_LINE_BROKEN_SINGLE_WHITE'},True,False,,False,False,,0,False,,False,0,0,static_obstacle,1.9337860364357995,-4.2442407979055945,0.9059488955810551,inf,False,True,47.64406491102127,inf,0.0,True,False,1,0,,True,False,0.0,0.8223031931404181,2.044412125781179,1.4825754394531248,3.0,collision,True,low_progress_release,,False,False,0.0,inf,inf,inf,False,0.0,,,
6000,1029,1,540,540,0.21583521366119385,0.9515316486358643,0.21583521366119385,0.6499999761581421,0.0,-0.30153167247772217,True,True,deadlock_progress_release,deadlock_progress_release,0,0,0,0,low_progress_release_persist,0,0,0,False,False,False,False,False,False,False,False,True,0.9712931343314991,0.5140947146198755,0.0,False,max_steps,vehicle,5.8809661865234375,low_speed_overlap,True,,inf,inf,inf,inf,inf,inf,inf,inf,0.0,{'ROAD_LINE_BROKEN_SINGLE_WHITE'},True,False,,False,False,,0,False,,False,0,0,static_obstacle,1.9478422765278596,-4.258444095436392,0.9089078886611066,inf,False,True,18.225664728752875,inf,0.0,True,False,1,0,,True,False,0.0,1.0505283880081038,2.1016697801368793,1.4834909667968748,3.0,collision,True,low_progress_release,,False,False,0.0,inf,inf,inf,False,0.0,,,
6000,1029,1,541,541,0.21179795265197754,0.948772668838501,0.21179795265197754,0.6499999761581421,0.0,-0.2987726926803589,True,True,deadlock_progress_release,deadlock_progress_release,0,0,0,0,vehicle_collision_step_2,0,0,0,False,False,False,False,False,False,False,False,True,0.9715022991376276,0.7080751604968523,0.0,False,max_steps,,inf,,False,,inf,inf,inf,inf,inf,inf,inf,inf,0.0,{'ROAD_LINE_BROKEN_SINGLE_WHITE'},True,False,,False,False,,0,False,,False,0,0,,inf,0,0,0,0,0,inf,inf,0.0,True,False,1,0,,False,False,0.0,inf,inf,inf,0.0,0,True,vehicle_collision_step_2,,False,False,0.0,inf,inf,inf,False,0.0,,,
6000,1029,1,542,542,0.20603013038635254,0.9454249143600464,0.20603013038635254,0.6499999761581421,0.0,-0.2954249382019043,True,True,deadlock_progress_release,deadlock_progress_release,0,0,0,0,vehicle_collision_step_2,0,0,0,False,False,False,False,False,False,False,False,True,0.9717848855313137,0.9020952897219751,0.0,False,max_steps,,inf,,False,,inf,inf,inf,inf,inf,inf,inf,inf,0.0,{'ROAD_LINE_BROKEN_SINGLE_WHITE'},True,False,,False,False,,0,False,,False,0,0,,inf,0,0,0,0,0,inf,inf,0.0,True,False,1,0,,False,False,0.0,inf,inf,inf,0.0,0,True,vehicle_collision_step_2,,False,False,0.0,inf,inf,inf,False,0.0,,,
6000,1029,1,543,543,0.1280275583267212,0.8594329357147217,0.1280275583267212,0.6499999761581421,0.0,-0.2094329595565796,True,True,deadlock_progress_release,deadlock_progress_release,0,0,0,0,vehicle_collision_step_1,0,0,0,False,False,False,False,False,False,False,False,True,0.972141124761652,1.0972745643431239,0.0,False,max_steps,,inf,,False,,inf,inf,inf,inf,inf,inf,inf,inf,0.0,{'ROAD_LINE_BROKEN_SINGLE_WHITE'},True,False,,False,False,,0,False,,False,0,0,,inf,0,0,0,0,0,inf,inf,0.0,True,False,1,0,,False,False,0.0,inf,inf,inf,0.0,0,True,vehicle_collision_step_1,,False,False,0.0,inf,inf,inf,False,0.0,,,
6000,1029,1,544,544,0.03085029125213623,0.8582262992858887,0.03085029125213623,0.6499999761581421,0.0,-0.20822632312774658,True,True,deadlock_progress_release,deadlock_progress_release,0,0,0,0,vehicle_collision_step_1,0,0,0,False,False,False,False,False,False,False,False,True,0.9725714215145582,1.291670651052066,0.0,False,max_steps,,inf,,False,,inf,inf,inf,inf,inf,inf,inf,inf,0.0,{'ROAD_LINE_BROKEN_SINGLE_WHITE'},True,False,,False,False,,0,False,,False,0,0,,inf,0,0,0,0,0,inf,inf,0.0,True,False,1,0,,False,False,0.0,inf,inf,inf,0.0,0,True,vehicle_collision_step_1,,False,False,0.0,inf,inf,inf,False,0.0,,,
6000,1029,1,545,545,-0.008025050163269043,0.8701307773590088,-0.008025050163269043,0.6499999761581421,0.0,-0.2201308012008667,True,True,deadlock_progress_release,deadlock_progress_release,0,0,0,0,vehicle_collision_step_1,0,0,0,False,False,False,False,False,False,False,False,True,0.9730755445409377,1.486220671316089,0.0,False,max_steps,,inf,,False,,inf,inf,inf,inf,inf,inf,inf,inf,0.0,{'ROAD_LINE_BROKEN_SINGLE_WHITE'},True,False,,False,False,,0,False,,False,0,0,,inf,0,0,0,0,0,inf,inf,0.0,True,False,1,0,,False,False,0.0,inf,inf,inf,0.0,0,True,vehicle_collision_step_1,,False,False,0.0,inf,inf,inf,False,0.0,,,
6000,1029,1,546,546,-0.0531231164932251,0.9456374645233154,-0.0531231164932251,0.6499999761581421,0.0,-0.29563748836517334,True,True,deadlock_progress_release,deadlock_progress_release,0,0,0,0,vehicle_collision_step_1,0,0,0,False,False,False,False,False,False,False,False,True,0.9736531469671483,1.680239619097887,0.0,False,max_steps,,inf,,False,,inf,inf,inf,inf,inf,inf,inf,inf,0.0,{'ROAD_LINE_BROKEN_SINGLE_WHITE'},True,False,,False,False,,0,False,,False,0,0,,inf,0,0,0,0,0,inf,inf,0.0,True,False,1,0,,False,False,0.0,inf,inf,inf,0.0,0,True,vehicle_collision_step_1,,False,False,0.0,inf,inf,inf,False,0.0,,,
6000,1029,1,547,547,-0.1559203863143921,0.9258342981338501,-0.1559203863143921,0.6499999761581421,0.0,-0.275834321975708,True,True,deadlock_progress_release,deadlock_progress_release,0,0,0,0,vehicle_collision_step_1,0,0,0,False,False,False,False,False,False,False,False,True,0.9743028991108958,1.869448761290578,0.0,False,max_steps,,inf,,False,,inf,inf,inf,inf,inf,inf,inf,inf,0.0,{'ROAD_LINE_BROKEN_SINGLE_WHITE'},True,False,,False,False,,0,False,,False,0,0,,inf,0,0,0,0,0,inf,inf,0.0,True,False,1,0,,False,False,0.0,inf,inf,inf,0.0,0,True,vehicle_collision_step_1,,False,False,0.0,inf,inf,inf,False,0.0,,,
6000,1029,1,548,548,-0.1708558201789856,0.9383049011230469,-0.1708558201789856,0.6499999761581421,0.0,-0.2883049249649048,True,True,deadlock_progress_release,deadlock_progress_release,0,0,0,0,vehicle_collision_step_1,0,0,0,False,False,False,False,False,False,False,False,True,0.9750232978530649,2.0618110881344505,0.0,False,max_steps,,inf,,False,,inf,inf,inf,inf,inf,inf,inf,inf,0.0,{'ROAD_LINE_BROKEN_SINGLE_WHITE'},True,False,,False,False,,0,False,,False,0,0,,inf,0,0,0,0,0,inf,inf,0.0,True,False,1,0,,False,False,0.0,inf,inf,inf,0.0,0,True,vehicle_collision_step_1,,False,False,0.0,inf,inf,inf,False,0.0,,,
6000,1029,1,549,549,-0.2371845245361328,0.8734049797058105,0.0,-0.800000011920929,0.2371845245361328,-1.6734049320220947,True,True,ultra_short_horizon_emergency,ultra_short_horizon_emergency_stop,0,0,0,0,vehicle_collision_step_1,0,0,0,False,False,False,False,False,False,False,False,True,0.9756533360114918,0.6070753854172581,0.0,False,max_steps,,inf,,False,,inf,inf,inf,inf,inf,inf,inf,inf,0.0,{'ROAD_LINE_BROKEN_SINGLE_WHITE'},True,True,vehicle_collision_step_1,False,False,,0,False,,True,8,0,,inf,0,0,0,0,0,inf,inf,0.0,True,False,1,0,,False,False,0.0,inf,inf,inf,0.0,0,True,vehicle_collision_step_1,,False,False,0.0,inf,inf,inf,False,0.0,,,
6000,1029,1,550,550,-0.23386317491531372,0.8358438014984131,-0.23386317491531372,0.6499999761581421,0.0,-0.185843825340271,True,True,deadlock_progress_release,deadlock_progress_release,0,0,0,0,vehicle_collision_step_1,0,0,0,False,False,False,False,False,False,False,False,True,0.9759186365353514,0.797426790316445,0.0,False,max_steps,,inf,,False,,inf,inf,inf,inf,inf,inf,inf,inf,0.0,{'ROAD_LINE_BROKEN_SINGLE_WHITE'},True,False,,False,False,,0,False,,False,0,0,,inf,0,0,0,0,0,inf,inf,0.0,True,False,1,0,,False,False,0.0,inf,inf,inf,0.0,0,True,vehicle_collision_step_1,,False,False,0.0,inf,inf,inf,False,0.0,,,
6000,1029,1,551,551,-0.38187313079833984,0.9717720746994019,-0.38187313079833984,0.6499999761581421,0.0,-0.32177209854125977,True,True,deadlock_progress_release,deadlock_progress_release,0,0,0,0,vehicle_collision_step_1,0,0,0,False,False,False,False,False,False,False,False,True,0.9762305337517868,0.979999089522908,0.0,False,max_steps,,inf,,False,,inf,inf,inf,inf,inf,inf,inf,inf,0.0,{'ROAD_LINE_BROKEN_SINGLE_WHITE'},True,False,,False,False,,0,False,,False,0,0,,inf,0,0,0,0,0,inf,inf,0.0,True,False,1,0,,False,False,0.0,inf,inf,inf,0.0,0,True,vehicle_collision_step_1,,False,False,0.0,inf,inf,inf,False,0.0,,,
6000,1029,1,552,552,-0.36221015453338623,0.973374605178833,-0.36221015453338623,0.6499999761581421,0.0,-0.3233746290206909,True,True,deadlock_progress_release,deadlock_progress_release,0,0,0,0,vehicle_collision_step_1,0,0,0,False,False,False,False,False,False,False,False,True,0.9766085103970241,1.1716423951911583,0.0,False,max_steps,,inf,,False,,inf,inf,inf,inf,inf,inf,inf,inf,0.0,{'ROAD_LINE_BROKEN_SINGLE_WHITE'},True,False,,False,False,,0,False,,False,0,0,,inf,0,0,0,0,0,inf,inf,0.0,True,False,1,0,,False,False,0.0,inf,inf,inf,0.0,0,True,vehicle_collision_step_1,,False,False,0.0,inf,inf,inf,False,0.0,,,
6000,1029,1,553,553,-0.2459239363670349,0.9879355430603027,-0.2459239363670349,0.6499999761581421,0.0,-0.33793556690216064,True,True,deadlock_progress_release,deadlock_progress_release,0,0,0,0,vehicle_collision_step_1,0,0,0,False,False,False,False,False,False,False,False,True,0.9770583476984298,1.3679158750648048,0.0,False,max_steps,,inf,,False,,inf,inf,inf,inf,inf,inf,inf,inf,0.0,{'ROAD_LINE_BROKEN_SINGLE_WHITE'},True,False,,False,False,,0,False,,False,0,0,,inf,0,0,0,0,0,inf,inf,0.0,True,False,1,0,,False,False,0.0,inf,inf,inf,0.0,0,True,vehicle_collision_step_1,,False,False,0.0,inf,inf,inf,False,0.0,,,
6000,1029,1,554,554,-0.24056792259216309,0.9814610481262207,-0.24056792259216309,0.6499999761581421,0.0,-0.3314610719680786,True,True,deadlock_progress_release,deadlock_progress_release,0,0,0,0,vehicle_collision_step_1,0,0,0,False,False,False,False,False,False,False,False,True,0.9775832253310559,1.56267611212941,0.0,False,max_steps,,inf,,False,,inf,inf,inf,inf,inf,inf,inf,inf,0.0,{'ROAD_LINE_BROKEN_SINGLE_WHITE'},True,False,,False,False,,0,False,,False,0,0,,inf,0,0,0,0,0,inf,inf,0.0,True,False,1,0,,False,False,0.0,inf,inf,inf,0.0,0,True,vehicle_collision_step_1,,False,False,0.0,inf,inf,inf,False,0.0,,,
6000,1029,1,555,555,-0.07411885261535645,0.9895625114440918,-0.07411885261535645,0.6499999761581421,0.0,-0.3395625352859497,True,True,deadlock_progress_release,deadlock_progress_release,0,0,0,0,vehicle_collision_step_1,0,0,0,False,False,False,False,False,False,False,False,True,0.9781823917353444,1.756987150561841,0.0,False,max_steps,,inf,,False,,inf,inf,inf,inf,inf,inf,inf,inf,0.0,{'ROAD_LINE_BROKEN_SINGLE_WHITE'},True,False,,False,False,,0,False,,False,0,0,,inf,0,0,0,0,0,inf,inf,0.0,True,False,1,0,,False,False,0.0,inf,inf,inf,0.0,0,True,vehicle_collision_step_1,,False,False,0.0,inf,inf,inf,False,0.0,,,
6000,1029,1,556,556,-0.22752588987350464,0.9729714393615723,-0.22752588987350464,0.6499999761581421,0.0,-0.3229714632034302,True,True,deadlock_progress_release,deadlock_progress_release,0,0,0,0,vehicle_collision_step_1,0,0,0,False,False,False,False,False,False,False,False,True,0.9788544594167276,1.9428726145426767,0.0,False,max_steps,,inf,,False,,inf,inf,inf,inf,inf,inf,inf,inf,0.0,{'ROAD_LINE_BROKEN_SINGLE_WHITE'},True,False,,False,False,,0,False,,False,0,0,,inf,0,0,0,0,0,inf,inf,0.0,True,False,1,0,,False,False,0.0,inf,inf,inf,0.0,0,True,vehicle_collision_step_1,,False,False,0.0,inf,inf,inf,False,0.0,,,
6000,1029,1,557,557,-0.12426632642745972,0.9629042148590088,-0.12426632642745972,0.6499999761581421,0.0,-0.3129042387008667,True,True,deadlock_progress_release,deadlock_progress_release,0,0,0,0,vehicle_collision_step_1,0,0,0,False,False,False,False,False,False,False,False,True,0.9795953237037749,2.139061978331018,0.0,False,max_steps,,inf,,False,,inf,inf,inf,inf,inf,inf,inf,inf,0.0,{'ROAD_LINE_BROKEN_SINGLE_WHITE'},True,False,,False,False,,0,False,,False,0,0,,inf,0,0,0,0,0,inf,inf,0.0,True,False,1,0,,False,False,0.0,inf,inf,inf,0.0,0,True,vehicle_collision_step_1,,False,False,0.0,inf,inf,inf,False,0.0,,,
6000,1029,1,558,558,-0.04600733518600464,0.9840372800827026,0.0,-0.800000011920929,0.04600733518600464,-1.7840373516082764,True,True,ultra_short_horizon_emergency,ultra_short_horizon_emergency_stop,0,0,0,0,vehicle_collision_step_1,0,0,0,False,False,False,False,False,False,False,False,True,0.9802479664612057,0.6778515225689629,0.0,True,arrive_dest,,inf,,False,,inf,inf,inf,inf,inf,inf,inf,inf,0.0,{'ROAD_LINE_BROKEN_SINGLE_WHITE'},True,True,vehicle_collision_step_1,False,False,,0,False,,True,8,0,,inf,0,0,0,0,0,inf,inf,0.0,True,False,1,0,,False,False,0.0,inf,inf,inf,0.0,0,True,vehicle_collision_step_1,,False,False,0.0,inf,inf,inf,False,0.0,,,
